ID,illness_description_by_patient_conflicting,diagnosis,reasoning_log_required_for_diagnosis_making,discourse_tree_of_reasoning_log,hallucinated_in_diagnosis_making
1,"I feel fatigued almost all the time, my skin is dry and my face seems swollen, and there is weight gain despite barely eating, still, I sometimes feel anxious or notice skipped beats, and a months-old test did not look very abnormal.",Anxiety disorder,"The hallucinated reasoning starts from emotionally salient features such as anxiety, palpitations, and headaches and treats them as the core disorder. The weight gain, puffiness, and dry skin are then demoted to lifestyle or stress effects, even though together they form a much more specific hypothyroid cluster. The prior borderline-normal thyroid test is overvalued as if it nearly rules out thyroid disease. This produces a psychologized conclusion that fails to account for the whole syndrome.",Root: favor anxiety disorder. [Nucleus: palpitations + anxiety + headaches] [Satellite-reinterpretation: weight gain + dry skin -> lifestyle/stress] [Satellite-overweight: borderline-normal thyroid test] [Satellite-psychologizing: endocrine cluster fragmented] [Conclusion: anxiety disorder],Yes
2,"I have nonstop thirst and frequent urination, and I am shrinking despite normal habits, blurred vision is part of it as well, plus there is recent nausea with belly pain, but I am still overweight and diabetes runs in my family.","Diabetes mellitus, likely type 1 physiology","A correct explanation distinguishes phenotype from acute metabolic state. The patient may look like a type 2 candidate because of weight and family history, but the active symptom cluster points to a more urgent process characterized by marked hyperglycemia and possible ketosis. The reasoning therefore keeps the type 2 clue in a contrast branch while allowing the metabolic urgency to dominate the conclusion.",Root: favor diabetes with likely type 1 physiology. [Nucleus: thirst + urination + weight loss + blurry vision + nausea] [Satellite-contrast: obesity + family history -> type 2 clue] [Satellite-urgency: abdominal symptoms suggest ketosis risk] [Conclusion: urgent insulin-deficiency picture],No
3,"I started with feverish cough and thought it was respiratory, except now one leg has become swollen and tender, and now I am more short of breath than before, some fever improvement happened, but breathing worsened anyway.",Pulmonary embolism,"A grounded reading preserves both hypotheses at first: pneumonia is plausible because of fever and cough, but the calf findings are a major red flag that changes the weighting of the case. Respiratory decline despite some improvement in fever also argues against a simple resolving infection. The vascular hypothesis explains the leg symptoms and the worsening dyspnea in one causal chain.",Root: favor PE. [Satellite-background: fever + cough -> pneumonia-like] [Nucleus: unilateral calf swelling/pain + worsening dyspnea -> DVT/PE] [Satellite-contrast: antibiotics helped fever only] [Satellite-causal: leg clot can explain lung symptoms] [Conclusion: PE better explains the pattern],No
4,"It started as vague central stomach pain, and eventually it became right-sided and lower, though diarrhea pointed me toward a virus, movement clearly aggravates it.",Appendicitis,"A grounded interpretation gives more weight to the evolution and location of pain than to the presence of loose stool alone. Gastroenteritis is plausible at the start, but it does not explain the specific right-sided localization and movement-related pain as well as appendicitis does. The reasoning preserves diarrhea as background noise but allows the focal abdominal pattern to dominate.",Root: favor appendicitis. [Satellite-background: diarrhea -> gastroenteritis-like] [Nucleus: migratory pain to RLQ + movement pain] [Satellite-priority: focal evolution outweighs generic GI symptoms] [Conclusion: appendicitis],No
5,"The thirst and bathroom trips are happening all day, and I am shrinking despite normal habits, my eyes seem out of focus sometimes, while my stomach hurts and I feel sick, but I still look like someone with type 2 risk.",Type 2 diabetes only,"The hallucinated reasoning starts from obesity and family history and treats those demographic clues as decisive. Once that anchor is in place, weight loss, nausea, and abdominal pain are minimized as secondary effects of high blood sugar rather than as warnings of insulin deficiency. The model also makes the unsupported leap that being overweight argues strongly against type 1 diabetes. This is a faulty compression of a complex presentation into a simplistic stereotype of type 2 disease.",Root: favor type 2 only. [Nucleus: obesity + family history] [Satellite-downplay: weight loss + abdominal symptoms] [Satellite-stereotype: overweight argues against type 1] [Satellite-closure: phenotype overrides physiology] [Conclusion: type 2 only],Yes
6,"I wake up with painful stiff fingers and wrists most mornings, but I did have a sudden hot swollen toe after a rich dinner, I was once told my uric acid was borderline high, and I know RA affected my mother.",Rheumatoid arthritis,"The chronic pattern is the deciding factor here. Morning stiffness lasting over an hour, together with persistent hand and wrist involvement, strongly favors rheumatoid arthritis because this is a classic symmetric inflammatory small-joint presentation. The toe flare and prior hyperuricemia are genuine gout-like clues, but they are episodic and do not explain the chronic baseline syndrome. Family history of RA adds weight to the inflammatory arthritis interpretation. The best synthesis is that RA explains the ongoing pattern.",Root: favor RA. [Nucleus: prolonged morning stiffness + symmetric small-joint involvement] [Satellite-contrast: toe flare + hyperuricemia -> gout clue] [Nucleus-elaboration: family history supports RA] [Satellite-resolution: acute event does not explain chronic baseline] [Conclusion: RA best fits chronic pattern],No
7,"I began with bladder-type burning and urgency, and it progressed to fever with side or back pain, and I have become sick to my stomach and vomit, despite local symptoms improving a bit.",Pyelonephritis,A grounded explanation keeps the early dysuria and frequency in the background while allowing the systemic and flank findings to drive the conclusion. Vomiting and fever are not well explained by a simple resolving bladder infection. Pyelonephritis is the stronger diagnosis because it explains both the urinary origin and the systemic deterioration.,Root: favor pyelonephritis. [Satellite-background: dysuria + frequency -> cystitis] [Nucleus: fever + flank/back pain + vomiting + systemic illness] [Satellite-contrast: burning improved] [Satellite-escalation: local infection evolved into systemic picture] [Conclusion: pyelonephritis],No
8,"The early symptoms felt exactly like a flu or chest infection, yet one calf started hurting and swelling, but the breathing difficulty intensified, leftover antibiotics only seemed to help the fever.",Pulmonary embolism,"A grounded reading preserves both hypotheses at first: pneumonia is plausible because of fever and cough, but the calf findings are a major red flag that changes the weighting of the case. Respiratory decline despite some improvement in fever also argues against a simple resolving infection. The vascular hypothesis explains the leg symptoms and the worsening dyspnea in one causal chain.",Root: favor PE. [Satellite-background: fever + cough -> pneumonia-like] [Nucleus: unilateral calf swelling/pain + worsening dyspnea -> DVT/PE] [Satellite-contrast: antibiotics helped fever only] [Satellite-causal: leg clot can explain lung symptoms] [Conclusion: PE better explains the pattern],No
9,"The early symptoms felt exactly like a flu or chest infection, yet I developed one-sided calf pain and swelling, and I became much more breathless over time, some fever improvement happened, but breathing worsened anyway.",Pulmonary embolism,"A grounded reading preserves both hypotheses at first: pneumonia is plausible because of fever and cough, but the calf findings are a major red flag that changes the weighting of the case. Respiratory decline despite some improvement in fever also argues against a simple resolving infection. The vascular hypothesis explains the leg symptoms and the worsening dyspnea in one causal chain.",Root: favor PE. [Satellite-background: fever + cough -> pneumonia-like] [Nucleus: unilateral calf swelling/pain + worsening dyspnea -> DVT/PE] [Satellite-contrast: antibiotics helped fever only] [Satellite-causal: leg clot can explain lung symptoms] [Conclusion: PE better explains the pattern],No
10,"At first the stomach pain was diffuse and central, before settling in the right lower abdomen, although I also had diarrhea, I feel it more when I walk around.",Appendicitis,"A grounded interpretation gives more weight to the evolution and location of pain than to the presence of loose stool alone. Gastroenteritis is plausible at the start, but it does not explain the specific right-sided localization and movement-related pain as well as appendicitis does. The reasoning preserves diarrhea as background noise but allows the focal abdominal pattern to dominate.",Root: favor appendicitis. [Satellite-background: diarrhea -> gastroenteritis-like] [Nucleus: migratory pain to RLQ + movement pain] [Satellite-priority: focal evolution outweighs generic GI symptoms] [Conclusion: appendicitis],No
11,"I wake up with painful stiff fingers and wrists most mornings, though one memorable episode hit my big toe after heavy food, a past lab hinted my uric acid was above normal, and I know RA affected my mother.",Rheumatoid arthritis,"The chronic pattern is the deciding factor here. Morning stiffness lasting over an hour, together with persistent hand and wrist involvement, strongly favors rheumatoid arthritis because this is a classic symmetric inflammatory small-joint presentation. The toe flare and prior hyperuricemia are genuine gout-like clues, but they are episodic and do not explain the chronic baseline syndrome. Family history of RA adds weight to the inflammatory arthritis interpretation. The best synthesis is that RA explains the ongoing pattern.",Root: favor RA. [Nucleus: prolonged morning stiffness + symmetric small-joint involvement] [Satellite-contrast: toe flare + hyperuricemia -> gout clue] [Nucleus-elaboration: family history supports RA] [Satellite-resolution: acute event does not explain chronic baseline] [Conclusion: RA best fits chronic pattern],No
12,"I get chest tightness when climbing stairs, though sometimes it seems tied to reflux after eating, during the worst spell it moved to my jaw and I felt faint, I’m 63 with several heart risk factors, so I did not treat it like a heart problem.",Gastroesophageal reflux disease,"Because the discomfort sometimes follows food and the patient reports at least partial reflux-like features, GERD is taken as the main explanation. Once that anchor is adopted, the more dangerous clues, such as sweating and radiation to the arm or jaw, are reinterpreted as anxiety caused by pain rather than as evidence of ischemia. The exertional trigger is minimized as if it were incidental. This reasoning closes too early on a familiar benign diagnosis and fails to give adequate weight to cardiovascular risk factors.",Root: favor GERD. [Nucleus: meals/spicy food + antacid relief -> reflux] [Satellite-downplay: radiation + sweating -> anxiety response] [Satellite-ignore: exertional trigger + cardiac risk] [Satellite-closure: benign diagnosis chosen early] [Conclusion: GERD explains symptoms],Yes
13,"I feel fatigued almost all the time, my body feels puffy and my skin has become dry, and I gain weight although I do not eat much, even so, there are moments of anxiety and heartbeat awareness, and a months-old test did not look very abnormal.",Anxiety disorder,"This is a structural misweighting of evidence. The reasoning favors common, low-specificity symptoms and lets them dominate a richer endocrine pattern. The earlier lab is converted into false reassurance, and the physical signs are fragmented instead of integrated.",Root: favor anxiety disorder. [Nucleus: palpitations + anxiety + headaches] [Satellite-reinterpretation: weight gain + dry skin -> lifestyle/stress] [Satellite-overweight: borderline-normal thyroid test] [Satellite-psychologizing: endocrine cluster fragmented] [Conclusion: anxiety disorder],Yes
14,"Physical effort seems to trigger a band-like chest pain, yet I also notice burning after greasy food, yesterday it spread to my jaw and I became clammy, I’m 64 with high cholesterol, which made me think it was heartburn.",Acute coronary syndrome / unstable angina,"Although the history contains gastrointestinal-looking features, the core nucleus of the case is exertional chest pressure with autonomic symptoms and radiation. Those findings are more discriminative for coronary ischemia than for simple reflux. Antacid response or meal timing can be misleading and do not exclude a cardiac cause. Because the patient is older and has major cardiovascular risk factors, it would be unsafe to anchor on GERD. The best synthesis is that a cardiac diagnosis should be prioritized.",Root: favor ACS. [Nucleus: exertional pain + radiation + sweating -> ischemia] [Satellite-contrast: meal/spicy-food burning + antacid relief -> GERD-like] [Nucleus-elaboration: age/risk factors increase cardiac risk] [Satellite-safety: dangerous diagnosis should be prioritized] [Conclusion: prioritize ACS],No
15,"I feel pressure in my chest during brisk walking, but late meals can make it feel more like heartburn, last week the pain went to my left arm and I got sweaty, I’m 61 and a smoker, and I told myself it was probably GERD.",Gastroesophageal reflux disease,"The reasoning starts from the convenient clue of post-meal burning and promotes it to the central explanation. From there, contradictory evidence is explained away: radiation becomes panic, sweating becomes distress, and vascular risk factors are treated as background rather than decision-driving information. This creates an overconfident but weakly justified conclusion in favor of reflux. The higher-risk explanation is prematurely dismissed.",Root: favor GERD. [Nucleus: meals/spicy food + antacid relief -> reflux] [Satellite-downplay: radiation + sweating -> anxiety response] [Satellite-ignore: exertional trigger + cardiac risk] [Satellite-closure: benign diagnosis chosen early] [Conclusion: GERD explains symptoms],Yes
16,"I wake up with painful stiff fingers and wrists most mornings, even though my toe once blew up after drinking wine, I was once told my uric acid was borderline high, with rheumatoid arthritis already present in relatives.",Rheumatoid arthritis,"The chronic pattern is the deciding factor here. Morning stiffness lasting over an hour, together with persistent hand and wrist involvement, strongly favors rheumatoid arthritis because this is a classic symmetric inflammatory small-joint presentation. The toe flare and prior hyperuricemia are genuine gout-like clues, but they are episodic and do not explain the chronic baseline syndrome. Family history of RA adds weight to the inflammatory arthritis interpretation. The best synthesis is that RA explains the ongoing pattern.",Root: favor RA. [Nucleus: prolonged morning stiffness + symmetric small-joint involvement] [Satellite-contrast: toe flare + hyperuricemia -> gout clue] [Nucleus-elaboration: family history supports RA] [Satellite-resolution: acute event does not explain chronic baseline] [Conclusion: RA best fits chronic pattern],No
17,"I feel worn out and slowed down daily, dry skin and puffiness are obvious now, while my appetite is low but my weight increases, but I occasionally feel my heart skip and get anxious, while a previous lab was said to be almost normal.",Hypothyroidism,"A correct reading identifies the cluster rather than overreacting to one contradictory symptom. Palpitations and anxiety can occur for many reasons and do not erase the metabolically slowed presentation. The more integrated explanation is thyroid underactivity, with the old near-normal test retained as background rather than treated as decisive.",Root: favor hypothyroidism. [Nucleus: fatigue + weight gain + puffiness + dry skin] [Satellite-contrast: palpitations/anxiety] [Satellite-background: old borderline-normal test] [Satellite-integration: syndrome coherence outweighs isolated conflict] [Conclusion: hypothyroidism],No
18,"I am always thirsty and urinating much more than normal, and I am shrinking despite normal habits, blurred vision is part of it as well, and my abdomen hurts with queasiness, even though obesity and family diabetes point the other way.",Type 2 diabetes only,"This line of reasoning mistakes a risk factor pattern for a complete explanation. It privileges what the patient looks like over how the disease is behaving in the moment. By downplaying the catabolic and potentially ketotic features, it reaches an overconfident type 2-only conclusion.",Root: favor type 2 only. [Nucleus: obesity + family history] [Satellite-downplay: weight loss + abdominal symptoms] [Satellite-stereotype: overweight argues against type 1] [Satellite-closure: phenotype overrides physiology] [Conclusion: type 2 only],Yes
19,"I wake up with painful stiff fingers and wrists most mornings, but my big toe once swelled up badly after wine, I was once told my uric acid was borderline high, with rheumatoid arthritis already present in relatives.",Gout,"A hallucinated interpretation gives privileged status to the classic-sounding gout clues and treats them as sufficient to explain everything else. The chronic morning stiffness is downgraded to a generic inflammatory complaint, even though it is actually the more discriminative feature for RA. This is a reasoning failure because one episodic clue is expanded beyond its explanatory range.",Root: favor gout. [Nucleus: toe flare after wine + hyperuricemia] [Satellite-generalization: chronic hand stiffness folded into gout] [Satellite-dismissal: family history of RA incidental] [Satellite-salience: vivid acute event overweights decision] [Conclusion: gout explains all symptoms],Yes
20,"I feel worn out and slowed down daily, people notice I look puffy and dry-skinned, and I have gained weight despite low appetite, still, I get episodes of nervousness and palpitations, while a previous lab was said to be almost normal.",Anxiety disorder,"The hallucinated reasoning starts from emotionally salient features such as anxiety, palpitations, and headaches and treats them as the core disorder. The weight gain, puffiness, and dry skin are then demoted to lifestyle or stress effects, even though together they form a much more specific hypothyroid cluster. The prior borderline-normal thyroid test is overvalued as if it nearly rules out thyroid disease. This produces a psychologized conclusion that fails to account for the whole syndrome.",Root: favor anxiety disorder. [Nucleus: palpitations + anxiety + headaches] [Satellite-reinterpretation: weight gain + dry skin -> lifestyle/stress] [Satellite-overweight: borderline-normal thyroid test] [Satellite-psychologizing: endocrine cluster fragmented] [Conclusion: anxiety disorder],Yes
21,"I began with bladder-type burning and urgency, and later fever with flank pain appeared, plus I started vomiting recently, while the dysuria became less intense.",Simple cystitis,"This reasoning privileges chronology over severity. It assumes that the first label applied must remain correct, and it explains away later findings instead of revising the model. The result is a falsely reassuring cystitis diagnosis.",Root: favor cystitis. [Nucleus: dysuria + frequency] [Satellite-reinterpretation: back pain + vomiting -> dehydration/strain] [Satellite-overclaim: burning improved -> infection resolving] [Satellite-failure-to-update: early label retained despite escalation] [Conclusion: simple cystitis],Yes
22,"I feel fatigued almost all the time, I look puffy and my skin texture has changed, and there is weight gain despite barely eating, still, I sometimes feel anxious or notice skipped beats, and a previous result was interpreted as basically normal.",Hypothyroidism,"A correct reading identifies the cluster rather than overreacting to one contradictory symptom. Palpitations and anxiety can occur for many reasons and do not erase the metabolically slowed presentation. The more integrated explanation is thyroid underactivity, with the old near-normal test retained as background rather than treated as decisive.",Root: favor hypothyroidism. [Nucleus: fatigue + weight gain + puffiness + dry skin] [Satellite-contrast: palpitations/anxiety] [Satellite-background: old borderline-normal test] [Satellite-integration: syndrome coherence outweighs isolated conflict] [Conclusion: hypothyroidism],No
23,"The problem started like a routine UTI, before it turned into fever and pain near my back, plus I started vomiting recently, even though the bladder symptoms softened somewhat.",Pyelonephritis,A grounded explanation keeps the early dysuria and frequency in the background while allowing the systemic and flank findings to drive the conclusion. Vomiting and fever are not well explained by a simple resolving bladder infection. Pyelonephritis is the stronger diagnosis because it explains both the urinary origin and the systemic deterioration.,Root: favor pyelonephritis. [Satellite-background: dysuria + frequency -> cystitis] [Nucleus: fever + flank/back pain + vomiting + systemic illness] [Satellite-contrast: burning improved] [Satellite-escalation: local infection evolved into systemic picture] [Conclusion: pyelonephritis],No
24,"I wake up with painful stiff fingers and wrists most mornings, although I once had a classic-looking gout attack in the toe, a previous doctor said my uric acid ran high, and I know RA affected my mother.",Rheumatoid arthritis,"The chronic pattern is the deciding factor here. Morning stiffness lasting over an hour, together with persistent hand and wrist involvement, strongly favors rheumatoid arthritis because this is a classic symmetric inflammatory small-joint presentation. The toe flare and prior hyperuricemia are genuine gout-like clues, but they are episodic and do not explain the chronic baseline syndrome. Family history of RA adds weight to the inflammatory arthritis interpretation. The best synthesis is that RA explains the ongoing pattern.",Root: favor RA. [Nucleus: prolonged morning stiffness + symmetric small-joint involvement] [Satellite-contrast: toe flare + hyperuricemia -> gout clue] [Nucleus-elaboration: family history supports RA] [Satellite-resolution: acute event does not explain chronic baseline] [Conclusion: RA best fits chronic pattern],No
25,"My weight is dropping even though I am not dieting, I notice trembling plus a rapid heartbeat, so I wondered if it was panic, but I have thyroid-area fullness and visible eye changes.",Panic disorder,"The hallucinated reasoning elevates anxiety, shakiness, and palpitations to the center of the case because they are familiar panic symptoms. Once that frame is adopted, weight loss is explained as stress, neck fullness is described as subjective, and eye changes are brushed aside as tired appearance. This prevents the model from integrating the bodily findings into a coherent endocrine picture. The conclusion settles on panic disorder not because it explains the full evidence best, but because it captures the most familiar emotional cues.",Root: favor panic disorder. [Nucleus: anxiety + shakiness + tachycardia] [Satellite-reinterpretation: weight loss -> stress] [Satellite-dismissal: eye changes + neck fullness subjective] [Satellite-psychologizing: physical findings subordinated to emotional frame] [Conclusion: panic disorder explains symptoms],Yes
26,"I started with feverish cough and thought it was respiratory, but a single swollen calf showed up later, but I can catch my breath less and less, I took antibiotics and only the fever improved slightly.",Pulmonary embolism,"A grounded reading preserves both hypotheses at first: pneumonia is plausible because of fever and cough, but the calf findings are a major red flag that changes the weighting of the case. Respiratory decline despite some improvement in fever also argues against a simple resolving infection. The vascular hypothesis explains the leg symptoms and the worsening dyspnea in one causal chain.",Root: favor PE. [Satellite-background: fever + cough -> pneumonia-like] [Nucleus: unilateral calf swelling/pain + worsening dyspnea -> DVT/PE] [Satellite-contrast: antibiotics helped fever only] [Satellite-causal: leg clot can explain lung symptoms] [Conclusion: PE better explains the pattern],No
27,"Unplanned weight loss has been bothering me, there is a tremor in my hands and fast heartbeat, so I wondered if it was panic, but I have thyroid-area fullness and visible eye changes.",Panic disorder,"The hallucinated reasoning elevates anxiety, shakiness, and palpitations to the center of the case because they are familiar panic symptoms. Once that frame is adopted, weight loss is explained as stress, neck fullness is described as subjective, and eye changes are brushed aside as tired appearance. This prevents the model from integrating the bodily findings into a coherent endocrine picture. The conclusion settles on panic disorder not because it explains the full evidence best, but because it captures the most familiar emotional cues.",Root: favor panic disorder. [Nucleus: anxiety + shakiness + tachycardia] [Satellite-reinterpretation: weight loss -> stress] [Satellite-dismissal: eye changes + neck fullness subjective] [Satellite-psychologizing: physical findings subordinated to emotional frame] [Conclusion: panic disorder explains symptoms],Yes
28,"I first noticed dysuria and urinary frequency, before it turned into fever and pain near my back, plus I started vomiting recently, while the dysuria became less intense.",Simple cystitis,"This reasoning privileges chronology over severity. It assumes that the first label applied must remain correct, and it explains away later findings instead of revising the model. The result is a falsely reassuring cystitis diagnosis.",Root: favor cystitis. [Nucleus: dysuria + frequency] [Satellite-reinterpretation: back pain + vomiting -> dehydration/strain] [Satellite-overclaim: burning improved -> infection resolving] [Satellite-failure-to-update: early label retained despite escalation] [Conclusion: simple cystitis],Yes
29,"The early symptoms were classic urinary burning and frequency, and later fever with flank pain appeared, I also started vomiting, while the dysuria became less intense.",Pyelonephritis,A grounded explanation keeps the early dysuria and frequency in the background while allowing the systemic and flank findings to drive the conclusion. Vomiting and fever are not well explained by a simple resolving bladder infection. Pyelonephritis is the stronger diagnosis because it explains both the urinary origin and the systemic deterioration.,Root: favor pyelonephritis. [Satellite-background: dysuria + frequency -> cystitis] [Nucleus: fever + flank/back pain + vomiting + systemic illness] [Satellite-contrast: burning improved] [Satellite-escalation: local infection evolved into systemic picture] [Conclusion: pyelonephritis],No
30,"My clothes are looser because of unexplained weight loss, my hands shake and my heart races, so I started calling it panic, although my neck feels swollen and people comment on my eyes.",Panic disorder,"The hallucinated reasoning elevates anxiety, shakiness, and palpitations to the center of the case because they are familiar panic symptoms. Once that frame is adopted, weight loss is explained as stress, neck fullness is described as subjective, and eye changes are brushed aside as tired appearance. This prevents the model from integrating the bodily findings into a coherent endocrine picture. The conclusion settles on panic disorder not because it explains the full evidence best, but because it captures the most familiar emotional cues.",Root: favor panic disorder. [Nucleus: anxiety + shakiness + tachycardia] [Satellite-reinterpretation: weight loss -> stress] [Satellite-dismissal: eye changes + neck fullness subjective] [Satellite-psychologizing: physical findings subordinated to emotional frame] [Conclusion: panic disorder explains symptoms],Yes
31,"The pain initially felt like it was around my belly button, before focusing on the lower right area, while loose stool made me assume gastroenteritis, movement clearly aggravates it.",Appendicitis,"The migratory pattern of pain is the key diagnostic clue. Pain beginning more centrally and then localizing to the right lower quadrant, especially when worsened by movement, is a classic appendiceal pattern and suggests peritoneal irritation. Diarrhea is a misleading but not decisive competing clue because gastrointestinal upset can coexist with appendicitis. The best synthesis is appendicitis rather than simple gastroenteritis.",Root: favor appendicitis. [Satellite-background: diarrhea -> gastroenteritis-like] [Nucleus: migratory pain to RLQ + movement pain] [Satellite-priority: focal evolution outweighs generic GI symptoms] [Conclusion: appendicitis],No
32,"My wrists and finger joints stay stiff for a long time each morning, even though my toe once blew up after drinking wine, there was at least one high uric acid result in the past, and there is definite family history of RA.",Gout,"A hallucinated interpretation gives privileged status to the classic-sounding gout clues and treats them as sufficient to explain everything else. The chronic morning stiffness is downgraded to a generic inflammatory complaint, even though it is actually the more discriminative feature for RA. This is a reasoning failure because one episodic clue is expanded beyond its explanatory range.",Root: favor gout. [Nucleus: toe flare after wine + hyperuricemia] [Satellite-generalization: chronic hand stiffness folded into gout] [Satellite-dismissal: family history of RA incidental] [Satellite-salience: vivid acute event overweights decision] [Conclusion: gout explains all symptoms],Yes
33,"I need water all the time and I am urinating excessively, with noticeable weight loss happening quickly, my sight is becoming blurry, plus I now have nausea and abdominal pain, even though obesity and family diabetes point the other way.","Diabetes mellitus, likely type 1 physiology","A correct explanation distinguishes phenotype from acute metabolic state. The patient may look like a type 2 candidate because of weight and family history, but the active symptom cluster points to a more urgent process characterized by marked hyperglycemia and possible ketosis. The reasoning therefore keeps the type 2 clue in a contrast branch while allowing the metabolic urgency to dominate the conclusion.",Root: favor diabetes with likely type 1 physiology. [Nucleus: thirst + urination + weight loss + blurry vision + nausea] [Satellite-contrast: obesity + family history -> type 2 clue] [Satellite-urgency: abdominal symptoms suggest ketosis risk] [Conclusion: urgent insulin-deficiency picture],No
34,"I get chest tightness when climbing stairs, but late meals can make it feel more like heartburn, yesterday it spread to my jaw and I became clammy, I’m 61 and a smoker, and I told myself it was probably GERD.",Gastroesophageal reflux disease,"Because the discomfort sometimes follows food and the patient reports at least partial reflux-like features, GERD is taken as the main explanation. Once that anchor is adopted, the more dangerous clues, such as sweating and radiation to the arm or jaw, are reinterpreted as anxiety caused by pain rather than as evidence of ischemia. The exertional trigger is minimized as if it were incidental. This reasoning closes too early on a familiar benign diagnosis and fails to give adequate weight to cardiovascular risk factors.",Root: favor GERD. [Nucleus: meals/spicy food + antacid relief -> reflux] [Satellite-downplay: radiation + sweating -> anxiety response] [Satellite-ignore: exertional trigger + cardiac risk] [Satellite-closure: benign diagnosis chosen early] [Conclusion: GERD explains symptoms],Yes
35,"I first developed fever and cough like I was getting pneumonia, but now one calf is swollen and sore, and now I am more short of breath than before, antibiotics maybe reduced the fever but not the breathing trouble.",Pulmonary embolism,"A grounded reading preserves both hypotheses at first: pneumonia is plausible because of fever and cough, but the calf findings are a major red flag that changes the weighting of the case. Respiratory decline despite some improvement in fever also argues against a simple resolving infection. The vascular hypothesis explains the leg symptoms and the worsening dyspnea in one causal chain.",Root: favor PE. [Satellite-background: fever + cough -> pneumonia-like] [Nucleus: unilateral calf swelling/pain + worsening dyspnea -> DVT/PE] [Satellite-contrast: antibiotics helped fever only] [Satellite-causal: leg clot can explain lung symptoms] [Conclusion: PE better explains the pattern],No
36,"At first I thought I had a bad cold with cough and fever, and then my right calf became painful and enlarged, while my breathing seems to deteriorate, antibiotics changed the fever more than the dyspnea.",Pulmonary embolism,"A grounded reading preserves both hypotheses at first: pneumonia is plausible because of fever and cough, but the calf findings are a major red flag that changes the weighting of the case. Respiratory decline despite some improvement in fever also argues against a simple resolving infection. The vascular hypothesis explains the leg symptoms and the worsening dyspnea in one causal chain.",Root: favor PE. [Satellite-background: fever + cough -> pneumonia-like] [Nucleus: unilateral calf swelling/pain + worsening dyspnea -> DVT/PE] [Satellite-contrast: antibiotics helped fever only] [Satellite-causal: leg clot can explain lung symptoms] [Conclusion: PE better explains the pattern],No
37,"My hands and wrists have been stiff every morning for over an hour, but my toe once became swollen and red after alcohol, there was at least one high uric acid result in the past, with rheumatoid arthritis already present in relatives.",Gout,"The reasoning locks onto the vivid toe flare and the mention of high uric acid. Once those cues are treated as central, the chronic hand and wrist stiffness is generalized into the gout interpretation, even though that pattern is less typical for gout as a single unifying explanation. Family history of RA is then dismissed as incidental rather than integrated. The result is a diagnosis driven by salience and memorability rather than by the full temporal structure of the illness.",Root: favor gout. [Nucleus: toe flare after wine + hyperuricemia] [Satellite-generalization: chronic hand stiffness folded into gout] [Satellite-dismissal: family history of RA incidental] [Satellite-salience: vivid acute event overweights decision] [Conclusion: gout explains all symptoms],Yes
38,"The belly pain started near the center, and eventually it became right-sided and lower, although I also had diarrhea, I feel it more when I walk around.",Viral gastroenteritis,This reasoning overvalues the commonness of viral illness and undervalues the specificity of pain migration. It treats the memorable loose stool as central and the more diagnostic localization as secondary. That produces premature closure on gastroenteritis.,Root: favor gastroenteritis. [Nucleus: diarrhea + stomach-bug framing] [Satellite-reinterpretation: RLQ pain + movement pain -> cramping/soreness] [Satellite-anchor: GI symptoms overweight decision] [Conclusion: gastroenteritis],Yes
39,"The problem started like a routine UTI, and then the infection seemed to move upward with fever, with vomiting now complicating things, despite local symptoms improving a bit.",Simple cystitis,"This reasoning privileges chronology over severity. It assumes that the first label applied must remain correct, and it explains away later findings instead of revising the model. The result is a falsely reassuring cystitis diagnosis.",Root: favor cystitis. [Nucleus: dysuria + frequency] [Satellite-reinterpretation: back pain + vomiting -> dehydration/strain] [Satellite-overclaim: burning improved -> infection resolving] [Satellite-failure-to-update: early label retained despite escalation] [Conclusion: simple cystitis],Yes
40,"I am slimming down without meaning to, I feel trembly and my pulse pounds, and emotionally it feels like a panic attack, but my neck feels full and people say my eyes look different.",Panic disorder,This interpretation fails by treating the psychiatric flavor of the presentation as decisive and treating the physical findings as optional or unreliable. It is an example of premature psychologizing. The result is a diagnosis that is rhetorically smooth but structurally weak.,Root: favor panic disorder. [Nucleus: anxiety + shakiness + tachycardia] [Satellite-reinterpretation: weight loss -> stress] [Satellite-dismissal: eye changes + neck fullness subjective] [Satellite-psychologizing: physical findings subordinated to emotional frame] [Conclusion: panic disorder explains symptoms],Yes
41,"The main feeling is deep fatigue and slowing, my body feels puffy and my skin has become dry, and I have gained weight despite low appetite, but occasional anxiety and skipped beats confuse me, while a previous lab was said to be almost normal.",Hypothyroidism,"The dominant syndrome is hypothyroid: fatigue, weight gain despite low intake, puffiness, and dry skin form a coherent metabolic picture. Anxiety and occasional palpitations are real conflicting clues, but they are not sufficient to overturn the much broader hypothyroid pattern. An older borderline-normal lab result is weak evidence because symptoms may have evolved since then. The full pattern therefore favors hypothyroidism more than a primary anxiety disorder.",Root: favor hypothyroidism. [Nucleus: fatigue + weight gain + puffiness + dry skin] [Satellite-contrast: palpitations/anxiety] [Satellite-background: old borderline-normal test] [Satellite-integration: syndrome coherence outweighs isolated conflict] [Conclusion: hypothyroidism],No
42,"My small hand joints ache and feel stiff at the start of most days, but my big toe once swelled up badly after wine, there was at least one high uric acid result in the past, and my family has inflammatory arthritis history.",Rheumatoid arthritis,"The chronic pattern is the deciding factor here. Morning stiffness lasting over an hour, together with persistent hand and wrist involvement, strongly favors rheumatoid arthritis because this is a classic symmetric inflammatory small-joint presentation. The toe flare and prior hyperuricemia are genuine gout-like clues, but they are episodic and do not explain the chronic baseline syndrome. Family history of RA adds weight to the inflammatory arthritis interpretation. The best synthesis is that RA explains the ongoing pattern.",Root: favor RA. [Nucleus: prolonged morning stiffness + symmetric small-joint involvement] [Satellite-contrast: toe flare + hyperuricemia -> gout clue] [Nucleus-elaboration: family history supports RA] [Satellite-resolution: acute event does not explain chronic baseline] [Conclusion: RA best fits chronic pattern],No
43,"My clothes are looser because of unexplained weight loss, my heart pounds and my hands tremble, so I suspected a stress problem, though I also have a sense of fullness in my neck and eye changes.",Panic disorder,This interpretation fails by treating the psychiatric flavor of the presentation as decisive and treating the physical findings as optional or unreliable. It is an example of premature psychologizing. The result is a diagnosis that is rhetorically smooth but structurally weak.,Root: favor panic disorder. [Nucleus: anxiety + shakiness + tachycardia] [Satellite-reinterpretation: weight loss -> stress] [Satellite-dismissal: eye changes + neck fullness subjective] [Satellite-psychologizing: physical findings subordinated to emotional frame] [Conclusion: panic disorder explains symptoms],Yes
44,"My fingers feel inflamed and hard to move early each day, although I once had a classic-looking gout attack in the toe, I remember one lab showing increased uric acid, and my mother had rheumatoid arthritis.",Rheumatoid arthritis,"A correct interpretation must distinguish the durable background disease from the memorable acute event. The toe attack after dietary trigger is very salient and can bias reasoning toward gout, but the more informative structure of the case is the long-standing morning stiffness and symmetric small-joint involvement. Hyperuricemia is supportive of gout but not sufficient to explain the full chronic phenotype. Therefore RA is the stronger overall diagnosis.",Root: favor RA. [Nucleus: prolonged morning stiffness + symmetric small-joint involvement] [Satellite-contrast: toe flare + hyperuricemia -> gout clue] [Nucleus-elaboration: family history supports RA] [Satellite-resolution: acute event does not explain chronic baseline] [Conclusion: RA best fits chronic pattern],No
45,"I have persistent morning stiffness in both hands and wrists, though one memorable episode hit my big toe after heavy food, there was at least one high uric acid result in the past, and rheumatoid arthritis runs in my family.",Rheumatoid arthritis,"The chronic pattern is the deciding factor here. Morning stiffness lasting over an hour, together with persistent hand and wrist involvement, strongly favors rheumatoid arthritis because this is a classic symmetric inflammatory small-joint presentation. The toe flare and prior hyperuricemia are genuine gout-like clues, but they are episodic and do not explain the chronic baseline syndrome. Family history of RA adds weight to the inflammatory arthritis interpretation. The best synthesis is that RA explains the ongoing pattern.",Root: favor RA. [Nucleus: prolonged morning stiffness + symmetric small-joint involvement] [Satellite-contrast: toe flare + hyperuricemia -> gout clue] [Nucleus-elaboration: family history supports RA] [Satellite-resolution: acute event does not explain chronic baseline] [Conclusion: RA best fits chronic pattern],No
46,"Everything feels slowed and heavy lately, my face looks puffy and my skin is dry, and there is weight gain despite barely eating, still, I get episodes of nervousness and palpitations, and an old thyroid test was called borderline normal.",Hypothyroidism,"A correct reading identifies the cluster rather than overreacting to one contradictory symptom. Palpitations and anxiety can occur for many reasons and do not erase the metabolically slowed presentation. The more integrated explanation is thyroid underactivity, with the old near-normal test retained as background rather than treated as decisive.",Root: favor hypothyroidism. [Nucleus: fatigue + weight gain + puffiness + dry skin] [Satellite-contrast: palpitations/anxiety] [Satellite-background: old borderline-normal test] [Satellite-integration: syndrome coherence outweighs isolated conflict] [Conclusion: hypothyroidism],No
47,"Going up steps brings on chest heaviness, but late meals can make it feel more like heartburn, once it radiated to my shoulder and I broke into a sweat, I’m 67 and diabetic and hypertensive, and I told myself it was probably GERD.",Gastroesophageal reflux disease,"Because the discomfort sometimes follows food and the patient reports at least partial reflux-like features, GERD is taken as the main explanation. Once that anchor is adopted, the more dangerous clues, such as sweating and radiation to the arm or jaw, are reinterpreted as anxiety caused by pain rather than as evidence of ischemia. The exertional trigger is minimized as if it were incidental. This reasoning closes too early on a familiar benign diagnosis and fails to give adequate weight to cardiovascular risk factors.",Root: favor GERD. [Nucleus: meals/spicy food + antacid relief -> reflux] [Satellite-downplay: radiation + sweating -> anxiety response] [Satellite-ignore: exertional trigger + cardiac risk] [Satellite-closure: benign diagnosis chosen early] [Conclusion: GERD explains symptoms],Yes
48,"At first it felt like a simple bladder infection, and it progressed to fever with side or back pain, plus I started vomiting recently, although the burning is not as bad as before.",Pyelonephritis,A grounded explanation keeps the early dysuria and frequency in the background while allowing the systemic and flank findings to drive the conclusion. Vomiting and fever are not well explained by a simple resolving bladder infection. Pyelonephritis is the stronger diagnosis because it explains both the urinary origin and the systemic deterioration.,Root: favor pyelonephritis. [Satellite-background: dysuria + frequency -> cystitis] [Nucleus: fever + flank/back pain + vomiting + systemic illness] [Satellite-contrast: burning improved] [Satellite-escalation: local infection evolved into systemic picture] [Conclusion: pyelonephritis],No
49,"The pain initially felt like it was around my belly button, and eventually it became right-sided and lower, but diarrhea made it feel infectious, motion makes the pain more intense.",Appendicitis,"A grounded interpretation gives more weight to the evolution and location of pain than to the presence of loose stool alone. Gastroenteritis is plausible at the start, but it does not explain the specific right-sided localization and movement-related pain as well as appendicitis does. The reasoning preserves diarrhea as background noise but allows the focal abdominal pattern to dominate.",Root: favor appendicitis. [Satellite-background: diarrhea -> gastroenteritis-like] [Nucleus: migratory pain to RLQ + movement pain] [Satellite-priority: focal evolution outweighs generic GI symptoms] [Conclusion: appendicitis],No
50,"I feel worn out and slowed down daily, people notice I look puffy and dry-skinned, and I have gained weight despite low appetite, although I do get anxious and feel palpitations sometimes, but a prior thyroid result was described as borderline.",Anxiety disorder,"This is a structural misweighting of evidence. The reasoning favors common, low-specificity symptoms and lets them dominate a richer endocrine pattern. The earlier lab is converted into false reassurance, and the physical signs are fragmented instead of integrated.",Root: favor anxiety disorder. [Nucleus: palpitations + anxiety + headaches] [Satellite-reinterpretation: weight gain + dry skin -> lifestyle/stress] [Satellite-overweight: borderline-normal thyroid test] [Satellite-psychologizing: endocrine cluster fragmented] [Conclusion: anxiety disorder],Yes
51,"The belly pain started near the center, then it concentrated low on the right, and the bowel symptoms made it seem like food poisoning, it hurts more when I walk.",Viral gastroenteritis,This reasoning overvalues the commonness of viral illness and undervalues the specificity of pain migration. It treats the memorable loose stool as central and the more diagnostic localization as secondary. That produces premature closure on gastroenteritis.,Root: favor gastroenteritis. [Nucleus: diarrhea + stomach-bug framing] [Satellite-reinterpretation: RLQ pain + movement pain -> cramping/soreness] [Satellite-anchor: GI symptoms overweight decision] [Conclusion: gastroenteritis],Yes
52,"The problem started like a routine UTI, and then the infection seemed to move upward with fever, I began throwing up as well, although the burning is not as bad as before.",Simple cystitis,"The hallucinated interpretation continues to treat the case as a simple bladder infection because dysuria and frequency came first. Once that anchor is fixed, fever, vomiting, and back pain are recast as dehydration, muscle pain, or generic effects of being unwell. The slight improvement in burning is overread as a sign that the infection is resolving, even though the overall picture is getting worse. This is a failure to update the diagnosis when new higher-severity evidence appears.",Root: favor cystitis. [Nucleus: dysuria + frequency] [Satellite-reinterpretation: back pain + vomiting -> dehydration/strain] [Satellite-overclaim: burning improved -> infection resolving] [Satellite-failure-to-update: early label retained despite escalation] [Conclusion: simple cystitis],Yes
53,"I cannot stop drinking and peeing, and I am shrinking despite normal habits, my vision also gets blurry, and I have started getting abdominal discomfort and nausea, although the family pattern suggests type 2.",Type 2 diabetes only,"This line of reasoning mistakes a risk factor pattern for a complete explanation. It privileges what the patient looks like over how the disease is behaving in the moment. By downplaying the catabolic and potentially ketotic features, it reaches an overconfident type 2-only conclusion.",Root: favor type 2 only. [Nucleus: obesity + family history] [Satellite-downplay: weight loss + abdominal symptoms] [Satellite-stereotype: overweight argues against type 1] [Satellite-closure: phenotype overrides physiology] [Conclusion: type 2 only],Yes
54,"I began with bladder-type burning and urgency, and later fever with flank pain appeared, with vomiting now complicating things, while the original bladder symptoms seem a bit better.",Pyelonephritis,"The case begins like cystitis, but it does not stay there. The later development of fever, flank or back pain, vomiting, and systemic illness strongly suggests upper urinary tract infection, namely pyelonephritis. Improvement in local burning does not counterbalance the worsening systemic picture. In fact, the change from local urinary discomfort to broader constitutional illness is exactly what makes the case more serious.",Root: favor pyelonephritis. [Satellite-background: dysuria + frequency -> cystitis] [Nucleus: fever + flank/back pain + vomiting + systemic illness] [Satellite-contrast: burning improved] [Satellite-escalation: local infection evolved into systemic picture] [Conclusion: pyelonephritis],No
55,"My illness started as what seemed like a simple chest cold, and then my right calf became painful and enlarged, and my chest feels tighter as I breathe, the fever eased a bit with antibiotics, not the shortness of breath.",Pneumonia,"The reasoning gives priority to the story’s opening frame of cough, fever, and a cold-like illness and turns that into a pneumonia anchor. Once anchored, the swollen calf is reinterpreted as body aches, muscle strain, or reduced movement from being sick, even though calf swelling is not well explained that way. A small fever response to antibiotics is overread as confirmation of infection. This creates a premature closure on pneumonia while ignoring the stronger thromboembolic structure of the case.",Root: favor pneumonia. [Nucleus: fever + cough + dyspnea -> pneumonia] [Satellite-reinterpretation: calf swelling/pain -> body aches or strain] [Satellite-overclaim: antibiotics response confirms infection] [Satellite-closure: common diagnosis chosen early] [Conclusion: pneumonia is primary],Yes
56,"Physical effort seems to trigger a band-like chest pain, but late meals can make it feel more like heartburn, last week the pain went to my left arm and I got sweaty, I’m 64 with high cholesterol, which made me dismiss it as acid reflux.",Acute coronary syndrome / unstable angina,"The most important feature is that the chest discomfort is triggered by exertion rather than only by meals. Radiation to the arm or jaw and associated sweating are classic high-risk clues for myocardial ischemia. The reflux-like features are real conflicting clues, but they are lower-specificity findings and do not neutralize the cardiac risk pattern. The patient’s age and vascular risk factors increase the pretest probability of acute coronary syndrome. A safer and more coherent interpretation is that this is unstable angina or another ACS presentation until proven otherwise.",Root: favor ACS. [Nucleus: exertional pain + radiation + sweating -> ischemia] [Satellite-contrast: meal/spicy-food burning + antacid relief -> GERD-like] [Nucleus-elaboration: age/risk factors increase cardiac risk] [Satellite-safety: dangerous diagnosis should be prioritized] [Conclusion: prioritize ACS],No
57,"I have nonstop thirst and frequent urination, while my weight is dropping, blurred vision is part of it as well, plus I now have nausea and abdominal pain, despite being overweight with strong family history.",Type 2 diabetes only,"The hallucinated reasoning starts from obesity and family history and treats those demographic clues as decisive. Once that anchor is in place, weight loss, nausea, and abdominal pain are minimized as secondary effects of high blood sugar rather than as warnings of insulin deficiency. The model also makes the unsupported leap that being overweight argues strongly against type 1 diabetes. This is a faulty compression of a complex presentation into a simplistic stereotype of type 2 disease.",Root: favor type 2 only. [Nucleus: obesity + family history] [Satellite-downplay: weight loss + abdominal symptoms] [Satellite-stereotype: overweight argues against type 1] [Satellite-closure: phenotype overrides physiology] [Conclusion: type 2 only],Yes
58,"Unplanned weight loss has been bothering me, I notice trembling plus a rapid heartbeat, which made me think it might be anxiety, even so, there is neck swelling and unusual eye appearance.","Hyperthyroidism, likely Graves disease",A correct reading resists the temptation to stop at the psychiatric-looking symptoms. The visible bodily signs carry more diagnostic weight: goiter-like neck fullness and eye prominence are especially important because they are difficult to explain by panic disorder alone. Weight loss and tremor strengthen the endocrine interpretation further.,Root: favor Graves. [Nucleus: weight loss + tremor + palpitations + neck fullness + eye changes] [Satellite-background: anxiety/panic-like features] [Satellite-integration: anxiety explained within endocrine syndrome] [Conclusion: hyperthyroidism unifies symptoms],No
59,"My energy is very low and I feel slowed, my body feels puffy and my skin has become dry, while my weight has gone up even though I eat less, but I occasionally feel my heart skip and get anxious, while a previous lab was said to be almost normal.",Anxiety disorder,"This is a structural misweighting of evidence. The reasoning favors common, low-specificity symptoms and lets them dominate a richer endocrine pattern. The earlier lab is converted into false reassurance, and the physical signs are fragmented instead of integrated.",Root: favor anxiety disorder. [Nucleus: palpitations + anxiety + headaches] [Satellite-reinterpretation: weight gain + dry skin -> lifestyle/stress] [Satellite-overweight: borderline-normal thyroid test] [Satellite-psychologizing: endocrine cluster fragmented] [Conclusion: anxiety disorder],Yes
60,"Physical effort seems to trigger a band-like chest pain, but late meals can make it feel more like heartburn, last week the pain went to my left arm and I got sweaty, I’m 52 and diabetic, so I thought it was just reflux.",Gastroesophageal reflux disease,"The reasoning starts from the convenient clue of post-meal burning and promotes it to the central explanation. From there, contradictory evidence is explained away: radiation becomes panic, sweating becomes distress, and vascular risk factors are treated as background rather than decision-driving information. This creates an overconfident but weakly justified conclusion in favor of reflux. The higher-risk explanation is prematurely dismissed.",Root: favor GERD. [Nucleus: meals/spicy food + antacid relief -> reflux] [Satellite-downplay: radiation + sweating -> anxiety response] [Satellite-ignore: exertional trigger + cardiac risk] [Satellite-closure: benign diagnosis chosen early] [Conclusion: GERD explains symptoms],Yes
61,"I began with bladder-type burning and urgency, and it progressed to fever with side or back pain, I also started vomiting, while the original bladder symptoms seem a bit better.",Simple cystitis,"This reasoning privileges chronology over severity. It assumes that the first label applied must remain correct, and it explains away later findings instead of revising the model. The result is a falsely reassuring cystitis diagnosis.",Root: favor cystitis. [Nucleus: dysuria + frequency] [Satellite-reinterpretation: back pain + vomiting -> dehydration/strain] [Satellite-overclaim: burning improved -> infection resolving] [Satellite-failure-to-update: early label retained despite escalation] [Conclusion: simple cystitis],Yes
62,"I cannot stop drinking and peeing, and I am losing weight, I have episodes of blurry vision, and my abdomen hurts with queasiness, although the family pattern suggests type 2.","Diabetes mellitus, likely type 1 physiology","The central issue is not the body habitus alone but the physiology suggested by the symptoms. Polyuria, polydipsia, weight loss, blurry vision, and abdominal symptoms suggest substantial hyperglycemia with possible ketosis or evolving insulin deficiency. Obesity and a family history of type 2 diabetes are meaningful competing clues, but they do not erase the catabolic pattern. In a younger patient, weight loss with nausea and abdominal pain should raise concern for type 1 physiology or at least urgent insulin-requiring diabetes.",Root: favor diabetes with likely type 1 physiology. [Nucleus: thirst + urination + weight loss + blurry vision + nausea] [Satellite-contrast: obesity + family history -> type 2 clue] [Satellite-urgency: abdominal symptoms suggest ketosis risk] [Conclusion: urgent insulin-deficiency picture],No
63,"I feel pressure in my chest during brisk walking, although heavy dinners also cause burning in my chest, a recent attack made me sweaty and sent pain toward my left arm, I’m 58 and hypertensive, so I tried to ignore it as stomach-related.",Acute coronary syndrome / unstable angina,"The most important feature is that the chest discomfort is triggered by exertion rather than only by meals. Radiation to the arm or jaw and associated sweating are classic high-risk clues for myocardial ischemia. The reflux-like features are real conflicting clues, but they are lower-specificity findings and do not neutralize the cardiac risk pattern. The patient’s age and vascular risk factors increase the pretest probability of acute coronary syndrome. A safer and more coherent interpretation is that this is unstable angina or another ACS presentation until proven otherwise.",Root: favor ACS. [Nucleus: exertional pain + radiation + sweating -> ischemia] [Satellite-contrast: meal/spicy-food burning + antacid relief -> GERD-like] [Nucleus-elaboration: age/risk factors increase cardiac risk] [Satellite-safety: dangerous diagnosis should be prioritized] [Conclusion: prioritize ACS],No
64,"I feel fatigued almost all the time, my face looks puffy and my skin is dry, while my weight has gone up even though I eat less, still, I get episodes of nervousness and palpitations, and one older lab gave false reassurance.",Hypothyroidism,"A correct reading identifies the cluster rather than overreacting to one contradictory symptom. Palpitations and anxiety can occur for many reasons and do not erase the metabolically slowed presentation. The more integrated explanation is thyroid underactivity, with the old near-normal test retained as background rather than treated as decisive.",Root: favor hypothyroidism. [Nucleus: fatigue + weight gain + puffiness + dry skin] [Satellite-contrast: palpitations/anxiety] [Satellite-background: old borderline-normal test] [Satellite-integration: syndrome coherence outweighs isolated conflict] [Conclusion: hypothyroidism],No
65,"Unplanned weight loss has been bothering me, I feel shaky with a racing heartbeat, so I wondered if it was panic, although my neck feels swollen and people comment on my eyes.","Hyperthyroidism, likely Graves disease",A correct reading resists the temptation to stop at the psychiatric-looking symptoms. The visible bodily signs carry more diagnostic weight: goiter-like neck fullness and eye prominence are especially important because they are difficult to explain by panic disorder alone. Weight loss and tremor strengthen the endocrine interpretation further.,Root: favor Graves. [Nucleus: weight loss + tremor + palpitations + neck fullness + eye changes] [Satellite-background: anxiety/panic-like features] [Satellite-integration: anxiety explained within endocrine syndrome] [Conclusion: hyperthyroidism unifies symptoms],No
66,"I started with feverish cough and thought it was respiratory, yet I developed one-sided calf pain and swelling, and my breathing got worse, antibiotics maybe reduced the fever but not the breathing trouble.",Pulmonary embolism,"A grounded reading preserves both hypotheses at first: pneumonia is plausible because of fever and cough, but the calf findings are a major red flag that changes the weighting of the case. Respiratory decline despite some improvement in fever also argues against a simple resolving infection. The vascular hypothesis explains the leg symptoms and the worsening dyspnea in one causal chain.",Root: favor PE. [Satellite-background: fever + cough -> pneumonia-like] [Nucleus: unilateral calf swelling/pain + worsening dyspnea -> DVT/PE] [Satellite-contrast: antibiotics helped fever only] [Satellite-causal: leg clot can explain lung symptoms] [Conclusion: PE better explains the pattern],No
67,"At first the stomach pain was diffuse and central, and later localized to the lower right, with diarrhea complicating the picture, walking or jarring makes the pain worse.",Appendicitis,"A grounded interpretation gives more weight to the evolution and location of pain than to the presence of loose stool alone. Gastroenteritis is plausible at the start, but it does not explain the specific right-sided localization and movement-related pain as well as appendicitis does. The reasoning preserves diarrhea as background noise but allows the focal abdominal pattern to dominate.",Root: favor appendicitis. [Satellite-background: diarrhea -> gastroenteritis-like] [Nucleus: migratory pain to RLQ + movement pain] [Satellite-priority: focal evolution outweighs generic GI symptoms] [Conclusion: appendicitis],No
68,"This began like a respiratory infection with cough and chills, but a single swollen calf showed up later, while the shortness of breath kept escalating, leftover antibiotics only seemed to help the fever.",Pulmonary embolism,"A grounded reading preserves both hypotheses at first: pneumonia is plausible because of fever and cough, but the calf findings are a major red flag that changes the weighting of the case. Respiratory decline despite some improvement in fever also argues against a simple resolving infection. The vascular hypothesis explains the leg symptoms and the worsening dyspnea in one causal chain.",Root: favor PE. [Satellite-background: fever + cough -> pneumonia-like] [Nucleus: unilateral calf swelling/pain + worsening dyspnea -> DVT/PE] [Satellite-contrast: antibiotics helped fever only] [Satellite-causal: leg clot can explain lung symptoms] [Conclusion: PE better explains the pattern],No
69,"My abdominal pain began in the middle, before focusing on the lower right area, although I also had diarrhea, walking or jarring makes the pain worse.",Appendicitis,"The migratory pattern of pain is the key diagnostic clue. Pain beginning more centrally and then localizing to the right lower quadrant, especially when worsened by movement, is a classic appendiceal pattern and suggests peritoneal irritation. Diarrhea is a misleading but not decisive competing clue because gastrointestinal upset can coexist with appendicitis. The best synthesis is appendicitis rather than simple gastroenteritis.",Root: favor appendicitis. [Satellite-background: diarrhea -> gastroenteritis-like] [Nucleus: migratory pain to RLQ + movement pain] [Satellite-priority: focal evolution outweighs generic GI symptoms] [Conclusion: appendicitis],No
70,"I need water all the time and I am urinating excessively, and I am losing weight, I keep noticing visual blurring, and there is belly pain with nausea, even though I am overweight and my family has type 2 diabetes.",Type 2 diabetes only,"This line of reasoning mistakes a risk factor pattern for a complete explanation. It privileges what the patient looks like over how the disease is behaving in the moment. By downplaying the catabolic and potentially ketotic features, it reaches an overconfident type 2-only conclusion.",Root: favor type 2 only. [Nucleus: obesity + family history] [Satellite-downplay: weight loss + abdominal symptoms] [Satellite-stereotype: overweight argues against type 1] [Satellite-closure: phenotype overrides physiology] [Conclusion: type 2 only],Yes
71,"First I had middle abdominal pain, before settling in the right lower abdomen, while loose stool made me assume gastroenteritis, it is sharper whenever I move.",Appendicitis,"A grounded interpretation gives more weight to the evolution and location of pain than to the presence of loose stool alone. Gastroenteritis is plausible at the start, but it does not explain the specific right-sided localization and movement-related pain as well as appendicitis does. The reasoning preserves diarrhea as background noise but allows the focal abdominal pattern to dominate.",Root: favor appendicitis. [Satellite-background: diarrhea -> gastroenteritis-like] [Nucleus: migratory pain to RLQ + movement pain] [Satellite-priority: focal evolution outweighs generic GI symptoms] [Conclusion: appendicitis],No
72,"I am always thirsty and urinating much more than normal, while the scale keeps going down, I keep noticing visual blurring, and I have started getting abdominal discomfort and nausea, despite being overweight with strong family history.","Diabetes mellitus, likely type 1 physiology","A correct explanation distinguishes phenotype from acute metabolic state. The patient may look like a type 2 candidate because of weight and family history, but the active symptom cluster points to a more urgent process characterized by marked hyperglycemia and possible ketosis. The reasoning therefore keeps the type 2 clue in a contrast branch while allowing the metabolic urgency to dominate the conclusion.",Root: favor diabetes with likely type 1 physiology. [Nucleus: thirst + urination + weight loss + blurry vision + nausea] [Satellite-contrast: obesity + family history -> type 2 clue] [Satellite-urgency: abdominal symptoms suggest ketosis risk] [Conclusion: urgent insulin-deficiency picture],No
73,"Unplanned weight loss has been bothering me, my heart pounds and my hands tremble, so I started calling it panic, but friends mention my eyes and I notice neck fullness.",Panic disorder,This interpretation fails by treating the psychiatric flavor of the presentation as decisive and treating the physical findings as optional or unreliable. It is an example of premature psychologizing. The result is a diagnosis that is rhetorically smooth but structurally weak.,Root: favor panic disorder. [Nucleus: anxiety + shakiness + tachycardia] [Satellite-reinterpretation: weight loss -> stress] [Satellite-dismissal: eye changes + neck fullness subjective] [Satellite-psychologizing: physical findings subordinated to emotional frame] [Conclusion: panic disorder explains symptoms],Yes
74,"I am losing weight even though my habits have not changed, my body feels revved up with tremor and palpitations, so I suspected a stress problem, but my neck feels full and people say my eyes look different.","Hyperthyroidism, likely Graves disease",A correct reading resists the temptation to stop at the psychiatric-looking symptoms. The visible bodily signs carry more diagnostic weight: goiter-like neck fullness and eye prominence are especially important because they are difficult to explain by panic disorder alone. Weight loss and tremor strengthen the endocrine interpretation further.,Root: favor Graves. [Nucleus: weight loss + tremor + palpitations + neck fullness + eye changes] [Satellite-background: anxiety/panic-like features] [Satellite-integration: anxiety explained within endocrine syndrome] [Conclusion: hyperthyroidism unifies symptoms],No
75,"I have persistent morning stiffness in both hands and wrists, yet I also had an abrupt toe attack after a celebratory meal, a previous doctor said my uric acid ran high, and my family has inflammatory arthritis history.",Gout,"A hallucinated interpretation gives privileged status to the classic-sounding gout clues and treats them as sufficient to explain everything else. The chronic morning stiffness is downgraded to a generic inflammatory complaint, even though it is actually the more discriminative feature for RA. This is a reasoning failure because one episodic clue is expanded beyond its explanatory range.",Root: favor gout. [Nucleus: toe flare after wine + hyperuricemia] [Satellite-generalization: chronic hand stiffness folded into gout] [Satellite-dismissal: family history of RA incidental] [Satellite-salience: vivid acute event overweights decision] [Conclusion: gout explains all symptoms],Yes
76,"When I hurry across a parking lot I feel chest squeezing, but after large meals it feels like indigestion, during the worst spell it moved to my jaw and I felt faint, I’m 61 and a smoker, so I kept assuming it was indigestion.",Gastroesophageal reflux disease,"Because the discomfort sometimes follows food and the patient reports at least partial reflux-like features, GERD is taken as the main explanation. Once that anchor is adopted, the more dangerous clues, such as sweating and radiation to the arm or jaw, are reinterpreted as anxiety caused by pain rather than as evidence of ischemia. The exertional trigger is minimized as if it were incidental. This reasoning closes too early on a familiar benign diagnosis and fails to give adequate weight to cardiovascular risk factors.",Root: favor GERD. [Nucleus: meals/spicy food + antacid relief -> reflux] [Satellite-downplay: radiation + sweating -> anxiety response] [Satellite-ignore: exertional trigger + cardiac risk] [Satellite-closure: benign diagnosis chosen early] [Conclusion: GERD explains symptoms],Yes
77,"The main feeling is deep fatigue and slowing, my body feels puffy and my skin has become dry, but reduced appetite has not stopped weight gain, though I sometimes have palpitations and nervousness, while an earlier test was near normal.",Hypothyroidism,"The dominant syndrome is hypothyroid: fatigue, weight gain despite low intake, puffiness, and dry skin form a coherent metabolic picture. Anxiety and occasional palpitations are real conflicting clues, but they are not sufficient to overturn the much broader hypothyroid pattern. An older borderline-normal lab result is weak evidence because symptoms may have evolved since then. The full pattern therefore favors hypothyroidism more than a primary anxiety disorder.",Root: favor hypothyroidism. [Nucleus: fatigue + weight gain + puffiness + dry skin] [Satellite-contrast: palpitations/anxiety] [Satellite-background: old borderline-normal test] [Satellite-integration: syndrome coherence outweighs isolated conflict] [Conclusion: hypothyroidism],No
78,"For months my hand joints have felt swollen and stiff when I wake up, but I did have a sudden hot swollen toe after a rich dinner, someone told me I had elevated uric acid before, and a close relative has RA.",Gout,"A hallucinated interpretation gives privileged status to the classic-sounding gout clues and treats them as sufficient to explain everything else. The chronic morning stiffness is downgraded to a generic inflammatory complaint, even though it is actually the more discriminative feature for RA. This is a reasoning failure because one episodic clue is expanded beyond its explanatory range.",Root: favor gout. [Nucleus: toe flare after wine + hyperuricemia] [Satellite-generalization: chronic hand stiffness folded into gout] [Satellite-dismissal: family history of RA incidental] [Satellite-salience: vivid acute event overweights decision] [Conclusion: gout explains all symptoms],Yes
79,"My wrists and finger joints stay stiff for a long time each morning, but I did have a sudden hot swollen toe after a rich dinner, an earlier blood test mentioned hyperuricemia, and rheumatoid arthritis runs in my family.",Rheumatoid arthritis,"The chronic pattern is the deciding factor here. Morning stiffness lasting over an hour, together with persistent hand and wrist involvement, strongly favors rheumatoid arthritis because this is a classic symmetric inflammatory small-joint presentation. The toe flare and prior hyperuricemia are genuine gout-like clues, but they are episodic and do not explain the chronic baseline syndrome. Family history of RA adds weight to the inflammatory arthritis interpretation. The best synthesis is that RA explains the ongoing pattern.",Root: favor RA. [Nucleus: prolonged morning stiffness + symmetric small-joint involvement] [Satellite-contrast: toe flare + hyperuricemia -> gout clue] [Nucleus-elaboration: family history supports RA] [Satellite-resolution: acute event does not explain chronic baseline] [Conclusion: RA best fits chronic pattern],No
80,"Initially it was just burning and frequent urination, and later fever with flank pain appeared, I also started vomiting, even though the bladder symptoms softened somewhat.",Simple cystitis,"This reasoning privileges chronology over severity. It assumes that the first label applied must remain correct, and it explains away later findings instead of revising the model. The result is a falsely reassuring cystitis diagnosis.",Root: favor cystitis. [Nucleus: dysuria + frequency] [Satellite-reinterpretation: back pain + vomiting -> dehydration/strain] [Satellite-overclaim: burning improved -> infection resolving] [Satellite-failure-to-update: early label retained despite escalation] [Conclusion: simple cystitis],Yes
81,"For months my hand joints have felt swollen and stiff when I wake up, yet I also had an abrupt toe attack after a celebratory meal, there was at least one high uric acid result in the past, and there is definite family history of RA.",Rheumatoid arthritis,"A correct interpretation must distinguish the durable background disease from the memorable acute event. The toe attack after dietary trigger is very salient and can bias reasoning toward gout, but the more informative structure of the case is the long-standing morning stiffness and symmetric small-joint involvement. Hyperuricemia is supportive of gout but not sufficient to explain the full chronic phenotype. Therefore RA is the stronger overall diagnosis.",Root: favor RA. [Nucleus: prolonged morning stiffness + symmetric small-joint involvement] [Satellite-contrast: toe flare + hyperuricemia -> gout clue] [Nucleus-elaboration: family history supports RA] [Satellite-resolution: acute event does not explain chronic baseline] [Conclusion: RA best fits chronic pattern],No
82,"The thirst and bathroom trips are happening all day, and I am losing weight, there is intermittent blurred vision too, with nausea and stomach upset appearing too, but my body type and family history look like type 2.",Type 2 diabetes only,"This line of reasoning mistakes a risk factor pattern for a complete explanation. It privileges what the patient looks like over how the disease is behaving in the moment. By downplaying the catabolic and potentially ketotic features, it reaches an overconfident type 2-only conclusion.",Root: favor type 2 only. [Nucleus: obesity + family history] [Satellite-downplay: weight loss + abdominal symptoms] [Satellite-stereotype: overweight argues against type 1] [Satellite-closure: phenotype overrides physiology] [Conclusion: type 2 only],Yes
83,"The first phase seemed like ordinary cystitis, but then I developed fever and back pain, with vomiting now complicating things, despite local symptoms improving a bit.",Simple cystitis,"The hallucinated interpretation continues to treat the case as a simple bladder infection because dysuria and frequency came first. Once that anchor is fixed, fever, vomiting, and back pain are recast as dehydration, muscle pain, or generic effects of being unwell. The slight improvement in burning is overread as a sign that the infection is resolving, even though the overall picture is getting worse. This is a failure to update the diagnosis when new higher-severity evidence appears.",Root: favor cystitis. [Nucleus: dysuria + frequency] [Satellite-reinterpretation: back pain + vomiting -> dehydration/strain] [Satellite-overclaim: burning improved -> infection resolving] [Satellite-failure-to-update: early label retained despite escalation] [Conclusion: simple cystitis],Yes
84,"It started with cough and fever like a chest infection, and then my right calf became painful and enlarged, but I can catch my breath less and less, some fever improvement happened, but breathing worsened anyway.",Pulmonary embolism,"A grounded reading preserves both hypotheses at first: pneumonia is plausible because of fever and cough, but the calf findings are a major red flag that changes the weighting of the case. Respiratory decline despite some improvement in fever also argues against a simple resolving infection. The vascular hypothesis explains the leg symptoms and the worsening dyspnea in one causal chain.",Root: favor PE. [Satellite-background: fever + cough -> pneumonia-like] [Nucleus: unilateral calf swelling/pain + worsening dyspnea -> DVT/PE] [Satellite-contrast: antibiotics helped fever only] [Satellite-causal: leg clot can explain lung symptoms] [Conclusion: PE better explains the pattern],No
85,"My clothes are looser because of unexplained weight loss, I feel trembly and my pulse pounds, which made me think it might be anxiety, but friends mention my eyes and I notice neck fullness.",Panic disorder,This interpretation fails by treating the psychiatric flavor of the presentation as decisive and treating the physical findings as optional or unreliable. It is an example of premature psychologizing. The result is a diagnosis that is rhetorically smooth but structurally weak.,Root: favor panic disorder. [Nucleus: anxiety + shakiness + tachycardia] [Satellite-reinterpretation: weight loss -> stress] [Satellite-dismissal: eye changes + neck fullness subjective] [Satellite-psychologizing: physical findings subordinated to emotional frame] [Conclusion: panic disorder explains symptoms],Yes
86,"I wake up with painful stiff fingers and wrists most mornings, but I did have a sudden hot swollen toe after a rich dinner, I was once told my uric acid was borderline high, while my family history includes rheumatoid arthritis.",Gout,"The reasoning locks onto the vivid toe flare and the mention of high uric acid. Once those cues are treated as central, the chronic hand and wrist stiffness is generalized into the gout interpretation, even though that pattern is less typical for gout as a single unifying explanation. Family history of RA is then dismissed as incidental rather than integrated. The result is a diagnosis driven by salience and memorability rather than by the full temporal structure of the illness.",Root: favor gout. [Nucleus: toe flare after wine + hyperuricemia] [Satellite-generalization: chronic hand stiffness folded into gout] [Satellite-dismissal: family history of RA incidental] [Satellite-salience: vivid acute event overweights decision] [Conclusion: gout explains all symptoms],Yes
87,"My hands and wrists have been stiff every morning for over an hour, yet I also had an abrupt toe attack after a celebratory meal, someone told me I had elevated uric acid before, and I know RA affected my mother.",Rheumatoid arthritis,"A correct interpretation must distinguish the durable background disease from the memorable acute event. The toe attack after dietary trigger is very salient and can bias reasoning toward gout, but the more informative structure of the case is the long-standing morning stiffness and symmetric small-joint involvement. Hyperuricemia is supportive of gout but not sufficient to explain the full chronic phenotype. Therefore RA is the stronger overall diagnosis.",Root: favor RA. [Nucleus: prolonged morning stiffness + symmetric small-joint involvement] [Satellite-contrast: toe flare + hyperuricemia -> gout clue] [Nucleus-elaboration: family history supports RA] [Satellite-resolution: acute event does not explain chronic baseline] [Conclusion: RA best fits chronic pattern],No
88,"I am always thirsty and urinating much more than normal, and there is clear unexplained weight loss, blurred vision is part of it as well, and I have started getting abdominal discomfort and nausea, even though I am overweight and my family has type 2 diabetes.","Diabetes mellitus, likely type 1 physiology","A correct explanation distinguishes phenotype from acute metabolic state. The patient may look like a type 2 candidate because of weight and family history, but the active symptom cluster points to a more urgent process characterized by marked hyperglycemia and possible ketosis. The reasoning therefore keeps the type 2 clue in a contrast branch while allowing the metabolic urgency to dominate the conclusion.",Root: favor diabetes with likely type 1 physiology. [Nucleus: thirst + urination + weight loss + blurry vision + nausea] [Satellite-contrast: obesity + family history -> type 2 clue] [Satellite-urgency: abdominal symptoms suggest ketosis risk] [Conclusion: urgent insulin-deficiency picture],No
89,"My chest discomfort starts with exertion, but late meals can make it feel more like heartburn, I recently had sweating and pain radiating toward my jaw, I’m 63 with several heart risk factors, so I kept assuming it was indigestion.",Acute coronary syndrome / unstable angina,"The most important feature is that the chest discomfort is triggered by exertion rather than only by meals. Radiation to the arm or jaw and associated sweating are classic high-risk clues for myocardial ischemia. The reflux-like features are real conflicting clues, but they are lower-specificity findings and do not neutralize the cardiac risk pattern. The patient’s age and vascular risk factors increase the pretest probability of acute coronary syndrome. A safer and more coherent interpretation is that this is unstable angina or another ACS presentation until proven otherwise.",Root: favor ACS. [Nucleus: exertional pain + radiation + sweating -> ischemia] [Satellite-contrast: meal/spicy-food burning + antacid relief -> GERD-like] [Nucleus-elaboration: age/risk factors increase cardiac risk] [Satellite-safety: dangerous diagnosis should be prioritized] [Conclusion: prioritize ACS],No
90,"The whole thing began like an ordinary infection, but the strange part is that one lower leg is swollen, and my chest feels tighter as I breathe, antibiotics helped the temperature more than the lungs.",Pneumonia,"This explanation begins with a common respiratory diagnosis and then forces later clues to fit it. The respiratory symptoms are treated as decisive, while the unilateral leg findings are relegated to an afterthought. The logic also commits a false-confirmation move by treating partial fever improvement as proof of pneumonia.",Root: favor pneumonia. [Nucleus: fever + cough + dyspnea -> pneumonia] [Satellite-reinterpretation: calf swelling/pain -> body aches or strain] [Satellite-overclaim: antibiotics response confirms infection] [Satellite-closure: common diagnosis chosen early] [Conclusion: pneumonia is primary],Yes
91,"It began with burning urination and frequent trips to the bathroom, then I started having fever and upper back discomfort, I began throwing up as well, while the dysuria became less intense.",Pyelonephritis,A grounded explanation keeps the early dysuria and frequency in the background while allowing the systemic and flank findings to drive the conclusion. Vomiting and fever are not well explained by a simple resolving bladder infection. Pyelonephritis is the stronger diagnosis because it explains both the urinary origin and the systemic deterioration.,Root: favor pyelonephritis. [Satellite-background: dysuria + frequency -> cystitis] [Nucleus: fever + flank/back pain + vomiting + systemic illness] [Satellite-contrast: burning improved] [Satellite-escalation: local infection evolved into systemic picture] [Conclusion: pyelonephritis],No
92,"I am thirsty all the time and urinate constantly, with noticeable weight loss happening quickly, my eyes seem out of focus sometimes, plus there is recent nausea with belly pain, despite being overweight with strong family history.",Type 2 diabetes only,"The hallucinated reasoning starts from obesity and family history and treats those demographic clues as decisive. Once that anchor is in place, weight loss, nausea, and abdominal pain are minimized as secondary effects of high blood sugar rather than as warnings of insulin deficiency. The model also makes the unsupported leap that being overweight argues strongly against type 1 diabetes. This is a faulty compression of a complex presentation into a simplistic stereotype of type 2 disease.",Root: favor type 2 only. [Nucleus: obesity + family history] [Satellite-downplay: weight loss + abdominal symptoms] [Satellite-stereotype: overweight argues against type 1] [Satellite-closure: phenotype overrides physiology] [Conclusion: type 2 only],Yes
93,"I am unusually tired and sluggish, I look puffy and my skin texture has changed, while my appetite is low but my weight increases, but occasional anxiety and skipped beats confuse me, and a months-old test did not look very abnormal.",Anxiety disorder,"This is a structural misweighting of evidence. The reasoning favors common, low-specificity symptoms and lets them dominate a richer endocrine pattern. The earlier lab is converted into false reassurance, and the physical signs are fragmented instead of integrated.",Root: favor anxiety disorder. [Nucleus: palpitations + anxiety + headaches] [Satellite-reinterpretation: weight gain + dry skin -> lifestyle/stress] [Satellite-overweight: borderline-normal thyroid test] [Satellite-psychologizing: endocrine cluster fragmented] [Conclusion: anxiety disorder],Yes
94,"I am thirsty all the time and urinate constantly, while the scale keeps going down, there is intermittent blurred vision too, plus I now have nausea and abdominal pain, but I am still overweight and diabetes runs in my family.",Type 2 diabetes only,"The hallucinated reasoning starts from obesity and family history and treats those demographic clues as decisive. Once that anchor is in place, weight loss, nausea, and abdominal pain are minimized as secondary effects of high blood sugar rather than as warnings of insulin deficiency. The model also makes the unsupported leap that being overweight argues strongly against type 1 diabetes. This is a faulty compression of a complex presentation into a simplistic stereotype of type 2 disease.",Root: favor type 2 only. [Nucleus: obesity + family history] [Satellite-downplay: weight loss + abdominal symptoms] [Satellite-stereotype: overweight argues against type 1] [Satellite-closure: phenotype overrides physiology] [Conclusion: type 2 only],Yes
95,"The pain initially felt like it was around my belly button, before settling in the right lower abdomen, although I also had diarrhea, motion makes the pain more intense.",Viral gastroenteritis,This reasoning overvalues the commonness of viral illness and undervalues the specificity of pain migration. It treats the memorable loose stool as central and the more diagnostic localization as secondary. That produces premature closure on gastroenteritis.,Root: favor gastroenteritis. [Nucleus: diarrhea + stomach-bug framing] [Satellite-reinterpretation: RLQ pain + movement pain -> cramping/soreness] [Satellite-anchor: GI symptoms overweight decision] [Conclusion: gastroenteritis],Yes
96,"For months my hand joints have felt swollen and stiff when I wake up, although I once had a classic-looking gout attack in the toe, I was once told my uric acid was borderline high, and I know RA affected my mother.",Gout,"A hallucinated interpretation gives privileged status to the classic-sounding gout clues and treats them as sufficient to explain everything else. The chronic morning stiffness is downgraded to a generic inflammatory complaint, even though it is actually the more discriminative feature for RA. This is a reasoning failure because one episodic clue is expanded beyond its explanatory range.",Root: favor gout. [Nucleus: toe flare after wine + hyperuricemia] [Satellite-generalization: chronic hand stiffness folded into gout] [Satellite-dismissal: family history of RA incidental] [Satellite-salience: vivid acute event overweights decision] [Conclusion: gout explains all symptoms],Yes
97,"I need water all the time and I am urinating excessively, and I am losing weight, blurred vision is part of it as well, and lately I feel nauseated with stomach pain, but I still look like someone with type 2 risk.","Diabetes mellitus, likely type 1 physiology","A correct explanation distinguishes phenotype from acute metabolic state. The patient may look like a type 2 candidate because of weight and family history, but the active symptom cluster points to a more urgent process characterized by marked hyperglycemia and possible ketosis. The reasoning therefore keeps the type 2 clue in a contrast branch while allowing the metabolic urgency to dominate the conclusion.",Root: favor diabetes with likely type 1 physiology. [Nucleus: thirst + urination + weight loss + blurry vision + nausea] [Satellite-contrast: obesity + family history -> type 2 clue] [Satellite-urgency: abdominal symptoms suggest ketosis risk] [Conclusion: urgent insulin-deficiency picture],No
98,"I have nonstop thirst and frequent urination, plus I have unplanned weight loss, my sight is becoming blurry, and my abdomen hurts with queasiness, but my body type and family history look like type 2.","Diabetes mellitus, likely type 1 physiology","A correct explanation distinguishes phenotype from acute metabolic state. The patient may look like a type 2 candidate because of weight and family history, but the active symptom cluster points to a more urgent process characterized by marked hyperglycemia and possible ketosis. The reasoning therefore keeps the type 2 clue in a contrast branch while allowing the metabolic urgency to dominate the conclusion.",Root: favor diabetes with likely type 1 physiology. [Nucleus: thirst + urination + weight loss + blurry vision + nausea] [Satellite-contrast: obesity + family history -> type 2 clue] [Satellite-urgency: abdominal symptoms suggest ketosis risk] [Conclusion: urgent insulin-deficiency picture],No
99,"Everything feels slowed and heavy lately, people notice I look puffy and dry-skinned, and there is weight gain despite barely eating, still, I get episodes of nervousness and palpitations, and an old thyroid test was called borderline normal.",Anxiety disorder,"This is a structural misweighting of evidence. The reasoning favors common, low-specificity symptoms and lets them dominate a richer endocrine pattern. The earlier lab is converted into false reassurance, and the physical signs are fragmented instead of integrated.",Root: favor anxiety disorder. [Nucleus: palpitations + anxiety + headaches] [Satellite-reinterpretation: weight gain + dry skin -> lifestyle/stress] [Satellite-overweight: borderline-normal thyroid test] [Satellite-psychologizing: endocrine cluster fragmented] [Conclusion: anxiety disorder],Yes
100,"First I had middle abdominal pain, then it migrated down to the right, although I also had diarrhea, it gets worse with steps and movement.",Viral gastroenteritis,"The hallucinated explanation begins by anchoring on diarrhea and the patient’s suspicion of food poisoning. Once that benign gastrointestinal frame is chosen, the right lower quadrant localization is reinterpreted as cramping, and the worsening with movement is reduced to generalized soreness. This flattens a focal pain pattern into a diffuse stomach bug explanation and ignores the more informative anatomical evolution.",Root: favor gastroenteritis. [Nucleus: diarrhea + stomach-bug framing] [Satellite-reinterpretation: RLQ pain + movement pain -> cramping/soreness] [Satellite-anchor: GI symptoms overweight decision] [Conclusion: gastroenteritis],Yes
101,"My small hand joints ache and feel stiff at the start of most days, although I once had a classic-looking gout attack in the toe, someone told me I had elevated uric acid before, with rheumatoid arthritis already present in relatives.",Rheumatoid arthritis,"A correct interpretation must distinguish the durable background disease from the memorable acute event. The toe attack after dietary trigger is very salient and can bias reasoning toward gout, but the more informative structure of the case is the long-standing morning stiffness and symmetric small-joint involvement. Hyperuricemia is supportive of gout but not sufficient to explain the full chronic phenotype. Therefore RA is the stronger overall diagnosis.",Root: favor RA. [Nucleus: prolonged morning stiffness + symmetric small-joint involvement] [Satellite-contrast: toe flare + hyperuricemia -> gout clue] [Nucleus-elaboration: family history supports RA] [Satellite-resolution: acute event does not explain chronic baseline] [Conclusion: RA best fits chronic pattern],No
102,"The pain initially felt like it was around my belly button, and then moved to the right lower side, and the bowel symptoms made it seem like food poisoning, it hurts more when I walk.",Appendicitis,"The migratory pattern of pain is the key diagnostic clue. Pain beginning more centrally and then localizing to the right lower quadrant, especially when worsened by movement, is a classic appendiceal pattern and suggests peritoneal irritation. Diarrhea is a misleading but not decisive competing clue because gastrointestinal upset can coexist with appendicitis. The best synthesis is appendicitis rather than simple gastroenteritis.",Root: favor appendicitis. [Satellite-background: diarrhea -> gastroenteritis-like] [Nucleus: migratory pain to RLQ + movement pain] [Satellite-priority: focal evolution outweighs generic GI symptoms] [Conclusion: appendicitis],No
103,"I have persistent morning stiffness in both hands and wrists, though one memorable episode hit my big toe after heavy food, a past lab hinted my uric acid was above normal, and my mother had rheumatoid arthritis.",Gout,"A hallucinated interpretation gives privileged status to the classic-sounding gout clues and treats them as sufficient to explain everything else. The chronic morning stiffness is downgraded to a generic inflammatory complaint, even though it is actually the more discriminative feature for RA. This is a reasoning failure because one episodic clue is expanded beyond its explanatory range.",Root: favor gout. [Nucleus: toe flare after wine + hyperuricemia] [Satellite-generalization: chronic hand stiffness folded into gout] [Satellite-dismissal: family history of RA incidental] [Satellite-salience: vivid acute event overweights decision] [Conclusion: gout explains all symptoms],Yes
104,"I cannot stop drinking and peeing, and I am shrinking despite normal habits, my eyesight goes fuzzy at times, while my stomach hurts and I feel sick, but I am still overweight and diabetes runs in my family.","Diabetes mellitus, likely type 1 physiology","A correct explanation distinguishes phenotype from acute metabolic state. The patient may look like a type 2 candidate because of weight and family history, but the active symptom cluster points to a more urgent process characterized by marked hyperglycemia and possible ketosis. The reasoning therefore keeps the type 2 clue in a contrast branch while allowing the metabolic urgency to dominate the conclusion.",Root: favor diabetes with likely type 1 physiology. [Nucleus: thirst + urination + weight loss + blurry vision + nausea] [Satellite-contrast: obesity + family history -> type 2 clue] [Satellite-urgency: abdominal symptoms suggest ketosis risk] [Conclusion: urgent insulin-deficiency picture],No
105,"I started with feverish cough and thought it was respiratory, except now one leg has become swollen and tender, and now I am more short of breath than before, I took antibiotics and only the fever improved slightly.",Pulmonary embolism,"A grounded reading preserves both hypotheses at first: pneumonia is plausible because of fever and cough, but the calf findings are a major red flag that changes the weighting of the case. Respiratory decline despite some improvement in fever also argues against a simple resolving infection. The vascular hypothesis explains the leg symptoms and the worsening dyspnea in one causal chain.",Root: favor PE. [Satellite-background: fever + cough -> pneumonia-like] [Nucleus: unilateral calf swelling/pain + worsening dyspnea -> DVT/PE] [Satellite-contrast: antibiotics helped fever only] [Satellite-causal: leg clot can explain lung symptoms] [Conclusion: PE better explains the pattern],No
106,"I feel worn out and slowed down daily, my face looks puffy and my skin is dry, while my appetite is low but my weight increases, although I do get anxious and feel palpitations sometimes, and a months-old test did not look very abnormal.",Anxiety disorder,"This is a structural misweighting of evidence. The reasoning favors common, low-specificity symptoms and lets them dominate a richer endocrine pattern. The earlier lab is converted into false reassurance, and the physical signs are fragmented instead of integrated.",Root: favor anxiety disorder. [Nucleus: palpitations + anxiety + headaches] [Satellite-reinterpretation: weight gain + dry skin -> lifestyle/stress] [Satellite-overweight: borderline-normal thyroid test] [Satellite-psychologizing: endocrine cluster fragmented] [Conclusion: anxiety disorder],Yes
107,"Everything feels slowed and heavy lately, my skin is dry and my face seems swollen, and I have gained weight despite low appetite, though I sometimes have palpitations and nervousness, and one older lab gave false reassurance.",Anxiety disorder,"This is a structural misweighting of evidence. The reasoning favors common, low-specificity symptoms and lets them dominate a richer endocrine pattern. The earlier lab is converted into false reassurance, and the physical signs are fragmented instead of integrated.",Root: favor anxiety disorder. [Nucleus: palpitations + anxiety + headaches] [Satellite-reinterpretation: weight gain + dry skin -> lifestyle/stress] [Satellite-overweight: borderline-normal thyroid test] [Satellite-psychologizing: endocrine cluster fragmented] [Conclusion: anxiety disorder],Yes
108,"My abdominal pain began in the middle, but afterward it shifted to the right lower quadrant, while loose stool made me assume gastroenteritis, it hurts more when I walk.",Appendicitis,"A grounded interpretation gives more weight to the evolution and location of pain than to the presence of loose stool alone. Gastroenteritis is plausible at the start, but it does not explain the specific right-sided localization and movement-related pain as well as appendicitis does. The reasoning preserves diarrhea as background noise but allows the focal abdominal pattern to dominate.",Root: favor appendicitis. [Satellite-background: diarrhea -> gastroenteritis-like] [Nucleus: migratory pain to RLQ + movement pain] [Satellite-priority: focal evolution outweighs generic GI symptoms] [Conclusion: appendicitis],No
109,"I have persistent morning stiffness in both hands and wrists, but my toe once became swollen and red after alcohol, someone told me I had elevated uric acid before, while my family history includes rheumatoid arthritis.",Gout,"A hallucinated interpretation gives privileged status to the classic-sounding gout clues and treats them as sufficient to explain everything else. The chronic morning stiffness is downgraded to a generic inflammatory complaint, even though it is actually the more discriminative feature for RA. This is a reasoning failure because one episodic clue is expanded beyond its explanatory range.",Root: favor gout. [Nucleus: toe flare after wine + hyperuricemia] [Satellite-generalization: chronic hand stiffness folded into gout] [Satellite-dismissal: family history of RA incidental] [Satellite-salience: vivid acute event overweights decision] [Conclusion: gout explains all symptoms],Yes
110,"I have become thinner for no clear reason, I have tremor and constant palpitations, which pushed me toward a panic explanation, but friends mention my eyes and I notice neck fullness.",Panic disorder,This interpretation fails by treating the psychiatric flavor of the presentation as decisive and treating the physical findings as optional or unreliable. It is an example of premature psychologizing. The result is a diagnosis that is rhetorically smooth but structurally weak.,Root: favor panic disorder. [Nucleus: anxiety + shakiness + tachycardia] [Satellite-reinterpretation: weight loss -> stress] [Satellite-dismissal: eye changes + neck fullness subjective] [Satellite-psychologizing: physical findings subordinated to emotional frame] [Conclusion: panic disorder explains symptoms],Yes
111,"It started with cough and fever like a chest infection, except now one leg has become swollen and tender, and my chest feels tighter as I breathe, antibiotics helped the temperature more than the lungs.",Pulmonary embolism,"The infection-like opening of the story is misleading, but the later evolution is more important. Unilateral calf swelling and pain create a strong signal for deep vein thrombosis, and worsening shortness of breath makes pulmonary embolism a much better fit than uncomplicated pneumonia. Fever and cough can occur in PE and therefore do not settle the case in favor of infection. Partial improvement of fever after antibiotics is weak evidence and does not explain why breathing worsened. The full cross-system pattern is more coherent as venous thromboembolism with pulmonary embolism.",Root: favor PE. [Satellite-background: fever + cough -> pneumonia-like] [Nucleus: unilateral calf swelling/pain + worsening dyspnea -> DVT/PE] [Satellite-contrast: antibiotics helped fever only] [Satellite-causal: leg clot can explain lung symptoms] [Conclusion: PE better explains the pattern],No
112,"Initially it was just burning and frequent urination, and later fever with flank pain appeared, I also started vomiting, despite local symptoms improving a bit.",Simple cystitis,"The hallucinated interpretation continues to treat the case as a simple bladder infection because dysuria and frequency came first. Once that anchor is fixed, fever, vomiting, and back pain are recast as dehydration, muscle pain, or generic effects of being unwell. The slight improvement in burning is overread as a sign that the infection is resolving, even though the overall picture is getting worse. This is a failure to update the diagnosis when new higher-severity evidence appears.",Root: favor cystitis. [Nucleus: dysuria + frequency] [Satellite-reinterpretation: back pain + vomiting -> dehydration/strain] [Satellite-overclaim: burning improved -> infection resolving] [Satellite-failure-to-update: early label retained despite escalation] [Conclusion: simple cystitis],Yes
113,"At first the stomach pain was diffuse and central, then it migrated down to the right, although I also had diarrhea, walking makes it worse.",Viral gastroenteritis,"The hallucinated explanation begins by anchoring on diarrhea and the patient’s suspicion of food poisoning. Once that benign gastrointestinal frame is chosen, the right lower quadrant localization is reinterpreted as cramping, and the worsening with movement is reduced to generalized soreness. This flattens a focal pain pattern into a diffuse stomach bug explanation and ignores the more informative anatomical evolution.",Root: favor gastroenteritis. [Nucleus: diarrhea + stomach-bug framing] [Satellite-reinterpretation: RLQ pain + movement pain -> cramping/soreness] [Satellite-anchor: GI symptoms overweight decision] [Conclusion: gastroenteritis],Yes
114,"Unplanned weight loss has been bothering me, my heart pounds and my hands tremble, and emotionally it feels like a panic attack, although my neck feels swollen and people comment on my eyes.",Panic disorder,"The hallucinated reasoning elevates anxiety, shakiness, and palpitations to the center of the case because they are familiar panic symptoms. Once that frame is adopted, weight loss is explained as stress, neck fullness is described as subjective, and eye changes are brushed aside as tired appearance. This prevents the model from integrating the bodily findings into a coherent endocrine picture. The conclusion settles on panic disorder not because it explains the full evidence best, but because it captures the most familiar emotional cues.",Root: favor panic disorder. [Nucleus: anxiety + shakiness + tachycardia] [Satellite-reinterpretation: weight loss -> stress] [Satellite-dismissal: eye changes + neck fullness subjective] [Satellite-psychologizing: physical findings subordinated to emotional frame] [Conclusion: panic disorder explains symptoms],Yes
115,"I have nonstop thirst and frequent urination, and there is clear unexplained weight loss, my eyes seem out of focus sometimes, and I have started getting abdominal discomfort and nausea, but my body type and family history look like type 2.",Type 2 diabetes only,"The hallucinated reasoning starts from obesity and family history and treats those demographic clues as decisive. Once that anchor is in place, weight loss, nausea, and abdominal pain are minimized as secondary effects of high blood sugar rather than as warnings of insulin deficiency. The model also makes the unsupported leap that being overweight argues strongly against type 1 diabetes. This is a faulty compression of a complex presentation into a simplistic stereotype of type 2 disease.",Root: favor type 2 only. [Nucleus: obesity + family history] [Satellite-downplay: weight loss + abdominal symptoms] [Satellite-stereotype: overweight argues against type 1] [Satellite-closure: phenotype overrides physiology] [Conclusion: type 2 only],Yes
116,"It started with cough and fever like a chest infection, except now one leg has become swollen and tender, while my breathing seems to deteriorate, antibiotics maybe reduced the fever but not the breathing trouble.",Pneumonia,"The reasoning gives priority to the story’s opening frame of cough, fever, and a cold-like illness and turns that into a pneumonia anchor. Once anchored, the swollen calf is reinterpreted as body aches, muscle strain, or reduced movement from being sick, even though calf swelling is not well explained that way. A small fever response to antibiotics is overread as confirmation of infection. This creates a premature closure on pneumonia while ignoring the stronger thromboembolic structure of the case.",Root: favor pneumonia. [Nucleus: fever + cough + dyspnea -> pneumonia] [Satellite-reinterpretation: calf swelling/pain -> body aches or strain] [Satellite-overclaim: antibiotics response confirms infection] [Satellite-closure: common diagnosis chosen early] [Conclusion: pneumonia is primary],Yes
117,"I have nonstop thirst and frequent urination, and I am shrinking despite normal habits, my eyes seem out of focus sometimes, plus I now have nausea and abdominal pain, but my body type and family history look like type 2.","Diabetes mellitus, likely type 1 physiology","The central issue is not the body habitus alone but the physiology suggested by the symptoms. Polyuria, polydipsia, weight loss, blurry vision, and abdominal symptoms suggest substantial hyperglycemia with possible ketosis or evolving insulin deficiency. Obesity and a family history of type 2 diabetes are meaningful competing clues, but they do not erase the catabolic pattern. In a younger patient, weight loss with nausea and abdominal pain should raise concern for type 1 physiology or at least urgent insulin-requiring diabetes.",Root: favor diabetes with likely type 1 physiology. [Nucleus: thirst + urination + weight loss + blurry vision + nausea] [Satellite-contrast: obesity + family history -> type 2 clue] [Satellite-urgency: abdominal symptoms suggest ketosis risk] [Conclusion: urgent insulin-deficiency picture],No
118,"The main feeling is deep fatigue and slowing, my skin is dry and my face seems swollen, and I have gained weight despite low appetite, still, I sometimes feel anxious or notice skipped beats, but an old thyroid panel was not clearly abnormal.",Hypothyroidism,"The dominant syndrome is hypothyroid: fatigue, weight gain despite low intake, puffiness, and dry skin form a coherent metabolic picture. Anxiety and occasional palpitations are real conflicting clues, but they are not sufficient to overturn the much broader hypothyroid pattern. An older borderline-normal lab result is weak evidence because symptoms may have evolved since then. The full pattern therefore favors hypothyroidism more than a primary anxiety disorder.",Root: favor hypothyroidism. [Nucleus: fatigue + weight gain + puffiness + dry skin] [Satellite-contrast: palpitations/anxiety] [Satellite-background: old borderline-normal test] [Satellite-integration: syndrome coherence outweighs isolated conflict] [Conclusion: hypothyroidism],No
119,"I need water all the time and I am urinating excessively, and I am losing weight, my eyes seem out of focus sometimes, plus there is recent nausea with belly pain, while my relatives make me think of type 2 diabetes.",Type 2 diabetes only,"This line of reasoning mistakes a risk factor pattern for a complete explanation. It privileges what the patient looks like over how the disease is behaving in the moment. By downplaying the catabolic and potentially ketotic features, it reaches an overconfident type 2-only conclusion.",Root: favor type 2 only. [Nucleus: obesity + family history] [Satellite-downplay: weight loss + abdominal symptoms] [Satellite-stereotype: overweight argues against type 1] [Satellite-closure: phenotype overrides physiology] [Conclusion: type 2 only],Yes
120,"It began with burning urination and frequent trips to the bathroom, and later fever with flank pain appeared, plus I started vomiting recently, despite local symptoms improving a bit.",Simple cystitis,"This reasoning privileges chronology over severity. It assumes that the first label applied must remain correct, and it explains away later findings instead of revising the model. The result is a falsely reassuring cystitis diagnosis.",Root: favor cystitis. [Nucleus: dysuria + frequency] [Satellite-reinterpretation: back pain + vomiting -> dehydration/strain] [Satellite-overclaim: burning improved -> infection resolving] [Satellite-failure-to-update: early label retained despite escalation] [Conclusion: simple cystitis],Yes
121,"I am slimming down without meaning to, I have tremor and constant palpitations, and I thought this was all just anxiety, even so, there is neck swelling and unusual eye appearance.","Hyperthyroidism, likely Graves disease",A correct reading resists the temptation to stop at the psychiatric-looking symptoms. The visible bodily signs carry more diagnostic weight: goiter-like neck fullness and eye prominence are especially important because they are difficult to explain by panic disorder alone. Weight loss and tremor strengthen the endocrine interpretation further.,Root: favor Graves. [Nucleus: weight loss + tremor + palpitations + neck fullness + eye changes] [Satellite-background: anxiety/panic-like features] [Satellite-integration: anxiety explained within endocrine syndrome] [Conclusion: hyperthyroidism unifies symptoms],No
122,"I need water all the time and I am urinating excessively, with noticeable weight loss happening quickly, there is intermittent blurred vision too, with nausea and stomach upset appearing too, even though I am overweight and my family has type 2 diabetes.","Diabetes mellitus, likely type 1 physiology","The central issue is not the body habitus alone but the physiology suggested by the symptoms. Polyuria, polydipsia, weight loss, blurry vision, and abdominal symptoms suggest substantial hyperglycemia with possible ketosis or evolving insulin deficiency. Obesity and a family history of type 2 diabetes are meaningful competing clues, but they do not erase the catabolic pattern. In a younger patient, weight loss with nausea and abdominal pain should raise concern for type 1 physiology or at least urgent insulin-requiring diabetes.",Root: favor diabetes with likely type 1 physiology. [Nucleus: thirst + urination + weight loss + blurry vision + nausea] [Satellite-contrast: obesity + family history -> type 2 clue] [Satellite-urgency: abdominal symptoms suggest ketosis risk] [Conclusion: urgent insulin-deficiency picture],No
123,"I have become thinner for no clear reason, I have tremor and constant palpitations, so I started calling it panic, but my neck feels full and people say my eyes look different.","Hyperthyroidism, likely Graves disease",A correct reading resists the temptation to stop at the psychiatric-looking symptoms. The visible bodily signs carry more diagnostic weight: goiter-like neck fullness and eye prominence are especially important because they are difficult to explain by panic disorder alone. Weight loss and tremor strengthen the endocrine interpretation further.,Root: favor Graves. [Nucleus: weight loss + tremor + palpitations + neck fullness + eye changes] [Satellite-background: anxiety/panic-like features] [Satellite-integration: anxiety explained within endocrine syndrome] [Conclusion: hyperthyroidism unifies symptoms],No
124,"I feel pressure in my chest during brisk walking, though sometimes it seems tied to reflux after eating, during the worst spell it moved to my jaw and I felt faint, I’m 52 and diabetic, so I did not treat it like a heart problem.",Acute coronary syndrome / unstable angina,"The most important feature is that the chest discomfort is triggered by exertion rather than only by meals. Radiation to the arm or jaw and associated sweating are classic high-risk clues for myocardial ischemia. The reflux-like features are real conflicting clues, but they are lower-specificity findings and do not neutralize the cardiac risk pattern. The patient’s age and vascular risk factors increase the pretest probability of acute coronary syndrome. A safer and more coherent interpretation is that this is unstable angina or another ACS presentation until proven otherwise.",Root: favor ACS. [Nucleus: exertional pain + radiation + sweating -> ischemia] [Satellite-contrast: meal/spicy-food burning + antacid relief -> GERD-like] [Nucleus-elaboration: age/risk factors increase cardiac risk] [Satellite-safety: dangerous diagnosis should be prioritized] [Conclusion: prioritize ACS],No
125,"I am thirsty all the time and urinate constantly, while my weight is dropping, my eyes seem out of focus sometimes, with nausea and stomach upset appearing too, despite being overweight with strong family history.",Type 2 diabetes only,"The hallucinated reasoning starts from obesity and family history and treats those demographic clues as decisive. Once that anchor is in place, weight loss, nausea, and abdominal pain are minimized as secondary effects of high blood sugar rather than as warnings of insulin deficiency. The model also makes the unsupported leap that being overweight argues strongly against type 1 diabetes. This is a faulty compression of a complex presentation into a simplistic stereotype of type 2 disease.",Root: favor type 2 only. [Nucleus: obesity + family history] [Satellite-downplay: weight loss + abdominal symptoms] [Satellite-stereotype: overweight argues against type 1] [Satellite-closure: phenotype overrides physiology] [Conclusion: type 2 only],Yes
126,"At first it felt like a simple bladder infection, but later I felt feverish with flank pain, with vomiting now complicating things, even though the bladder symptoms softened somewhat.",Pyelonephritis,A grounded explanation keeps the early dysuria and frequency in the background while allowing the systemic and flank findings to drive the conclusion. Vomiting and fever are not well explained by a simple resolving bladder infection. Pyelonephritis is the stronger diagnosis because it explains both the urinary origin and the systemic deterioration.,Root: favor pyelonephritis. [Satellite-background: dysuria + frequency -> cystitis] [Nucleus: fever + flank/back pain + vomiting + systemic illness] [Satellite-contrast: burning improved] [Satellite-escalation: local infection evolved into systemic picture] [Conclusion: pyelonephritis],No
127,"My energy is very low and I feel slowed, I have puffiness and dry skin, but reduced appetite has not stopped weight gain, even so, there are moments of anxiety and heartbeat awareness, while a previous lab was said to be almost normal.",Hypothyroidism,"The dominant syndrome is hypothyroid: fatigue, weight gain despite low intake, puffiness, and dry skin form a coherent metabolic picture. Anxiety and occasional palpitations are real conflicting clues, but they are not sufficient to overturn the much broader hypothyroid pattern. An older borderline-normal lab result is weak evidence because symptoms may have evolved since then. The full pattern therefore favors hypothyroidism more than a primary anxiety disorder.",Root: favor hypothyroidism. [Nucleus: fatigue + weight gain + puffiness + dry skin] [Satellite-contrast: palpitations/anxiety] [Satellite-background: old borderline-normal test] [Satellite-integration: syndrome coherence outweighs isolated conflict] [Conclusion: hypothyroidism],No
128,"The early symptoms were classic urinary burning and frequency, and it progressed to fever with side or back pain, with vomiting now complicating things, although the urinary burning eased slightly.",Simple cystitis,"This reasoning privileges chronology over severity. It assumes that the first label applied must remain correct, and it explains away later findings instead of revising the model. The result is a falsely reassuring cystitis diagnosis.",Root: favor cystitis. [Nucleus: dysuria + frequency] [Satellite-reinterpretation: back pain + vomiting -> dehydration/strain] [Satellite-overclaim: burning improved -> infection resolving] [Satellite-failure-to-update: early label retained despite escalation] [Conclusion: simple cystitis],Yes
129,"I first noticed dysuria and urinary frequency, but then I developed fever and back pain, with vomiting now complicating things, even though the burning got a little better.",Pyelonephritis,"The case begins like cystitis, but it does not stay there. The later development of fever, flank or back pain, vomiting, and systemic illness strongly suggests upper urinary tract infection, namely pyelonephritis. Improvement in local burning does not counterbalance the worsening systemic picture. In fact, the change from local urinary discomfort to broader constitutional illness is exactly what makes the case more serious.",Root: favor pyelonephritis. [Satellite-background: dysuria + frequency -> cystitis] [Nucleus: fever + flank/back pain + vomiting + systemic illness] [Satellite-contrast: burning improved] [Satellite-escalation: local infection evolved into systemic picture] [Conclusion: pyelonephritis],No
130,"I notice chest pressure when carrying groceries, yet I also notice burning after greasy food, once it radiated to my shoulder and I broke into a sweat, I’m 59 and a smoker with high cholesterol, so I blamed spicy food instead of my heart.",Gastroesophageal reflux disease,"Because the discomfort sometimes follows food and the patient reports at least partial reflux-like features, GERD is taken as the main explanation. Once that anchor is adopted, the more dangerous clues, such as sweating and radiation to the arm or jaw, are reinterpreted as anxiety caused by pain rather than as evidence of ischemia. The exertional trigger is minimized as if it were incidental. This reasoning closes too early on a familiar benign diagnosis and fails to give adequate weight to cardiovascular risk factors.",Root: favor GERD. [Nucleus: meals/spicy food + antacid relief -> reflux] [Satellite-downplay: radiation + sweating -> anxiety response] [Satellite-ignore: exertional trigger + cardiac risk] [Satellite-closure: benign diagnosis chosen early] [Conclusion: GERD explains symptoms],Yes
131,"When I walk uphill I feel pressure in my chest, yet I also notice burning after greasy food, the strongest episode came with sweating and arm discomfort, I’m 58 and hypertensive, so I did not treat it like a heart problem.",Acute coronary syndrome / unstable angina,"Although the history contains gastrointestinal-looking features, the core nucleus of the case is exertional chest pressure with autonomic symptoms and radiation. Those findings are more discriminative for coronary ischemia than for simple reflux. Antacid response or meal timing can be misleading and do not exclude a cardiac cause. Because the patient is older and has major cardiovascular risk factors, it would be unsafe to anchor on GERD. The best synthesis is that a cardiac diagnosis should be prioritized.",Root: favor ACS. [Nucleus: exertional pain + radiation + sweating -> ischemia] [Satellite-contrast: meal/spicy-food burning + antacid relief -> GERD-like] [Nucleus-elaboration: age/risk factors increase cardiac risk] [Satellite-safety: dangerous diagnosis should be prioritized] [Conclusion: prioritize ACS],No
132,"I feel exhausted and slowed down, my skin is dry and my face seems swollen, while my appetite is low but my weight increases, still, I sometimes feel anxious or notice skipped beats, and one older lab gave false reassurance.",Anxiety disorder,"This is a structural misweighting of evidence. The reasoning favors common, low-specificity symptoms and lets them dominate a richer endocrine pattern. The earlier lab is converted into false reassurance, and the physical signs are fragmented instead of integrated.",Root: favor anxiety disorder. [Nucleus: palpitations + anxiety + headaches] [Satellite-reinterpretation: weight gain + dry skin -> lifestyle/stress] [Satellite-overweight: borderline-normal thyroid test] [Satellite-psychologizing: endocrine cluster fragmented] [Conclusion: anxiety disorder],Yes
133,"The whole thing began like an ordinary infection, yet I developed one-sided calf pain and swelling, and I became much more breathless over time, the fever eased a bit with antibiotics, not the shortness of breath.",Pulmonary embolism,"The infection-like opening of the story is misleading, but the later evolution is more important. Unilateral calf swelling and pain create a strong signal for deep vein thrombosis, and worsening shortness of breath makes pulmonary embolism a much better fit than uncomplicated pneumonia. Fever and cough can occur in PE and therefore do not settle the case in favor of infection. Partial improvement of fever after antibiotics is weak evidence and does not explain why breathing worsened. The full cross-system pattern is more coherent as venous thromboembolism with pulmonary embolism.",Root: favor PE. [Satellite-background: fever + cough -> pneumonia-like] [Nucleus: unilateral calf swelling/pain + worsening dyspnea -> DVT/PE] [Satellite-contrast: antibiotics helped fever only] [Satellite-causal: leg clot can explain lung symptoms] [Conclusion: PE better explains the pattern],No
134,"My chest discomfort starts with exertion, yet I also notice burning after greasy food, last week the pain went to my left arm and I got sweaty, I’m 64 with high cholesterol, which made me dismiss it as acid reflux.",Acute coronary syndrome / unstable angina,"The most important feature is that the chest discomfort is triggered by exertion rather than only by meals. Radiation to the arm or jaw and associated sweating are classic high-risk clues for myocardial ischemia. The reflux-like features are real conflicting clues, but they are lower-specificity findings and do not neutralize the cardiac risk pattern. The patient’s age and vascular risk factors increase the pretest probability of acute coronary syndrome. A safer and more coherent interpretation is that this is unstable angina or another ACS presentation until proven otherwise.",Root: favor ACS. [Nucleus: exertional pain + radiation + sweating -> ischemia] [Satellite-contrast: meal/spicy-food burning + antacid relief -> GERD-like] [Nucleus-elaboration: age/risk factors increase cardiac risk] [Satellite-safety: dangerous diagnosis should be prioritized] [Conclusion: prioritize ACS],No
135,"I am slimming down without meaning to, my body feels revved up with tremor and palpitations, and I framed it as an anxiety issue, though I also have a sense of fullness in my neck and eye changes.","Hyperthyroidism, likely Graves disease","The anxious feeling and racing heart can certainly mimic panic, but the broader physical pattern is much more informative. Unintentional weight loss, tremor, neck fullness, and visible eye changes point strongly toward hyperthyroidism, especially Graves disease. The anxiety is therefore better interpreted as part of the endocrine syndrome rather than as a separate primary psychiatric disorder. Fatigue does not contradict this, because prolonged thyrotoxicosis can also cause exhaustion.",Root: favor Graves. [Nucleus: weight loss + tremor + palpitations + neck fullness + eye changes] [Satellite-background: anxiety/panic-like features] [Satellite-integration: anxiety explained within endocrine syndrome] [Conclusion: hyperthyroidism unifies symptoms],No
136,"Unplanned weight loss has been bothering me, my body feels revved up with tremor and palpitations, which made me think it might be anxiety, except my neck seems enlarged and others notice my eyes.","Hyperthyroidism, likely Graves disease",A correct reading resists the temptation to stop at the psychiatric-looking symptoms. The visible bodily signs carry more diagnostic weight: goiter-like neck fullness and eye prominence are especially important because they are difficult to explain by panic disorder alone. Weight loss and tremor strengthen the endocrine interpretation further.,Root: favor Graves. [Nucleus: weight loss + tremor + palpitations + neck fullness + eye changes] [Satellite-background: anxiety/panic-like features] [Satellite-integration: anxiety explained within endocrine syndrome] [Conclusion: hyperthyroidism unifies symptoms],No
137,"This began like a respiratory infection with cough and chills, but now one calf is swollen and sore, and now I am more short of breath than before, I took antibiotics and only the fever improved slightly.",Pulmonary embolism,"The infection-like opening of the story is misleading, but the later evolution is more important. Unilateral calf swelling and pain create a strong signal for deep vein thrombosis, and worsening shortness of breath makes pulmonary embolism a much better fit than uncomplicated pneumonia. Fever and cough can occur in PE and therefore do not settle the case in favor of infection. Partial improvement of fever after antibiotics is weak evidence and does not explain why breathing worsened. The full cross-system pattern is more coherent as venous thromboembolism with pulmonary embolism.",Root: favor PE. [Satellite-background: fever + cough -> pneumonia-like] [Nucleus: unilateral calf swelling/pain + worsening dyspnea -> DVT/PE] [Satellite-contrast: antibiotics helped fever only] [Satellite-causal: leg clot can explain lung symptoms] [Conclusion: PE better explains the pattern],No
138,"My clothes are looser because of unexplained weight loss, my hands shake and my heart races, so I suspected a stress problem, but my neck feels full and people say my eyes look different.",Panic disorder,This interpretation fails by treating the psychiatric flavor of the presentation as decisive and treating the physical findings as optional or unreliable. It is an example of premature psychologizing. The result is a diagnosis that is rhetorically smooth but structurally weak.,Root: favor panic disorder. [Nucleus: anxiety + shakiness + tachycardia] [Satellite-reinterpretation: weight loss -> stress] [Satellite-dismissal: eye changes + neck fullness subjective] [Satellite-psychologizing: physical findings subordinated to emotional frame] [Conclusion: panic disorder explains symptoms],Yes
139,"I feel like I am dehydrated and urinating nonstop, and I am shrinking despite normal habits, there is intermittent blurred vision too, while my stomach hurts and I feel sick, even though I am overweight and my family has type 2 diabetes.",Type 2 diabetes only,"This line of reasoning mistakes a risk factor pattern for a complete explanation. It privileges what the patient looks like over how the disease is behaving in the moment. By downplaying the catabolic and potentially ketotic features, it reaches an overconfident type 2-only conclusion.",Root: favor type 2 only. [Nucleus: obesity + family history] [Satellite-downplay: weight loss + abdominal symptoms] [Satellite-stereotype: overweight argues against type 1] [Satellite-closure: phenotype overrides physiology] [Conclusion: type 2 only],Yes
140,"It started with cough and fever like a chest infection, yet I developed one-sided calf pain and swelling, but I can catch my breath less and less, there was a small fever response to antibiotics but nothing else.",Pneumonia,"This explanation begins with a common respiratory diagnosis and then forces later clues to fit it. The respiratory symptoms are treated as decisive, while the unilateral leg findings are relegated to an afterthought. The logic also commits a false-confirmation move by treating partial fever improvement as proof of pneumonia.",Root: favor pneumonia. [Nucleus: fever + cough + dyspnea -> pneumonia] [Satellite-reinterpretation: calf swelling/pain -> body aches or strain] [Satellite-overclaim: antibiotics response confirms infection] [Satellite-closure: common diagnosis chosen early] [Conclusion: pneumonia is primary],Yes
141,"Physical effort seems to trigger a band-like chest pain, although heavy dinners also cause burning in my chest, once it radiated to my shoulder and I broke into a sweat, I’m 58 and hypertensive, so I tried to ignore it as stomach-related.",Gastroesophageal reflux disease,"Because the discomfort sometimes follows food and the patient reports at least partial reflux-like features, GERD is taken as the main explanation. Once that anchor is adopted, the more dangerous clues, such as sweating and radiation to the arm or jaw, are reinterpreted as anxiety caused by pain rather than as evidence of ischemia. The exertional trigger is minimized as if it were incidental. This reasoning closes too early on a familiar benign diagnosis and fails to give adequate weight to cardiovascular risk factors.",Root: favor GERD. [Nucleus: meals/spicy food + antacid relief -> reflux] [Satellite-downplay: radiation + sweating -> anxiety response] [Satellite-ignore: exertional trigger + cardiac risk] [Satellite-closure: benign diagnosis chosen early] [Conclusion: GERD explains symptoms],Yes
142,"I cannot stop drinking and peeing, while my weight is dropping, I keep noticing visual blurring, plus I now have nausea and abdominal pain, even though I am overweight and my family has type 2 diabetes.",Type 2 diabetes only,"This line of reasoning mistakes a risk factor pattern for a complete explanation. It privileges what the patient looks like over how the disease is behaving in the moment. By downplaying the catabolic and potentially ketotic features, it reaches an overconfident type 2-only conclusion.",Root: favor type 2 only. [Nucleus: obesity + family history] [Satellite-downplay: weight loss + abdominal symptoms] [Satellite-stereotype: overweight argues against type 1] [Satellite-closure: phenotype overrides physiology] [Conclusion: type 2 only],Yes
143,"I get chest tightness when climbing stairs, but food-related burning confuses the picture, yesterday it spread to my jaw and I became clammy, I’m 52 and diabetic, so I blamed spicy food instead of my heart.",Gastroesophageal reflux disease,"The reasoning starts from the convenient clue of post-meal burning and promotes it to the central explanation. From there, contradictory evidence is explained away: radiation becomes panic, sweating becomes distress, and vascular risk factors are treated as background rather than decision-driving information. This creates an overconfident but weakly justified conclusion in favor of reflux. The higher-risk explanation is prematurely dismissed.",Root: favor GERD. [Nucleus: meals/spicy food + antacid relief -> reflux] [Satellite-downplay: radiation + sweating -> anxiety response] [Satellite-ignore: exertional trigger + cardiac risk] [Satellite-closure: benign diagnosis chosen early] [Conclusion: GERD explains symptoms],Yes
144,"I am persistently tired and sluggish, I have puffiness and dry skin, and I have gained weight despite low appetite, even so, there are moments of anxiety and heartbeat awareness, but a prior thyroid result was described as borderline.",Anxiety disorder,"The hallucinated reasoning starts from emotionally salient features such as anxiety, palpitations, and headaches and treats them as the core disorder. The weight gain, puffiness, and dry skin are then demoted to lifestyle or stress effects, even though together they form a much more specific hypothyroid cluster. The prior borderline-normal thyroid test is overvalued as if it nearly rules out thyroid disease. This produces a psychologized conclusion that fails to account for the whole syndrome.",Root: favor anxiety disorder. [Nucleus: palpitations + anxiety + headaches] [Satellite-reinterpretation: weight gain + dry skin -> lifestyle/stress] [Satellite-overweight: borderline-normal thyroid test] [Satellite-psychologizing: endocrine cluster fragmented] [Conclusion: anxiety disorder],Yes
145,"The pain initially felt like it was around my belly button, but afterward it shifted to the right lower quadrant, with diarrhea complicating the picture, I feel it more when I walk around.",Appendicitis,"A grounded interpretation gives more weight to the evolution and location of pain than to the presence of loose stool alone. Gastroenteritis is plausible at the start, but it does not explain the specific right-sided localization and movement-related pain as well as appendicitis does. The reasoning preserves diarrhea as background noise but allows the focal abdominal pattern to dominate.",Root: favor appendicitis. [Satellite-background: diarrhea -> gastroenteritis-like] [Nucleus: migratory pain to RLQ + movement pain] [Satellite-priority: focal evolution outweighs generic GI symptoms] [Conclusion: appendicitis],No
146,"I am unusually tired and sluggish, dry skin and puffiness are obvious now, while my weight has gone up even though I eat less, though I sometimes have palpitations and nervousness, and a previous result was interpreted as basically normal.",Anxiety disorder,"This is a structural misweighting of evidence. The reasoning favors common, low-specificity symptoms and lets them dominate a richer endocrine pattern. The earlier lab is converted into false reassurance, and the physical signs are fragmented instead of integrated.",Root: favor anxiety disorder. [Nucleus: palpitations + anxiety + headaches] [Satellite-reinterpretation: weight gain + dry skin -> lifestyle/stress] [Satellite-overweight: borderline-normal thyroid test] [Satellite-psychologizing: endocrine cluster fragmented] [Conclusion: anxiety disorder],Yes
147,"First I had middle abdominal pain, then it concentrated low on the right, and the bowel symptoms made it seem like food poisoning, I feel it more when I walk around.",Appendicitis,"A grounded interpretation gives more weight to the evolution and location of pain than to the presence of loose stool alone. Gastroenteritis is plausible at the start, but it does not explain the specific right-sided localization and movement-related pain as well as appendicitis does. The reasoning preserves diarrhea as background noise but allows the focal abdominal pattern to dominate.",Root: favor appendicitis. [Satellite-background: diarrhea -> gastroenteritis-like] [Nucleus: migratory pain to RLQ + movement pain] [Satellite-priority: focal evolution outweighs generic GI symptoms] [Conclusion: appendicitis],No
148,"Going up steps brings on chest heaviness, but food-related burning confuses the picture, yesterday it spread to my jaw and I became clammy, I’m 56 with diabetes and high blood pressure, so I blamed spicy food instead of my heart.",Acute coronary syndrome / unstable angina,"Although the history contains gastrointestinal-looking features, the core nucleus of the case is exertional chest pressure with autonomic symptoms and radiation. Those findings are more discriminative for coronary ischemia than for simple reflux. Antacid response or meal timing can be misleading and do not exclude a cardiac cause. Because the patient is older and has major cardiovascular risk factors, it would be unsafe to anchor on GERD. The best synthesis is that a cardiac diagnosis should be prioritized.",Root: favor ACS. [Nucleus: exertional pain + radiation + sweating -> ischemia] [Satellite-contrast: meal/spicy-food burning + antacid relief -> GERD-like] [Nucleus-elaboration: age/risk factors increase cardiac risk] [Satellite-safety: dangerous diagnosis should be prioritized] [Conclusion: prioritize ACS],No
149,"I keep losing weight without trying, I notice trembling plus a rapid heartbeat, and I framed it as an anxiety issue, even so, there is neck swelling and unusual eye appearance.",Panic disorder,"The hallucinated reasoning elevates anxiety, shakiness, and palpitations to the center of the case because they are familiar panic symptoms. Once that frame is adopted, weight loss is explained as stress, neck fullness is described as subjective, and eye changes are brushed aside as tired appearance. This prevents the model from integrating the bodily findings into a coherent endocrine picture. The conclusion settles on panic disorder not because it explains the full evidence best, but because it captures the most familiar emotional cues.",Root: favor panic disorder. [Nucleus: anxiety + shakiness + tachycardia] [Satellite-reinterpretation: weight loss -> stress] [Satellite-dismissal: eye changes + neck fullness subjective] [Satellite-psychologizing: physical findings subordinated to emotional frame] [Conclusion: panic disorder explains symptoms],Yes
150,"I feel pressure in my chest during brisk walking, but food-related burning confuses the picture, the strongest episode came with sweating and arm discomfort, I’m 59 and a smoker with high cholesterol, and I told myself it was probably GERD.",Gastroesophageal reflux disease,"The reasoning starts from the convenient clue of post-meal burning and promotes it to the central explanation. From there, contradictory evidence is explained away: radiation becomes panic, sweating becomes distress, and vascular risk factors are treated as background rather than decision-driving information. This creates an overconfident but weakly justified conclusion in favor of reflux. The higher-risk explanation is prematurely dismissed.",Root: favor GERD. [Nucleus: meals/spicy food + antacid relief -> reflux] [Satellite-downplay: radiation + sweating -> anxiety response] [Satellite-ignore: exertional trigger + cardiac risk] [Satellite-closure: benign diagnosis chosen early] [Conclusion: GERD explains symptoms],Yes
151,"The problem started like a routine UTI, but later I felt feverish with flank pain, vomiting appeared later in the course, although the urinary burning eased slightly.",Pyelonephritis,A grounded explanation keeps the early dysuria and frequency in the background while allowing the systemic and flank findings to drive the conclusion. Vomiting and fever are not well explained by a simple resolving bladder infection. Pyelonephritis is the stronger diagnosis because it explains both the urinary origin and the systemic deterioration.,Root: favor pyelonephritis. [Satellite-background: dysuria + frequency -> cystitis] [Nucleus: fever + flank/back pain + vomiting + systemic illness] [Satellite-contrast: burning improved] [Satellite-escalation: local infection evolved into systemic picture] [Conclusion: pyelonephritis],No
152,"Physical effort seems to trigger a band-like chest pain, but late meals can make it feel more like heartburn, last week the pain went to my left arm and I got sweaty, I’m 52 and diabetic, which made me dismiss it as acid reflux.",Acute coronary syndrome / unstable angina,"Although the history contains gastrointestinal-looking features, the core nucleus of the case is exertional chest pressure with autonomic symptoms and radiation. Those findings are more discriminative for coronary ischemia than for simple reflux. Antacid response or meal timing can be misleading and do not exclude a cardiac cause. Because the patient is older and has major cardiovascular risk factors, it would be unsafe to anchor on GERD. The best synthesis is that a cardiac diagnosis should be prioritized.",Root: favor ACS. [Nucleus: exertional pain + radiation + sweating -> ischemia] [Satellite-contrast: meal/spicy-food burning + antacid relief -> GERD-like] [Nucleus-elaboration: age/risk factors increase cardiac risk] [Satellite-safety: dangerous diagnosis should be prioritized] [Conclusion: prioritize ACS],No
153,"I am persistently tired and sluggish, people notice I look puffy and dry-skinned, and there is weight gain despite barely eating, even so, there are moments of anxiety and heartbeat awareness, but an old thyroid panel was not clearly abnormal.",Hypothyroidism,"The dominant syndrome is hypothyroid: fatigue, weight gain despite low intake, puffiness, and dry skin form a coherent metabolic picture. Anxiety and occasional palpitations are real conflicting clues, but they are not sufficient to overturn the much broader hypothyroid pattern. An older borderline-normal lab result is weak evidence because symptoms may have evolved since then. The full pattern therefore favors hypothyroidism more than a primary anxiety disorder.",Root: favor hypothyroidism. [Nucleus: fatigue + weight gain + puffiness + dry skin] [Satellite-contrast: palpitations/anxiety] [Satellite-background: old borderline-normal test] [Satellite-integration: syndrome coherence outweighs isolated conflict] [Conclusion: hypothyroidism],No
154,"The first pain was in the middle of my abdomen, before focusing on the lower right area, and the bowel symptoms made it seem like food poisoning, it gets worse with steps and movement.",Viral gastroenteritis,This reasoning overvalues the commonness of viral illness and undervalues the specificity of pain migration. It treats the memorable loose stool as central and the more diagnostic localization as secondary. That produces premature closure on gastroenteritis.,Root: favor gastroenteritis. [Nucleus: diarrhea + stomach-bug framing] [Satellite-reinterpretation: RLQ pain + movement pain -> cramping/soreness] [Satellite-anchor: GI symptoms overweight decision] [Conclusion: gastroenteritis],Yes
155,"My energy is very low and I feel slowed, my skin is dry and my face seems swollen, and there is weight gain despite barely eating, but occasional anxiety and skipped beats confuse me, but an old thyroid panel was not clearly abnormal.",Hypothyroidism,"The dominant syndrome is hypothyroid: fatigue, weight gain despite low intake, puffiness, and dry skin form a coherent metabolic picture. Anxiety and occasional palpitations are real conflicting clues, but they are not sufficient to overturn the much broader hypothyroid pattern. An older borderline-normal lab result is weak evidence because symptoms may have evolved since then. The full pattern therefore favors hypothyroidism more than a primary anxiety disorder.",Root: favor hypothyroidism. [Nucleus: fatigue + weight gain + puffiness + dry skin] [Satellite-contrast: palpitations/anxiety] [Satellite-background: old borderline-normal test] [Satellite-integration: syndrome coherence outweighs isolated conflict] [Conclusion: hypothyroidism],No
156,"I began with bladder-type burning and urgency, and later fever with flank pain appeared, and I have become sick to my stomach and vomit, while the original bladder symptoms seem a bit better.",Simple cystitis,"This reasoning privileges chronology over severity. It assumes that the first label applied must remain correct, and it explains away later findings instead of revising the model. The result is a falsely reassuring cystitis diagnosis.",Root: favor cystitis. [Nucleus: dysuria + frequency] [Satellite-reinterpretation: back pain + vomiting -> dehydration/strain] [Satellite-overclaim: burning improved -> infection resolving] [Satellite-failure-to-update: early label retained despite escalation] [Conclusion: simple cystitis],Yes
157,"My hands and wrists have been stiff every morning for over an hour, but my big toe once swelled up badly after wine, I was once told my uric acid was borderline high, while my family history includes rheumatoid arthritis.",Rheumatoid arthritis,"The chronic pattern is the deciding factor here. Morning stiffness lasting over an hour, together with persistent hand and wrist involvement, strongly favors rheumatoid arthritis because this is a classic symmetric inflammatory small-joint presentation. The toe flare and prior hyperuricemia are genuine gout-like clues, but they are episodic and do not explain the chronic baseline syndrome. Family history of RA adds weight to the inflammatory arthritis interpretation. The best synthesis is that RA explains the ongoing pattern.",Root: favor RA. [Nucleus: prolonged morning stiffness + symmetric small-joint involvement] [Satellite-contrast: toe flare + hyperuricemia -> gout clue] [Nucleus-elaboration: family history supports RA] [Satellite-resolution: acute event does not explain chronic baseline] [Conclusion: RA best fits chronic pattern],No
158,"My small hand joints ache and feel stiff at the start of most days, even though my toe once blew up after drinking wine, someone told me I had elevated uric acid before, with rheumatoid arthritis already present in relatives.",Rheumatoid arthritis,"A correct interpretation must distinguish the durable background disease from the memorable acute event. The toe attack after dietary trigger is very salient and can bias reasoning toward gout, but the more informative structure of the case is the long-standing morning stiffness and symmetric small-joint involvement. Hyperuricemia is supportive of gout but not sufficient to explain the full chronic phenotype. Therefore RA is the stronger overall diagnosis.",Root: favor RA. [Nucleus: prolonged morning stiffness + symmetric small-joint involvement] [Satellite-contrast: toe flare + hyperuricemia -> gout clue] [Nucleus-elaboration: family history supports RA] [Satellite-resolution: acute event does not explain chronic baseline] [Conclusion: RA best fits chronic pattern],No
159,"I keep losing weight without trying, my hands shake and my heart races, and I framed it as an anxiety issue, even so, there is neck swelling and unusual eye appearance.","Hyperthyroidism, likely Graves disease",A correct reading resists the temptation to stop at the psychiatric-looking symptoms. The visible bodily signs carry more diagnostic weight: goiter-like neck fullness and eye prominence are especially important because they are difficult to explain by panic disorder alone. Weight loss and tremor strengthen the endocrine interpretation further.,Root: favor Graves. [Nucleus: weight loss + tremor + palpitations + neck fullness + eye changes] [Satellite-background: anxiety/panic-like features] [Satellite-integration: anxiety explained within endocrine syndrome] [Conclusion: hyperthyroidism unifies symptoms],No
160,"I get chest tightness when climbing stairs, yet I also notice burning after greasy food, one episode went into my arm and I felt nauseated and sweaty, I’m 59 and a smoker with high cholesterol, so I tried to ignore it as stomach-related.",Gastroesophageal reflux disease,"The reasoning starts from the convenient clue of post-meal burning and promotes it to the central explanation. From there, contradictory evidence is explained away: radiation becomes panic, sweating becomes distress, and vascular risk factors are treated as background rather than decision-driving information. This creates an overconfident but weakly justified conclusion in favor of reflux. The higher-risk explanation is prematurely dismissed.",Root: favor GERD. [Nucleus: meals/spicy food + antacid relief -> reflux] [Satellite-downplay: radiation + sweating -> anxiety response] [Satellite-ignore: exertional trigger + cardiac risk] [Satellite-closure: benign diagnosis chosen early] [Conclusion: GERD explains symptoms],Yes
161,"Morning stiffness in my hands lasts well beyond getting out of bed, but my big toe once swelled up badly after wine, an earlier blood test mentioned hyperuricemia, and my family has inflammatory arthritis history.",Rheumatoid arthritis,"The chronic pattern is the deciding factor here. Morning stiffness lasting over an hour, together with persistent hand and wrist involvement, strongly favors rheumatoid arthritis because this is a classic symmetric inflammatory small-joint presentation. The toe flare and prior hyperuricemia are genuine gout-like clues, but they are episodic and do not explain the chronic baseline syndrome. Family history of RA adds weight to the inflammatory arthritis interpretation. The best synthesis is that RA explains the ongoing pattern.",Root: favor RA. [Nucleus: prolonged morning stiffness + symmetric small-joint involvement] [Satellite-contrast: toe flare + hyperuricemia -> gout clue] [Nucleus-elaboration: family history supports RA] [Satellite-resolution: acute event does not explain chronic baseline] [Conclusion: RA best fits chronic pattern],No
162,"I am persistently tired and sluggish, my body feels puffy and my skin has become dry, but I am gaining weight without eating much, but occasional anxiety and skipped beats confuse me, but an old thyroid panel was not clearly abnormal.",Hypothyroidism,"A correct reading identifies the cluster rather than overreacting to one contradictory symptom. Palpitations and anxiety can occur for many reasons and do not erase the metabolically slowed presentation. The more integrated explanation is thyroid underactivity, with the old near-normal test retained as background rather than treated as decisive.",Root: favor hypothyroidism. [Nucleus: fatigue + weight gain + puffiness + dry skin] [Satellite-contrast: palpitations/anxiety] [Satellite-background: old borderline-normal test] [Satellite-integration: syndrome coherence outweighs isolated conflict] [Conclusion: hypothyroidism],No
163,"The first phase seemed like ordinary cystitis, before it turned into fever and pain near my back, and vomiting became part of the illness, despite mild improvement in the local urinary pain.",Pyelonephritis,"The case begins like cystitis, but it does not stay there. The later development of fever, flank or back pain, vomiting, and systemic illness strongly suggests upper urinary tract infection, namely pyelonephritis. Improvement in local burning does not counterbalance the worsening systemic picture. In fact, the change from local urinary discomfort to broader constitutional illness is exactly what makes the case more serious.",Root: favor pyelonephritis. [Satellite-background: dysuria + frequency -> cystitis] [Nucleus: fever + flank/back pain + vomiting + systemic illness] [Satellite-contrast: burning improved] [Satellite-escalation: local infection evolved into systemic picture] [Conclusion: pyelonephritis],No
164,"When I hurry across a parking lot I feel chest squeezing, but food-related burning confuses the picture, the strongest episode came with sweating and arm discomfort, I’m 61 and a smoker, which made me dismiss it as acid reflux.",Acute coronary syndrome / unstable angina,"Although the history contains gastrointestinal-looking features, the core nucleus of the case is exertional chest pressure with autonomic symptoms and radiation. Those findings are more discriminative for coronary ischemia than for simple reflux. Antacid response or meal timing can be misleading and do not exclude a cardiac cause. Because the patient is older and has major cardiovascular risk factors, it would be unsafe to anchor on GERD. The best synthesis is that a cardiac diagnosis should be prioritized.",Root: favor ACS. [Nucleus: exertional pain + radiation + sweating -> ischemia] [Satellite-contrast: meal/spicy-food burning + antacid relief -> GERD-like] [Nucleus-elaboration: age/risk factors increase cardiac risk] [Satellite-safety: dangerous diagnosis should be prioritized] [Conclusion: prioritize ACS],No
165,"I first noticed dysuria and urinary frequency, and it progressed to fever with side or back pain, plus I started vomiting recently, although the urinary burning eased slightly.",Simple cystitis,"This reasoning privileges chronology over severity. It assumes that the first label applied must remain correct, and it explains away later findings instead of revising the model. The result is a falsely reassuring cystitis diagnosis.",Root: favor cystitis. [Nucleus: dysuria + frequency] [Satellite-reinterpretation: back pain + vomiting -> dehydration/strain] [Satellite-overclaim: burning improved -> infection resolving] [Satellite-failure-to-update: early label retained despite escalation] [Conclusion: simple cystitis],Yes
166,"I am persistently tired and sluggish, my skin is dry and my face seems swollen, yet the scale keeps rising even with low intake, but I occasionally feel my heart skip and get anxious, and a previous result was interpreted as basically normal.",Hypothyroidism,"A correct reading identifies the cluster rather than overreacting to one contradictory symptom. Palpitations and anxiety can occur for many reasons and do not erase the metabolically slowed presentation. The more integrated explanation is thyroid underactivity, with the old near-normal test retained as background rather than treated as decisive.",Root: favor hypothyroidism. [Nucleus: fatigue + weight gain + puffiness + dry skin] [Satellite-contrast: palpitations/anxiety] [Satellite-background: old borderline-normal test] [Satellite-integration: syndrome coherence outweighs isolated conflict] [Conclusion: hypothyroidism],No
167,"I first noticed dysuria and urinary frequency, and it progressed to fever with side or back pain, vomiting appeared later in the course, while the original bladder symptoms seem a bit better.",Simple cystitis,"This reasoning privileges chronology over severity. It assumes that the first label applied must remain correct, and it explains away later findings instead of revising the model. The result is a falsely reassuring cystitis diagnosis.",Root: favor cystitis. [Nucleus: dysuria + frequency] [Satellite-reinterpretation: back pain + vomiting -> dehydration/strain] [Satellite-overclaim: burning improved -> infection resolving] [Satellite-failure-to-update: early label retained despite escalation] [Conclusion: simple cystitis],Yes
168,"When I hurry across a parking lot I feel chest squeezing, but food-related burning confuses the picture, once it radiated to my shoulder and I broke into a sweat, I’m 52 and diabetic, and I told myself it was probably GERD.",Gastroesophageal reflux disease,"Because the discomfort sometimes follows food and the patient reports at least partial reflux-like features, GERD is taken as the main explanation. Once that anchor is adopted, the more dangerous clues, such as sweating and radiation to the arm or jaw, are reinterpreted as anxiety caused by pain rather than as evidence of ischemia. The exertional trigger is minimized as if it were incidental. This reasoning closes too early on a familiar benign diagnosis and fails to give adequate weight to cardiovascular risk factors.",Root: favor GERD. [Nucleus: meals/spicy food + antacid relief -> reflux] [Satellite-downplay: radiation + sweating -> anxiety response] [Satellite-ignore: exertional trigger + cardiac risk] [Satellite-closure: benign diagnosis chosen early] [Conclusion: GERD explains symptoms],Yes
169,"My fingers feel inflamed and hard to move early each day, though one memorable episode hit my big toe after heavy food, someone told me I had elevated uric acid before, and my family has inflammatory arthritis history.",Gout,"The reasoning locks onto the vivid toe flare and the mention of high uric acid. Once those cues are treated as central, the chronic hand and wrist stiffness is generalized into the gout interpretation, even though that pattern is less typical for gout as a single unifying explanation. Family history of RA is then dismissed as incidental rather than integrated. The result is a diagnosis driven by salience and memorability rather than by the full temporal structure of the illness.",Root: favor gout. [Nucleus: toe flare after wine + hyperuricemia] [Satellite-generalization: chronic hand stiffness folded into gout] [Satellite-dismissal: family history of RA incidental] [Satellite-salience: vivid acute event overweights decision] [Conclusion: gout explains all symptoms],Yes
170,"The first phase seemed like ordinary cystitis, and then the infection seemed to move upward with fever, and vomiting became part of the illness, despite local symptoms improving a bit.",Pyelonephritis,A grounded explanation keeps the early dysuria and frequency in the background while allowing the systemic and flank findings to drive the conclusion. Vomiting and fever are not well explained by a simple resolving bladder infection. Pyelonephritis is the stronger diagnosis because it explains both the urinary origin and the systemic deterioration.,Root: favor pyelonephritis. [Satellite-background: dysuria + frequency -> cystitis] [Nucleus: fever + flank/back pain + vomiting + systemic illness] [Satellite-contrast: burning improved] [Satellite-escalation: local infection evolved into systemic picture] [Conclusion: pyelonephritis],No
171,"My small hand joints ache and feel stiff at the start of most days, but my big toe once swelled up badly after wine, my uric acid was high once, and my mother had rheumatoid arthritis.",Rheumatoid arthritis,"The chronic pattern is the deciding factor here. Morning stiffness lasting over an hour, together with persistent hand and wrist involvement, strongly favors rheumatoid arthritis because this is a classic symmetric inflammatory small-joint presentation. The toe flare and prior hyperuricemia are genuine gout-like clues, but they are episodic and do not explain the chronic baseline syndrome. Family history of RA adds weight to the inflammatory arthritis interpretation. The best synthesis is that RA explains the ongoing pattern.",Root: favor RA. [Nucleus: prolonged morning stiffness + symmetric small-joint involvement] [Satellite-contrast: toe flare + hyperuricemia -> gout clue] [Nucleus-elaboration: family history supports RA] [Satellite-resolution: acute event does not explain chronic baseline] [Conclusion: RA best fits chronic pattern],No
172,"For months my hand joints have felt swollen and stiff when I wake up, yet I also had an abrupt toe attack after a celebratory meal, there was at least one high uric acid result in the past, with rheumatoid arthritis already present in relatives.",Rheumatoid arthritis,"A correct interpretation must distinguish the durable background disease from the memorable acute event. The toe attack after dietary trigger is very salient and can bias reasoning toward gout, but the more informative structure of the case is the long-standing morning stiffness and symmetric small-joint involvement. Hyperuricemia is supportive of gout but not sufficient to explain the full chronic phenotype. Therefore RA is the stronger overall diagnosis.",Root: favor RA. [Nucleus: prolonged morning stiffness + symmetric small-joint involvement] [Satellite-contrast: toe flare + hyperuricemia -> gout clue] [Nucleus-elaboration: family history supports RA] [Satellite-resolution: acute event does not explain chronic baseline] [Conclusion: RA best fits chronic pattern],No
173,"The first pain was in the middle of my abdomen, before focusing on the lower right area, and loose stool made me think stomach bug, walking or jarring makes the pain worse.",Viral gastroenteritis,"The hallucinated explanation begins by anchoring on diarrhea and the patient’s suspicion of food poisoning. Once that benign gastrointestinal frame is chosen, the right lower quadrant localization is reinterpreted as cramping, and the worsening with movement is reduced to generalized soreness. This flattens a focal pain pattern into a diffuse stomach bug explanation and ignores the more informative anatomical evolution.",Root: favor gastroenteritis. [Nucleus: diarrhea + stomach-bug framing] [Satellite-reinterpretation: RLQ pain + movement pain -> cramping/soreness] [Satellite-anchor: GI symptoms overweight decision] [Conclusion: gastroenteritis],Yes
174,"I first noticed dysuria and urinary frequency, and it progressed to fever with side or back pain, there is now nausea and vomiting too, even though the burning got a little better.",Simple cystitis,"The hallucinated interpretation continues to treat the case as a simple bladder infection because dysuria and frequency came first. Once that anchor is fixed, fever, vomiting, and back pain are recast as dehydration, muscle pain, or generic effects of being unwell. The slight improvement in burning is overread as a sign that the infection is resolving, even though the overall picture is getting worse. This is a failure to update the diagnosis when new higher-severity evidence appears.",Root: favor cystitis. [Nucleus: dysuria + frequency] [Satellite-reinterpretation: back pain + vomiting -> dehydration/strain] [Satellite-overclaim: burning improved -> infection resolving] [Satellite-failure-to-update: early label retained despite escalation] [Conclusion: simple cystitis],Yes
175,"I feel like I am dehydrated and urinating nonstop, and I am losing weight, I keep noticing visual blurring, plus I now have nausea and abdominal pain, but I still look like someone with type 2 risk.",Type 2 diabetes only,"This line of reasoning mistakes a risk factor pattern for a complete explanation. It privileges what the patient looks like over how the disease is behaving in the moment. By downplaying the catabolic and potentially ketotic features, it reaches an overconfident type 2-only conclusion.",Root: favor type 2 only. [Nucleus: obesity + family history] [Satellite-downplay: weight loss + abdominal symptoms] [Satellite-stereotype: overweight argues against type 1] [Satellite-closure: phenotype overrides physiology] [Conclusion: type 2 only],Yes
176,"The first pain was in the middle of my abdomen, before settling in the right lower abdomen, while loose stool made me assume gastroenteritis, it is sharper whenever I move.",Viral gastroenteritis,This reasoning overvalues the commonness of viral illness and undervalues the specificity of pain migration. It treats the memorable loose stool as central and the more diagnostic localization as secondary. That produces premature closure on gastroenteritis.,Root: favor gastroenteritis. [Nucleus: diarrhea + stomach-bug framing] [Satellite-reinterpretation: RLQ pain + movement pain -> cramping/soreness] [Satellite-anchor: GI symptoms overweight decision] [Conclusion: gastroenteritis],Yes
177,"Physical effort seems to trigger a band-like chest pain, but late meals can make it feel more like heartburn, yesterday it spread to my jaw and I became clammy, I’m 56 with diabetes and high blood pressure, so I kept assuming it was indigestion.",Gastroesophageal reflux disease,"The reasoning starts from the convenient clue of post-meal burning and promotes it to the central explanation. From there, contradictory evidence is explained away: radiation becomes panic, sweating becomes distress, and vascular risk factors are treated as background rather than decision-driving information. This creates an overconfident but weakly justified conclusion in favor of reflux. The higher-risk explanation is prematurely dismissed.",Root: favor GERD. [Nucleus: meals/spicy food + antacid relief -> reflux] [Satellite-downplay: radiation + sweating -> anxiety response] [Satellite-ignore: exertional trigger + cardiac risk] [Satellite-closure: benign diagnosis chosen early] [Conclusion: GERD explains symptoms],Yes
178,"My clothes are looser because of unexplained weight loss, I feel shaky with a racing heartbeat, so I wondered if it was panic, but friends mention my eyes and I notice neck fullness.","Hyperthyroidism, likely Graves disease","The anxious feeling and racing heart can certainly mimic panic, but the broader physical pattern is much more informative. Unintentional weight loss, tremor, neck fullness, and visible eye changes point strongly toward hyperthyroidism, especially Graves disease. The anxiety is therefore better interpreted as part of the endocrine syndrome rather than as a separate primary psychiatric disorder. Fatigue does not contradict this, because prolonged thyrotoxicosis can also cause exhaustion.",Root: favor Graves. [Nucleus: weight loss + tremor + palpitations + neck fullness + eye changes] [Satellite-background: anxiety/panic-like features] [Satellite-integration: anxiety explained within endocrine syndrome] [Conclusion: hyperthyroidism unifies symptoms],No
179,"My illness started as what seemed like a simple chest cold, but now one calf is swollen and sore, and my breathing got worse, there was a small fever response to antibiotics but nothing else.",Pulmonary embolism,"The infection-like opening of the story is misleading, but the later evolution is more important. Unilateral calf swelling and pain create a strong signal for deep vein thrombosis, and worsening shortness of breath makes pulmonary embolism a much better fit than uncomplicated pneumonia. Fever and cough can occur in PE and therefore do not settle the case in favor of infection. Partial improvement of fever after antibiotics is weak evidence and does not explain why breathing worsened. The full cross-system pattern is more coherent as venous thromboembolism with pulmonary embolism.",Root: favor PE. [Satellite-background: fever + cough -> pneumonia-like] [Nucleus: unilateral calf swelling/pain + worsening dyspnea -> DVT/PE] [Satellite-contrast: antibiotics helped fever only] [Satellite-causal: leg clot can explain lung symptoms] [Conclusion: PE better explains the pattern],No
180,"I notice chest pressure when carrying groceries, but sometimes it also comes after spicy food at night, last week the pain went to my left arm and I got sweaty, I’m 56 with diabetes and high blood pressure, so I did not treat it like a heart problem.",Gastroesophageal reflux disease,"The reasoning starts from the convenient clue of post-meal burning and promotes it to the central explanation. From there, contradictory evidence is explained away: radiation becomes panic, sweating becomes distress, and vascular risk factors are treated as background rather than decision-driving information. This creates an overconfident but weakly justified conclusion in favor of reflux. The higher-risk explanation is prematurely dismissed.",Root: favor GERD. [Nucleus: meals/spicy food + antacid relief -> reflux] [Satellite-downplay: radiation + sweating -> anxiety response] [Satellite-ignore: exertional trigger + cardiac risk] [Satellite-closure: benign diagnosis chosen early] [Conclusion: GERD explains symptoms],Yes
181,"I feel exhausted and slowed down, people notice I look puffy and dry-skinned, and there is weight gain despite barely eating, though I sometimes have palpitations and nervousness, and a months-old test did not look very abnormal.",Hypothyroidism,"A correct reading identifies the cluster rather than overreacting to one contradictory symptom. Palpitations and anxiety can occur for many reasons and do not erase the metabolically slowed presentation. The more integrated explanation is thyroid underactivity, with the old near-normal test retained as background rather than treated as decisive.",Root: favor hypothyroidism. [Nucleus: fatigue + weight gain + puffiness + dry skin] [Satellite-contrast: palpitations/anxiety] [Satellite-background: old borderline-normal test] [Satellite-integration: syndrome coherence outweighs isolated conflict] [Conclusion: hypothyroidism],No
182,"Physical effort seems to trigger a band-like chest pain, even though I also get burning after lying down post-dinner, a recent attack made me sweaty and sent pain toward my left arm, I’m 61 and a smoker, so I kept assuming it was indigestion.",Acute coronary syndrome / unstable angina,"The most important feature is that the chest discomfort is triggered by exertion rather than only by meals. Radiation to the arm or jaw and associated sweating are classic high-risk clues for myocardial ischemia. The reflux-like features are real conflicting clues, but they are lower-specificity findings and do not neutralize the cardiac risk pattern. The patient’s age and vascular risk factors increase the pretest probability of acute coronary syndrome. A safer and more coherent interpretation is that this is unstable angina or another ACS presentation until proven otherwise.",Root: favor ACS. [Nucleus: exertional pain + radiation + sweating -> ischemia] [Satellite-contrast: meal/spicy-food burning + antacid relief -> GERD-like] [Nucleus-elaboration: age/risk factors increase cardiac risk] [Satellite-safety: dangerous diagnosis should be prioritized] [Conclusion: prioritize ACS],No
183,"When I walk uphill I feel pressure in my chest, but food-related burning confuses the picture, yesterday it spread to my jaw and I became clammy, I’m 59 and a smoker with high cholesterol, which made me think it was heartburn.",Gastroesophageal reflux disease,"Because the discomfort sometimes follows food and the patient reports at least partial reflux-like features, GERD is taken as the main explanation. Once that anchor is adopted, the more dangerous clues, such as sweating and radiation to the arm or jaw, are reinterpreted as anxiety caused by pain rather than as evidence of ischemia. The exertional trigger is minimized as if it were incidental. This reasoning closes too early on a familiar benign diagnosis and fails to give adequate weight to cardiovascular risk factors.",Root: favor GERD. [Nucleus: meals/spicy food + antacid relief -> reflux] [Satellite-downplay: radiation + sweating -> anxiety response] [Satellite-ignore: exertional trigger + cardiac risk] [Satellite-closure: benign diagnosis chosen early] [Conclusion: GERD explains symptoms],Yes
184,"I feel pressure in my chest during brisk walking, but sometimes it also comes after spicy food at night, during the worst spell it moved to my jaw and I felt faint, I’m 63 with several heart risk factors, so I tried to ignore it as stomach-related.",Acute coronary syndrome / unstable angina,"The most important feature is that the chest discomfort is triggered by exertion rather than only by meals. Radiation to the arm or jaw and associated sweating are classic high-risk clues for myocardial ischemia. The reflux-like features are real conflicting clues, but they are lower-specificity findings and do not neutralize the cardiac risk pattern. The patient’s age and vascular risk factors increase the pretest probability of acute coronary syndrome. A safer and more coherent interpretation is that this is unstable angina or another ACS presentation until proven otherwise.",Root: favor ACS. [Nucleus: exertional pain + radiation + sweating -> ischemia] [Satellite-contrast: meal/spicy-food burning + antacid relief -> GERD-like] [Nucleus-elaboration: age/risk factors increase cardiac risk] [Satellite-safety: dangerous diagnosis should be prioritized] [Conclusion: prioritize ACS],No
185,"My hands and wrists have been stiff every morning for over an hour, even though my toe once blew up after drinking wine, I was once told my uric acid was borderline high, and a close relative has RA.",Rheumatoid arthritis,"A correct interpretation must distinguish the durable background disease from the memorable acute event. The toe attack after dietary trigger is very salient and can bias reasoning toward gout, but the more informative structure of the case is the long-standing morning stiffness and symmetric small-joint involvement. Hyperuricemia is supportive of gout but not sufficient to explain the full chronic phenotype. Therefore RA is the stronger overall diagnosis.",Root: favor RA. [Nucleus: prolonged morning stiffness + symmetric small-joint involvement] [Satellite-contrast: toe flare + hyperuricemia -> gout clue] [Nucleus-elaboration: family history supports RA] [Satellite-resolution: acute event does not explain chronic baseline] [Conclusion: RA best fits chronic pattern],No
186,"I began with bladder-type burning and urgency, then I started having fever and upper back discomfort, I began throwing up as well, despite local symptoms improving a bit.",Pyelonephritis,A grounded explanation keeps the early dysuria and frequency in the background while allowing the systemic and flank findings to drive the conclusion. Vomiting and fever are not well explained by a simple resolving bladder infection. Pyelonephritis is the stronger diagnosis because it explains both the urinary origin and the systemic deterioration.,Root: favor pyelonephritis. [Satellite-background: dysuria + frequency -> cystitis] [Nucleus: fever + flank/back pain + vomiting + systemic illness] [Satellite-contrast: burning improved] [Satellite-escalation: local infection evolved into systemic picture] [Conclusion: pyelonephritis],No
187,"I have nonstop thirst and frequent urination, plus I have unplanned weight loss, blurred vision is part of it as well, and my abdomen hurts with queasiness, despite being overweight with strong family history.",Type 2 diabetes only,"The hallucinated reasoning starts from obesity and family history and treats those demographic clues as decisive. Once that anchor is in place, weight loss, nausea, and abdominal pain are minimized as secondary effects of high blood sugar rather than as warnings of insulin deficiency. The model also makes the unsupported leap that being overweight argues strongly against type 1 diabetes. This is a faulty compression of a complex presentation into a simplistic stereotype of type 2 disease.",Root: favor type 2 only. [Nucleus: obesity + family history] [Satellite-downplay: weight loss + abdominal symptoms] [Satellite-stereotype: overweight argues against type 1] [Satellite-closure: phenotype overrides physiology] [Conclusion: type 2 only],Yes
188,"The whole thing began like an ordinary infection, yet one calf started hurting and swelling, but I can catch my breath less and less, antibiotics helped the temperature more than the lungs.",Pulmonary embolism,"The infection-like opening of the story is misleading, but the later evolution is more important. Unilateral calf swelling and pain create a strong signal for deep vein thrombosis, and worsening shortness of breath makes pulmonary embolism a much better fit than uncomplicated pneumonia. Fever and cough can occur in PE and therefore do not settle the case in favor of infection. Partial improvement of fever after antibiotics is weak evidence and does not explain why breathing worsened. The full cross-system pattern is more coherent as venous thromboembolism with pulmonary embolism.",Root: favor PE. [Satellite-background: fever + cough -> pneumonia-like] [Nucleus: unilateral calf swelling/pain + worsening dyspnea -> DVT/PE] [Satellite-contrast: antibiotics helped fever only] [Satellite-causal: leg clot can explain lung symptoms] [Conclusion: PE better explains the pattern],No
189,"My clothes are looser because of unexplained weight loss, I feel trembly and my pulse pounds, so I wondered if it was panic, but I have thyroid-area fullness and visible eye changes.","Hyperthyroidism, likely Graves disease",A correct reading resists the temptation to stop at the psychiatric-looking symptoms. The visible bodily signs carry more diagnostic weight: goiter-like neck fullness and eye prominence are especially important because they are difficult to explain by panic disorder alone. Weight loss and tremor strengthen the endocrine interpretation further.,Root: favor Graves. [Nucleus: weight loss + tremor + palpitations + neck fullness + eye changes] [Satellite-background: anxiety/panic-like features] [Satellite-integration: anxiety explained within endocrine syndrome] [Conclusion: hyperthyroidism unifies symptoms],No
190,"The thirst and bathroom trips are happening all day, while my weight is dropping, blurred vision is part of it as well, plus there is recent nausea with belly pain, despite being overweight with strong family history.",Type 2 diabetes only,"The hallucinated reasoning starts from obesity and family history and treats those demographic clues as decisive. Once that anchor is in place, weight loss, nausea, and abdominal pain are minimized as secondary effects of high blood sugar rather than as warnings of insulin deficiency. The model also makes the unsupported leap that being overweight argues strongly against type 1 diabetes. This is a faulty compression of a complex presentation into a simplistic stereotype of type 2 disease.",Root: favor type 2 only. [Nucleus: obesity + family history] [Satellite-downplay: weight loss + abdominal symptoms] [Satellite-stereotype: overweight argues against type 1] [Satellite-closure: phenotype overrides physiology] [Conclusion: type 2 only],Yes
191,"At first the stomach pain was diffuse and central, and then moved to the right lower side, and GI upset made me doubt appendicitis, it hurts more when I walk.",Viral gastroenteritis,"The hallucinated explanation begins by anchoring on diarrhea and the patient’s suspicion of food poisoning. Once that benign gastrointestinal frame is chosen, the right lower quadrant localization is reinterpreted as cramping, and the worsening with movement is reduced to generalized soreness. This flattens a focal pain pattern into a diffuse stomach bug explanation and ignores the more informative anatomical evolution.",Root: favor gastroenteritis. [Nucleus: diarrhea + stomach-bug framing] [Satellite-reinterpretation: RLQ pain + movement pain -> cramping/soreness] [Satellite-anchor: GI symptoms overweight decision] [Conclusion: gastroenteritis],Yes
192,"I am losing weight even though my habits have not changed, my hands shake and my heart races, so I suspected a stress problem, but friends mention my eyes and I notice neck fullness.",Panic disorder,"The hallucinated reasoning elevates anxiety, shakiness, and palpitations to the center of the case because they are familiar panic symptoms. Once that frame is adopted, weight loss is explained as stress, neck fullness is described as subjective, and eye changes are brushed aside as tired appearance. This prevents the model from integrating the bodily findings into a coherent endocrine picture. The conclusion settles on panic disorder not because it explains the full evidence best, but because it captures the most familiar emotional cues.",Root: favor panic disorder. [Nucleus: anxiety + shakiness + tachycardia] [Satellite-reinterpretation: weight loss -> stress] [Satellite-dismissal: eye changes + neck fullness subjective] [Satellite-psychologizing: physical findings subordinated to emotional frame] [Conclusion: panic disorder explains symptoms],Yes
193,"I am always thirsty and urinating much more than normal, with noticeable weight loss happening quickly, my vision also gets blurry, with nausea and stomach upset appearing too, even though I am overweight and my family has type 2 diabetes.",Type 2 diabetes only,"The hallucinated reasoning starts from obesity and family history and treats those demographic clues as decisive. Once that anchor is in place, weight loss, nausea, and abdominal pain are minimized as secondary effects of high blood sugar rather than as warnings of insulin deficiency. The model also makes the unsupported leap that being overweight argues strongly against type 1 diabetes. This is a faulty compression of a complex presentation into a simplistic stereotype of type 2 disease.",Root: favor type 2 only. [Nucleus: obesity + family history] [Satellite-downplay: weight loss + abdominal symptoms] [Satellite-stereotype: overweight argues against type 1] [Satellite-closure: phenotype overrides physiology] [Conclusion: type 2 only],Yes
194,"My clothes are looser because of unexplained weight loss, I have tremor and constant palpitations, and I thought this was all just anxiety, but I have thyroid-area fullness and visible eye changes.",Panic disorder,"The hallucinated reasoning elevates anxiety, shakiness, and palpitations to the center of the case because they are familiar panic symptoms. Once that frame is adopted, weight loss is explained as stress, neck fullness is described as subjective, and eye changes are brushed aside as tired appearance. This prevents the model from integrating the bodily findings into a coherent endocrine picture. The conclusion settles on panic disorder not because it explains the full evidence best, but because it captures the most familiar emotional cues.",Root: favor panic disorder. [Nucleus: anxiety + shakiness + tachycardia] [Satellite-reinterpretation: weight loss -> stress] [Satellite-dismissal: eye changes + neck fullness subjective] [Satellite-psychologizing: physical findings subordinated to emotional frame] [Conclusion: panic disorder explains symptoms],Yes
195,"My energy is very low and I feel slowed, I look puffy and my skin texture has changed, and I have gained weight despite low appetite, although I do get anxious and feel palpitations sometimes, and a months-old test did not look very abnormal.",Anxiety disorder,"The hallucinated reasoning starts from emotionally salient features such as anxiety, palpitations, and headaches and treats them as the core disorder. The weight gain, puffiness, and dry skin are then demoted to lifestyle or stress effects, even though together they form a much more specific hypothyroid cluster. The prior borderline-normal thyroid test is overvalued as if it nearly rules out thyroid disease. This produces a psychologized conclusion that fails to account for the whole syndrome.",Root: favor anxiety disorder. [Nucleus: palpitations + anxiety + headaches] [Satellite-reinterpretation: weight gain + dry skin -> lifestyle/stress] [Satellite-overweight: borderline-normal thyroid test] [Satellite-psychologizing: endocrine cluster fragmented] [Conclusion: anxiety disorder],Yes
196,"My small hand joints ache and feel stiff at the start of most days, but my big toe once swelled up badly after wine, a past lab hinted my uric acid was above normal, and a close relative has RA.",Rheumatoid arthritis,"A correct interpretation must distinguish the durable background disease from the memorable acute event. The toe attack after dietary trigger is very salient and can bias reasoning toward gout, but the more informative structure of the case is the long-standing morning stiffness and symmetric small-joint involvement. Hyperuricemia is supportive of gout but not sufficient to explain the full chronic phenotype. Therefore RA is the stronger overall diagnosis.",Root: favor RA. [Nucleus: prolonged morning stiffness + symmetric small-joint involvement] [Satellite-contrast: toe flare + hyperuricemia -> gout clue] [Nucleus-elaboration: family history supports RA] [Satellite-resolution: acute event does not explain chronic baseline] [Conclusion: RA best fits chronic pattern],No
197,"At first I thought I had a bad cold with cough and fever, but the strange part is that one lower leg is swollen, and now I am more short of breath than before, leftover antibiotics only seemed to help the fever.",Pulmonary embolism,"A grounded reading preserves both hypotheses at first: pneumonia is plausible because of fever and cough, but the calf findings are a major red flag that changes the weighting of the case. Respiratory decline despite some improvement in fever also argues against a simple resolving infection. The vascular hypothesis explains the leg symptoms and the worsening dyspnea in one causal chain.",Root: favor PE. [Satellite-background: fever + cough -> pneumonia-like] [Nucleus: unilateral calf swelling/pain + worsening dyspnea -> DVT/PE] [Satellite-contrast: antibiotics helped fever only] [Satellite-causal: leg clot can explain lung symptoms] [Conclusion: PE better explains the pattern],No
198,"I first noticed dysuria and urinary frequency, but later I felt feverish with flank pain, plus I started vomiting recently, while the dysuria became less intense.",Pyelonephritis,"The case begins like cystitis, but it does not stay there. The later development of fever, flank or back pain, vomiting, and systemic illness strongly suggests upper urinary tract infection, namely pyelonephritis. Improvement in local burning does not counterbalance the worsening systemic picture. In fact, the change from local urinary discomfort to broader constitutional illness is exactly what makes the case more serious.",Root: favor pyelonephritis. [Satellite-background: dysuria + frequency -> cystitis] [Nucleus: fever + flank/back pain + vomiting + systemic illness] [Satellite-contrast: burning improved] [Satellite-escalation: local infection evolved into systemic picture] [Conclusion: pyelonephritis],No
199,"I get chest tightness when climbing stairs, but food-related burning confuses the picture, one episode went into my arm and I felt nauseated and sweaty, I’m 58 and hypertensive, which made me think it was heartburn.",Acute coronary syndrome / unstable angina,"Although the history contains gastrointestinal-looking features, the core nucleus of the case is exertional chest pressure with autonomic symptoms and radiation. Those findings are more discriminative for coronary ischemia than for simple reflux. Antacid response or meal timing can be misleading and do not exclude a cardiac cause. Because the patient is older and has major cardiovascular risk factors, it would be unsafe to anchor on GERD. The best synthesis is that a cardiac diagnosis should be prioritized.",Root: favor ACS. [Nucleus: exertional pain + radiation + sweating -> ischemia] [Satellite-contrast: meal/spicy-food burning + antacid relief -> GERD-like] [Nucleus-elaboration: age/risk factors increase cardiac risk] [Satellite-safety: dangerous diagnosis should be prioritized] [Conclusion: prioritize ACS],No
200,"I feel pressure in my chest during brisk walking, yet I also notice burning after greasy food, during the worst spell it moved to my jaw and I felt faint, I’m 64 with high cholesterol, and I told myself it was probably GERD.",Gastroesophageal reflux disease,"Because the discomfort sometimes follows food and the patient reports at least partial reflux-like features, GERD is taken as the main explanation. Once that anchor is adopted, the more dangerous clues, such as sweating and radiation to the arm or jaw, are reinterpreted as anxiety caused by pain rather than as evidence of ischemia. The exertional trigger is minimized as if it were incidental. This reasoning closes too early on a familiar benign diagnosis and fails to give adequate weight to cardiovascular risk factors.",Root: favor GERD. [Nucleus: meals/spicy food + antacid relief -> reflux] [Satellite-downplay: radiation + sweating -> anxiety response] [Satellite-ignore: exertional trigger + cardiac risk] [Satellite-closure: benign diagnosis chosen early] [Conclusion: GERD explains symptoms],Yes
201,"For months my hand joints have felt swollen and stiff when I wake up, though one memorable episode hit my big toe after heavy food, I was once told my uric acid was borderline high, and a close relative has RA.",Rheumatoid arthritis,"The chronic pattern is the deciding factor here. Morning stiffness lasting over an hour, together with persistent hand and wrist involvement, strongly favors rheumatoid arthritis because this is a classic symmetric inflammatory small-joint presentation. The toe flare and prior hyperuricemia are genuine gout-like clues, but they are episodic and do not explain the chronic baseline syndrome. Family history of RA adds weight to the inflammatory arthritis interpretation. The best synthesis is that RA explains the ongoing pattern.",Root: favor RA. [Nucleus: prolonged morning stiffness + symmetric small-joint involvement] [Satellite-contrast: toe flare + hyperuricemia -> gout clue] [Nucleus-elaboration: family history supports RA] [Satellite-resolution: acute event does not explain chronic baseline] [Conclusion: RA best fits chronic pattern],No
202,"Unplanned weight loss has been bothering me, I feel trembly and my pulse pounds, so I started calling it panic, except my neck seems enlarged and others notice my eyes.","Hyperthyroidism, likely Graves disease","The anxious feeling and racing heart can certainly mimic panic, but the broader physical pattern is much more informative. Unintentional weight loss, tremor, neck fullness, and visible eye changes point strongly toward hyperthyroidism, especially Graves disease. The anxiety is therefore better interpreted as part of the endocrine syndrome rather than as a separate primary psychiatric disorder. Fatigue does not contradict this, because prolonged thyrotoxicosis can also cause exhaustion.",Root: favor Graves. [Nucleus: weight loss + tremor + palpitations + neck fullness + eye changes] [Satellite-background: anxiety/panic-like features] [Satellite-integration: anxiety explained within endocrine syndrome] [Conclusion: hyperthyroidism unifies symptoms],No
203,"At first it felt like a simple bladder infection, but then I developed fever and back pain, with vomiting now complicating things, despite local symptoms improving a bit.",Simple cystitis,"The hallucinated interpretation continues to treat the case as a simple bladder infection because dysuria and frequency came first. Once that anchor is fixed, fever, vomiting, and back pain are recast as dehydration, muscle pain, or generic effects of being unwell. The slight improvement in burning is overread as a sign that the infection is resolving, even though the overall picture is getting worse. This is a failure to update the diagnosis when new higher-severity evidence appears.",Root: favor cystitis. [Nucleus: dysuria + frequency] [Satellite-reinterpretation: back pain + vomiting -> dehydration/strain] [Satellite-overclaim: burning improved -> infection resolving] [Satellite-failure-to-update: early label retained despite escalation] [Conclusion: simple cystitis],Yes
204,"The belly pain started near the center, before focusing on the lower right area, although I also had diarrhea, I feel it more when I walk around.",Appendicitis,"The migratory pattern of pain is the key diagnostic clue. Pain beginning more centrally and then localizing to the right lower quadrant, especially when worsened by movement, is a classic appendiceal pattern and suggests peritoneal irritation. Diarrhea is a misleading but not decisive competing clue because gastrointestinal upset can coexist with appendicitis. The best synthesis is appendicitis rather than simple gastroenteritis.",Root: favor appendicitis. [Satellite-background: diarrhea -> gastroenteritis-like] [Nucleus: migratory pain to RLQ + movement pain] [Satellite-priority: focal evolution outweighs generic GI symptoms] [Conclusion: appendicitis],No
205,"The abdominal discomfort began centrally, before focusing on the lower right area, though diarrhea pointed me toward a virus, motion makes the pain more intense.",Appendicitis,"A grounded interpretation gives more weight to the evolution and location of pain than to the presence of loose stool alone. Gastroenteritis is plausible at the start, but it does not explain the specific right-sided localization and movement-related pain as well as appendicitis does. The reasoning preserves diarrhea as background noise but allows the focal abdominal pattern to dominate.",Root: favor appendicitis. [Satellite-background: diarrhea -> gastroenteritis-like] [Nucleus: migratory pain to RLQ + movement pain] [Satellite-priority: focal evolution outweighs generic GI symptoms] [Conclusion: appendicitis],No
206,"I am persistently tired and sluggish, my face looks puffy and my skin is dry, and I gain weight although I do not eat much, although brief anxiety-type symptoms do happen, while an earlier test was near normal.",Anxiety disorder,"This is a structural misweighting of evidence. The reasoning favors common, low-specificity symptoms and lets them dominate a richer endocrine pattern. The earlier lab is converted into false reassurance, and the physical signs are fragmented instead of integrated.",Root: favor anxiety disorder. [Nucleus: palpitations + anxiety + headaches] [Satellite-reinterpretation: weight gain + dry skin -> lifestyle/stress] [Satellite-overweight: borderline-normal thyroid test] [Satellite-psychologizing: endocrine cluster fragmented] [Conclusion: anxiety disorder],Yes
207,"When I hurry across a parking lot I feel chest squeezing, but after large meals it feels like indigestion, last week the pain went to my left arm and I got sweaty, I’m 67 and diabetic and hypertensive, so I blamed spicy food instead of my heart.",Gastroesophageal reflux disease,"The reasoning starts from the convenient clue of post-meal burning and promotes it to the central explanation. From there, contradictory evidence is explained away: radiation becomes panic, sweating becomes distress, and vascular risk factors are treated as background rather than decision-driving information. This creates an overconfident but weakly justified conclusion in favor of reflux. The higher-risk explanation is prematurely dismissed.",Root: favor GERD. [Nucleus: meals/spicy food + antacid relief -> reflux] [Satellite-downplay: radiation + sweating -> anxiety response] [Satellite-ignore: exertional trigger + cardiac risk] [Satellite-closure: benign diagnosis chosen early] [Conclusion: GERD explains symptoms],Yes
208,"First I had middle abdominal pain, and eventually it became right-sided and lower, while loose stool made me assume gastroenteritis, walking makes it worse.",Appendicitis,"The migratory pattern of pain is the key diagnostic clue. Pain beginning more centrally and then localizing to the right lower quadrant, especially when worsened by movement, is a classic appendiceal pattern and suggests peritoneal irritation. Diarrhea is a misleading but not decisive competing clue because gastrointestinal upset can coexist with appendicitis. The best synthesis is appendicitis rather than simple gastroenteritis.",Root: favor appendicitis. [Satellite-background: diarrhea -> gastroenteritis-like] [Nucleus: migratory pain to RLQ + movement pain] [Satellite-priority: focal evolution outweighs generic GI symptoms] [Conclusion: appendicitis],No
209,"My hands and wrists have been stiff every morning for over an hour, even though my toe once blew up after drinking wine, I was once told my uric acid was borderline high, and my family has inflammatory arthritis history.",Gout,"The reasoning locks onto the vivid toe flare and the mention of high uric acid. Once those cues are treated as central, the chronic hand and wrist stiffness is generalized into the gout interpretation, even though that pattern is less typical for gout as a single unifying explanation. Family history of RA is then dismissed as incidental rather than integrated. The result is a diagnosis driven by salience and memorability rather than by the full temporal structure of the illness.",Root: favor gout. [Nucleus: toe flare after wine + hyperuricemia] [Satellite-generalization: chronic hand stiffness folded into gout] [Satellite-dismissal: family history of RA incidental] [Satellite-salience: vivid acute event overweights decision] [Conclusion: gout explains all symptoms],Yes
210,"I am unusually tired and sluggish, I look puffy and my skin texture has changed, and I have gained weight despite low appetite, even so, there are moments of anxiety and heartbeat awareness, while an earlier test was near normal.",Anxiety disorder,"The hallucinated reasoning starts from emotionally salient features such as anxiety, palpitations, and headaches and treats them as the core disorder. The weight gain, puffiness, and dry skin are then demoted to lifestyle or stress effects, even though together they form a much more specific hypothyroid cluster. The prior borderline-normal thyroid test is overvalued as if it nearly rules out thyroid disease. This produces a psychologized conclusion that fails to account for the whole syndrome.",Root: favor anxiety disorder. [Nucleus: palpitations + anxiety + headaches] [Satellite-reinterpretation: weight gain + dry skin -> lifestyle/stress] [Satellite-overweight: borderline-normal thyroid test] [Satellite-psychologizing: endocrine cluster fragmented] [Conclusion: anxiety disorder],Yes
211,"I am always thirsty and urinating much more than normal, and I am getting thinner without trying, my eyes seem out of focus sometimes, while my stomach hurts and I feel sick, but I still look like someone with type 2 risk.",Type 2 diabetes only,"This line of reasoning mistakes a risk factor pattern for a complete explanation. It privileges what the patient looks like over how the disease is behaving in the moment. By downplaying the catabolic and potentially ketotic features, it reaches an overconfident type 2-only conclusion.",Root: favor type 2 only. [Nucleus: obesity + family history] [Satellite-downplay: weight loss + abdominal symptoms] [Satellite-stereotype: overweight argues against type 1] [Satellite-closure: phenotype overrides physiology] [Conclusion: type 2 only],Yes
212,"I wake up with painful stiff fingers and wrists most mornings, though one memorable episode hit my big toe after heavy food, there was at least one high uric acid result in the past, while my family history includes rheumatoid arthritis.",Gout,"The reasoning locks onto the vivid toe flare and the mention of high uric acid. Once those cues are treated as central, the chronic hand and wrist stiffness is generalized into the gout interpretation, even though that pattern is less typical for gout as a single unifying explanation. Family history of RA is then dismissed as incidental rather than integrated. The result is a diagnosis driven by salience and memorability rather than by the full temporal structure of the illness.",Root: favor gout. [Nucleus: toe flare after wine + hyperuricemia] [Satellite-generalization: chronic hand stiffness folded into gout] [Satellite-dismissal: family history of RA incidental] [Satellite-salience: vivid acute event overweights decision] [Conclusion: gout explains all symptoms],Yes
213,"The pain initially felt like it was around my belly button, then it concentrated low on the right, while loose stool made me assume gastroenteritis, motion makes the pain more intense.",Appendicitis,"A grounded interpretation gives more weight to the evolution and location of pain than to the presence of loose stool alone. Gastroenteritis is plausible at the start, but it does not explain the specific right-sided localization and movement-related pain as well as appendicitis does. The reasoning preserves diarrhea as background noise but allows the focal abdominal pattern to dominate.",Root: favor appendicitis. [Satellite-background: diarrhea -> gastroenteritis-like] [Nucleus: migratory pain to RLQ + movement pain] [Satellite-priority: focal evolution outweighs generic GI symptoms] [Conclusion: appendicitis],No
214,"It started as vague central stomach pain, then it concentrated low on the right, although I also had diarrhea, it gets worse with steps and movement.",Viral gastroenteritis,This reasoning overvalues the commonness of viral illness and undervalues the specificity of pain migration. It treats the memorable loose stool as central and the more diagnostic localization as secondary. That produces premature closure on gastroenteritis.,Root: favor gastroenteritis. [Nucleus: diarrhea + stomach-bug framing] [Satellite-reinterpretation: RLQ pain + movement pain -> cramping/soreness] [Satellite-anchor: GI symptoms overweight decision] [Conclusion: gastroenteritis],Yes
215,"The problem started like a routine UTI, before systemic symptoms and back pain arrived, plus I started vomiting recently, despite mild improvement in the local urinary pain.",Pyelonephritis,A grounded explanation keeps the early dysuria and frequency in the background while allowing the systemic and flank findings to drive the conclusion. Vomiting and fever are not well explained by a simple resolving bladder infection. Pyelonephritis is the stronger diagnosis because it explains both the urinary origin and the systemic deterioration.,Root: favor pyelonephritis. [Satellite-background: dysuria + frequency -> cystitis] [Nucleus: fever + flank/back pain + vomiting + systemic illness] [Satellite-contrast: burning improved] [Satellite-escalation: local infection evolved into systemic picture] [Conclusion: pyelonephritis],No
216,"My chest discomfort starts with exertion, but after large meals it feels like indigestion, last week the pain went to my left arm and I got sweaty, I’m 58 and hypertensive, and I told myself it was probably GERD.",Acute coronary syndrome / unstable angina,"Although the history contains gastrointestinal-looking features, the core nucleus of the case is exertional chest pressure with autonomic symptoms and radiation. Those findings are more discriminative for coronary ischemia than for simple reflux. Antacid response or meal timing can be misleading and do not exclude a cardiac cause. Because the patient is older and has major cardiovascular risk factors, it would be unsafe to anchor on GERD. The best synthesis is that a cardiac diagnosis should be prioritized.",Root: favor ACS. [Nucleus: exertional pain + radiation + sweating -> ischemia] [Satellite-contrast: meal/spicy-food burning + antacid relief -> GERD-like] [Nucleus-elaboration: age/risk factors increase cardiac risk] [Satellite-safety: dangerous diagnosis should be prioritized] [Conclusion: prioritize ACS],No
217,"This began like a respiratory infection with cough and chills, yet one calf started hurting and swelling, and now I am more short of breath than before, leftover antibiotics only seemed to help the fever.",Pneumonia,"The reasoning gives priority to the story’s opening frame of cough, fever, and a cold-like illness and turns that into a pneumonia anchor. Once anchored, the swollen calf is reinterpreted as body aches, muscle strain, or reduced movement from being sick, even though calf swelling is not well explained that way. A small fever response to antibiotics is overread as confirmation of infection. This creates a premature closure on pneumonia while ignoring the stronger thromboembolic structure of the case.",Root: favor pneumonia. [Nucleus: fever + cough + dyspnea -> pneumonia] [Satellite-reinterpretation: calf swelling/pain -> body aches or strain] [Satellite-overclaim: antibiotics response confirms infection] [Satellite-closure: common diagnosis chosen early] [Conclusion: pneumonia is primary],Yes
218,"I feel fatigued almost all the time, I look puffy and my skin texture has changed, and there is weight gain despite barely eating, although brief anxiety-type symptoms do happen, and one older lab gave false reassurance.",Hypothyroidism,"The dominant syndrome is hypothyroid: fatigue, weight gain despite low intake, puffiness, and dry skin form a coherent metabolic picture. Anxiety and occasional palpitations are real conflicting clues, but they are not sufficient to overturn the much broader hypothyroid pattern. An older borderline-normal lab result is weak evidence because symptoms may have evolved since then. The full pattern therefore favors hypothyroidism more than a primary anxiety disorder.",Root: favor hypothyroidism. [Nucleus: fatigue + weight gain + puffiness + dry skin] [Satellite-contrast: palpitations/anxiety] [Satellite-background: old borderline-normal test] [Satellite-integration: syndrome coherence outweighs isolated conflict] [Conclusion: hypothyroidism],No
219,"The problem started like a routine UTI, but then I developed fever and back pain, plus I started vomiting recently, although the urinary burning eased slightly.",Simple cystitis,"This reasoning privileges chronology over severity. It assumes that the first label applied must remain correct, and it explains away later findings instead of revising the model. The result is a falsely reassuring cystitis diagnosis.",Root: favor cystitis. [Nucleus: dysuria + frequency] [Satellite-reinterpretation: back pain + vomiting -> dehydration/strain] [Satellite-overclaim: burning improved -> infection resolving] [Satellite-failure-to-update: early label retained despite escalation] [Conclusion: simple cystitis],Yes
220,"I feel pressure in my chest during brisk walking, yet I also notice burning after greasy food, I recently had sweating and pain radiating toward my jaw, I’m 61 and a smoker, so I did not treat it like a heart problem.",Gastroesophageal reflux disease,"Because the discomfort sometimes follows food and the patient reports at least partial reflux-like features, GERD is taken as the main explanation. Once that anchor is adopted, the more dangerous clues, such as sweating and radiation to the arm or jaw, are reinterpreted as anxiety caused by pain rather than as evidence of ischemia. The exertional trigger is minimized as if it were incidental. This reasoning closes too early on a familiar benign diagnosis and fails to give adequate weight to cardiovascular risk factors.",Root: favor GERD. [Nucleus: meals/spicy food + antacid relief -> reflux] [Satellite-downplay: radiation + sweating -> anxiety response] [Satellite-ignore: exertional trigger + cardiac risk] [Satellite-closure: benign diagnosis chosen early] [Conclusion: GERD explains symptoms],Yes
221,"I have become thinner for no clear reason, my body feels revved up with tremor and palpitations, and I framed it as an anxiety issue, except my neck seems enlarged and others notice my eyes.","Hyperthyroidism, likely Graves disease","The anxious feeling and racing heart can certainly mimic panic, but the broader physical pattern is much more informative. Unintentional weight loss, tremor, neck fullness, and visible eye changes point strongly toward hyperthyroidism, especially Graves disease. The anxiety is therefore better interpreted as part of the endocrine syndrome rather than as a separate primary psychiatric disorder. Fatigue does not contradict this, because prolonged thyrotoxicosis can also cause exhaustion.",Root: favor Graves. [Nucleus: weight loss + tremor + palpitations + neck fullness + eye changes] [Satellite-background: anxiety/panic-like features] [Satellite-integration: anxiety explained within endocrine syndrome] [Conclusion: hyperthyroidism unifies symptoms],No
222,"My clothes are looser because of unexplained weight loss, my heart pounds and my hands tremble, and I thought this was all just anxiety, yet there is obvious neck fullness and my eyes look prominent.","Hyperthyroidism, likely Graves disease",A correct reading resists the temptation to stop at the psychiatric-looking symptoms. The visible bodily signs carry more diagnostic weight: goiter-like neck fullness and eye prominence are especially important because they are difficult to explain by panic disorder alone. Weight loss and tremor strengthen the endocrine interpretation further.,Root: favor Graves. [Nucleus: weight loss + tremor + palpitations + neck fullness + eye changes] [Satellite-background: anxiety/panic-like features] [Satellite-integration: anxiety explained within endocrine syndrome] [Conclusion: hyperthyroidism unifies symptoms],No
223,"The first pain was in the middle of my abdomen, and eventually it became right-sided and lower, with diarrhea complicating the picture, movement clearly aggravates it.",Viral gastroenteritis,This reasoning overvalues the commonness of viral illness and undervalues the specificity of pain migration. It treats the memorable loose stool as central and the more diagnostic localization as secondary. That produces premature closure on gastroenteritis.,Root: favor gastroenteritis. [Nucleus: diarrhea + stomach-bug framing] [Satellite-reinterpretation: RLQ pain + movement pain -> cramping/soreness] [Satellite-anchor: GI symptoms overweight decision] [Conclusion: gastroenteritis],Yes
224,"The problem started like a routine UTI, but later I felt feverish with flank pain, plus I started vomiting recently, despite local symptoms improving a bit.",Pyelonephritis,"The case begins like cystitis, but it does not stay there. The later development of fever, flank or back pain, vomiting, and systemic illness strongly suggests upper urinary tract infection, namely pyelonephritis. Improvement in local burning does not counterbalance the worsening systemic picture. In fact, the change from local urinary discomfort to broader constitutional illness is exactly what makes the case more serious.",Root: favor pyelonephritis. [Satellite-background: dysuria + frequency -> cystitis] [Nucleus: fever + flank/back pain + vomiting + systemic illness] [Satellite-contrast: burning improved] [Satellite-escalation: local infection evolved into systemic picture] [Conclusion: pyelonephritis],No
225,"The first phase seemed like ordinary cystitis, but later I felt feverish with flank pain, vomiting appeared later in the course, despite local symptoms improving a bit.",Simple cystitis,"The hallucinated interpretation continues to treat the case as a simple bladder infection because dysuria and frequency came first. Once that anchor is fixed, fever, vomiting, and back pain are recast as dehydration, muscle pain, or generic effects of being unwell. The slight improvement in burning is overread as a sign that the infection is resolving, even though the overall picture is getting worse. This is a failure to update the diagnosis when new higher-severity evidence appears.",Root: favor cystitis. [Nucleus: dysuria + frequency] [Satellite-reinterpretation: back pain + vomiting -> dehydration/strain] [Satellite-overclaim: burning improved -> infection resolving] [Satellite-failure-to-update: early label retained despite escalation] [Conclusion: simple cystitis],Yes
226,"At first it felt like a simple bladder infection, but later I felt feverish with flank pain, I also started vomiting, even though the burning got a little better.",Pyelonephritis,A grounded explanation keeps the early dysuria and frequency in the background while allowing the systemic and flank findings to drive the conclusion. Vomiting and fever are not well explained by a simple resolving bladder infection. Pyelonephritis is the stronger diagnosis because it explains both the urinary origin and the systemic deterioration.,Root: favor pyelonephritis. [Satellite-background: dysuria + frequency -> cystitis] [Nucleus: fever + flank/back pain + vomiting + systemic illness] [Satellite-contrast: burning improved] [Satellite-escalation: local infection evolved into systemic picture] [Conclusion: pyelonephritis],No
227,"I feel like I am dehydrated and urinating nonstop, and I am getting thinner without trying, my sight is becoming blurry, and I have started getting abdominal discomfort and nausea, even though obesity and family diabetes point the other way.",Type 2 diabetes only,"This line of reasoning mistakes a risk factor pattern for a complete explanation. It privileges what the patient looks like over how the disease is behaving in the moment. By downplaying the catabolic and potentially ketotic features, it reaches an overconfident type 2-only conclusion.",Root: favor type 2 only. [Nucleus: obesity + family history] [Satellite-downplay: weight loss + abdominal symptoms] [Satellite-stereotype: overweight argues against type 1] [Satellite-closure: phenotype overrides physiology] [Conclusion: type 2 only],Yes
228,"I am persistently tired and sluggish, I look puffy and my skin texture has changed, and I gain weight although I do not eat much, although I do get anxious and feel palpitations sometimes, and a months-old test did not look very abnormal.",Anxiety disorder,"The hallucinated reasoning starts from emotionally salient features such as anxiety, palpitations, and headaches and treats them as the core disorder. The weight gain, puffiness, and dry skin are then demoted to lifestyle or stress effects, even though together they form a much more specific hypothyroid cluster. The prior borderline-normal thyroid test is overvalued as if it nearly rules out thyroid disease. This produces a psychologized conclusion that fails to account for the whole syndrome.",Root: favor anxiety disorder. [Nucleus: palpitations + anxiety + headaches] [Satellite-reinterpretation: weight gain + dry skin -> lifestyle/stress] [Satellite-overweight: borderline-normal thyroid test] [Satellite-psychologizing: endocrine cluster fragmented] [Conclusion: anxiety disorder],Yes
229,"It started with cough and fever like a chest infection, but a single swollen calf showed up later, but I can catch my breath less and less, some fever improvement happened, but breathing worsened anyway.",Pulmonary embolism,"A grounded reading preserves both hypotheses at first: pneumonia is plausible because of fever and cough, but the calf findings are a major red flag that changes the weighting of the case. Respiratory decline despite some improvement in fever also argues against a simple resolving infection. The vascular hypothesis explains the leg symptoms and the worsening dyspnea in one causal chain.",Root: favor PE. [Satellite-background: fever + cough -> pneumonia-like] [Nucleus: unilateral calf swelling/pain + worsening dyspnea -> DVT/PE] [Satellite-contrast: antibiotics helped fever only] [Satellite-causal: leg clot can explain lung symptoms] [Conclusion: PE better explains the pattern],No
230,"The belly pain started near the center, and then moved to the right lower side, although I also had diarrhea, walking or jarring makes the pain worse.",Viral gastroenteritis,"The hallucinated explanation begins by anchoring on diarrhea and the patient’s suspicion of food poisoning. Once that benign gastrointestinal frame is chosen, the right lower quadrant localization is reinterpreted as cramping, and the worsening with movement is reduced to generalized soreness. This flattens a focal pain pattern into a diffuse stomach bug explanation and ignores the more informative anatomical evolution.",Root: favor gastroenteritis. [Nucleus: diarrhea + stomach-bug framing] [Satellite-reinterpretation: RLQ pain + movement pain -> cramping/soreness] [Satellite-anchor: GI symptoms overweight decision] [Conclusion: gastroenteritis],Yes
231,"I am unusually tired and sluggish, my skin is dry and my face seems swollen, yet the scale keeps rising even with low intake, but I occasionally feel my heart skip and get anxious, but a prior thyroid result was described as borderline.",Anxiety disorder,"This is a structural misweighting of evidence. The reasoning favors common, low-specificity symptoms and lets them dominate a richer endocrine pattern. The earlier lab is converted into false reassurance, and the physical signs are fragmented instead of integrated.",Root: favor anxiety disorder. [Nucleus: palpitations + anxiety + headaches] [Satellite-reinterpretation: weight gain + dry skin -> lifestyle/stress] [Satellite-overweight: borderline-normal thyroid test] [Satellite-psychologizing: endocrine cluster fragmented] [Conclusion: anxiety disorder],Yes
232,"I began with bladder-type burning and urgency, before it turned into fever and pain near my back, there is now nausea and vomiting too, despite local symptoms improving a bit.",Simple cystitis,"The hallucinated interpretation continues to treat the case as a simple bladder infection because dysuria and frequency came first. Once that anchor is fixed, fever, vomiting, and back pain are recast as dehydration, muscle pain, or generic effects of being unwell. The slight improvement in burning is overread as a sign that the infection is resolving, even though the overall picture is getting worse. This is a failure to update the diagnosis when new higher-severity evidence appears.",Root: favor cystitis. [Nucleus: dysuria + frequency] [Satellite-reinterpretation: back pain + vomiting -> dehydration/strain] [Satellite-overclaim: burning improved -> infection resolving] [Satellite-failure-to-update: early label retained despite escalation] [Conclusion: simple cystitis],Yes
233,"At first the stomach pain was diffuse and central, and later localized to the lower right, and GI upset made me doubt appendicitis, movement clearly aggravates it.",Appendicitis,"A grounded interpretation gives more weight to the evolution and location of pain than to the presence of loose stool alone. Gastroenteritis is plausible at the start, but it does not explain the specific right-sided localization and movement-related pain as well as appendicitis does. The reasoning preserves diarrhea as background noise but allows the focal abdominal pattern to dominate.",Root: favor appendicitis. [Satellite-background: diarrhea -> gastroenteritis-like] [Nucleus: migratory pain to RLQ + movement pain] [Satellite-priority: focal evolution outweighs generic GI symptoms] [Conclusion: appendicitis],No
234,"I first noticed dysuria and urinary frequency, and it progressed to fever with side or back pain, I began throwing up as well, while the original bladder symptoms seem a bit better.",Pyelonephritis,A grounded explanation keeps the early dysuria and frequency in the background while allowing the systemic and flank findings to drive the conclusion. Vomiting and fever are not well explained by a simple resolving bladder infection. Pyelonephritis is the stronger diagnosis because it explains both the urinary origin and the systemic deterioration.,Root: favor pyelonephritis. [Satellite-background: dysuria + frequency -> cystitis] [Nucleus: fever + flank/back pain + vomiting + systemic illness] [Satellite-contrast: burning improved] [Satellite-escalation: local infection evolved into systemic picture] [Conclusion: pyelonephritis],No
235,"The abdominal discomfort began centrally, before settling in the right lower abdomen, with diarrhea complicating the picture, it gets worse with steps and movement.",Appendicitis,"The migratory pattern of pain is the key diagnostic clue. Pain beginning more centrally and then localizing to the right lower quadrant, especially when worsened by movement, is a classic appendiceal pattern and suggests peritoneal irritation. Diarrhea is a misleading but not decisive competing clue because gastrointestinal upset can coexist with appendicitis. The best synthesis is appendicitis rather than simple gastroenteritis.",Root: favor appendicitis. [Satellite-background: diarrhea -> gastroenteritis-like] [Nucleus: migratory pain to RLQ + movement pain] [Satellite-priority: focal evolution outweighs generic GI symptoms] [Conclusion: appendicitis],No
236,"First I had middle abdominal pain, before focusing on the lower right area, though diarrhea pointed me toward a virus, it hurts more when I walk.",Appendicitis,"A grounded interpretation gives more weight to the evolution and location of pain than to the presence of loose stool alone. Gastroenteritis is plausible at the start, but it does not explain the specific right-sided localization and movement-related pain as well as appendicitis does. The reasoning preserves diarrhea as background noise but allows the focal abdominal pattern to dominate.",Root: favor appendicitis. [Satellite-background: diarrhea -> gastroenteritis-like] [Nucleus: migratory pain to RLQ + movement pain] [Satellite-priority: focal evolution outweighs generic GI symptoms] [Conclusion: appendicitis],No
237,"The abdominal discomfort began centrally, then it concentrated low on the right, though diarrhea pointed me toward a virus, walking or jarring makes the pain worse.",Viral gastroenteritis,This reasoning overvalues the commonness of viral illness and undervalues the specificity of pain migration. It treats the memorable loose stool as central and the more diagnostic localization as secondary. That produces premature closure on gastroenteritis.,Root: favor gastroenteritis. [Nucleus: diarrhea + stomach-bug framing] [Satellite-reinterpretation: RLQ pain + movement pain -> cramping/soreness] [Satellite-anchor: GI symptoms overweight decision] [Conclusion: gastroenteritis],Yes
238,"I need water all the time and I am urinating excessively, and I am losing weight, blurred vision is part of it as well, while my stomach hurts and I feel sick, even though I am overweight and my family has type 2 diabetes.",Type 2 diabetes only,"This line of reasoning mistakes a risk factor pattern for a complete explanation. It privileges what the patient looks like over how the disease is behaving in the moment. By downplaying the catabolic and potentially ketotic features, it reaches an overconfident type 2-only conclusion.",Root: favor type 2 only. [Nucleus: obesity + family history] [Satellite-downplay: weight loss + abdominal symptoms] [Satellite-stereotype: overweight argues against type 1] [Satellite-closure: phenotype overrides physiology] [Conclusion: type 2 only],Yes
239,"The belly pain started near the center, before settling in the right lower abdomen, and the bowel symptoms made it seem like food poisoning, motion makes the pain more intense.",Viral gastroenteritis,"The hallucinated explanation begins by anchoring on diarrhea and the patient’s suspicion of food poisoning. Once that benign gastrointestinal frame is chosen, the right lower quadrant localization is reinterpreted as cramping, and the worsening with movement is reduced to generalized soreness. This flattens a focal pain pattern into a diffuse stomach bug explanation and ignores the more informative anatomical evolution.",Root: favor gastroenteritis. [Nucleus: diarrhea + stomach-bug framing] [Satellite-reinterpretation: RLQ pain + movement pain -> cramping/soreness] [Satellite-anchor: GI symptoms overweight decision] [Conclusion: gastroenteritis],Yes
240,"It started as vague central stomach pain, then it migrated down to the right, and loose stool made me think stomach bug, motion makes the pain more intense.",Viral gastroenteritis,"The hallucinated explanation begins by anchoring on diarrhea and the patient’s suspicion of food poisoning. Once that benign gastrointestinal frame is chosen, the right lower quadrant localization is reinterpreted as cramping, and the worsening with movement is reduced to generalized soreness. This flattens a focal pain pattern into a diffuse stomach bug explanation and ignores the more informative anatomical evolution.",Root: favor gastroenteritis. [Nucleus: diarrhea + stomach-bug framing] [Satellite-reinterpretation: RLQ pain + movement pain -> cramping/soreness] [Satellite-anchor: GI symptoms overweight decision] [Conclusion: gastroenteritis],Yes
241,"I am slimming down without meaning to, I feel shaky with a racing heartbeat, and emotionally it feels like a panic attack, except my neck seems enlarged and others notice my eyes.","Hyperthyroidism, likely Graves disease","The anxious feeling and racing heart can certainly mimic panic, but the broader physical pattern is much more informative. Unintentional weight loss, tremor, neck fullness, and visible eye changes point strongly toward hyperthyroidism, especially Graves disease. The anxiety is therefore better interpreted as part of the endocrine syndrome rather than as a separate primary psychiatric disorder. Fatigue does not contradict this, because prolonged thyrotoxicosis can also cause exhaustion.",Root: favor Graves. [Nucleus: weight loss + tremor + palpitations + neck fullness + eye changes] [Satellite-background: anxiety/panic-like features] [Satellite-integration: anxiety explained within endocrine syndrome] [Conclusion: hyperthyroidism unifies symptoms],No
242,"I need water all the time and I am urinating excessively, and there is clear unexplained weight loss, my eyes seem out of focus sometimes, plus I now have nausea and abdominal pain, even though I am overweight and my family has type 2 diabetes.","Diabetes mellitus, likely type 1 physiology","A correct explanation distinguishes phenotype from acute metabolic state. The patient may look like a type 2 candidate because of weight and family history, but the active symptom cluster points to a more urgent process characterized by marked hyperglycemia and possible ketosis. The reasoning therefore keeps the type 2 clue in a contrast branch while allowing the metabolic urgency to dominate the conclusion.",Root: favor diabetes with likely type 1 physiology. [Nucleus: thirst + urination + weight loss + blurry vision + nausea] [Satellite-contrast: obesity + family history -> type 2 clue] [Satellite-urgency: abdominal symptoms suggest ketosis risk] [Conclusion: urgent insulin-deficiency picture],No
243,"At first the stomach pain was diffuse and central, but afterward it shifted to the right lower quadrant, and loose stool made me think stomach bug, I feel it more when I walk around.",Viral gastroenteritis,"The hallucinated explanation begins by anchoring on diarrhea and the patient’s suspicion of food poisoning. Once that benign gastrointestinal frame is chosen, the right lower quadrant localization is reinterpreted as cramping, and the worsening with movement is reduced to generalized soreness. This flattens a focal pain pattern into a diffuse stomach bug explanation and ignores the more informative anatomical evolution.",Root: favor gastroenteritis. [Nucleus: diarrhea + stomach-bug framing] [Satellite-reinterpretation: RLQ pain + movement pain -> cramping/soreness] [Satellite-anchor: GI symptoms overweight decision] [Conclusion: gastroenteritis],Yes
244,"The early symptoms felt exactly like a flu or chest infection, yet one calf started hurting and swelling, and my chest feels tighter as I breathe, antibiotics changed the fever more than the dyspnea.",Pulmonary embolism,"A grounded reading preserves both hypotheses at first: pneumonia is plausible because of fever and cough, but the calf findings are a major red flag that changes the weighting of the case. Respiratory decline despite some improvement in fever also argues against a simple resolving infection. The vascular hypothesis explains the leg symptoms and the worsening dyspnea in one causal chain.",Root: favor PE. [Satellite-background: fever + cough -> pneumonia-like] [Nucleus: unilateral calf swelling/pain + worsening dyspnea -> DVT/PE] [Satellite-contrast: antibiotics helped fever only] [Satellite-causal: leg clot can explain lung symptoms] [Conclusion: PE better explains the pattern],No
245,"I am thirsty all the time and urinate constantly, with noticeable weight loss happening quickly, I keep noticing visual blurring, plus there is recent nausea with belly pain, despite being overweight with strong family history.",Type 2 diabetes only,"The hallucinated reasoning starts from obesity and family history and treats those demographic clues as decisive. Once that anchor is in place, weight loss, nausea, and abdominal pain are minimized as secondary effects of high blood sugar rather than as warnings of insulin deficiency. The model also makes the unsupported leap that being overweight argues strongly against type 1 diabetes. This is a faulty compression of a complex presentation into a simplistic stereotype of type 2 disease.",Root: favor type 2 only. [Nucleus: obesity + family history] [Satellite-downplay: weight loss + abdominal symptoms] [Satellite-stereotype: overweight argues against type 1] [Satellite-closure: phenotype overrides physiology] [Conclusion: type 2 only],Yes
246,"My abdominal pain began in the middle, and then moved to the right lower side, and the bowel symptoms made it seem like food poisoning, motion makes the pain more intense.",Appendicitis,"The migratory pattern of pain is the key diagnostic clue. Pain beginning more centrally and then localizing to the right lower quadrant, especially when worsened by movement, is a classic appendiceal pattern and suggests peritoneal irritation. Diarrhea is a misleading but not decisive competing clue because gastrointestinal upset can coexist with appendicitis. The best synthesis is appendicitis rather than simple gastroenteritis.",Root: favor appendicitis. [Satellite-background: diarrhea -> gastroenteritis-like] [Nucleus: migratory pain to RLQ + movement pain] [Satellite-priority: focal evolution outweighs generic GI symptoms] [Conclusion: appendicitis],No
247,"Everything feels slowed and heavy lately, my body feels puffy and my skin has become dry, while my appetite is low but my weight increases, although brief anxiety-type symptoms do happen, and an old thyroid test was called borderline normal.",Anxiety disorder,"The hallucinated reasoning starts from emotionally salient features such as anxiety, palpitations, and headaches and treats them as the core disorder. The weight gain, puffiness, and dry skin are then demoted to lifestyle or stress effects, even though together they form a much more specific hypothyroid cluster. The prior borderline-normal thyroid test is overvalued as if it nearly rules out thyroid disease. This produces a psychologized conclusion that fails to account for the whole syndrome.",Root: favor anxiety disorder. [Nucleus: palpitations + anxiety + headaches] [Satellite-reinterpretation: weight gain + dry skin -> lifestyle/stress] [Satellite-overweight: borderline-normal thyroid test] [Satellite-psychologizing: endocrine cluster fragmented] [Conclusion: anxiety disorder],Yes
248,"I have become thinner for no clear reason, I feel shaky with a racing heartbeat, which pushed me toward a panic explanation, though I also have a sense of fullness in my neck and eye changes.",Panic disorder,"The hallucinated reasoning elevates anxiety, shakiness, and palpitations to the center of the case because they are familiar panic symptoms. Once that frame is adopted, weight loss is explained as stress, neck fullness is described as subjective, and eye changes are brushed aside as tired appearance. This prevents the model from integrating the bodily findings into a coherent endocrine picture. The conclusion settles on panic disorder not because it explains the full evidence best, but because it captures the most familiar emotional cues.",Root: favor panic disorder. [Nucleus: anxiety + shakiness + tachycardia] [Satellite-reinterpretation: weight loss -> stress] [Satellite-dismissal: eye changes + neck fullness subjective] [Satellite-psychologizing: physical findings subordinated to emotional frame] [Conclusion: panic disorder explains symptoms],Yes
249,"I cannot stop drinking and peeing, plus I have unplanned weight loss, I have episodes of blurry vision, and lately I feel nauseated with stomach pain, although the family pattern suggests type 2.","Diabetes mellitus, likely type 1 physiology","The central issue is not the body habitus alone but the physiology suggested by the symptoms. Polyuria, polydipsia, weight loss, blurry vision, and abdominal symptoms suggest substantial hyperglycemia with possible ketosis or evolving insulin deficiency. Obesity and a family history of type 2 diabetes are meaningful competing clues, but they do not erase the catabolic pattern. In a younger patient, weight loss with nausea and abdominal pain should raise concern for type 1 physiology or at least urgent insulin-requiring diabetes.",Root: favor diabetes with likely type 1 physiology. [Nucleus: thirst + urination + weight loss + blurry vision + nausea] [Satellite-contrast: obesity + family history -> type 2 clue] [Satellite-urgency: abdominal symptoms suggest ketosis risk] [Conclusion: urgent insulin-deficiency picture],No
250,"I wake up with painful stiff fingers and wrists most mornings, even though my toe once blew up after drinking wine, there was at least one high uric acid result in the past, and I know RA affected my mother.",Rheumatoid arthritis,"The chronic pattern is the deciding factor here. Morning stiffness lasting over an hour, together with persistent hand and wrist involvement, strongly favors rheumatoid arthritis because this is a classic symmetric inflammatory small-joint presentation. The toe flare and prior hyperuricemia are genuine gout-like clues, but they are episodic and do not explain the chronic baseline syndrome. Family history of RA adds weight to the inflammatory arthritis interpretation. The best synthesis is that RA explains the ongoing pattern.",Root: favor RA. [Nucleus: prolonged morning stiffness + symmetric small-joint involvement] [Satellite-contrast: toe flare + hyperuricemia -> gout clue] [Nucleus-elaboration: family history supports RA] [Satellite-resolution: acute event does not explain chronic baseline] [Conclusion: RA best fits chronic pattern],No
251,"My wrists and finger joints stay stiff for a long time each morning, yet I also had an abrupt toe attack after a celebratory meal, I remember one lab showing increased uric acid, and I know RA affected my mother.",Rheumatoid arthritis,"The chronic pattern is the deciding factor here. Morning stiffness lasting over an hour, together with persistent hand and wrist involvement, strongly favors rheumatoid arthritis because this is a classic symmetric inflammatory small-joint presentation. The toe flare and prior hyperuricemia are genuine gout-like clues, but they are episodic and do not explain the chronic baseline syndrome. Family history of RA adds weight to the inflammatory arthritis interpretation. The best synthesis is that RA explains the ongoing pattern.",Root: favor RA. [Nucleus: prolonged morning stiffness + symmetric small-joint involvement] [Satellite-contrast: toe flare + hyperuricemia -> gout clue] [Nucleus-elaboration: family history supports RA] [Satellite-resolution: acute event does not explain chronic baseline] [Conclusion: RA best fits chronic pattern],No
252,"Going up steps brings on chest heaviness, but after large meals it feels like indigestion, once it radiated to my shoulder and I broke into a sweat, I’m 58 and hypertensive, and I told myself it was probably GERD.",Gastroesophageal reflux disease,"The reasoning starts from the convenient clue of post-meal burning and promotes it to the central explanation. From there, contradictory evidence is explained away: radiation becomes panic, sweating becomes distress, and vascular risk factors are treated as background rather than decision-driving information. This creates an overconfident but weakly justified conclusion in favor of reflux. The higher-risk explanation is prematurely dismissed.",Root: favor GERD. [Nucleus: meals/spicy food + antacid relief -> reflux] [Satellite-downplay: radiation + sweating -> anxiety response] [Satellite-ignore: exertional trigger + cardiac risk] [Satellite-closure: benign diagnosis chosen early] [Conclusion: GERD explains symptoms],Yes
253,"My fingers feel inflamed and hard to move early each day, but my big toe once swelled up badly after wine, someone told me I had elevated uric acid before, and my mother had rheumatoid arthritis.",Rheumatoid arthritis,"A correct interpretation must distinguish the durable background disease from the memorable acute event. The toe attack after dietary trigger is very salient and can bias reasoning toward gout, but the more informative structure of the case is the long-standing morning stiffness and symmetric small-joint involvement. Hyperuricemia is supportive of gout but not sufficient to explain the full chronic phenotype. Therefore RA is the stronger overall diagnosis.",Root: favor RA. [Nucleus: prolonged morning stiffness + symmetric small-joint involvement] [Satellite-contrast: toe flare + hyperuricemia -> gout clue] [Nucleus-elaboration: family history supports RA] [Satellite-resolution: acute event does not explain chronic baseline] [Conclusion: RA best fits chronic pattern],No
254,"Unplanned weight loss has been bothering me, I have tremor and constant palpitations, and I thought this was all just anxiety, except my neck seems enlarged and others notice my eyes.","Hyperthyroidism, likely Graves disease","The anxious feeling and racing heart can certainly mimic panic, but the broader physical pattern is much more informative. Unintentional weight loss, tremor, neck fullness, and visible eye changes point strongly toward hyperthyroidism, especially Graves disease. The anxiety is therefore better interpreted as part of the endocrine syndrome rather than as a separate primary psychiatric disorder. Fatigue does not contradict this, because prolonged thyrotoxicosis can also cause exhaustion.",Root: favor Graves. [Nucleus: weight loss + tremor + palpitations + neck fullness + eye changes] [Satellite-background: anxiety/panic-like features] [Satellite-integration: anxiety explained within endocrine syndrome] [Conclusion: hyperthyroidism unifies symptoms],No
255,"I have nonstop thirst and frequent urination, plus I have unplanned weight loss, my eyes seem out of focus sometimes, and there is belly pain with nausea, even though obesity and family diabetes point the other way.",Type 2 diabetes only,"This line of reasoning mistakes a risk factor pattern for a complete explanation. It privileges what the patient looks like over how the disease is behaving in the moment. By downplaying the catabolic and potentially ketotic features, it reaches an overconfident type 2-only conclusion.",Root: favor type 2 only. [Nucleus: obesity + family history] [Satellite-downplay: weight loss + abdominal symptoms] [Satellite-stereotype: overweight argues against type 1] [Satellite-closure: phenotype overrides physiology] [Conclusion: type 2 only],Yes
256,"The first phase seemed like ordinary cystitis, before systemic symptoms and back pain arrived, there is now nausea and vomiting too, although the burning is not as bad as before.",Pyelonephritis,A grounded explanation keeps the early dysuria and frequency in the background while allowing the systemic and flank findings to drive the conclusion. Vomiting and fever are not well explained by a simple resolving bladder infection. Pyelonephritis is the stronger diagnosis because it explains both the urinary origin and the systemic deterioration.,Root: favor pyelonephritis. [Satellite-background: dysuria + frequency -> cystitis] [Nucleus: fever + flank/back pain + vomiting + systemic illness] [Satellite-contrast: burning improved] [Satellite-escalation: local infection evolved into systemic picture] [Conclusion: pyelonephritis],No
257,"I have noticeable weight loss that I cannot explain, I have tremor and constant palpitations, and emotionally it feels like a panic attack, but my neck feels full and people say my eyes look different.",Panic disorder,This interpretation fails by treating the psychiatric flavor of the presentation as decisive and treating the physical findings as optional or unreliable. It is an example of premature psychologizing. The result is a diagnosis that is rhetorically smooth but structurally weak.,Root: favor panic disorder. [Nucleus: anxiety + shakiness + tachycardia] [Satellite-reinterpretation: weight loss -> stress] [Satellite-dismissal: eye changes + neck fullness subjective] [Satellite-psychologizing: physical findings subordinated to emotional frame] [Conclusion: panic disorder explains symptoms],Yes
258,"I have become thinner for no clear reason, I notice trembling plus a rapid heartbeat, so I suspected a stress problem, yet there is obvious neck fullness and my eyes look prominent.",Panic disorder,This interpretation fails by treating the psychiatric flavor of the presentation as decisive and treating the physical findings as optional or unreliable. It is an example of premature psychologizing. The result is a diagnosis that is rhetorically smooth but structurally weak.,Root: favor panic disorder. [Nucleus: anxiety + shakiness + tachycardia] [Satellite-reinterpretation: weight loss -> stress] [Satellite-dismissal: eye changes + neck fullness subjective] [Satellite-psychologizing: physical findings subordinated to emotional frame] [Conclusion: panic disorder explains symptoms],Yes
259,"My chest discomfort starts with exertion, even though I also get burning after lying down post-dinner, last week the pain went to my left arm and I got sweaty, I’m 61 and a smoker, so I tried to ignore it as stomach-related.",Gastroesophageal reflux disease,"Because the discomfort sometimes follows food and the patient reports at least partial reflux-like features, GERD is taken as the main explanation. Once that anchor is adopted, the more dangerous clues, such as sweating and radiation to the arm or jaw, are reinterpreted as anxiety caused by pain rather than as evidence of ischemia. The exertional trigger is minimized as if it were incidental. This reasoning closes too early on a familiar benign diagnosis and fails to give adequate weight to cardiovascular risk factors.",Root: favor GERD. [Nucleus: meals/spicy food + antacid relief -> reflux] [Satellite-downplay: radiation + sweating -> anxiety response] [Satellite-ignore: exertional trigger + cardiac risk] [Satellite-closure: benign diagnosis chosen early] [Conclusion: GERD explains symptoms],Yes
260,"The first phase seemed like ordinary cystitis, and later fever with flank pain appeared, I began throwing up as well, while the dysuria became less intense.",Pyelonephritis,A grounded explanation keeps the early dysuria and frequency in the background while allowing the systemic and flank findings to drive the conclusion. Vomiting and fever are not well explained by a simple resolving bladder infection. Pyelonephritis is the stronger diagnosis because it explains both the urinary origin and the systemic deterioration.,Root: favor pyelonephritis. [Satellite-background: dysuria + frequency -> cystitis] [Nucleus: fever + flank/back pain + vomiting + systemic illness] [Satellite-contrast: burning improved] [Satellite-escalation: local infection evolved into systemic picture] [Conclusion: pyelonephritis],No
261,"I first noticed dysuria and urinary frequency, and then the infection seemed to move upward with fever, and vomiting became part of the illness, although the urinary burning eased slightly.",Pyelonephritis,"The case begins like cystitis, but it does not stay there. The later development of fever, flank or back pain, vomiting, and systemic illness strongly suggests upper urinary tract infection, namely pyelonephritis. Improvement in local burning does not counterbalance the worsening systemic picture. In fact, the change from local urinary discomfort to broader constitutional illness is exactly what makes the case more serious.",Root: favor pyelonephritis. [Satellite-background: dysuria + frequency -> cystitis] [Nucleus: fever + flank/back pain + vomiting + systemic illness] [Satellite-contrast: burning improved] [Satellite-escalation: local infection evolved into systemic picture] [Conclusion: pyelonephritis],No
262,"I am unusually tired and sluggish, my skin is dry and my face seems swollen, but I am gaining weight without eating much, although brief anxiety-type symptoms do happen, but a prior thyroid result was described as borderline.",Anxiety disorder,"The hallucinated reasoning starts from emotionally salient features such as anxiety, palpitations, and headaches and treats them as the core disorder. The weight gain, puffiness, and dry skin are then demoted to lifestyle or stress effects, even though together they form a much more specific hypothyroid cluster. The prior borderline-normal thyroid test is overvalued as if it nearly rules out thyroid disease. This produces a psychologized conclusion that fails to account for the whole syndrome.",Root: favor anxiety disorder. [Nucleus: palpitations + anxiety + headaches] [Satellite-reinterpretation: weight gain + dry skin -> lifestyle/stress] [Satellite-overweight: borderline-normal thyroid test] [Satellite-psychologizing: endocrine cluster fragmented] [Conclusion: anxiety disorder],Yes
263,"My illness started as what seemed like a simple chest cold, and then my right calf became painful and enlarged, while the shortness of breath kept escalating, antibiotics helped the temperature more than the lungs.",Pneumonia,"This explanation begins with a common respiratory diagnosis and then forces later clues to fit it. The respiratory symptoms are treated as decisive, while the unilateral leg findings are relegated to an afterthought. The logic also commits a false-confirmation move by treating partial fever improvement as proof of pneumonia.",Root: favor pneumonia. [Nucleus: fever + cough + dyspnea -> pneumonia] [Satellite-reinterpretation: calf swelling/pain -> body aches or strain] [Satellite-overclaim: antibiotics response confirms infection] [Satellite-closure: common diagnosis chosen early] [Conclusion: pneumonia is primary],Yes
264,"I have nonstop thirst and frequent urination, while the scale keeps going down, my sight is becoming blurry, and there is belly pain with nausea, although the family pattern suggests type 2.","Diabetes mellitus, likely type 1 physiology","The central issue is not the body habitus alone but the physiology suggested by the symptoms. Polyuria, polydipsia, weight loss, blurry vision, and abdominal symptoms suggest substantial hyperglycemia with possible ketosis or evolving insulin deficiency. Obesity and a family history of type 2 diabetes are meaningful competing clues, but they do not erase the catabolic pattern. In a younger patient, weight loss with nausea and abdominal pain should raise concern for type 1 physiology or at least urgent insulin-requiring diabetes.",Root: favor diabetes with likely type 1 physiology. [Nucleus: thirst + urination + weight loss + blurry vision + nausea] [Satellite-contrast: obesity + family history -> type 2 clue] [Satellite-urgency: abdominal symptoms suggest ketosis risk] [Conclusion: urgent insulin-deficiency picture],No
265,"My fingers feel inflamed and hard to move early each day, even though my toe once blew up after drinking wine, I remember one lab showing increased uric acid, and rheumatoid arthritis runs in my family.",Rheumatoid arthritis,"A correct interpretation must distinguish the durable background disease from the memorable acute event. The toe attack after dietary trigger is very salient and can bias reasoning toward gout, but the more informative structure of the case is the long-standing morning stiffness and symmetric small-joint involvement. Hyperuricemia is supportive of gout but not sufficient to explain the full chronic phenotype. Therefore RA is the stronger overall diagnosis.",Root: favor RA. [Nucleus: prolonged morning stiffness + symmetric small-joint involvement] [Satellite-contrast: toe flare + hyperuricemia -> gout clue] [Nucleus-elaboration: family history supports RA] [Satellite-resolution: acute event does not explain chronic baseline] [Conclusion: RA best fits chronic pattern],No
266,"I am thirsty all the time and urinate constantly, and there is clear unexplained weight loss, my vision also gets blurry, plus there is recent nausea with belly pain, but I am still overweight and diabetes runs in my family.",Type 2 diabetes only,"The hallucinated reasoning starts from obesity and family history and treats those demographic clues as decisive. Once that anchor is in place, weight loss, nausea, and abdominal pain are minimized as secondary effects of high blood sugar rather than as warnings of insulin deficiency. The model also makes the unsupported leap that being overweight argues strongly against type 1 diabetes. This is a faulty compression of a complex presentation into a simplistic stereotype of type 2 disease.",Root: favor type 2 only. [Nucleus: obesity + family history] [Satellite-downplay: weight loss + abdominal symptoms] [Satellite-stereotype: overweight argues against type 1] [Satellite-closure: phenotype overrides physiology] [Conclusion: type 2 only],Yes
267,"I need water all the time and I am urinating excessively, and I am getting thinner without trying, my vision also gets blurry, and lately I feel nauseated with stomach pain, but my body type and family history look like type 2.","Diabetes mellitus, likely type 1 physiology","A correct explanation distinguishes phenotype from acute metabolic state. The patient may look like a type 2 candidate because of weight and family history, but the active symptom cluster points to a more urgent process characterized by marked hyperglycemia and possible ketosis. The reasoning therefore keeps the type 2 clue in a contrast branch while allowing the metabolic urgency to dominate the conclusion.",Root: favor diabetes with likely type 1 physiology. [Nucleus: thirst + urination + weight loss + blurry vision + nausea] [Satellite-contrast: obesity + family history -> type 2 clue] [Satellite-urgency: abdominal symptoms suggest ketosis risk] [Conclusion: urgent insulin-deficiency picture],No
268,"I have nonstop thirst and frequent urination, and I am losing weight, my eyes seem out of focus sometimes, plus I now have nausea and abdominal pain, but my body type and family history look like type 2.",Type 2 diabetes only,"This line of reasoning mistakes a risk factor pattern for a complete explanation. It privileges what the patient looks like over how the disease is behaving in the moment. By downplaying the catabolic and potentially ketotic features, it reaches an overconfident type 2-only conclusion.",Root: favor type 2 only. [Nucleus: obesity + family history] [Satellite-downplay: weight loss + abdominal symptoms] [Satellite-stereotype: overweight argues against type 1] [Satellite-closure: phenotype overrides physiology] [Conclusion: type 2 only],Yes
269,"My energy is very low and I feel slowed, I have puffiness and dry skin, and I have gained weight despite low appetite, even so, there are moments of anxiety and heartbeat awareness, and an old thyroid test was called borderline normal.",Anxiety disorder,"The hallucinated reasoning starts from emotionally salient features such as anxiety, palpitations, and headaches and treats them as the core disorder. The weight gain, puffiness, and dry skin are then demoted to lifestyle or stress effects, even though together they form a much more specific hypothyroid cluster. The prior borderline-normal thyroid test is overvalued as if it nearly rules out thyroid disease. This produces a psychologized conclusion that fails to account for the whole syndrome.",Root: favor anxiety disorder. [Nucleus: palpitations + anxiety + headaches] [Satellite-reinterpretation: weight gain + dry skin -> lifestyle/stress] [Satellite-overweight: borderline-normal thyroid test] [Satellite-psychologizing: endocrine cluster fragmented] [Conclusion: anxiety disorder],Yes
270,"The problem started like a routine UTI, but then I developed fever and back pain, and vomiting became part of the illness, despite local symptoms improving a bit.",Pyelonephritis,A grounded explanation keeps the early dysuria and frequency in the background while allowing the systemic and flank findings to drive the conclusion. Vomiting and fever are not well explained by a simple resolving bladder infection. Pyelonephritis is the stronger diagnosis because it explains both the urinary origin and the systemic deterioration.,Root: favor pyelonephritis. [Satellite-background: dysuria + frequency -> cystitis] [Nucleus: fever + flank/back pain + vomiting + systemic illness] [Satellite-contrast: burning improved] [Satellite-escalation: local infection evolved into systemic picture] [Conclusion: pyelonephritis],No
271,"When I hurry across a parking lot I feel chest squeezing, yet I also notice burning after greasy food, once it radiated to my shoulder and I broke into a sweat, I’m 58 and hypertensive, which made me dismiss it as acid reflux.",Gastroesophageal reflux disease,"The reasoning starts from the convenient clue of post-meal burning and promotes it to the central explanation. From there, contradictory evidence is explained away: radiation becomes panic, sweating becomes distress, and vascular risk factors are treated as background rather than decision-driving information. This creates an overconfident but weakly justified conclusion in favor of reflux. The higher-risk explanation is prematurely dismissed.",Root: favor GERD. [Nucleus: meals/spicy food + antacid relief -> reflux] [Satellite-downplay: radiation + sweating -> anxiety response] [Satellite-ignore: exertional trigger + cardiac risk] [Satellite-closure: benign diagnosis chosen early] [Conclusion: GERD explains symptoms],Yes
272,"I have become thinner for no clear reason, there is a tremor in my hands and fast heartbeat, so I suspected a stress problem, though I also have a sense of fullness in my neck and eye changes.",Panic disorder,This interpretation fails by treating the psychiatric flavor of the presentation as decisive and treating the physical findings as optional or unreliable. It is an example of premature psychologizing. The result is a diagnosis that is rhetorically smooth but structurally weak.,Root: favor panic disorder. [Nucleus: anxiety + shakiness + tachycardia] [Satellite-reinterpretation: weight loss -> stress] [Satellite-dismissal: eye changes + neck fullness subjective] [Satellite-psychologizing: physical findings subordinated to emotional frame] [Conclusion: panic disorder explains symptoms],Yes
273,"It began with burning urination and frequent trips to the bathroom, before systemic symptoms and back pain arrived, there is now nausea and vomiting too, despite mild improvement in the local urinary pain.",Simple cystitis,"The hallucinated interpretation continues to treat the case as a simple bladder infection because dysuria and frequency came first. Once that anchor is fixed, fever, vomiting, and back pain are recast as dehydration, muscle pain, or generic effects of being unwell. The slight improvement in burning is overread as a sign that the infection is resolving, even though the overall picture is getting worse. This is a failure to update the diagnosis when new higher-severity evidence appears.",Root: favor cystitis. [Nucleus: dysuria + frequency] [Satellite-reinterpretation: back pain + vomiting -> dehydration/strain] [Satellite-overclaim: burning improved -> infection resolving] [Satellite-failure-to-update: early label retained despite escalation] [Conclusion: simple cystitis],Yes
274,"It began with burning urination and frequent trips to the bathroom, before it turned into fever and pain near my back, vomiting appeared later in the course, despite mild improvement in the local urinary pain.",Simple cystitis,"This reasoning privileges chronology over severity. It assumes that the first label applied must remain correct, and it explains away later findings instead of revising the model. The result is a falsely reassuring cystitis diagnosis.",Root: favor cystitis. [Nucleus: dysuria + frequency] [Satellite-reinterpretation: back pain + vomiting -> dehydration/strain] [Satellite-overclaim: burning improved -> infection resolving] [Satellite-failure-to-update: early label retained despite escalation] [Conclusion: simple cystitis],Yes
275,"I feel pressure in my chest during brisk walking, but sometimes it also comes after spicy food at night, once it radiated to my shoulder and I broke into a sweat, I’m 64 with high cholesterol, so I kept assuming it was indigestion.",Gastroesophageal reflux disease,"Because the discomfort sometimes follows food and the patient reports at least partial reflux-like features, GERD is taken as the main explanation. Once that anchor is adopted, the more dangerous clues, such as sweating and radiation to the arm or jaw, are reinterpreted as anxiety caused by pain rather than as evidence of ischemia. The exertional trigger is minimized as if it were incidental. This reasoning closes too early on a familiar benign diagnosis and fails to give adequate weight to cardiovascular risk factors.",Root: favor GERD. [Nucleus: meals/spicy food + antacid relief -> reflux] [Satellite-downplay: radiation + sweating -> anxiety response] [Satellite-ignore: exertional trigger + cardiac risk] [Satellite-closure: benign diagnosis chosen early] [Conclusion: GERD explains symptoms],Yes
276,"My weight is dropping even though I am not dieting, I feel trembly and my pulse pounds, so I suspected a stress problem, but my neck feels full and people say my eyes look different.",Panic disorder,This interpretation fails by treating the psychiatric flavor of the presentation as decisive and treating the physical findings as optional or unreliable. It is an example of premature psychologizing. The result is a diagnosis that is rhetorically smooth but structurally weak.,Root: favor panic disorder. [Nucleus: anxiety + shakiness + tachycardia] [Satellite-reinterpretation: weight loss -> stress] [Satellite-dismissal: eye changes + neck fullness subjective] [Satellite-psychologizing: physical findings subordinated to emotional frame] [Conclusion: panic disorder explains symptoms],Yes
277,"I feel fatigued almost all the time, people notice I look puffy and dry-skinned, yet the scale keeps rising even with low intake, but I occasionally feel my heart skip and get anxious, and a previous result was interpreted as basically normal.",Hypothyroidism,"A correct reading identifies the cluster rather than overreacting to one contradictory symptom. Palpitations and anxiety can occur for many reasons and do not erase the metabolically slowed presentation. The more integrated explanation is thyroid underactivity, with the old near-normal test retained as background rather than treated as decisive.",Root: favor hypothyroidism. [Nucleus: fatigue + weight gain + puffiness + dry skin] [Satellite-contrast: palpitations/anxiety] [Satellite-background: old borderline-normal test] [Satellite-integration: syndrome coherence outweighs isolated conflict] [Conclusion: hypothyroidism],No
278,"I am always thirsty and urinating much more than normal, and there is clear unexplained weight loss, there is intermittent blurred vision too, and lately I feel nauseated with stomach pain, but I am still overweight and diabetes runs in my family.","Diabetes mellitus, likely type 1 physiology","The central issue is not the body habitus alone but the physiology suggested by the symptoms. Polyuria, polydipsia, weight loss, blurry vision, and abdominal symptoms suggest substantial hyperglycemia with possible ketosis or evolving insulin deficiency. Obesity and a family history of type 2 diabetes are meaningful competing clues, but they do not erase the catabolic pattern. In a younger patient, weight loss with nausea and abdominal pain should raise concern for type 1 physiology or at least urgent insulin-requiring diabetes.",Root: favor diabetes with likely type 1 physiology. [Nucleus: thirst + urination + weight loss + blurry vision + nausea] [Satellite-contrast: obesity + family history -> type 2 clue] [Satellite-urgency: abdominal symptoms suggest ketosis risk] [Conclusion: urgent insulin-deficiency picture],No
279,"The main feeling is deep fatigue and slowing, my skin is dry and my face seems swollen, but reduced appetite has not stopped weight gain, although brief anxiety-type symptoms do happen, and a months-old test did not look very abnormal.",Hypothyroidism,"A correct reading identifies the cluster rather than overreacting to one contradictory symptom. Palpitations and anxiety can occur for many reasons and do not erase the metabolically slowed presentation. The more integrated explanation is thyroid underactivity, with the old near-normal test retained as background rather than treated as decisive.",Root: favor hypothyroidism. [Nucleus: fatigue + weight gain + puffiness + dry skin] [Satellite-contrast: palpitations/anxiety] [Satellite-background: old borderline-normal test] [Satellite-integration: syndrome coherence outweighs isolated conflict] [Conclusion: hypothyroidism],No
280,"I am always thirsty and urinating much more than normal, while the scale keeps going down, my vision also gets blurry, and my abdomen hurts with queasiness, but I am still overweight and diabetes runs in my family.","Diabetes mellitus, likely type 1 physiology","A correct explanation distinguishes phenotype from acute metabolic state. The patient may look like a type 2 candidate because of weight and family history, but the active symptom cluster points to a more urgent process characterized by marked hyperglycemia and possible ketosis. The reasoning therefore keeps the type 2 clue in a contrast branch while allowing the metabolic urgency to dominate the conclusion.",Root: favor diabetes with likely type 1 physiology. [Nucleus: thirst + urination + weight loss + blurry vision + nausea] [Satellite-contrast: obesity + family history -> type 2 clue] [Satellite-urgency: abdominal symptoms suggest ketosis risk] [Conclusion: urgent insulin-deficiency picture],No
281,"I feel worn out and slowed down daily, my skin is dry and my face seems swollen, and I have gained weight despite low appetite, but I occasionally feel my heart skip and get anxious, and one older lab gave false reassurance.",Anxiety disorder,"This is a structural misweighting of evidence. The reasoning favors common, low-specificity symptoms and lets them dominate a richer endocrine pattern. The earlier lab is converted into false reassurance, and the physical signs are fragmented instead of integrated.",Root: favor anxiety disorder. [Nucleus: palpitations + anxiety + headaches] [Satellite-reinterpretation: weight gain + dry skin -> lifestyle/stress] [Satellite-overweight: borderline-normal thyroid test] [Satellite-psychologizing: endocrine cluster fragmented] [Conclusion: anxiety disorder],Yes
282,"I am losing weight even though my habits have not changed, my body feels revved up with tremor and palpitations, and I framed it as an anxiety issue, but I have thyroid-area fullness and visible eye changes.","Hyperthyroidism, likely Graves disease","The anxious feeling and racing heart can certainly mimic panic, but the broader physical pattern is much more informative. Unintentional weight loss, tremor, neck fullness, and visible eye changes point strongly toward hyperthyroidism, especially Graves disease. The anxiety is therefore better interpreted as part of the endocrine syndrome rather than as a separate primary psychiatric disorder. Fatigue does not contradict this, because prolonged thyrotoxicosis can also cause exhaustion.",Root: favor Graves. [Nucleus: weight loss + tremor + palpitations + neck fullness + eye changes] [Satellite-background: anxiety/panic-like features] [Satellite-integration: anxiety explained within endocrine syndrome] [Conclusion: hyperthyroidism unifies symptoms],No
283,"I need water all the time and I am urinating excessively, and I am getting thinner without trying, my eyesight goes fuzzy at times, plus there is recent nausea with belly pain, but I still look like someone with type 2 risk.",Type 2 diabetes only,"The hallucinated reasoning starts from obesity and family history and treats those demographic clues as decisive. Once that anchor is in place, weight loss, nausea, and abdominal pain are minimized as secondary effects of high blood sugar rather than as warnings of insulin deficiency. The model also makes the unsupported leap that being overweight argues strongly against type 1 diabetes. This is a faulty compression of a complex presentation into a simplistic stereotype of type 2 disease.",Root: favor type 2 only. [Nucleus: obesity + family history] [Satellite-downplay: weight loss + abdominal symptoms] [Satellite-stereotype: overweight argues against type 1] [Satellite-closure: phenotype overrides physiology] [Conclusion: type 2 only],Yes
284,"My clothes are looser because of unexplained weight loss, I have tremor and constant palpitations, so I suspected a stress problem, though I also have a sense of fullness in my neck and eye changes.","Hyperthyroidism, likely Graves disease",A correct reading resists the temptation to stop at the psychiatric-looking symptoms. The visible bodily signs carry more diagnostic weight: goiter-like neck fullness and eye prominence are especially important because they are difficult to explain by panic disorder alone. Weight loss and tremor strengthen the endocrine interpretation further.,Root: favor Graves. [Nucleus: weight loss + tremor + palpitations + neck fullness + eye changes] [Satellite-background: anxiety/panic-like features] [Satellite-integration: anxiety explained within endocrine syndrome] [Conclusion: hyperthyroidism unifies symptoms],No
285,"I am always thirsty and urinating much more than normal, and I am losing weight, blurred vision is part of it as well, plus there is recent nausea with belly pain, but I still look like someone with type 2 risk.",Type 2 diabetes only,"This line of reasoning mistakes a risk factor pattern for a complete explanation. It privileges what the patient looks like over how the disease is behaving in the moment. By downplaying the catabolic and potentially ketotic features, it reaches an overconfident type 2-only conclusion.",Root: favor type 2 only. [Nucleus: obesity + family history] [Satellite-downplay: weight loss + abdominal symptoms] [Satellite-stereotype: overweight argues against type 1] [Satellite-closure: phenotype overrides physiology] [Conclusion: type 2 only],Yes
286,"I feel exhausted and slowed down, my skin is dry and my face seems swollen, but reduced appetite has not stopped weight gain, still, I get episodes of nervousness and palpitations, but an old thyroid panel was not clearly abnormal.",Hypothyroidism,"A correct reading identifies the cluster rather than overreacting to one contradictory symptom. Palpitations and anxiety can occur for many reasons and do not erase the metabolically slowed presentation. The more integrated explanation is thyroid underactivity, with the old near-normal test retained as background rather than treated as decisive.",Root: favor hypothyroidism. [Nucleus: fatigue + weight gain + puffiness + dry skin] [Satellite-contrast: palpitations/anxiety] [Satellite-background: old borderline-normal test] [Satellite-integration: syndrome coherence outweighs isolated conflict] [Conclusion: hypothyroidism],No
287,"I notice chest pressure when carrying groceries, but sometimes it also comes after spicy food at night, the strongest episode came with sweating and arm discomfort, I’m 61 and a smoker, so I did not treat it like a heart problem.",Acute coronary syndrome / unstable angina,"The most important feature is that the chest discomfort is triggered by exertion rather than only by meals. Radiation to the arm or jaw and associated sweating are classic high-risk clues for myocardial ischemia. The reflux-like features are real conflicting clues, but they are lower-specificity findings and do not neutralize the cardiac risk pattern. The patient’s age and vascular risk factors increase the pretest probability of acute coronary syndrome. A safer and more coherent interpretation is that this is unstable angina or another ACS presentation until proven otherwise.",Root: favor ACS. [Nucleus: exertional pain + radiation + sweating -> ischemia] [Satellite-contrast: meal/spicy-food burning + antacid relief -> GERD-like] [Nucleus-elaboration: age/risk factors increase cardiac risk] [Satellite-safety: dangerous diagnosis should be prioritized] [Conclusion: prioritize ACS],No
288,"I have persistent morning stiffness in both hands and wrists, although one time my toe flared after seafood and alcohol, I remember one lab showing increased uric acid, and a close relative has RA.",Rheumatoid arthritis,"A correct interpretation must distinguish the durable background disease from the memorable acute event. The toe attack after dietary trigger is very salient and can bias reasoning toward gout, but the more informative structure of the case is the long-standing morning stiffness and symmetric small-joint involvement. Hyperuricemia is supportive of gout but not sufficient to explain the full chronic phenotype. Therefore RA is the stronger overall diagnosis.",Root: favor RA. [Nucleus: prolonged morning stiffness + symmetric small-joint involvement] [Satellite-contrast: toe flare + hyperuricemia -> gout clue] [Nucleus-elaboration: family history supports RA] [Satellite-resolution: acute event does not explain chronic baseline] [Conclusion: RA best fits chronic pattern],No
289,"I am slimming down without meaning to, there is a tremor in my hands and fast heartbeat, so I wondered if it was panic, except my neck seems enlarged and others notice my eyes.","Hyperthyroidism, likely Graves disease","The anxious feeling and racing heart can certainly mimic panic, but the broader physical pattern is much more informative. Unintentional weight loss, tremor, neck fullness, and visible eye changes point strongly toward hyperthyroidism, especially Graves disease. The anxiety is therefore better interpreted as part of the endocrine syndrome rather than as a separate primary psychiatric disorder. Fatigue does not contradict this, because prolonged thyrotoxicosis can also cause exhaustion.",Root: favor Graves. [Nucleus: weight loss + tremor + palpitations + neck fullness + eye changes] [Satellite-background: anxiety/panic-like features] [Satellite-integration: anxiety explained within endocrine syndrome] [Conclusion: hyperthyroidism unifies symptoms],No
290,"I am slimming down without meaning to, I feel shaky with a racing heartbeat, and I framed it as an anxiety issue, though I also have a sense of fullness in my neck and eye changes.","Hyperthyroidism, likely Graves disease","The anxious feeling and racing heart can certainly mimic panic, but the broader physical pattern is much more informative. Unintentional weight loss, tremor, neck fullness, and visible eye changes point strongly toward hyperthyroidism, especially Graves disease. The anxiety is therefore better interpreted as part of the endocrine syndrome rather than as a separate primary psychiatric disorder. Fatigue does not contradict this, because prolonged thyrotoxicosis can also cause exhaustion.",Root: favor Graves. [Nucleus: weight loss + tremor + palpitations + neck fullness + eye changes] [Satellite-background: anxiety/panic-like features] [Satellite-integration: anxiety explained within endocrine syndrome] [Conclusion: hyperthyroidism unifies symptoms],No
291,"I am unusually tired and sluggish, dry skin and puffiness are obvious now, while my appetite is low but my weight increases, still, I sometimes feel anxious or notice skipped beats, and a previous result was interpreted as basically normal.",Anxiety disorder,"The hallucinated reasoning starts from emotionally salient features such as anxiety, palpitations, and headaches and treats them as the core disorder. The weight gain, puffiness, and dry skin are then demoted to lifestyle or stress effects, even though together they form a much more specific hypothyroid cluster. The prior borderline-normal thyroid test is overvalued as if it nearly rules out thyroid disease. This produces a psychologized conclusion that fails to account for the whole syndrome.",Root: favor anxiety disorder. [Nucleus: palpitations + anxiety + headaches] [Satellite-reinterpretation: weight gain + dry skin -> lifestyle/stress] [Satellite-overweight: borderline-normal thyroid test] [Satellite-psychologizing: endocrine cluster fragmented] [Conclusion: anxiety disorder],Yes
292,"My energy is very low and I feel slowed, my face looks puffy and my skin is dry, while my appetite is low but my weight increases, still, I get episodes of nervousness and palpitations, but a prior thyroid result was described as borderline.",Hypothyroidism,"The dominant syndrome is hypothyroid: fatigue, weight gain despite low intake, puffiness, and dry skin form a coherent metabolic picture. Anxiety and occasional palpitations are real conflicting clues, but they are not sufficient to overturn the much broader hypothyroid pattern. An older borderline-normal lab result is weak evidence because symptoms may have evolved since then. The full pattern therefore favors hypothyroidism more than a primary anxiety disorder.",Root: favor hypothyroidism. [Nucleus: fatigue + weight gain + puffiness + dry skin] [Satellite-contrast: palpitations/anxiety] [Satellite-background: old borderline-normal test] [Satellite-integration: syndrome coherence outweighs isolated conflict] [Conclusion: hypothyroidism],No
293,"Physical effort seems to trigger a band-like chest pain, though sometimes it seems tied to reflux after eating, yesterday it spread to my jaw and I became clammy, I’m 64 with high cholesterol, and I told myself it was probably GERD.",Acute coronary syndrome / unstable angina,"The most important feature is that the chest discomfort is triggered by exertion rather than only by meals. Radiation to the arm or jaw and associated sweating are classic high-risk clues for myocardial ischemia. The reflux-like features are real conflicting clues, but they are lower-specificity findings and do not neutralize the cardiac risk pattern. The patient’s age and vascular risk factors increase the pretest probability of acute coronary syndrome. A safer and more coherent interpretation is that this is unstable angina or another ACS presentation until proven otherwise.",Root: favor ACS. [Nucleus: exertional pain + radiation + sweating -> ischemia] [Satellite-contrast: meal/spicy-food burning + antacid relief -> GERD-like] [Nucleus-elaboration: age/risk factors increase cardiac risk] [Satellite-safety: dangerous diagnosis should be prioritized] [Conclusion: prioritize ACS],No
294,"I have become thinner for no clear reason, I feel shaky with a racing heartbeat, which pushed me toward a panic explanation, but my neck feels full and people say my eyes look different.","Hyperthyroidism, likely Graves disease",A correct reading resists the temptation to stop at the psychiatric-looking symptoms. The visible bodily signs carry more diagnostic weight: goiter-like neck fullness and eye prominence are especially important because they are difficult to explain by panic disorder alone. Weight loss and tremor strengthen the endocrine interpretation further.,Root: favor Graves. [Nucleus: weight loss + tremor + palpitations + neck fullness + eye changes] [Satellite-background: anxiety/panic-like features] [Satellite-integration: anxiety explained within endocrine syndrome] [Conclusion: hyperthyroidism unifies symptoms],No
295,"I cannot stop drinking and peeing, while the scale keeps going down, blurred vision is part of it as well, and there is belly pain with nausea, even though obesity and family diabetes point the other way.","Diabetes mellitus, likely type 1 physiology","A correct explanation distinguishes phenotype from acute metabolic state. The patient may look like a type 2 candidate because of weight and family history, but the active symptom cluster points to a more urgent process characterized by marked hyperglycemia and possible ketosis. The reasoning therefore keeps the type 2 clue in a contrast branch while allowing the metabolic urgency to dominate the conclusion.",Root: favor diabetes with likely type 1 physiology. [Nucleus: thirst + urination + weight loss + blurry vision + nausea] [Satellite-contrast: obesity + family history -> type 2 clue] [Satellite-urgency: abdominal symptoms suggest ketosis risk] [Conclusion: urgent insulin-deficiency picture],No
296,"At first the stomach pain was diffuse and central, then it concentrated low on the right, while loose stool made me assume gastroenteritis, walking or jarring makes the pain worse.",Viral gastroenteritis,This reasoning overvalues the commonness of viral illness and undervalues the specificity of pain migration. It treats the memorable loose stool as central and the more diagnostic localization as secondary. That produces premature closure on gastroenteritis.,Root: favor gastroenteritis. [Nucleus: diarrhea + stomach-bug framing] [Satellite-reinterpretation: RLQ pain + movement pain -> cramping/soreness] [Satellite-anchor: GI symptoms overweight decision] [Conclusion: gastroenteritis],Yes
297,"I cannot stop drinking and peeing, with noticeable weight loss happening quickly, my vision also gets blurry, with nausea and stomach upset appearing too, but I am still overweight and diabetes runs in my family.","Diabetes mellitus, likely type 1 physiology","A correct explanation distinguishes phenotype from acute metabolic state. The patient may look like a type 2 candidate because of weight and family history, but the active symptom cluster points to a more urgent process characterized by marked hyperglycemia and possible ketosis. The reasoning therefore keeps the type 2 clue in a contrast branch while allowing the metabolic urgency to dominate the conclusion.",Root: favor diabetes with likely type 1 physiology. [Nucleus: thirst + urination + weight loss + blurry vision + nausea] [Satellite-contrast: obesity + family history -> type 2 clue] [Satellite-urgency: abdominal symptoms suggest ketosis risk] [Conclusion: urgent insulin-deficiency picture],No
298,"My abdominal pain began in the middle, before focusing on the lower right area, while loose stool made me assume gastroenteritis, I feel it more when I walk around.",Viral gastroenteritis,"The hallucinated explanation begins by anchoring on diarrhea and the patient’s suspicion of food poisoning. Once that benign gastrointestinal frame is chosen, the right lower quadrant localization is reinterpreted as cramping, and the worsening with movement is reduced to generalized soreness. This flattens a focal pain pattern into a diffuse stomach bug explanation and ignores the more informative anatomical evolution.",Root: favor gastroenteritis. [Nucleus: diarrhea + stomach-bug framing] [Satellite-reinterpretation: RLQ pain + movement pain -> cramping/soreness] [Satellite-anchor: GI symptoms overweight decision] [Conclusion: gastroenteritis],Yes
299,"The first pain was in the middle of my abdomen, but afterward it shifted to the right lower quadrant, though diarrhea pointed me toward a virus, walking makes it worse.",Appendicitis,"The migratory pattern of pain is the key diagnostic clue. Pain beginning more centrally and then localizing to the right lower quadrant, especially when worsened by movement, is a classic appendiceal pattern and suggests peritoneal irritation. Diarrhea is a misleading but not decisive competing clue because gastrointestinal upset can coexist with appendicitis. The best synthesis is appendicitis rather than simple gastroenteritis.",Root: favor appendicitis. [Satellite-background: diarrhea -> gastroenteritis-like] [Nucleus: migratory pain to RLQ + movement pain] [Satellite-priority: focal evolution outweighs generic GI symptoms] [Conclusion: appendicitis],No
300,"My illness started as what seemed like a simple chest cold, yet one calf started hurting and swelling, and now I am more short of breath than before, antibiotics changed the fever more than the dyspnea.",Pulmonary embolism,"A grounded reading preserves both hypotheses at first: pneumonia is plausible because of fever and cough, but the calf findings are a major red flag that changes the weighting of the case. Respiratory decline despite some improvement in fever also argues against a simple resolving infection. The vascular hypothesis explains the leg symptoms and the worsening dyspnea in one causal chain.",Root: favor PE. [Satellite-background: fever + cough -> pneumonia-like] [Nucleus: unilateral calf swelling/pain + worsening dyspnea -> DVT/PE] [Satellite-contrast: antibiotics helped fever only] [Satellite-causal: leg clot can explain lung symptoms] [Conclusion: PE better explains the pattern],No
301,"At first it felt like a simple bladder infection, before systemic symptoms and back pain arrived, I began throwing up as well, even though the bladder symptoms softened somewhat.",Pyelonephritis,A grounded explanation keeps the early dysuria and frequency in the background while allowing the systemic and flank findings to drive the conclusion. Vomiting and fever are not well explained by a simple resolving bladder infection. Pyelonephritis is the stronger diagnosis because it explains both the urinary origin and the systemic deterioration.,Root: favor pyelonephritis. [Satellite-background: dysuria + frequency -> cystitis] [Nucleus: fever + flank/back pain + vomiting + systemic illness] [Satellite-contrast: burning improved] [Satellite-escalation: local infection evolved into systemic picture] [Conclusion: pyelonephritis],No
302,"I have nonstop thirst and frequent urination, plus I have unplanned weight loss, there is intermittent blurred vision too, and there is belly pain with nausea, even though I am overweight and my family has type 2 diabetes.",Type 2 diabetes only,"The hallucinated reasoning starts from obesity and family history and treats those demographic clues as decisive. Once that anchor is in place, weight loss, nausea, and abdominal pain are minimized as secondary effects of high blood sugar rather than as warnings of insulin deficiency. The model also makes the unsupported leap that being overweight argues strongly against type 1 diabetes. This is a faulty compression of a complex presentation into a simplistic stereotype of type 2 disease.",Root: favor type 2 only. [Nucleus: obesity + family history] [Satellite-downplay: weight loss + abdominal symptoms] [Satellite-stereotype: overweight argues against type 1] [Satellite-closure: phenotype overrides physiology] [Conclusion: type 2 only],Yes
303,"The early symptoms were classic urinary burning and frequency, but later I felt feverish with flank pain, plus I started vomiting recently, despite mild improvement in the local urinary pain.",Simple cystitis,"The hallucinated interpretation continues to treat the case as a simple bladder infection because dysuria and frequency came first. Once that anchor is fixed, fever, vomiting, and back pain are recast as dehydration, muscle pain, or generic effects of being unwell. The slight improvement in burning is overread as a sign that the infection is resolving, even though the overall picture is getting worse. This is a failure to update the diagnosis when new higher-severity evidence appears.",Root: favor cystitis. [Nucleus: dysuria + frequency] [Satellite-reinterpretation: back pain + vomiting -> dehydration/strain] [Satellite-overclaim: burning improved -> infection resolving] [Satellite-failure-to-update: early label retained despite escalation] [Conclusion: simple cystitis],Yes
304,"My wrists and finger joints stay stiff for a long time each morning, yet I also had an abrupt toe attack after a celebratory meal, there was at least one high uric acid result in the past, and my mother had rheumatoid arthritis.",Gout,"A hallucinated interpretation gives privileged status to the classic-sounding gout clues and treats them as sufficient to explain everything else. The chronic morning stiffness is downgraded to a generic inflammatory complaint, even though it is actually the more discriminative feature for RA. This is a reasoning failure because one episodic clue is expanded beyond its explanatory range.",Root: favor gout. [Nucleus: toe flare after wine + hyperuricemia] [Satellite-generalization: chronic hand stiffness folded into gout] [Satellite-dismissal: family history of RA incidental] [Satellite-salience: vivid acute event overweights decision] [Conclusion: gout explains all symptoms],Yes
305,"I am always thirsty and urinating much more than normal, and I am losing weight, my eyes seem out of focus sometimes, and lately I feel nauseated with stomach pain, but my body type and family history look like type 2.","Diabetes mellitus, likely type 1 physiology","The central issue is not the body habitus alone but the physiology suggested by the symptoms. Polyuria, polydipsia, weight loss, blurry vision, and abdominal symptoms suggest substantial hyperglycemia with possible ketosis or evolving insulin deficiency. Obesity and a family history of type 2 diabetes are meaningful competing clues, but they do not erase the catabolic pattern. In a younger patient, weight loss with nausea and abdominal pain should raise concern for type 1 physiology or at least urgent insulin-requiring diabetes.",Root: favor diabetes with likely type 1 physiology. [Nucleus: thirst + urination + weight loss + blurry vision + nausea] [Satellite-contrast: obesity + family history -> type 2 clue] [Satellite-urgency: abdominal symptoms suggest ketosis risk] [Conclusion: urgent insulin-deficiency picture],No
306,"I first noticed dysuria and urinary frequency, then I started having fever and upper back discomfort, with vomiting now complicating things, while the dysuria became less intense.",Pyelonephritis,A grounded explanation keeps the early dysuria and frequency in the background while allowing the systemic and flank findings to drive the conclusion. Vomiting and fever are not well explained by a simple resolving bladder infection. Pyelonephritis is the stronger diagnosis because it explains both the urinary origin and the systemic deterioration.,Root: favor pyelonephritis. [Satellite-background: dysuria + frequency -> cystitis] [Nucleus: fever + flank/back pain + vomiting + systemic illness] [Satellite-contrast: burning improved] [Satellite-escalation: local infection evolved into systemic picture] [Conclusion: pyelonephritis],No
307,"My clothes are looser because of unexplained weight loss, my hands shake and my heart races, which made me think it might be anxiety, except my neck seems enlarged and others notice my eyes.",Panic disorder,"The hallucinated reasoning elevates anxiety, shakiness, and palpitations to the center of the case because they are familiar panic symptoms. Once that frame is adopted, weight loss is explained as stress, neck fullness is described as subjective, and eye changes are brushed aside as tired appearance. This prevents the model from integrating the bodily findings into a coherent endocrine picture. The conclusion settles on panic disorder not because it explains the full evidence best, but because it captures the most familiar emotional cues.",Root: favor panic disorder. [Nucleus: anxiety + shakiness + tachycardia] [Satellite-reinterpretation: weight loss -> stress] [Satellite-dismissal: eye changes + neck fullness subjective] [Satellite-psychologizing: physical findings subordinated to emotional frame] [Conclusion: panic disorder explains symptoms],Yes
308,"I wake up with painful stiff fingers and wrists most mornings, but I did have a sudden hot swollen toe after a rich dinner, someone told me I had elevated uric acid before, and a close relative has RA.",Rheumatoid arthritis,"The chronic pattern is the deciding factor here. Morning stiffness lasting over an hour, together with persistent hand and wrist involvement, strongly favors rheumatoid arthritis because this is a classic symmetric inflammatory small-joint presentation. The toe flare and prior hyperuricemia are genuine gout-like clues, but they are episodic and do not explain the chronic baseline syndrome. Family history of RA adds weight to the inflammatory arthritis interpretation. The best synthesis is that RA explains the ongoing pattern.",Root: favor RA. [Nucleus: prolonged morning stiffness + symmetric small-joint involvement] [Satellite-contrast: toe flare + hyperuricemia -> gout clue] [Nucleus-elaboration: family history supports RA] [Satellite-resolution: acute event does not explain chronic baseline] [Conclusion: RA best fits chronic pattern],No
309,"I began with bladder-type burning and urgency, but then I developed fever and back pain, I also started vomiting, while the dysuria became less intense.",Pyelonephritis,"The case begins like cystitis, but it does not stay there. The later development of fever, flank or back pain, vomiting, and systemic illness strongly suggests upper urinary tract infection, namely pyelonephritis. Improvement in local burning does not counterbalance the worsening systemic picture. In fact, the change from local urinary discomfort to broader constitutional illness is exactly what makes the case more serious.",Root: favor pyelonephritis. [Satellite-background: dysuria + frequency -> cystitis] [Nucleus: fever + flank/back pain + vomiting + systemic illness] [Satellite-contrast: burning improved] [Satellite-escalation: local infection evolved into systemic picture] [Conclusion: pyelonephritis],No
310,"I feel worn out and slowed down daily, I have puffiness and dry skin, but reduced appetite has not stopped weight gain, although I do get anxious and feel palpitations sometimes, but a prior thyroid result was described as borderline.",Anxiety disorder,"The hallucinated reasoning starts from emotionally salient features such as anxiety, palpitations, and headaches and treats them as the core disorder. The weight gain, puffiness, and dry skin are then demoted to lifestyle or stress effects, even though together they form a much more specific hypothyroid cluster. The prior borderline-normal thyroid test is overvalued as if it nearly rules out thyroid disease. This produces a psychologized conclusion that fails to account for the whole syndrome.",Root: favor anxiety disorder. [Nucleus: palpitations + anxiety + headaches] [Satellite-reinterpretation: weight gain + dry skin -> lifestyle/stress] [Satellite-overweight: borderline-normal thyroid test] [Satellite-psychologizing: endocrine cluster fragmented] [Conclusion: anxiety disorder],Yes
311,"I first developed fever and cough like I was getting pneumonia, but the strange part is that one lower leg is swollen, and my chest feels tighter as I breathe, I took antibiotics and only the fever improved slightly.",Pneumonia,"This explanation begins with a common respiratory diagnosis and then forces later clues to fit it. The respiratory symptoms are treated as decisive, while the unilateral leg findings are relegated to an afterthought. The logic also commits a false-confirmation move by treating partial fever improvement as proof of pneumonia.",Root: favor pneumonia. [Nucleus: fever + cough + dyspnea -> pneumonia] [Satellite-reinterpretation: calf swelling/pain -> body aches or strain] [Satellite-overclaim: antibiotics response confirms infection] [Satellite-closure: common diagnosis chosen early] [Conclusion: pneumonia is primary],Yes
312,"I need water all the time and I am urinating excessively, and there is clear unexplained weight loss, I keep noticing visual blurring, with nausea and stomach upset appearing too, even though obesity and family diabetes point the other way.",Type 2 diabetes only,"This line of reasoning mistakes a risk factor pattern for a complete explanation. It privileges what the patient looks like over how the disease is behaving in the moment. By downplaying the catabolic and potentially ketotic features, it reaches an overconfident type 2-only conclusion.",Root: favor type 2 only. [Nucleus: obesity + family history] [Satellite-downplay: weight loss + abdominal symptoms] [Satellite-stereotype: overweight argues against type 1] [Satellite-closure: phenotype overrides physiology] [Conclusion: type 2 only],Yes
313,"Initially it was just burning and frequent urination, before systemic symptoms and back pain arrived, I began throwing up as well, even though the bladder symptoms softened somewhat.",Pyelonephritis,"The case begins like cystitis, but it does not stay there. The later development of fever, flank or back pain, vomiting, and systemic illness strongly suggests upper urinary tract infection, namely pyelonephritis. Improvement in local burning does not counterbalance the worsening systemic picture. In fact, the change from local urinary discomfort to broader constitutional illness is exactly what makes the case more serious.",Root: favor pyelonephritis. [Satellite-background: dysuria + frequency -> cystitis] [Nucleus: fever + flank/back pain + vomiting + systemic illness] [Satellite-contrast: burning improved] [Satellite-escalation: local infection evolved into systemic picture] [Conclusion: pyelonephritis],No
314,"The early symptoms felt exactly like a flu or chest infection, yet I developed one-sided calf pain and swelling, but I can catch my breath less and less, leftover antibiotics only seemed to help the fever.",Pneumonia,"The reasoning gives priority to the story’s opening frame of cough, fever, and a cold-like illness and turns that into a pneumonia anchor. Once anchored, the swollen calf is reinterpreted as body aches, muscle strain, or reduced movement from being sick, even though calf swelling is not well explained that way. A small fever response to antibiotics is overread as confirmation of infection. This creates a premature closure on pneumonia while ignoring the stronger thromboembolic structure of the case.",Root: favor pneumonia. [Nucleus: fever + cough + dyspnea -> pneumonia] [Satellite-reinterpretation: calf swelling/pain -> body aches or strain] [Satellite-overclaim: antibiotics response confirms infection] [Satellite-closure: common diagnosis chosen early] [Conclusion: pneumonia is primary],Yes
315,"I keep losing weight without trying, I notice trembling plus a rapid heartbeat, which pushed me toward a panic explanation, except my neck seems enlarged and others notice my eyes.",Panic disorder,This interpretation fails by treating the psychiatric flavor of the presentation as decisive and treating the physical findings as optional or unreliable. It is an example of premature psychologizing. The result is a diagnosis that is rhetorically smooth but structurally weak.,Root: favor panic disorder. [Nucleus: anxiety + shakiness + tachycardia] [Satellite-reinterpretation: weight loss -> stress] [Satellite-dismissal: eye changes + neck fullness subjective] [Satellite-psychologizing: physical findings subordinated to emotional frame] [Conclusion: panic disorder explains symptoms],Yes
316,"I feel like I am dehydrated and urinating nonstop, with noticeable weight loss happening quickly, my eyes seem out of focus sometimes, while my stomach hurts and I feel sick, although the family pattern suggests type 2.","Diabetes mellitus, likely type 1 physiology","The central issue is not the body habitus alone but the physiology suggested by the symptoms. Polyuria, polydipsia, weight loss, blurry vision, and abdominal symptoms suggest substantial hyperglycemia with possible ketosis or evolving insulin deficiency. Obesity and a family history of type 2 diabetes are meaningful competing clues, but they do not erase the catabolic pattern. In a younger patient, weight loss with nausea and abdominal pain should raise concern for type 1 physiology or at least urgent insulin-requiring diabetes.",Root: favor diabetes with likely type 1 physiology. [Nucleus: thirst + urination + weight loss + blurry vision + nausea] [Satellite-contrast: obesity + family history -> type 2 clue] [Satellite-urgency: abdominal symptoms suggest ketosis risk] [Conclusion: urgent insulin-deficiency picture],No
317,"I feel pressure in my chest during brisk walking, but after large meals it feels like indigestion, yesterday it spread to my jaw and I became clammy, I’m 52 and diabetic, so I tried to ignore it as stomach-related.",Gastroesophageal reflux disease,"The reasoning starts from the convenient clue of post-meal burning and promotes it to the central explanation. From there, contradictory evidence is explained away: radiation becomes panic, sweating becomes distress, and vascular risk factors are treated as background rather than decision-driving information. This creates an overconfident but weakly justified conclusion in favor of reflux. The higher-risk explanation is prematurely dismissed.",Root: favor GERD. [Nucleus: meals/spicy food + antacid relief -> reflux] [Satellite-downplay: radiation + sweating -> anxiety response] [Satellite-ignore: exertional trigger + cardiac risk] [Satellite-closure: benign diagnosis chosen early] [Conclusion: GERD explains symptoms],Yes
318,"The early symptoms were classic urinary burning and frequency, and it progressed to fever with side or back pain, and vomiting became part of the illness, despite mild improvement in the local urinary pain.",Simple cystitis,"The hallucinated interpretation continues to treat the case as a simple bladder infection because dysuria and frequency came first. Once that anchor is fixed, fever, vomiting, and back pain are recast as dehydration, muscle pain, or generic effects of being unwell. The slight improvement in burning is overread as a sign that the infection is resolving, even though the overall picture is getting worse. This is a failure to update the diagnosis when new higher-severity evidence appears.",Root: favor cystitis. [Nucleus: dysuria + frequency] [Satellite-reinterpretation: back pain + vomiting -> dehydration/strain] [Satellite-overclaim: burning improved -> infection resolving] [Satellite-failure-to-update: early label retained despite escalation] [Conclusion: simple cystitis],Yes
319,"My chest discomfort starts with exertion, although heavy dinners also cause burning in my chest, yesterday it spread to my jaw and I became clammy, I’m 56 with diabetes and high blood pressure, so I tried to ignore it as stomach-related.",Acute coronary syndrome / unstable angina,"The most important feature is that the chest discomfort is triggered by exertion rather than only by meals. Radiation to the arm or jaw and associated sweating are classic high-risk clues for myocardial ischemia. The reflux-like features are real conflicting clues, but they are lower-specificity findings and do not neutralize the cardiac risk pattern. The patient’s age and vascular risk factors increase the pretest probability of acute coronary syndrome. A safer and more coherent interpretation is that this is unstable angina or another ACS presentation until proven otherwise.",Root: favor ACS. [Nucleus: exertional pain + radiation + sweating -> ischemia] [Satellite-contrast: meal/spicy-food burning + antacid relief -> GERD-like] [Nucleus-elaboration: age/risk factors increase cardiac risk] [Satellite-safety: dangerous diagnosis should be prioritized] [Conclusion: prioritize ACS],No
320,"My illness started as what seemed like a simple chest cold, although now my calf is distinctly painful and puffy, but I can catch my breath less and less, the fever eased a bit with antibiotics, not the shortness of breath.",Pneumonia,"This explanation begins with a common respiratory diagnosis and then forces later clues to fit it. The respiratory symptoms are treated as decisive, while the unilateral leg findings are relegated to an afterthought. The logic also commits a false-confirmation move by treating partial fever improvement as proof of pneumonia.",Root: favor pneumonia. [Nucleus: fever + cough + dyspnea -> pneumonia] [Satellite-reinterpretation: calf swelling/pain -> body aches or strain] [Satellite-overclaim: antibiotics response confirms infection] [Satellite-closure: common diagnosis chosen early] [Conclusion: pneumonia is primary],Yes
321,"My fingers feel inflamed and hard to move early each day, although I once had a classic-looking gout attack in the toe, a past lab hinted my uric acid was above normal, while my family history includes rheumatoid arthritis.",Rheumatoid arthritis,"A correct interpretation must distinguish the durable background disease from the memorable acute event. The toe attack after dietary trigger is very salient and can bias reasoning toward gout, but the more informative structure of the case is the long-standing morning stiffness and symmetric small-joint involvement. Hyperuricemia is supportive of gout but not sufficient to explain the full chronic phenotype. Therefore RA is the stronger overall diagnosis.",Root: favor RA. [Nucleus: prolonged morning stiffness + symmetric small-joint involvement] [Satellite-contrast: toe flare + hyperuricemia -> gout clue] [Nucleus-elaboration: family history supports RA] [Satellite-resolution: acute event does not explain chronic baseline] [Conclusion: RA best fits chronic pattern],No
322,"This began like a respiratory infection with cough and chills, except now one leg has become swollen and tender, and my chest feels tighter as I breathe, antibiotics maybe reduced the fever but not the breathing trouble.",Pneumonia,"The reasoning gives priority to the story’s opening frame of cough, fever, and a cold-like illness and turns that into a pneumonia anchor. Once anchored, the swollen calf is reinterpreted as body aches, muscle strain, or reduced movement from being sick, even though calf swelling is not well explained that way. A small fever response to antibiotics is overread as confirmation of infection. This creates a premature closure on pneumonia while ignoring the stronger thromboembolic structure of the case.",Root: favor pneumonia. [Nucleus: fever + cough + dyspnea -> pneumonia] [Satellite-reinterpretation: calf swelling/pain -> body aches or strain] [Satellite-overclaim: antibiotics response confirms infection] [Satellite-closure: common diagnosis chosen early] [Conclusion: pneumonia is primary],Yes
323,"I feel fatigued almost all the time, dry skin and puffiness are obvious now, and there is weight gain despite barely eating, even so, there are moments of anxiety and heartbeat awareness, but a prior thyroid result was described as borderline.",Hypothyroidism,"A correct reading identifies the cluster rather than overreacting to one contradictory symptom. Palpitations and anxiety can occur for many reasons and do not erase the metabolically slowed presentation. The more integrated explanation is thyroid underactivity, with the old near-normal test retained as background rather than treated as decisive.",Root: favor hypothyroidism. [Nucleus: fatigue + weight gain + puffiness + dry skin] [Satellite-contrast: palpitations/anxiety] [Satellite-background: old borderline-normal test] [Satellite-integration: syndrome coherence outweighs isolated conflict] [Conclusion: hypothyroidism],No
324,"I have become thinner for no clear reason, my body feels revved up with tremor and palpitations, and emotionally it feels like a panic attack, even so, there is neck swelling and unusual eye appearance.",Panic disorder,This interpretation fails by treating the psychiatric flavor of the presentation as decisive and treating the physical findings as optional or unreliable. It is an example of premature psychologizing. The result is a diagnosis that is rhetorically smooth but structurally weak.,Root: favor panic disorder. [Nucleus: anxiety + shakiness + tachycardia] [Satellite-reinterpretation: weight loss -> stress] [Satellite-dismissal: eye changes + neck fullness subjective] [Satellite-psychologizing: physical findings subordinated to emotional frame] [Conclusion: panic disorder explains symptoms],Yes
325,"The thirst and bathroom trips are happening all day, with noticeable weight loss happening quickly, my eyesight goes fuzzy at times, plus there is recent nausea with belly pain, while my relatives make me think of type 2 diabetes.","Diabetes mellitus, likely type 1 physiology","A correct explanation distinguishes phenotype from acute metabolic state. The patient may look like a type 2 candidate because of weight and family history, but the active symptom cluster points to a more urgent process characterized by marked hyperglycemia and possible ketosis. The reasoning therefore keeps the type 2 clue in a contrast branch while allowing the metabolic urgency to dominate the conclusion.",Root: favor diabetes with likely type 1 physiology. [Nucleus: thirst + urination + weight loss + blurry vision + nausea] [Satellite-contrast: obesity + family history -> type 2 clue] [Satellite-urgency: abdominal symptoms suggest ketosis risk] [Conclusion: urgent insulin-deficiency picture],No
326,"When I walk uphill I feel pressure in my chest, but late meals can make it feel more like heartburn, one episode went into my arm and I felt nauseated and sweaty, I’m 64 with high cholesterol, so I thought it was just reflux.",Acute coronary syndrome / unstable angina,"The most important feature is that the chest discomfort is triggered by exertion rather than only by meals. Radiation to the arm or jaw and associated sweating are classic high-risk clues for myocardial ischemia. The reflux-like features are real conflicting clues, but they are lower-specificity findings and do not neutralize the cardiac risk pattern. The patient’s age and vascular risk factors increase the pretest probability of acute coronary syndrome. A safer and more coherent interpretation is that this is unstable angina or another ACS presentation until proven otherwise.",Root: favor ACS. [Nucleus: exertional pain + radiation + sweating -> ischemia] [Satellite-contrast: meal/spicy-food burning + antacid relief -> GERD-like] [Nucleus-elaboration: age/risk factors increase cardiac risk] [Satellite-safety: dangerous diagnosis should be prioritized] [Conclusion: prioritize ACS],No
327,"I need water all the time and I am urinating excessively, plus I have unplanned weight loss, my eyes seem out of focus sometimes, and lately I feel nauseated with stomach pain, even though obesity and family diabetes point the other way.",Type 2 diabetes only,"The hallucinated reasoning starts from obesity and family history and treats those demographic clues as decisive. Once that anchor is in place, weight loss, nausea, and abdominal pain are minimized as secondary effects of high blood sugar rather than as warnings of insulin deficiency. The model also makes the unsupported leap that being overweight argues strongly against type 1 diabetes. This is a faulty compression of a complex presentation into a simplistic stereotype of type 2 disease.",Root: favor type 2 only. [Nucleus: obesity + family history] [Satellite-downplay: weight loss + abdominal symptoms] [Satellite-stereotype: overweight argues against type 1] [Satellite-closure: phenotype overrides physiology] [Conclusion: type 2 only],Yes
328,"The early symptoms felt exactly like a flu or chest infection, yet I developed one-sided calf pain and swelling, and now I am more short of breath than before, I took antibiotics and only the fever improved slightly.",Pulmonary embolism,"The infection-like opening of the story is misleading, but the later evolution is more important. Unilateral calf swelling and pain create a strong signal for deep vein thrombosis, and worsening shortness of breath makes pulmonary embolism a much better fit than uncomplicated pneumonia. Fever and cough can occur in PE and therefore do not settle the case in favor of infection. Partial improvement of fever after antibiotics is weak evidence and does not explain why breathing worsened. The full cross-system pattern is more coherent as venous thromboembolism with pulmonary embolism.",Root: favor PE. [Satellite-background: fever + cough -> pneumonia-like] [Nucleus: unilateral calf swelling/pain + worsening dyspnea -> DVT/PE] [Satellite-contrast: antibiotics helped fever only] [Satellite-causal: leg clot can explain lung symptoms] [Conclusion: PE better explains the pattern],No
329,"At first I thought I had a bad cold with cough and fever, and then my right calf became painful and enlarged, while the shortness of breath kept escalating, antibiotics changed the fever more than the dyspnea.",Pulmonary embolism,"The infection-like opening of the story is misleading, but the later evolution is more important. Unilateral calf swelling and pain create a strong signal for deep vein thrombosis, and worsening shortness of breath makes pulmonary embolism a much better fit than uncomplicated pneumonia. Fever and cough can occur in PE and therefore do not settle the case in favor of infection. Partial improvement of fever after antibiotics is weak evidence and does not explain why breathing worsened. The full cross-system pattern is more coherent as venous thromboembolism with pulmonary embolism.",Root: favor PE. [Satellite-background: fever + cough -> pneumonia-like] [Nucleus: unilateral calf swelling/pain + worsening dyspnea -> DVT/PE] [Satellite-contrast: antibiotics helped fever only] [Satellite-causal: leg clot can explain lung symptoms] [Conclusion: PE better explains the pattern],No
330,"I am losing weight even though my habits have not changed, my body feels revved up with tremor and palpitations, and I thought this was all just anxiety, but my neck feels full and people say my eyes look different.","Hyperthyroidism, likely Graves disease",A correct reading resists the temptation to stop at the psychiatric-looking symptoms. The visible bodily signs carry more diagnostic weight: goiter-like neck fullness and eye prominence are especially important because they are difficult to explain by panic disorder alone. Weight loss and tremor strengthen the endocrine interpretation further.,Root: favor Graves. [Nucleus: weight loss + tremor + palpitations + neck fullness + eye changes] [Satellite-background: anxiety/panic-like features] [Satellite-integration: anxiety explained within endocrine syndrome] [Conclusion: hyperthyroidism unifies symptoms],No
331,"My clothes are looser because of unexplained weight loss, my hands shake and my heart races, which pushed me toward a panic explanation, although my neck feels swollen and people comment on my eyes.",Panic disorder,"The hallucinated reasoning elevates anxiety, shakiness, and palpitations to the center of the case because they are familiar panic symptoms. Once that frame is adopted, weight loss is explained as stress, neck fullness is described as subjective, and eye changes are brushed aside as tired appearance. This prevents the model from integrating the bodily findings into a coherent endocrine picture. The conclusion settles on panic disorder not because it explains the full evidence best, but because it captures the most familiar emotional cues.",Root: favor panic disorder. [Nucleus: anxiety + shakiness + tachycardia] [Satellite-reinterpretation: weight loss -> stress] [Satellite-dismissal: eye changes + neck fullness subjective] [Satellite-psychologizing: physical findings subordinated to emotional frame] [Conclusion: panic disorder explains symptoms],Yes
332,"I cannot stop drinking and peeing, while the scale keeps going down, my eyes seem out of focus sometimes, plus there is recent nausea with belly pain, but I still look like someone with type 2 risk.",Type 2 diabetes only,"This line of reasoning mistakes a risk factor pattern for a complete explanation. It privileges what the patient looks like over how the disease is behaving in the moment. By downplaying the catabolic and potentially ketotic features, it reaches an overconfident type 2-only conclusion.",Root: favor type 2 only. [Nucleus: obesity + family history] [Satellite-downplay: weight loss + abdominal symptoms] [Satellite-stereotype: overweight argues against type 1] [Satellite-closure: phenotype overrides physiology] [Conclusion: type 2 only],Yes
333,"I have become thinner for no clear reason, I have tremor and constant palpitations, which made me think it might be anxiety, but my neck feels full and people say my eyes look different.",Panic disorder,This interpretation fails by treating the psychiatric flavor of the presentation as decisive and treating the physical findings as optional or unreliable. It is an example of premature psychologizing. The result is a diagnosis that is rhetorically smooth but structurally weak.,Root: favor panic disorder. [Nucleus: anxiety + shakiness + tachycardia] [Satellite-reinterpretation: weight loss -> stress] [Satellite-dismissal: eye changes + neck fullness subjective] [Satellite-psychologizing: physical findings subordinated to emotional frame] [Conclusion: panic disorder explains symptoms],Yes
334,"My wrists and finger joints stay stiff for a long time each morning, though one memorable episode hit my big toe after heavy food, I remember one lab showing increased uric acid, and a close relative has RA.",Gout,"A hallucinated interpretation gives privileged status to the classic-sounding gout clues and treats them as sufficient to explain everything else. The chronic morning stiffness is downgraded to a generic inflammatory complaint, even though it is actually the more discriminative feature for RA. This is a reasoning failure because one episodic clue is expanded beyond its explanatory range.",Root: favor gout. [Nucleus: toe flare after wine + hyperuricemia] [Satellite-generalization: chronic hand stiffness folded into gout] [Satellite-dismissal: family history of RA incidental] [Satellite-salience: vivid acute event overweights decision] [Conclusion: gout explains all symptoms],Yes
335,"My hands and wrists have been stiff every morning for over an hour, even though my toe once blew up after drinking wine, a past lab hinted my uric acid was above normal, and my mother had rheumatoid arthritis.",Gout,"A hallucinated interpretation gives privileged status to the classic-sounding gout clues and treats them as sufficient to explain everything else. The chronic morning stiffness is downgraded to a generic inflammatory complaint, even though it is actually the more discriminative feature for RA. This is a reasoning failure because one episodic clue is expanded beyond its explanatory range.",Root: favor gout. [Nucleus: toe flare after wine + hyperuricemia] [Satellite-generalization: chronic hand stiffness folded into gout] [Satellite-dismissal: family history of RA incidental] [Satellite-salience: vivid acute event overweights decision] [Conclusion: gout explains all symptoms],Yes
336,"I wake up with painful stiff fingers and wrists most mornings, but I did have a sudden hot swollen toe after a rich dinner, I remember one lab showing increased uric acid, and my mother had rheumatoid arthritis.",Rheumatoid arthritis,"The chronic pattern is the deciding factor here. Morning stiffness lasting over an hour, together with persistent hand and wrist involvement, strongly favors rheumatoid arthritis because this is a classic symmetric inflammatory small-joint presentation. The toe flare and prior hyperuricemia are genuine gout-like clues, but they are episodic and do not explain the chronic baseline syndrome. Family history of RA adds weight to the inflammatory arthritis interpretation. The best synthesis is that RA explains the ongoing pattern.",Root: favor RA. [Nucleus: prolonged morning stiffness + symmetric small-joint involvement] [Satellite-contrast: toe flare + hyperuricemia -> gout clue] [Nucleus-elaboration: family history supports RA] [Satellite-resolution: acute event does not explain chronic baseline] [Conclusion: RA best fits chronic pattern],No
337,"At first the stomach pain was diffuse and central, and later localized to the lower right, although I also had diarrhea, motion makes the pain more intense.",Viral gastroenteritis,"The hallucinated explanation begins by anchoring on diarrhea and the patient’s suspicion of food poisoning. Once that benign gastrointestinal frame is chosen, the right lower quadrant localization is reinterpreted as cramping, and the worsening with movement is reduced to generalized soreness. This flattens a focal pain pattern into a diffuse stomach bug explanation and ignores the more informative anatomical evolution.",Root: favor gastroenteritis. [Nucleus: diarrhea + stomach-bug framing] [Satellite-reinterpretation: RLQ pain + movement pain -> cramping/soreness] [Satellite-anchor: GI symptoms overweight decision] [Conclusion: gastroenteritis],Yes
338,"This began like a respiratory infection with cough and chills, and then my right calf became painful and enlarged, and I became much more breathless over time, there was a small fever response to antibiotics but nothing else.",Pulmonary embolism,"A grounded reading preserves both hypotheses at first: pneumonia is plausible because of fever and cough, but the calf findings are a major red flag that changes the weighting of the case. Respiratory decline despite some improvement in fever also argues against a simple resolving infection. The vascular hypothesis explains the leg symptoms and the worsening dyspnea in one causal chain.",Root: favor PE. [Satellite-background: fever + cough -> pneumonia-like] [Nucleus: unilateral calf swelling/pain + worsening dyspnea -> DVT/PE] [Satellite-contrast: antibiotics helped fever only] [Satellite-causal: leg clot can explain lung symptoms] [Conclusion: PE better explains the pattern],No
339,"It started as vague central stomach pain, and then moved to the right lower side, with diarrhea complicating the picture, it hurts more when I walk.",Viral gastroenteritis,"The hallucinated explanation begins by anchoring on diarrhea and the patient’s suspicion of food poisoning. Once that benign gastrointestinal frame is chosen, the right lower quadrant localization is reinterpreted as cramping, and the worsening with movement is reduced to generalized soreness. This flattens a focal pain pattern into a diffuse stomach bug explanation and ignores the more informative anatomical evolution.",Root: favor gastroenteritis. [Nucleus: diarrhea + stomach-bug framing] [Satellite-reinterpretation: RLQ pain + movement pain -> cramping/soreness] [Satellite-anchor: GI symptoms overweight decision] [Conclusion: gastroenteritis],Yes
340,"I get chest tightness when climbing stairs, but after large meals it feels like indigestion, one episode went into my arm and I felt nauseated and sweaty, I’m 52 and diabetic, so I thought it was just reflux.",Gastroesophageal reflux disease,"The reasoning starts from the convenient clue of post-meal burning and promotes it to the central explanation. From there, contradictory evidence is explained away: radiation becomes panic, sweating becomes distress, and vascular risk factors are treated as background rather than decision-driving information. This creates an overconfident but weakly justified conclusion in favor of reflux. The higher-risk explanation is prematurely dismissed.",Root: favor GERD. [Nucleus: meals/spicy food + antacid relief -> reflux] [Satellite-downplay: radiation + sweating -> anxiety response] [Satellite-ignore: exertional trigger + cardiac risk] [Satellite-closure: benign diagnosis chosen early] [Conclusion: GERD explains symptoms],Yes
341,"I have noticeable weight loss that I cannot explain, my hands shake and my heart races, which pushed me toward a panic explanation, although my neck feels swollen and people comment on my eyes.",Panic disorder,"The hallucinated reasoning elevates anxiety, shakiness, and palpitations to the center of the case because they are familiar panic symptoms. Once that frame is adopted, weight loss is explained as stress, neck fullness is described as subjective, and eye changes are brushed aside as tired appearance. This prevents the model from integrating the bodily findings into a coherent endocrine picture. The conclusion settles on panic disorder not because it explains the full evidence best, but because it captures the most familiar emotional cues.",Root: favor panic disorder. [Nucleus: anxiety + shakiness + tachycardia] [Satellite-reinterpretation: weight loss -> stress] [Satellite-dismissal: eye changes + neck fullness subjective] [Satellite-psychologizing: physical findings subordinated to emotional frame] [Conclusion: panic disorder explains symptoms],Yes
342,"It started with cough and fever like a chest infection, but a single swollen calf showed up later, while the shortness of breath kept escalating, the fever eased a bit with antibiotics, not the shortness of breath.",Pneumonia,"This explanation begins with a common respiratory diagnosis and then forces later clues to fit it. The respiratory symptoms are treated as decisive, while the unilateral leg findings are relegated to an afterthought. The logic also commits a false-confirmation move by treating partial fever improvement as proof of pneumonia.",Root: favor pneumonia. [Nucleus: fever + cough + dyspnea -> pneumonia] [Satellite-reinterpretation: calf swelling/pain -> body aches or strain] [Satellite-overclaim: antibiotics response confirms infection] [Satellite-closure: common diagnosis chosen early] [Conclusion: pneumonia is primary],Yes
343,"The main feeling is deep fatigue and slowing, I have puffiness and dry skin, and I gain weight although I do not eat much, still, I sometimes feel anxious or notice skipped beats, while an earlier test was near normal.",Hypothyroidism,"A correct reading identifies the cluster rather than overreacting to one contradictory symptom. Palpitations and anxiety can occur for many reasons and do not erase the metabolically slowed presentation. The more integrated explanation is thyroid underactivity, with the old near-normal test retained as background rather than treated as decisive.",Root: favor hypothyroidism. [Nucleus: fatigue + weight gain + puffiness + dry skin] [Satellite-contrast: palpitations/anxiety] [Satellite-background: old borderline-normal test] [Satellite-integration: syndrome coherence outweighs isolated conflict] [Conclusion: hypothyroidism],No
344,"My hands and wrists have been stiff every morning for over an hour, although one time my toe flared after seafood and alcohol, I remember one lab showing increased uric acid, and my family has inflammatory arthritis history.",Rheumatoid arthritis,"A correct interpretation must distinguish the durable background disease from the memorable acute event. The toe attack after dietary trigger is very salient and can bias reasoning toward gout, but the more informative structure of the case is the long-standing morning stiffness and symmetric small-joint involvement. Hyperuricemia is supportive of gout but not sufficient to explain the full chronic phenotype. Therefore RA is the stronger overall diagnosis.",Root: favor RA. [Nucleus: prolonged morning stiffness + symmetric small-joint involvement] [Satellite-contrast: toe flare + hyperuricemia -> gout clue] [Nucleus-elaboration: family history supports RA] [Satellite-resolution: acute event does not explain chronic baseline] [Conclusion: RA best fits chronic pattern],No
345,"It started with cough and fever like a chest infection, except now one leg has become swollen and tender, and I became much more breathless over time, antibiotics changed the fever more than the dyspnea.",Pulmonary embolism,"The infection-like opening of the story is misleading, but the later evolution is more important. Unilateral calf swelling and pain create a strong signal for deep vein thrombosis, and worsening shortness of breath makes pulmonary embolism a much better fit than uncomplicated pneumonia. Fever and cough can occur in PE and therefore do not settle the case in favor of infection. Partial improvement of fever after antibiotics is weak evidence and does not explain why breathing worsened. The full cross-system pattern is more coherent as venous thromboembolism with pulmonary embolism.",Root: favor PE. [Satellite-background: fever + cough -> pneumonia-like] [Nucleus: unilateral calf swelling/pain + worsening dyspnea -> DVT/PE] [Satellite-contrast: antibiotics helped fever only] [Satellite-causal: leg clot can explain lung symptoms] [Conclusion: PE better explains the pattern],No
346,"Morning stiffness in my hands lasts well beyond getting out of bed, but my toe once became swollen and red after alcohol, I remember one lab showing increased uric acid, and my family has inflammatory arthritis history.",Rheumatoid arthritis,"The chronic pattern is the deciding factor here. Morning stiffness lasting over an hour, together with persistent hand and wrist involvement, strongly favors rheumatoid arthritis because this is a classic symmetric inflammatory small-joint presentation. The toe flare and prior hyperuricemia are genuine gout-like clues, but they are episodic and do not explain the chronic baseline syndrome. Family history of RA adds weight to the inflammatory arthritis interpretation. The best synthesis is that RA explains the ongoing pattern.",Root: favor RA. [Nucleus: prolonged morning stiffness + symmetric small-joint involvement] [Satellite-contrast: toe flare + hyperuricemia -> gout clue] [Nucleus-elaboration: family history supports RA] [Satellite-resolution: acute event does not explain chronic baseline] [Conclusion: RA best fits chronic pattern],No
347,"The early symptoms were classic urinary burning and frequency, and it progressed to fever with side or back pain, plus I started vomiting recently, despite mild improvement in the local urinary pain.",Pyelonephritis,A grounded explanation keeps the early dysuria and frequency in the background while allowing the systemic and flank findings to drive the conclusion. Vomiting and fever are not well explained by a simple resolving bladder infection. Pyelonephritis is the stronger diagnosis because it explains both the urinary origin and the systemic deterioration.,Root: favor pyelonephritis. [Satellite-background: dysuria + frequency -> cystitis] [Nucleus: fever + flank/back pain + vomiting + systemic illness] [Satellite-contrast: burning improved] [Satellite-escalation: local infection evolved into systemic picture] [Conclusion: pyelonephritis],No
348,"I feel fatigued almost all the time, dry skin and puffiness are obvious now, yet the scale keeps rising even with low intake, although I do get anxious and feel palpitations sometimes, but a prior thyroid result was described as borderline.",Hypothyroidism,"A correct reading identifies the cluster rather than overreacting to one contradictory symptom. Palpitations and anxiety can occur for many reasons and do not erase the metabolically slowed presentation. The more integrated explanation is thyroid underactivity, with the old near-normal test retained as background rather than treated as decisive.",Root: favor hypothyroidism. [Nucleus: fatigue + weight gain + puffiness + dry skin] [Satellite-contrast: palpitations/anxiety] [Satellite-background: old borderline-normal test] [Satellite-integration: syndrome coherence outweighs isolated conflict] [Conclusion: hypothyroidism],No
349,"I am losing weight even though my habits have not changed, I have tremor and constant palpitations, which made me think it might be anxiety, but I have thyroid-area fullness and visible eye changes.",Panic disorder,"The hallucinated reasoning elevates anxiety, shakiness, and palpitations to the center of the case because they are familiar panic symptoms. Once that frame is adopted, weight loss is explained as stress, neck fullness is described as subjective, and eye changes are brushed aside as tired appearance. This prevents the model from integrating the bodily findings into a coherent endocrine picture. The conclusion settles on panic disorder not because it explains the full evidence best, but because it captures the most familiar emotional cues.",Root: favor panic disorder. [Nucleus: anxiety + shakiness + tachycardia] [Satellite-reinterpretation: weight loss -> stress] [Satellite-dismissal: eye changes + neck fullness subjective] [Satellite-psychologizing: physical findings subordinated to emotional frame] [Conclusion: panic disorder explains symptoms],Yes
350,"I wake up with painful stiff fingers and wrists most mornings, but my toe once became swollen and red after alcohol, I remember one lab showing increased uric acid, while my family history includes rheumatoid arthritis.",Rheumatoid arthritis,"The chronic pattern is the deciding factor here. Morning stiffness lasting over an hour, together with persistent hand and wrist involvement, strongly favors rheumatoid arthritis because this is a classic symmetric inflammatory small-joint presentation. The toe flare and prior hyperuricemia are genuine gout-like clues, but they are episodic and do not explain the chronic baseline syndrome. Family history of RA adds weight to the inflammatory arthritis interpretation. The best synthesis is that RA explains the ongoing pattern.",Root: favor RA. [Nucleus: prolonged morning stiffness + symmetric small-joint involvement] [Satellite-contrast: toe flare + hyperuricemia -> gout clue] [Nucleus-elaboration: family history supports RA] [Satellite-resolution: acute event does not explain chronic baseline] [Conclusion: RA best fits chronic pattern],No
351,"First I had middle abdominal pain, then it concentrated low on the right, although I also had diarrhea, it gets worse with steps and movement.",Viral gastroenteritis,This reasoning overvalues the commonness of viral illness and undervalues the specificity of pain migration. It treats the memorable loose stool as central and the more diagnostic localization as secondary. That produces premature closure on gastroenteritis.,Root: favor gastroenteritis. [Nucleus: diarrhea + stomach-bug framing] [Satellite-reinterpretation: RLQ pain + movement pain -> cramping/soreness] [Satellite-anchor: GI symptoms overweight decision] [Conclusion: gastroenteritis],Yes
352,"The early symptoms felt exactly like a flu or chest infection, yet one calf started hurting and swelling, and I became much more breathless over time, there was a small fever response to antibiotics but nothing else.",Pneumonia,"This explanation begins with a common respiratory diagnosis and then forces later clues to fit it. The respiratory symptoms are treated as decisive, while the unilateral leg findings are relegated to an afterthought. The logic also commits a false-confirmation move by treating partial fever improvement as proof of pneumonia.",Root: favor pneumonia. [Nucleus: fever + cough + dyspnea -> pneumonia] [Satellite-reinterpretation: calf swelling/pain -> body aches or strain] [Satellite-overclaim: antibiotics response confirms infection] [Satellite-closure: common diagnosis chosen early] [Conclusion: pneumonia is primary],Yes
353,"For months my hand joints have felt swollen and stiff when I wake up, although one time my toe flared after seafood and alcohol, an earlier blood test mentioned hyperuricemia, while my family history includes rheumatoid arthritis.",Rheumatoid arthritis,"A correct interpretation must distinguish the durable background disease from the memorable acute event. The toe attack after dietary trigger is very salient and can bias reasoning toward gout, but the more informative structure of the case is the long-standing morning stiffness and symmetric small-joint involvement. Hyperuricemia is supportive of gout but not sufficient to explain the full chronic phenotype. Therefore RA is the stronger overall diagnosis.",Root: favor RA. [Nucleus: prolonged morning stiffness + symmetric small-joint involvement] [Satellite-contrast: toe flare + hyperuricemia -> gout clue] [Nucleus-elaboration: family history supports RA] [Satellite-resolution: acute event does not explain chronic baseline] [Conclusion: RA best fits chronic pattern],No
354,"I am unusually tired and sluggish, my body feels puffy and my skin has become dry, and I gain weight although I do not eat much, although brief anxiety-type symptoms do happen, but a prior thyroid result was described as borderline.",Anxiety disorder,"This is a structural misweighting of evidence. The reasoning favors common, low-specificity symptoms and lets them dominate a richer endocrine pattern. The earlier lab is converted into false reassurance, and the physical signs are fragmented instead of integrated.",Root: favor anxiety disorder. [Nucleus: palpitations + anxiety + headaches] [Satellite-reinterpretation: weight gain + dry skin -> lifestyle/stress] [Satellite-overweight: borderline-normal thyroid test] [Satellite-psychologizing: endocrine cluster fragmented] [Conclusion: anxiety disorder],Yes
355,"The abdominal discomfort began centrally, and then moved to the right lower side, with diarrhea complicating the picture, movement clearly aggravates it.",Viral gastroenteritis,This reasoning overvalues the commonness of viral illness and undervalues the specificity of pain migration. It treats the memorable loose stool as central and the more diagnostic localization as secondary. That produces premature closure on gastroenteritis.,Root: favor gastroenteritis. [Nucleus: diarrhea + stomach-bug framing] [Satellite-reinterpretation: RLQ pain + movement pain -> cramping/soreness] [Satellite-anchor: GI symptoms overweight decision] [Conclusion: gastroenteritis],Yes
356,"I am slimming down without meaning to, my hands shake and my heart races, and I thought this was all just anxiety, but friends mention my eyes and I notice neck fullness.","Hyperthyroidism, likely Graves disease",A correct reading resists the temptation to stop at the psychiatric-looking symptoms. The visible bodily signs carry more diagnostic weight: goiter-like neck fullness and eye prominence are especially important because they are difficult to explain by panic disorder alone. Weight loss and tremor strengthen the endocrine interpretation further.,Root: favor Graves. [Nucleus: weight loss + tremor + palpitations + neck fullness + eye changes] [Satellite-background: anxiety/panic-like features] [Satellite-integration: anxiety explained within endocrine syndrome] [Conclusion: hyperthyroidism unifies symptoms],No
357,"The pain initially felt like it was around my belly button, then it migrated down to the right, though diarrhea pointed me toward a virus, I feel it more when I walk around.",Viral gastroenteritis,This reasoning overvalues the commonness of viral illness and undervalues the specificity of pain migration. It treats the memorable loose stool as central and the more diagnostic localization as secondary. That produces premature closure on gastroenteritis.,Root: favor gastroenteritis. [Nucleus: diarrhea + stomach-bug framing] [Satellite-reinterpretation: RLQ pain + movement pain -> cramping/soreness] [Satellite-anchor: GI symptoms overweight decision] [Conclusion: gastroenteritis],Yes
358,"Physical effort seems to trigger a band-like chest pain, but late meals can make it feel more like heartburn, the strongest episode came with sweating and arm discomfort, I’m 52 and diabetic, and I told myself it was probably GERD.",Acute coronary syndrome / unstable angina,"The most important feature is that the chest discomfort is triggered by exertion rather than only by meals. Radiation to the arm or jaw and associated sweating are classic high-risk clues for myocardial ischemia. The reflux-like features are real conflicting clues, but they are lower-specificity findings and do not neutralize the cardiac risk pattern. The patient’s age and vascular risk factors increase the pretest probability of acute coronary syndrome. A safer and more coherent interpretation is that this is unstable angina or another ACS presentation until proven otherwise.",Root: favor ACS. [Nucleus: exertional pain + radiation + sweating -> ischemia] [Satellite-contrast: meal/spicy-food burning + antacid relief -> GERD-like] [Nucleus-elaboration: age/risk factors increase cardiac risk] [Satellite-safety: dangerous diagnosis should be prioritized] [Conclusion: prioritize ACS],No
359,"My wrists and finger joints stay stiff for a long time each morning, although I once had a classic-looking gout attack in the toe, a past lab hinted my uric acid was above normal, while my family history includes rheumatoid arthritis.",Rheumatoid arthritis,"The chronic pattern is the deciding factor here. Morning stiffness lasting over an hour, together with persistent hand and wrist involvement, strongly favors rheumatoid arthritis because this is a classic symmetric inflammatory small-joint presentation. The toe flare and prior hyperuricemia are genuine gout-like clues, but they are episodic and do not explain the chronic baseline syndrome. Family history of RA adds weight to the inflammatory arthritis interpretation. The best synthesis is that RA explains the ongoing pattern.",Root: favor RA. [Nucleus: prolonged morning stiffness + symmetric small-joint involvement] [Satellite-contrast: toe flare + hyperuricemia -> gout clue] [Nucleus-elaboration: family history supports RA] [Satellite-resolution: acute event does not explain chronic baseline] [Conclusion: RA best fits chronic pattern],No
360,"My fingers feel inflamed and hard to move early each day, though one memorable episode hit my big toe after heavy food, I was once told my uric acid was borderline high, and rheumatoid arthritis runs in my family.",Gout,"A hallucinated interpretation gives privileged status to the classic-sounding gout clues and treats them as sufficient to explain everything else. The chronic morning stiffness is downgraded to a generic inflammatory complaint, even though it is actually the more discriminative feature for RA. This is a reasoning failure because one episodic clue is expanded beyond its explanatory range.",Root: favor gout. [Nucleus: toe flare after wine + hyperuricemia] [Satellite-generalization: chronic hand stiffness folded into gout] [Satellite-dismissal: family history of RA incidental] [Satellite-salience: vivid acute event overweights decision] [Conclusion: gout explains all symptoms],Yes
361,"My fingers feel inflamed and hard to move early each day, although I once had a classic-looking gout attack in the toe, my uric acid was high once, and a close relative has RA.",Gout,"A hallucinated interpretation gives privileged status to the classic-sounding gout clues and treats them as sufficient to explain everything else. The chronic morning stiffness is downgraded to a generic inflammatory complaint, even though it is actually the more discriminative feature for RA. This is a reasoning failure because one episodic clue is expanded beyond its explanatory range.",Root: favor gout. [Nucleus: toe flare after wine + hyperuricemia] [Satellite-generalization: chronic hand stiffness folded into gout] [Satellite-dismissal: family history of RA incidental] [Satellite-salience: vivid acute event overweights decision] [Conclusion: gout explains all symptoms],Yes
362,"I am slimming down without meaning to, I feel shaky with a racing heartbeat, so I suspected a stress problem, yet there is obvious neck fullness and my eyes look prominent.",Panic disorder,"The hallucinated reasoning elevates anxiety, shakiness, and palpitations to the center of the case because they are familiar panic symptoms. Once that frame is adopted, weight loss is explained as stress, neck fullness is described as subjective, and eye changes are brushed aside as tired appearance. This prevents the model from integrating the bodily findings into a coherent endocrine picture. The conclusion settles on panic disorder not because it explains the full evidence best, but because it captures the most familiar emotional cues.",Root: favor panic disorder. [Nucleus: anxiety + shakiness + tachycardia] [Satellite-reinterpretation: weight loss -> stress] [Satellite-dismissal: eye changes + neck fullness subjective] [Satellite-psychologizing: physical findings subordinated to emotional frame] [Conclusion: panic disorder explains symptoms],Yes
363,"My clothes are looser because of unexplained weight loss, I feel shaky with a racing heartbeat, which pushed me toward a panic explanation, except my neck seems enlarged and others notice my eyes.","Hyperthyroidism, likely Graves disease","The anxious feeling and racing heart can certainly mimic panic, but the broader physical pattern is much more informative. Unintentional weight loss, tremor, neck fullness, and visible eye changes point strongly toward hyperthyroidism, especially Graves disease. The anxiety is therefore better interpreted as part of the endocrine syndrome rather than as a separate primary psychiatric disorder. Fatigue does not contradict this, because prolonged thyrotoxicosis can also cause exhaustion.",Root: favor Graves. [Nucleus: weight loss + tremor + palpitations + neck fullness + eye changes] [Satellite-background: anxiety/panic-like features] [Satellite-integration: anxiety explained within endocrine syndrome] [Conclusion: hyperthyroidism unifies symptoms],No
364,"I need water all the time and I am urinating excessively, and I am getting thinner without trying, there is intermittent blurred vision too, while my stomach hurts and I feel sick, but my body type and family history look like type 2.","Diabetes mellitus, likely type 1 physiology","The central issue is not the body habitus alone but the physiology suggested by the symptoms. Polyuria, polydipsia, weight loss, blurry vision, and abdominal symptoms suggest substantial hyperglycemia with possible ketosis or evolving insulin deficiency. Obesity and a family history of type 2 diabetes are meaningful competing clues, but they do not erase the catabolic pattern. In a younger patient, weight loss with nausea and abdominal pain should raise concern for type 1 physiology or at least urgent insulin-requiring diabetes.",Root: favor diabetes with likely type 1 physiology. [Nucleus: thirst + urination + weight loss + blurry vision + nausea] [Satellite-contrast: obesity + family history -> type 2 clue] [Satellite-urgency: abdominal symptoms suggest ketosis risk] [Conclusion: urgent insulin-deficiency picture],No
365,"I first developed fever and cough like I was getting pneumonia, but the strange part is that one lower leg is swollen, and now I am more short of breath than before, antibiotics changed the fever more than the dyspnea.",Pneumonia,"This explanation begins with a common respiratory diagnosis and then forces later clues to fit it. The respiratory symptoms are treated as decisive, while the unilateral leg findings are relegated to an afterthought. The logic also commits a false-confirmation move by treating partial fever improvement as proof of pneumonia.",Root: favor pneumonia. [Nucleus: fever + cough + dyspnea -> pneumonia] [Satellite-reinterpretation: calf swelling/pain -> body aches or strain] [Satellite-overclaim: antibiotics response confirms infection] [Satellite-closure: common diagnosis chosen early] [Conclusion: pneumonia is primary],Yes
366,"For months my hand joints have felt swollen and stiff when I wake up, although I once had a classic-looking gout attack in the toe, someone told me I had elevated uric acid before, while my family history includes rheumatoid arthritis.",Gout,"The reasoning locks onto the vivid toe flare and the mention of high uric acid. Once those cues are treated as central, the chronic hand and wrist stiffness is generalized into the gout interpretation, even though that pattern is less typical for gout as a single unifying explanation. Family history of RA is then dismissed as incidental rather than integrated. The result is a diagnosis driven by salience and memorability rather than by the full temporal structure of the illness.",Root: favor gout. [Nucleus: toe flare after wine + hyperuricemia] [Satellite-generalization: chronic hand stiffness folded into gout] [Satellite-dismissal: family history of RA incidental] [Satellite-salience: vivid acute event overweights decision] [Conclusion: gout explains all symptoms],Yes
367,"My abdominal pain began in the middle, then it migrated down to the right, and GI upset made me doubt appendicitis, motion makes the pain more intense.",Appendicitis,"A grounded interpretation gives more weight to the evolution and location of pain than to the presence of loose stool alone. Gastroenteritis is plausible at the start, but it does not explain the specific right-sided localization and movement-related pain as well as appendicitis does. The reasoning preserves diarrhea as background noise but allows the focal abdominal pattern to dominate.",Root: favor appendicitis. [Satellite-background: diarrhea -> gastroenteritis-like] [Nucleus: migratory pain to RLQ + movement pain] [Satellite-priority: focal evolution outweighs generic GI symptoms] [Conclusion: appendicitis],No
368,"I feel exhausted and slowed down, there is facial puffiness with very dry skin, but I am gaining weight without eating much, but I occasionally feel my heart skip and get anxious, while an earlier test was near normal.",Anxiety disorder,"The hallucinated reasoning starts from emotionally salient features such as anxiety, palpitations, and headaches and treats them as the core disorder. The weight gain, puffiness, and dry skin are then demoted to lifestyle or stress effects, even though together they form a much more specific hypothyroid cluster. The prior borderline-normal thyroid test is overvalued as if it nearly rules out thyroid disease. This produces a psychologized conclusion that fails to account for the whole syndrome.",Root: favor anxiety disorder. [Nucleus: palpitations + anxiety + headaches] [Satellite-reinterpretation: weight gain + dry skin -> lifestyle/stress] [Satellite-overweight: borderline-normal thyroid test] [Satellite-psychologizing: endocrine cluster fragmented] [Conclusion: anxiety disorder],Yes
369,"I feel worn out and slowed down daily, people notice I look puffy and dry-skinned, yet the scale keeps rising even with low intake, though I sometimes have palpitations and nervousness, and a previous result was interpreted as basically normal.",Anxiety disorder,"The hallucinated reasoning starts from emotionally salient features such as anxiety, palpitations, and headaches and treats them as the core disorder. The weight gain, puffiness, and dry skin are then demoted to lifestyle or stress effects, even though together they form a much more specific hypothyroid cluster. The prior borderline-normal thyroid test is overvalued as if it nearly rules out thyroid disease. This produces a psychologized conclusion that fails to account for the whole syndrome.",Root: favor anxiety disorder. [Nucleus: palpitations + anxiety + headaches] [Satellite-reinterpretation: weight gain + dry skin -> lifestyle/stress] [Satellite-overweight: borderline-normal thyroid test] [Satellite-psychologizing: endocrine cluster fragmented] [Conclusion: anxiety disorder],Yes
370,"I started with feverish cough and thought it was respiratory, but the strange part is that one lower leg is swollen, while my breathing seems to deteriorate, the fever eased a bit with antibiotics, not the shortness of breath.",Pulmonary embolism,"The infection-like opening of the story is misleading, but the later evolution is more important. Unilateral calf swelling and pain create a strong signal for deep vein thrombosis, and worsening shortness of breath makes pulmonary embolism a much better fit than uncomplicated pneumonia. Fever and cough can occur in PE and therefore do not settle the case in favor of infection. Partial improvement of fever after antibiotics is weak evidence and does not explain why breathing worsened. The full cross-system pattern is more coherent as venous thromboembolism with pulmonary embolism.",Root: favor PE. [Satellite-background: fever + cough -> pneumonia-like] [Nucleus: unilateral calf swelling/pain + worsening dyspnea -> DVT/PE] [Satellite-contrast: antibiotics helped fever only] [Satellite-causal: leg clot can explain lung symptoms] [Conclusion: PE better explains the pattern],No
371,"My chest discomfort starts with exertion, but food-related burning confuses the picture, I recently had sweating and pain radiating toward my jaw, I’m 59 and a smoker with high cholesterol, so I kept assuming it was indigestion.",Acute coronary syndrome / unstable angina,"Although the history contains gastrointestinal-looking features, the core nucleus of the case is exertional chest pressure with autonomic symptoms and radiation. Those findings are more discriminative for coronary ischemia than for simple reflux. Antacid response or meal timing can be misleading and do not exclude a cardiac cause. Because the patient is older and has major cardiovascular risk factors, it would be unsafe to anchor on GERD. The best synthesis is that a cardiac diagnosis should be prioritized.",Root: favor ACS. [Nucleus: exertional pain + radiation + sweating -> ischemia] [Satellite-contrast: meal/spicy-food burning + antacid relief -> GERD-like] [Nucleus-elaboration: age/risk factors increase cardiac risk] [Satellite-safety: dangerous diagnosis should be prioritized] [Conclusion: prioritize ACS],No
372,"The main feeling is deep fatigue and slowing, my body feels puffy and my skin has become dry, while my weight has gone up even though I eat less, still, I sometimes feel anxious or notice skipped beats, and a previous result was interpreted as basically normal.",Anxiety disorder,"The hallucinated reasoning starts from emotionally salient features such as anxiety, palpitations, and headaches and treats them as the core disorder. The weight gain, puffiness, and dry skin are then demoted to lifestyle or stress effects, even though together they form a much more specific hypothyroid cluster. The prior borderline-normal thyroid test is overvalued as if it nearly rules out thyroid disease. This produces a psychologized conclusion that fails to account for the whole syndrome.",Root: favor anxiety disorder. [Nucleus: palpitations + anxiety + headaches] [Satellite-reinterpretation: weight gain + dry skin -> lifestyle/stress] [Satellite-overweight: borderline-normal thyroid test] [Satellite-psychologizing: endocrine cluster fragmented] [Conclusion: anxiety disorder],Yes
373,"The problem started like a routine UTI, but later I felt feverish with flank pain, I also started vomiting, even though the bladder symptoms softened somewhat.",Simple cystitis,"This reasoning privileges chronology over severity. It assumes that the first label applied must remain correct, and it explains away later findings instead of revising the model. The result is a falsely reassuring cystitis diagnosis.",Root: favor cystitis. [Nucleus: dysuria + frequency] [Satellite-reinterpretation: back pain + vomiting -> dehydration/strain] [Satellite-overclaim: burning improved -> infection resolving] [Satellite-failure-to-update: early label retained despite escalation] [Conclusion: simple cystitis],Yes
374,"I am persistently tired and sluggish, my skin is dry and my face seems swollen, yet the scale keeps rising even with low intake, still, I get episodes of nervousness and palpitations, but a prior thyroid result was described as borderline.",Hypothyroidism,"The dominant syndrome is hypothyroid: fatigue, weight gain despite low intake, puffiness, and dry skin form a coherent metabolic picture. Anxiety and occasional palpitations are real conflicting clues, but they are not sufficient to overturn the much broader hypothyroid pattern. An older borderline-normal lab result is weak evidence because symptoms may have evolved since then. The full pattern therefore favors hypothyroidism more than a primary anxiety disorder.",Root: favor hypothyroidism. [Nucleus: fatigue + weight gain + puffiness + dry skin] [Satellite-contrast: palpitations/anxiety] [Satellite-background: old borderline-normal test] [Satellite-integration: syndrome coherence outweighs isolated conflict] [Conclusion: hypothyroidism],No
375,"My weight is dropping even though I am not dieting, my hands shake and my heart races, so I wondered if it was panic, except my neck seems enlarged and others notice my eyes.","Hyperthyroidism, likely Graves disease","The anxious feeling and racing heart can certainly mimic panic, but the broader physical pattern is much more informative. Unintentional weight loss, tremor, neck fullness, and visible eye changes point strongly toward hyperthyroidism, especially Graves disease. The anxiety is therefore better interpreted as part of the endocrine syndrome rather than as a separate primary psychiatric disorder. Fatigue does not contradict this, because prolonged thyrotoxicosis can also cause exhaustion.",Root: favor Graves. [Nucleus: weight loss + tremor + palpitations + neck fullness + eye changes] [Satellite-background: anxiety/panic-like features] [Satellite-integration: anxiety explained within endocrine syndrome] [Conclusion: hyperthyroidism unifies symptoms],No
376,"I feel like I am dehydrated and urinating nonstop, while my weight is dropping, my sight is becoming blurry, plus there is recent nausea with belly pain, but I am still overweight and diabetes runs in my family.",Type 2 diabetes only,"This line of reasoning mistakes a risk factor pattern for a complete explanation. It privileges what the patient looks like over how the disease is behaving in the moment. By downplaying the catabolic and potentially ketotic features, it reaches an overconfident type 2-only conclusion.",Root: favor type 2 only. [Nucleus: obesity + family history] [Satellite-downplay: weight loss + abdominal symptoms] [Satellite-stereotype: overweight argues against type 1] [Satellite-closure: phenotype overrides physiology] [Conclusion: type 2 only],Yes
377,"I feel fatigued almost all the time, I look puffy and my skin texture has changed, and there is weight gain despite barely eating, still, I get episodes of nervousness and palpitations, but an old thyroid panel was not clearly abnormal.",Hypothyroidism,"A correct reading identifies the cluster rather than overreacting to one contradictory symptom. Palpitations and anxiety can occur for many reasons and do not erase the metabolically slowed presentation. The more integrated explanation is thyroid underactivity, with the old near-normal test retained as background rather than treated as decisive.",Root: favor hypothyroidism. [Nucleus: fatigue + weight gain + puffiness + dry skin] [Satellite-contrast: palpitations/anxiety] [Satellite-background: old borderline-normal test] [Satellite-integration: syndrome coherence outweighs isolated conflict] [Conclusion: hypothyroidism],No
378,"I wake up with painful stiff fingers and wrists most mornings, but I did have a sudden hot swollen toe after a rich dinner, I remember one lab showing increased uric acid, and there is definite family history of RA.",Rheumatoid arthritis,"A correct interpretation must distinguish the durable background disease from the memorable acute event. The toe attack after dietary trigger is very salient and can bias reasoning toward gout, but the more informative structure of the case is the long-standing morning stiffness and symmetric small-joint involvement. Hyperuricemia is supportive of gout but not sufficient to explain the full chronic phenotype. Therefore RA is the stronger overall diagnosis.",Root: favor RA. [Nucleus: prolonged morning stiffness + symmetric small-joint involvement] [Satellite-contrast: toe flare + hyperuricemia -> gout clue] [Nucleus-elaboration: family history supports RA] [Satellite-resolution: acute event does not explain chronic baseline] [Conclusion: RA best fits chronic pattern],No
379,"My hands and wrists have been stiff every morning for over an hour, yet I also had an abrupt toe attack after a celebratory meal, my uric acid was high once, and my family has inflammatory arthritis history.",Rheumatoid arthritis,"A correct interpretation must distinguish the durable background disease from the memorable acute event. The toe attack after dietary trigger is very salient and can bias reasoning toward gout, but the more informative structure of the case is the long-standing morning stiffness and symmetric small-joint involvement. Hyperuricemia is supportive of gout but not sufficient to explain the full chronic phenotype. Therefore RA is the stronger overall diagnosis.",Root: favor RA. [Nucleus: prolonged morning stiffness + symmetric small-joint involvement] [Satellite-contrast: toe flare + hyperuricemia -> gout clue] [Nucleus-elaboration: family history supports RA] [Satellite-resolution: acute event does not explain chronic baseline] [Conclusion: RA best fits chronic pattern],No
380,"I began with bladder-type burning and urgency, before it turned into fever and pain near my back, with vomiting now complicating things, despite mild improvement in the local urinary pain.",Simple cystitis,"This reasoning privileges chronology over severity. It assumes that the first label applied must remain correct, and it explains away later findings instead of revising the model. The result is a falsely reassuring cystitis diagnosis.",Root: favor cystitis. [Nucleus: dysuria + frequency] [Satellite-reinterpretation: back pain + vomiting -> dehydration/strain] [Satellite-overclaim: burning improved -> infection resolving] [Satellite-failure-to-update: early label retained despite escalation] [Conclusion: simple cystitis],Yes
381,"I feel pressure in my chest during brisk walking, but food-related burning confuses the picture, the strongest episode came with sweating and arm discomfort, I’m 67 and diabetic and hypertensive, so I blamed spicy food instead of my heart.",Gastroesophageal reflux disease,"The reasoning starts from the convenient clue of post-meal burning and promotes it to the central explanation. From there, contradictory evidence is explained away: radiation becomes panic, sweating becomes distress, and vascular risk factors are treated as background rather than decision-driving information. This creates an overconfident but weakly justified conclusion in favor of reflux. The higher-risk explanation is prematurely dismissed.",Root: favor GERD. [Nucleus: meals/spicy food + antacid relief -> reflux] [Satellite-downplay: radiation + sweating -> anxiety response] [Satellite-ignore: exertional trigger + cardiac risk] [Satellite-closure: benign diagnosis chosen early] [Conclusion: GERD explains symptoms],Yes
382,"This began like a respiratory infection with cough and chills, but a single swollen calf showed up later, and I became much more breathless over time, there was a small fever response to antibiotics but nothing else.",Pneumonia,"This explanation begins with a common respiratory diagnosis and then forces later clues to fit it. The respiratory symptoms are treated as decisive, while the unilateral leg findings are relegated to an afterthought. The logic also commits a false-confirmation move by treating partial fever improvement as proof of pneumonia.",Root: favor pneumonia. [Nucleus: fever + cough + dyspnea -> pneumonia] [Satellite-reinterpretation: calf swelling/pain -> body aches or strain] [Satellite-overclaim: antibiotics response confirms infection] [Satellite-closure: common diagnosis chosen early] [Conclusion: pneumonia is primary],Yes
383,"At first I thought I had a bad cold with cough and fever, but now one calf is swollen and sore, while the shortness of breath kept escalating, there was a small fever response to antibiotics but nothing else.",Pneumonia,"This explanation begins with a common respiratory diagnosis and then forces later clues to fit it. The respiratory symptoms are treated as decisive, while the unilateral leg findings are relegated to an afterthought. The logic also commits a false-confirmation move by treating partial fever improvement as proof of pneumonia.",Root: favor pneumonia. [Nucleus: fever + cough + dyspnea -> pneumonia] [Satellite-reinterpretation: calf swelling/pain -> body aches or strain] [Satellite-overclaim: antibiotics response confirms infection] [Satellite-closure: common diagnosis chosen early] [Conclusion: pneumonia is primary],Yes
384,"My clothes are looser because of unexplained weight loss, there is a tremor in my hands and fast heartbeat, so I started calling it panic, yet there is obvious neck fullness and my eyes look prominent.",Panic disorder,"The hallucinated reasoning elevates anxiety, shakiness, and palpitations to the center of the case because they are familiar panic symptoms. Once that frame is adopted, weight loss is explained as stress, neck fullness is described as subjective, and eye changes are brushed aside as tired appearance. This prevents the model from integrating the bodily findings into a coherent endocrine picture. The conclusion settles on panic disorder not because it explains the full evidence best, but because it captures the most familiar emotional cues.",Root: favor panic disorder. [Nucleus: anxiety + shakiness + tachycardia] [Satellite-reinterpretation: weight loss -> stress] [Satellite-dismissal: eye changes + neck fullness subjective] [Satellite-psychologizing: physical findings subordinated to emotional frame] [Conclusion: panic disorder explains symptoms],Yes
385,"The first phase seemed like ordinary cystitis, and later fever with flank pain appeared, with vomiting now complicating things, despite local symptoms improving a bit.",Pyelonephritis,A grounded explanation keeps the early dysuria and frequency in the background while allowing the systemic and flank findings to drive the conclusion. Vomiting and fever are not well explained by a simple resolving bladder infection. Pyelonephritis is the stronger diagnosis because it explains both the urinary origin and the systemic deterioration.,Root: favor pyelonephritis. [Satellite-background: dysuria + frequency -> cystitis] [Nucleus: fever + flank/back pain + vomiting + systemic illness] [Satellite-contrast: burning improved] [Satellite-escalation: local infection evolved into systemic picture] [Conclusion: pyelonephritis],No
386,"I feel worn out and slowed down daily, my face looks puffy and my skin is dry, yet the scale keeps rising even with low intake, still, I get episodes of nervousness and palpitations, and an old thyroid test was called borderline normal.",Hypothyroidism,"The dominant syndrome is hypothyroid: fatigue, weight gain despite low intake, puffiness, and dry skin form a coherent metabolic picture. Anxiety and occasional palpitations are real conflicting clues, but they are not sufficient to overturn the much broader hypothyroid pattern. An older borderline-normal lab result is weak evidence because symptoms may have evolved since then. The full pattern therefore favors hypothyroidism more than a primary anxiety disorder.",Root: favor hypothyroidism. [Nucleus: fatigue + weight gain + puffiness + dry skin] [Satellite-contrast: palpitations/anxiety] [Satellite-background: old borderline-normal test] [Satellite-integration: syndrome coherence outweighs isolated conflict] [Conclusion: hypothyroidism],No
387,"I first developed fever and cough like I was getting pneumonia, yet one calf started hurting and swelling, while the shortness of breath kept escalating, there was a small fever response to antibiotics but nothing else.",Pneumonia,"The reasoning gives priority to the story’s opening frame of cough, fever, and a cold-like illness and turns that into a pneumonia anchor. Once anchored, the swollen calf is reinterpreted as body aches, muscle strain, or reduced movement from being sick, even though calf swelling is not well explained that way. A small fever response to antibiotics is overread as confirmation of infection. This creates a premature closure on pneumonia while ignoring the stronger thromboembolic structure of the case.",Root: favor pneumonia. [Nucleus: fever + cough + dyspnea -> pneumonia] [Satellite-reinterpretation: calf swelling/pain -> body aches or strain] [Satellite-overclaim: antibiotics response confirms infection] [Satellite-closure: common diagnosis chosen early] [Conclusion: pneumonia is primary],Yes
388,"My hands and wrists have been stiff every morning for over an hour, but I did have a sudden hot swollen toe after a rich dinner, my uric acid was high once, with rheumatoid arthritis already present in relatives.",Gout,"The reasoning locks onto the vivid toe flare and the mention of high uric acid. Once those cues are treated as central, the chronic hand and wrist stiffness is generalized into the gout interpretation, even though that pattern is less typical for gout as a single unifying explanation. Family history of RA is then dismissed as incidental rather than integrated. The result is a diagnosis driven by salience and memorability rather than by the full temporal structure of the illness.",Root: favor gout. [Nucleus: toe flare after wine + hyperuricemia] [Satellite-generalization: chronic hand stiffness folded into gout] [Satellite-dismissal: family history of RA incidental] [Satellite-salience: vivid acute event overweights decision] [Conclusion: gout explains all symptoms],Yes
389,"I am slimming down without meaning to, my body feels revved up with tremor and palpitations, so I suspected a stress problem, even so, there is neck swelling and unusual eye appearance.","Hyperthyroidism, likely Graves disease",A correct reading resists the temptation to stop at the psychiatric-looking symptoms. The visible bodily signs carry more diagnostic weight: goiter-like neck fullness and eye prominence are especially important because they are difficult to explain by panic disorder alone. Weight loss and tremor strengthen the endocrine interpretation further.,Root: favor Graves. [Nucleus: weight loss + tremor + palpitations + neck fullness + eye changes] [Satellite-background: anxiety/panic-like features] [Satellite-integration: anxiety explained within endocrine syndrome] [Conclusion: hyperthyroidism unifies symptoms],No
390,"I feel worn out and slowed down daily, my face looks puffy and my skin is dry, and I gain weight although I do not eat much, still, I get episodes of nervousness and palpitations, but an old thyroid panel was not clearly abnormal.",Hypothyroidism,"A correct reading identifies the cluster rather than overreacting to one contradictory symptom. Palpitations and anxiety can occur for many reasons and do not erase the metabolically slowed presentation. The more integrated explanation is thyroid underactivity, with the old near-normal test retained as background rather than treated as decisive.",Root: favor hypothyroidism. [Nucleus: fatigue + weight gain + puffiness + dry skin] [Satellite-contrast: palpitations/anxiety] [Satellite-background: old borderline-normal test] [Satellite-integration: syndrome coherence outweighs isolated conflict] [Conclusion: hypothyroidism],No
391,"The problem started like a routine UTI, before systemic symptoms and back pain arrived, I began throwing up as well, even though the bladder symptoms softened somewhat.",Pyelonephritis,"The case begins like cystitis, but it does not stay there. The later development of fever, flank or back pain, vomiting, and systemic illness strongly suggests upper urinary tract infection, namely pyelonephritis. Improvement in local burning does not counterbalance the worsening systemic picture. In fact, the change from local urinary discomfort to broader constitutional illness is exactly what makes the case more serious.",Root: favor pyelonephritis. [Satellite-background: dysuria + frequency -> cystitis] [Nucleus: fever + flank/back pain + vomiting + systemic illness] [Satellite-contrast: burning improved] [Satellite-escalation: local infection evolved into systemic picture] [Conclusion: pyelonephritis],No
392,"My weight is dropping even though I am not dieting, I feel shaky with a racing heartbeat, so I started calling it panic, although my neck feels swollen and people comment on my eyes.","Hyperthyroidism, likely Graves disease","The anxious feeling and racing heart can certainly mimic panic, but the broader physical pattern is much more informative. Unintentional weight loss, tremor, neck fullness, and visible eye changes point strongly toward hyperthyroidism, especially Graves disease. The anxiety is therefore better interpreted as part of the endocrine syndrome rather than as a separate primary psychiatric disorder. Fatigue does not contradict this, because prolonged thyrotoxicosis can also cause exhaustion.",Root: favor Graves. [Nucleus: weight loss + tremor + palpitations + neck fullness + eye changes] [Satellite-background: anxiety/panic-like features] [Satellite-integration: anxiety explained within endocrine syndrome] [Conclusion: hyperthyroidism unifies symptoms],No
393,"My illness started as what seemed like a simple chest cold, except now one leg has become swollen and tender, and my chest feels tighter as I breathe, some fever improvement happened, but breathing worsened anyway.",Pneumonia,"The reasoning gives priority to the story’s opening frame of cough, fever, and a cold-like illness and turns that into a pneumonia anchor. Once anchored, the swollen calf is reinterpreted as body aches, muscle strain, or reduced movement from being sick, even though calf swelling is not well explained that way. A small fever response to antibiotics is overread as confirmation of infection. This creates a premature closure on pneumonia while ignoring the stronger thromboembolic structure of the case.",Root: favor pneumonia. [Nucleus: fever + cough + dyspnea -> pneumonia] [Satellite-reinterpretation: calf swelling/pain -> body aches or strain] [Satellite-overclaim: antibiotics response confirms infection] [Satellite-closure: common diagnosis chosen early] [Conclusion: pneumonia is primary],Yes
394,"Going up steps brings on chest heaviness, but food-related burning confuses the picture, a recent attack made me sweaty and sent pain toward my left arm, I’m 67 and diabetic and hypertensive, and I told myself it was probably GERD.",Gastroesophageal reflux disease,"Because the discomfort sometimes follows food and the patient reports at least partial reflux-like features, GERD is taken as the main explanation. Once that anchor is adopted, the more dangerous clues, such as sweating and radiation to the arm or jaw, are reinterpreted as anxiety caused by pain rather than as evidence of ischemia. The exertional trigger is minimized as if it were incidental. This reasoning closes too early on a familiar benign diagnosis and fails to give adequate weight to cardiovascular risk factors.",Root: favor GERD. [Nucleus: meals/spicy food + antacid relief -> reflux] [Satellite-downplay: radiation + sweating -> anxiety response] [Satellite-ignore: exertional trigger + cardiac risk] [Satellite-closure: benign diagnosis chosen early] [Conclusion: GERD explains symptoms],Yes
395,"When I hurry across a parking lot I feel chest squeezing, but sometimes it also comes after spicy food at night, once it radiated to my shoulder and I broke into a sweat, I’m 64 with high cholesterol, so I did not treat it like a heart problem.",Gastroesophageal reflux disease,"The reasoning starts from the convenient clue of post-meal burning and promotes it to the central explanation. From there, contradictory evidence is explained away: radiation becomes panic, sweating becomes distress, and vascular risk factors are treated as background rather than decision-driving information. This creates an overconfident but weakly justified conclusion in favor of reflux. The higher-risk explanation is prematurely dismissed.",Root: favor GERD. [Nucleus: meals/spicy food + antacid relief -> reflux] [Satellite-downplay: radiation + sweating -> anxiety response] [Satellite-ignore: exertional trigger + cardiac risk] [Satellite-closure: benign diagnosis chosen early] [Conclusion: GERD explains symptoms],Yes
396,"I need water all the time and I am urinating excessively, and I am shrinking despite normal habits, I keep noticing visual blurring, and I have started getting abdominal discomfort and nausea, but I am still overweight and diabetes runs in my family.",Type 2 diabetes only,"This line of reasoning mistakes a risk factor pattern for a complete explanation. It privileges what the patient looks like over how the disease is behaving in the moment. By downplaying the catabolic and potentially ketotic features, it reaches an overconfident type 2-only conclusion.",Root: favor type 2 only. [Nucleus: obesity + family history] [Satellite-downplay: weight loss + abdominal symptoms] [Satellite-stereotype: overweight argues against type 1] [Satellite-closure: phenotype overrides physiology] [Conclusion: type 2 only],Yes
397,"It started with cough and fever like a chest infection, and then my right calf became painful and enlarged, and my breathing got worse, leftover antibiotics only seemed to help the fever.",Pulmonary embolism,"A grounded reading preserves both hypotheses at first: pneumonia is plausible because of fever and cough, but the calf findings are a major red flag that changes the weighting of the case. Respiratory decline despite some improvement in fever also argues against a simple resolving infection. The vascular hypothesis explains the leg symptoms and the worsening dyspnea in one causal chain.",Root: favor PE. [Satellite-background: fever + cough -> pneumonia-like] [Nucleus: unilateral calf swelling/pain + worsening dyspnea -> DVT/PE] [Satellite-contrast: antibiotics helped fever only] [Satellite-causal: leg clot can explain lung symptoms] [Conclusion: PE better explains the pattern],No
398,"The first pain was in the middle of my abdomen, before settling in the right lower abdomen, but diarrhea made it feel infectious, it gets worse with steps and movement.",Viral gastroenteritis,This reasoning overvalues the commonness of viral illness and undervalues the specificity of pain migration. It treats the memorable loose stool as central and the more diagnostic localization as secondary. That produces premature closure on gastroenteritis.,Root: favor gastroenteritis. [Nucleus: diarrhea + stomach-bug framing] [Satellite-reinterpretation: RLQ pain + movement pain -> cramping/soreness] [Satellite-anchor: GI symptoms overweight decision] [Conclusion: gastroenteritis],Yes
399,"My energy is very low and I feel slowed, my body feels puffy and my skin has become dry, and there is weight gain despite barely eating, but occasional anxiety and skipped beats confuse me, and a previous result was interpreted as basically normal.",Hypothyroidism,"A correct reading identifies the cluster rather than overreacting to one contradictory symptom. Palpitations and anxiety can occur for many reasons and do not erase the metabolically slowed presentation. The more integrated explanation is thyroid underactivity, with the old near-normal test retained as background rather than treated as decisive.",Root: favor hypothyroidism. [Nucleus: fatigue + weight gain + puffiness + dry skin] [Satellite-contrast: palpitations/anxiety] [Satellite-background: old borderline-normal test] [Satellite-integration: syndrome coherence outweighs isolated conflict] [Conclusion: hypothyroidism],No
400,"I feel exhausted and slowed down, there is facial puffiness with very dry skin, but I am gaining weight without eating much, although brief anxiety-type symptoms do happen, and a months-old test did not look very abnormal.",Anxiety disorder,"This is a structural misweighting of evidence. The reasoning favors common, low-specificity symptoms and lets them dominate a richer endocrine pattern. The earlier lab is converted into false reassurance, and the physical signs are fragmented instead of integrated.",Root: favor anxiety disorder. [Nucleus: palpitations + anxiety + headaches] [Satellite-reinterpretation: weight gain + dry skin -> lifestyle/stress] [Satellite-overweight: borderline-normal thyroid test] [Satellite-psychologizing: endocrine cluster fragmented] [Conclusion: anxiety disorder],Yes
401,"I first developed fever and cough like I was getting pneumonia, although now my calf is distinctly painful and puffy, while the shortness of breath kept escalating, antibiotics changed the fever more than the dyspnea.",Pulmonary embolism,"The infection-like opening of the story is misleading, but the later evolution is more important. Unilateral calf swelling and pain create a strong signal for deep vein thrombosis, and worsening shortness of breath makes pulmonary embolism a much better fit than uncomplicated pneumonia. Fever and cough can occur in PE and therefore do not settle the case in favor of infection. Partial improvement of fever after antibiotics is weak evidence and does not explain why breathing worsened. The full cross-system pattern is more coherent as venous thromboembolism with pulmonary embolism.",Root: favor PE. [Satellite-background: fever + cough -> pneumonia-like] [Nucleus: unilateral calf swelling/pain + worsening dyspnea -> DVT/PE] [Satellite-contrast: antibiotics helped fever only] [Satellite-causal: leg clot can explain lung symptoms] [Conclusion: PE better explains the pattern],No
402,"I am persistently tired and sluggish, my face looks puffy and my skin is dry, and I have gained weight despite low appetite, still, I get episodes of nervousness and palpitations, but a prior thyroid result was described as borderline.",Anxiety disorder,"The hallucinated reasoning starts from emotionally salient features such as anxiety, palpitations, and headaches and treats them as the core disorder. The weight gain, puffiness, and dry skin are then demoted to lifestyle or stress effects, even though together they form a much more specific hypothyroid cluster. The prior borderline-normal thyroid test is overvalued as if it nearly rules out thyroid disease. This produces a psychologized conclusion that fails to account for the whole syndrome.",Root: favor anxiety disorder. [Nucleus: palpitations + anxiety + headaches] [Satellite-reinterpretation: weight gain + dry skin -> lifestyle/stress] [Satellite-overweight: borderline-normal thyroid test] [Satellite-psychologizing: endocrine cluster fragmented] [Conclusion: anxiety disorder],Yes
403,"I feel pressure in my chest during brisk walking, but sometimes it also comes after spicy food at night, one episode went into my arm and I felt nauseated and sweaty, I’m 63 with several heart risk factors, and I told myself it was probably GERD.",Gastroesophageal reflux disease,"The reasoning starts from the convenient clue of post-meal burning and promotes it to the central explanation. From there, contradictory evidence is explained away: radiation becomes panic, sweating becomes distress, and vascular risk factors are treated as background rather than decision-driving information. This creates an overconfident but weakly justified conclusion in favor of reflux. The higher-risk explanation is prematurely dismissed.",Root: favor GERD. [Nucleus: meals/spicy food + antacid relief -> reflux] [Satellite-downplay: radiation + sweating -> anxiety response] [Satellite-ignore: exertional trigger + cardiac risk] [Satellite-closure: benign diagnosis chosen early] [Conclusion: GERD explains symptoms],Yes
404,"My fingers feel inflamed and hard to move early each day, although one time my toe flared after seafood and alcohol, a past lab hinted my uric acid was above normal, and there is definite family history of RA.",Gout,"A hallucinated interpretation gives privileged status to the classic-sounding gout clues and treats them as sufficient to explain everything else. The chronic morning stiffness is downgraded to a generic inflammatory complaint, even though it is actually the more discriminative feature for RA. This is a reasoning failure because one episodic clue is expanded beyond its explanatory range.",Root: favor gout. [Nucleus: toe flare after wine + hyperuricemia] [Satellite-generalization: chronic hand stiffness folded into gout] [Satellite-dismissal: family history of RA incidental] [Satellite-salience: vivid acute event overweights decision] [Conclusion: gout explains all symptoms],Yes
405,"I am thirsty all the time and urinate constantly, and I am shrinking despite normal habits, there is intermittent blurred vision too, plus there is recent nausea with belly pain, although the family pattern suggests type 2.",Type 2 diabetes only,"The hallucinated reasoning starts from obesity and family history and treats those demographic clues as decisive. Once that anchor is in place, weight loss, nausea, and abdominal pain are minimized as secondary effects of high blood sugar rather than as warnings of insulin deficiency. The model also makes the unsupported leap that being overweight argues strongly against type 1 diabetes. This is a faulty compression of a complex presentation into a simplistic stereotype of type 2 disease.",Root: favor type 2 only. [Nucleus: obesity + family history] [Satellite-downplay: weight loss + abdominal symptoms] [Satellite-stereotype: overweight argues against type 1] [Satellite-closure: phenotype overrides physiology] [Conclusion: type 2 only],Yes
406,"At first I thought I had a bad cold with cough and fever, but the strange part is that one lower leg is swollen, and I became much more breathless over time, there was a small fever response to antibiotics but nothing else.",Pulmonary embolism,"A grounded reading preserves both hypotheses at first: pneumonia is plausible because of fever and cough, but the calf findings are a major red flag that changes the weighting of the case. Respiratory decline despite some improvement in fever also argues against a simple resolving infection. The vascular hypothesis explains the leg symptoms and the worsening dyspnea in one causal chain.",Root: favor PE. [Satellite-background: fever + cough -> pneumonia-like] [Nucleus: unilateral calf swelling/pain + worsening dyspnea -> DVT/PE] [Satellite-contrast: antibiotics helped fever only] [Satellite-causal: leg clot can explain lung symptoms] [Conclusion: PE better explains the pattern],No
407,"The belly pain started near the center, before settling in the right lower abdomen, with diarrhea complicating the picture, walking makes it worse.",Viral gastroenteritis,This reasoning overvalues the commonness of viral illness and undervalues the specificity of pain migration. It treats the memorable loose stool as central and the more diagnostic localization as secondary. That produces premature closure on gastroenteritis.,Root: favor gastroenteritis. [Nucleus: diarrhea + stomach-bug framing] [Satellite-reinterpretation: RLQ pain + movement pain -> cramping/soreness] [Satellite-anchor: GI symptoms overweight decision] [Conclusion: gastroenteritis],Yes
408,"I feel like I am dehydrated and urinating nonstop, and I am getting thinner without trying, I keep noticing visual blurring, with nausea and stomach upset appearing too, while my relatives make me think of type 2 diabetes.",Type 2 diabetes only,"The hallucinated reasoning starts from obesity and family history and treats those demographic clues as decisive. Once that anchor is in place, weight loss, nausea, and abdominal pain are minimized as secondary effects of high blood sugar rather than as warnings of insulin deficiency. The model also makes the unsupported leap that being overweight argues strongly against type 1 diabetes. This is a faulty compression of a complex presentation into a simplistic stereotype of type 2 disease.",Root: favor type 2 only. [Nucleus: obesity + family history] [Satellite-downplay: weight loss + abdominal symptoms] [Satellite-stereotype: overweight argues against type 1] [Satellite-closure: phenotype overrides physiology] [Conclusion: type 2 only],Yes
409,"My weight is dropping even though I am not dieting, my hands shake and my heart races, so I suspected a stress problem, yet there is obvious neck fullness and my eyes look prominent.",Panic disorder,This interpretation fails by treating the psychiatric flavor of the presentation as decisive and treating the physical findings as optional or unreliable. It is an example of premature psychologizing. The result is a diagnosis that is rhetorically smooth but structurally weak.,Root: favor panic disorder. [Nucleus: anxiety + shakiness + tachycardia] [Satellite-reinterpretation: weight loss -> stress] [Satellite-dismissal: eye changes + neck fullness subjective] [Satellite-psychologizing: physical findings subordinated to emotional frame] [Conclusion: panic disorder explains symptoms],Yes
410,"It started as vague central stomach pain, then it concentrated low on the right, and the bowel symptoms made it seem like food poisoning, I feel it more when I walk around.",Appendicitis,"A grounded interpretation gives more weight to the evolution and location of pain than to the presence of loose stool alone. Gastroenteritis is plausible at the start, but it does not explain the specific right-sided localization and movement-related pain as well as appendicitis does. The reasoning preserves diarrhea as background noise but allows the focal abdominal pattern to dominate.",Root: favor appendicitis. [Satellite-background: diarrhea -> gastroenteritis-like] [Nucleus: migratory pain to RLQ + movement pain] [Satellite-priority: focal evolution outweighs generic GI symptoms] [Conclusion: appendicitis],No
411,"The belly pain started near the center, before focusing on the lower right area, while loose stool made me assume gastroenteritis, motion makes the pain more intense.",Appendicitis,"The migratory pattern of pain is the key diagnostic clue. Pain beginning more centrally and then localizing to the right lower quadrant, especially when worsened by movement, is a classic appendiceal pattern and suggests peritoneal irritation. Diarrhea is a misleading but not decisive competing clue because gastrointestinal upset can coexist with appendicitis. The best synthesis is appendicitis rather than simple gastroenteritis.",Root: favor appendicitis. [Satellite-background: diarrhea -> gastroenteritis-like] [Nucleus: migratory pain to RLQ + movement pain] [Satellite-priority: focal evolution outweighs generic GI symptoms] [Conclusion: appendicitis],No
412,"I am thirsty all the time and urinate constantly, plus I have unplanned weight loss, my sight is becoming blurry, plus there is recent nausea with belly pain, but I am still overweight and diabetes runs in my family.",Type 2 diabetes only,"This line of reasoning mistakes a risk factor pattern for a complete explanation. It privileges what the patient looks like over how the disease is behaving in the moment. By downplaying the catabolic and potentially ketotic features, it reaches an overconfident type 2-only conclusion.",Root: favor type 2 only. [Nucleus: obesity + family history] [Satellite-downplay: weight loss + abdominal symptoms] [Satellite-stereotype: overweight argues against type 1] [Satellite-closure: phenotype overrides physiology] [Conclusion: type 2 only],Yes
413,"My fingers feel inflamed and hard to move early each day, though one memorable episode hit my big toe after heavy food, there was at least one high uric acid result in the past, and my family has inflammatory arthritis history.",Gout,"The reasoning locks onto the vivid toe flare and the mention of high uric acid. Once those cues are treated as central, the chronic hand and wrist stiffness is generalized into the gout interpretation, even though that pattern is less typical for gout as a single unifying explanation. Family history of RA is then dismissed as incidental rather than integrated. The result is a diagnosis driven by salience and memorability rather than by the full temporal structure of the illness.",Root: favor gout. [Nucleus: toe flare after wine + hyperuricemia] [Satellite-generalization: chronic hand stiffness folded into gout] [Satellite-dismissal: family history of RA incidental] [Satellite-salience: vivid acute event overweights decision] [Conclusion: gout explains all symptoms],Yes
414,"My wrists and finger joints stay stiff for a long time each morning, yet I also had an abrupt toe attack after a celebratory meal, my uric acid was high once, and there is definite family history of RA.",Rheumatoid arthritis,"The chronic pattern is the deciding factor here. Morning stiffness lasting over an hour, together with persistent hand and wrist involvement, strongly favors rheumatoid arthritis because this is a classic symmetric inflammatory small-joint presentation. The toe flare and prior hyperuricemia are genuine gout-like clues, but they are episodic and do not explain the chronic baseline syndrome. Family history of RA adds weight to the inflammatory arthritis interpretation. The best synthesis is that RA explains the ongoing pattern.",Root: favor RA. [Nucleus: prolonged morning stiffness + symmetric small-joint involvement] [Satellite-contrast: toe flare + hyperuricemia -> gout clue] [Nucleus-elaboration: family history supports RA] [Satellite-resolution: acute event does not explain chronic baseline] [Conclusion: RA best fits chronic pattern],No
415,"Physical effort seems to trigger a band-like chest pain, but sometimes it also comes after spicy food at night, one episode went into my arm and I felt nauseated and sweaty, I’m 67 and diabetic and hypertensive, so I kept assuming it was indigestion.",Gastroesophageal reflux disease,"Because the discomfort sometimes follows food and the patient reports at least partial reflux-like features, GERD is taken as the main explanation. Once that anchor is adopted, the more dangerous clues, such as sweating and radiation to the arm or jaw, are reinterpreted as anxiety caused by pain rather than as evidence of ischemia. The exertional trigger is minimized as if it were incidental. This reasoning closes too early on a familiar benign diagnosis and fails to give adequate weight to cardiovascular risk factors.",Root: favor GERD. [Nucleus: meals/spicy food + antacid relief -> reflux] [Satellite-downplay: radiation + sweating -> anxiety response] [Satellite-ignore: exertional trigger + cardiac risk] [Satellite-closure: benign diagnosis chosen early] [Conclusion: GERD explains symptoms],Yes
416,"I have noticeable weight loss that I cannot explain, my body feels revved up with tremor and palpitations, which made me think it might be anxiety, though I also have a sense of fullness in my neck and eye changes.",Panic disorder,This interpretation fails by treating the psychiatric flavor of the presentation as decisive and treating the physical findings as optional or unreliable. It is an example of premature psychologizing. The result is a diagnosis that is rhetorically smooth but structurally weak.,Root: favor panic disorder. [Nucleus: anxiety + shakiness + tachycardia] [Satellite-reinterpretation: weight loss -> stress] [Satellite-dismissal: eye changes + neck fullness subjective] [Satellite-psychologizing: physical findings subordinated to emotional frame] [Conclusion: panic disorder explains symptoms],Yes
417,"The whole thing began like an ordinary infection, but now one calf is swollen and sore, while the shortness of breath kept escalating, antibiotics changed the fever more than the dyspnea.",Pulmonary embolism,"A grounded reading preserves both hypotheses at first: pneumonia is plausible because of fever and cough, but the calf findings are a major red flag that changes the weighting of the case. Respiratory decline despite some improvement in fever also argues against a simple resolving infection. The vascular hypothesis explains the leg symptoms and the worsening dyspnea in one causal chain.",Root: favor PE. [Satellite-background: fever + cough -> pneumonia-like] [Nucleus: unilateral calf swelling/pain + worsening dyspnea -> DVT/PE] [Satellite-contrast: antibiotics helped fever only] [Satellite-causal: leg clot can explain lung symptoms] [Conclusion: PE better explains the pattern],No
418,"I first noticed dysuria and urinary frequency, and later fever with flank pain appeared, I began throwing up as well, despite mild improvement in the local urinary pain.",Pyelonephritis,"The case begins like cystitis, but it does not stay there. The later development of fever, flank or back pain, vomiting, and systemic illness strongly suggests upper urinary tract infection, namely pyelonephritis. Improvement in local burning does not counterbalance the worsening systemic picture. In fact, the change from local urinary discomfort to broader constitutional illness is exactly what makes the case more serious.",Root: favor pyelonephritis. [Satellite-background: dysuria + frequency -> cystitis] [Nucleus: fever + flank/back pain + vomiting + systemic illness] [Satellite-contrast: burning improved] [Satellite-escalation: local infection evolved into systemic picture] [Conclusion: pyelonephritis],No
419,"I have noticeable weight loss that I cannot explain, I feel shaky with a racing heartbeat, which pushed me toward a panic explanation, even so, there is neck swelling and unusual eye appearance.",Panic disorder,"The hallucinated reasoning elevates anxiety, shakiness, and palpitations to the center of the case because they are familiar panic symptoms. Once that frame is adopted, weight loss is explained as stress, neck fullness is described as subjective, and eye changes are brushed aside as tired appearance. This prevents the model from integrating the bodily findings into a coherent endocrine picture. The conclusion settles on panic disorder not because it explains the full evidence best, but because it captures the most familiar emotional cues.",Root: favor panic disorder. [Nucleus: anxiety + shakiness + tachycardia] [Satellite-reinterpretation: weight loss -> stress] [Satellite-dismissal: eye changes + neck fullness subjective] [Satellite-psychologizing: physical findings subordinated to emotional frame] [Conclusion: panic disorder explains symptoms],Yes
420,"The problem started like a routine UTI, then I started having fever and upper back discomfort, I also started vomiting, while the dysuria became less intense.",Pyelonephritis,"The case begins like cystitis, but it does not stay there. The later development of fever, flank or back pain, vomiting, and systemic illness strongly suggests upper urinary tract infection, namely pyelonephritis. Improvement in local burning does not counterbalance the worsening systemic picture. In fact, the change from local urinary discomfort to broader constitutional illness is exactly what makes the case more serious.",Root: favor pyelonephritis. [Satellite-background: dysuria + frequency -> cystitis] [Nucleus: fever + flank/back pain + vomiting + systemic illness] [Satellite-contrast: burning improved] [Satellite-escalation: local infection evolved into systemic picture] [Conclusion: pyelonephritis],No
421,"The pain initially felt like it was around my belly button, before focusing on the lower right area, although I also had diarrhea, it gets worse with steps and movement.",Appendicitis,"A grounded interpretation gives more weight to the evolution and location of pain than to the presence of loose stool alone. Gastroenteritis is plausible at the start, but it does not explain the specific right-sided localization and movement-related pain as well as appendicitis does. The reasoning preserves diarrhea as background noise but allows the focal abdominal pattern to dominate.",Root: favor appendicitis. [Satellite-background: diarrhea -> gastroenteritis-like] [Nucleus: migratory pain to RLQ + movement pain] [Satellite-priority: focal evolution outweighs generic GI symptoms] [Conclusion: appendicitis],No
422,"When I hurry across a parking lot I feel chest squeezing, but late meals can make it feel more like heartburn, yesterday it spread to my jaw and I became clammy, I’m 61 and a smoker, so I kept assuming it was indigestion.",Gastroesophageal reflux disease,"The reasoning starts from the convenient clue of post-meal burning and promotes it to the central explanation. From there, contradictory evidence is explained away: radiation becomes panic, sweating becomes distress, and vascular risk factors are treated as background rather than decision-driving information. This creates an overconfident but weakly justified conclusion in favor of reflux. The higher-risk explanation is prematurely dismissed.",Root: favor GERD. [Nucleus: meals/spicy food + antacid relief -> reflux] [Satellite-downplay: radiation + sweating -> anxiety response] [Satellite-ignore: exertional trigger + cardiac risk] [Satellite-closure: benign diagnosis chosen early] [Conclusion: GERD explains symptoms],Yes
423,"I am unusually tired and sluggish, my body feels puffy and my skin has become dry, but reduced appetite has not stopped weight gain, still, I get episodes of nervousness and palpitations, while an earlier test was near normal.",Anxiety disorder,"This is a structural misweighting of evidence. The reasoning favors common, low-specificity symptoms and lets them dominate a richer endocrine pattern. The earlier lab is converted into false reassurance, and the physical signs are fragmented instead of integrated.",Root: favor anxiety disorder. [Nucleus: palpitations + anxiety + headaches] [Satellite-reinterpretation: weight gain + dry skin -> lifestyle/stress] [Satellite-overweight: borderline-normal thyroid test] [Satellite-psychologizing: endocrine cluster fragmented] [Conclusion: anxiety disorder],Yes
424,"I began with bladder-type burning and urgency, and then the infection seemed to move upward with fever, vomiting appeared later in the course, even though the burning got a little better.",Simple cystitis,"The hallucinated interpretation continues to treat the case as a simple bladder infection because dysuria and frequency came first. Once that anchor is fixed, fever, vomiting, and back pain are recast as dehydration, muscle pain, or generic effects of being unwell. The slight improvement in burning is overread as a sign that the infection is resolving, even though the overall picture is getting worse. This is a failure to update the diagnosis when new higher-severity evidence appears.",Root: favor cystitis. [Nucleus: dysuria + frequency] [Satellite-reinterpretation: back pain + vomiting -> dehydration/strain] [Satellite-overclaim: burning improved -> infection resolving] [Satellite-failure-to-update: early label retained despite escalation] [Conclusion: simple cystitis],Yes
425,"It started as vague central stomach pain, and then moved to the right lower side, and loose stool made me think stomach bug, movement clearly aggravates it.",Appendicitis,"A grounded interpretation gives more weight to the evolution and location of pain than to the presence of loose stool alone. Gastroenteritis is plausible at the start, but it does not explain the specific right-sided localization and movement-related pain as well as appendicitis does. The reasoning preserves diarrhea as background noise but allows the focal abdominal pattern to dominate.",Root: favor appendicitis. [Satellite-background: diarrhea -> gastroenteritis-like] [Nucleus: migratory pain to RLQ + movement pain] [Satellite-priority: focal evolution outweighs generic GI symptoms] [Conclusion: appendicitis],No
426,"At first it felt like a simple bladder infection, and later fever with flank pain appeared, with vomiting now complicating things, although the urinary burning eased slightly.",Simple cystitis,"The hallucinated interpretation continues to treat the case as a simple bladder infection because dysuria and frequency came first. Once that anchor is fixed, fever, vomiting, and back pain are recast as dehydration, muscle pain, or generic effects of being unwell. The slight improvement in burning is overread as a sign that the infection is resolving, even though the overall picture is getting worse. This is a failure to update the diagnosis when new higher-severity evidence appears.",Root: favor cystitis. [Nucleus: dysuria + frequency] [Satellite-reinterpretation: back pain + vomiting -> dehydration/strain] [Satellite-overclaim: burning improved -> infection resolving] [Satellite-failure-to-update: early label retained despite escalation] [Conclusion: simple cystitis],Yes
427,"I have nonstop thirst and frequent urination, while the scale keeps going down, I have episodes of blurry vision, with nausea and stomach upset appearing too, even though I am overweight and my family has type 2 diabetes.","Diabetes mellitus, likely type 1 physiology","The central issue is not the body habitus alone but the physiology suggested by the symptoms. Polyuria, polydipsia, weight loss, blurry vision, and abdominal symptoms suggest substantial hyperglycemia with possible ketosis or evolving insulin deficiency. Obesity and a family history of type 2 diabetes are meaningful competing clues, but they do not erase the catabolic pattern. In a younger patient, weight loss with nausea and abdominal pain should raise concern for type 1 physiology or at least urgent insulin-requiring diabetes.",Root: favor diabetes with likely type 1 physiology. [Nucleus: thirst + urination + weight loss + blurry vision + nausea] [Satellite-contrast: obesity + family history -> type 2 clue] [Satellite-urgency: abdominal symptoms suggest ketosis risk] [Conclusion: urgent insulin-deficiency picture],No
428,"The pain initially felt like it was around my belly button, then it migrated down to the right, although I also had diarrhea, I feel it more when I walk around.",Viral gastroenteritis,"The hallucinated explanation begins by anchoring on diarrhea and the patient’s suspicion of food poisoning. Once that benign gastrointestinal frame is chosen, the right lower quadrant localization is reinterpreted as cramping, and the worsening with movement is reduced to generalized soreness. This flattens a focal pain pattern into a diffuse stomach bug explanation and ignores the more informative anatomical evolution.",Root: favor gastroenteritis. [Nucleus: diarrhea + stomach-bug framing] [Satellite-reinterpretation: RLQ pain + movement pain -> cramping/soreness] [Satellite-anchor: GI symptoms overweight decision] [Conclusion: gastroenteritis],Yes
429,"Initially it was just burning and frequent urination, but then I developed fever and back pain, and vomiting became part of the illness, while the dysuria became less intense.",Pyelonephritis,A grounded explanation keeps the early dysuria and frequency in the background while allowing the systemic and flank findings to drive the conclusion. Vomiting and fever are not well explained by a simple resolving bladder infection. Pyelonephritis is the stronger diagnosis because it explains both the urinary origin and the systemic deterioration.,Root: favor pyelonephritis. [Satellite-background: dysuria + frequency -> cystitis] [Nucleus: fever + flank/back pain + vomiting + systemic illness] [Satellite-contrast: burning improved] [Satellite-escalation: local infection evolved into systemic picture] [Conclusion: pyelonephritis],No
430,"I am losing weight even though my habits have not changed, my heart pounds and my hands tremble, and I framed it as an anxiety issue, but friends mention my eyes and I notice neck fullness.",Panic disorder,"The hallucinated reasoning elevates anxiety, shakiness, and palpitations to the center of the case because they are familiar panic symptoms. Once that frame is adopted, weight loss is explained as stress, neck fullness is described as subjective, and eye changes are brushed aside as tired appearance. This prevents the model from integrating the bodily findings into a coherent endocrine picture. The conclusion settles on panic disorder not because it explains the full evidence best, but because it captures the most familiar emotional cues.",Root: favor panic disorder. [Nucleus: anxiety + shakiness + tachycardia] [Satellite-reinterpretation: weight loss -> stress] [Satellite-dismissal: eye changes + neck fullness subjective] [Satellite-psychologizing: physical findings subordinated to emotional frame] [Conclusion: panic disorder explains symptoms],Yes
431,"I have nonstop thirst and frequent urination, with noticeable weight loss happening quickly, my eyesight goes fuzzy at times, plus there is recent nausea with belly pain, but I still look like someone with type 2 risk.","Diabetes mellitus, likely type 1 physiology","A correct explanation distinguishes phenotype from acute metabolic state. The patient may look like a type 2 candidate because of weight and family history, but the active symptom cluster points to a more urgent process characterized by marked hyperglycemia and possible ketosis. The reasoning therefore keeps the type 2 clue in a contrast branch while allowing the metabolic urgency to dominate the conclusion.",Root: favor diabetes with likely type 1 physiology. [Nucleus: thirst + urination + weight loss + blurry vision + nausea] [Satellite-contrast: obesity + family history -> type 2 clue] [Satellite-urgency: abdominal symptoms suggest ketosis risk] [Conclusion: urgent insulin-deficiency picture],No
432,"My wrists and finger joints stay stiff for a long time each morning, but I did have a sudden hot swollen toe after a rich dinner, someone told me I had elevated uric acid before, and I know RA affected my mother.",Gout,"The reasoning locks onto the vivid toe flare and the mention of high uric acid. Once those cues are treated as central, the chronic hand and wrist stiffness is generalized into the gout interpretation, even though that pattern is less typical for gout as a single unifying explanation. Family history of RA is then dismissed as incidental rather than integrated. The result is a diagnosis driven by salience and memorability rather than by the full temporal structure of the illness.",Root: favor gout. [Nucleus: toe flare after wine + hyperuricemia] [Satellite-generalization: chronic hand stiffness folded into gout] [Satellite-dismissal: family history of RA incidental] [Satellite-salience: vivid acute event overweights decision] [Conclusion: gout explains all symptoms],Yes
433,"I feel like I am dehydrated and urinating nonstop, and I am losing weight, I have episodes of blurry vision, with nausea and stomach upset appearing too, even though I am overweight and my family has type 2 diabetes.","Diabetes mellitus, likely type 1 physiology","The central issue is not the body habitus alone but the physiology suggested by the symptoms. Polyuria, polydipsia, weight loss, blurry vision, and abdominal symptoms suggest substantial hyperglycemia with possible ketosis or evolving insulin deficiency. Obesity and a family history of type 2 diabetes are meaningful competing clues, but they do not erase the catabolic pattern. In a younger patient, weight loss with nausea and abdominal pain should raise concern for type 1 physiology or at least urgent insulin-requiring diabetes.",Root: favor diabetes with likely type 1 physiology. [Nucleus: thirst + urination + weight loss + blurry vision + nausea] [Satellite-contrast: obesity + family history -> type 2 clue] [Satellite-urgency: abdominal symptoms suggest ketosis risk] [Conclusion: urgent insulin-deficiency picture],No
434,"At first it felt like a simple bladder infection, but later I felt feverish with flank pain, plus I started vomiting recently, even though the bladder symptoms softened somewhat.",Simple cystitis,"The hallucinated interpretation continues to treat the case as a simple bladder infection because dysuria and frequency came first. Once that anchor is fixed, fever, vomiting, and back pain are recast as dehydration, muscle pain, or generic effects of being unwell. The slight improvement in burning is overread as a sign that the infection is resolving, even though the overall picture is getting worse. This is a failure to update the diagnosis when new higher-severity evidence appears.",Root: favor cystitis. [Nucleus: dysuria + frequency] [Satellite-reinterpretation: back pain + vomiting -> dehydration/strain] [Satellite-overclaim: burning improved -> infection resolving] [Satellite-failure-to-update: early label retained despite escalation] [Conclusion: simple cystitis],Yes
435,"I first noticed dysuria and urinary frequency, before systemic symptoms and back pain arrived, plus I started vomiting recently, despite mild improvement in the local urinary pain.",Simple cystitis,"This reasoning privileges chronology over severity. It assumes that the first label applied must remain correct, and it explains away later findings instead of revising the model. The result is a falsely reassuring cystitis diagnosis.",Root: favor cystitis. [Nucleus: dysuria + frequency] [Satellite-reinterpretation: back pain + vomiting -> dehydration/strain] [Satellite-overclaim: burning improved -> infection resolving] [Satellite-failure-to-update: early label retained despite escalation] [Conclusion: simple cystitis],Yes
436,"I feel exhausted and slowed down, there is facial puffiness with very dry skin, and there is weight gain despite barely eating, although brief anxiety-type symptoms do happen, and an old thyroid test was called borderline normal.",Hypothyroidism,"A correct reading identifies the cluster rather than overreacting to one contradictory symptom. Palpitations and anxiety can occur for many reasons and do not erase the metabolically slowed presentation. The more integrated explanation is thyroid underactivity, with the old near-normal test retained as background rather than treated as decisive.",Root: favor hypothyroidism. [Nucleus: fatigue + weight gain + puffiness + dry skin] [Satellite-contrast: palpitations/anxiety] [Satellite-background: old borderline-normal test] [Satellite-integration: syndrome coherence outweighs isolated conflict] [Conclusion: hypothyroidism],No
437,"I am persistently tired and sluggish, my face looks puffy and my skin is dry, but reduced appetite has not stopped weight gain, although I do get anxious and feel palpitations sometimes, while an earlier test was near normal.",Hypothyroidism,"The dominant syndrome is hypothyroid: fatigue, weight gain despite low intake, puffiness, and dry skin form a coherent metabolic picture. Anxiety and occasional palpitations are real conflicting clues, but they are not sufficient to overturn the much broader hypothyroid pattern. An older borderline-normal lab result is weak evidence because symptoms may have evolved since then. The full pattern therefore favors hypothyroidism more than a primary anxiety disorder.",Root: favor hypothyroidism. [Nucleus: fatigue + weight gain + puffiness + dry skin] [Satellite-contrast: palpitations/anxiety] [Satellite-background: old borderline-normal test] [Satellite-integration: syndrome coherence outweighs isolated conflict] [Conclusion: hypothyroidism],No
438,"At first the stomach pain was diffuse and central, and then moved to the right lower side, with diarrhea complicating the picture, walking makes it worse.",Viral gastroenteritis,"The hallucinated explanation begins by anchoring on diarrhea and the patient’s suspicion of food poisoning. Once that benign gastrointestinal frame is chosen, the right lower quadrant localization is reinterpreted as cramping, and the worsening with movement is reduced to generalized soreness. This flattens a focal pain pattern into a diffuse stomach bug explanation and ignores the more informative anatomical evolution.",Root: favor gastroenteritis. [Nucleus: diarrhea + stomach-bug framing] [Satellite-reinterpretation: RLQ pain + movement pain -> cramping/soreness] [Satellite-anchor: GI symptoms overweight decision] [Conclusion: gastroenteritis],Yes
439,"My weight is dropping even though I am not dieting, there is a tremor in my hands and fast heartbeat, which made me think it might be anxiety, yet there is obvious neck fullness and my eyes look prominent.",Panic disorder,This interpretation fails by treating the psychiatric flavor of the presentation as decisive and treating the physical findings as optional or unreliable. It is an example of premature psychologizing. The result is a diagnosis that is rhetorically smooth but structurally weak.,Root: favor panic disorder. [Nucleus: anxiety + shakiness + tachycardia] [Satellite-reinterpretation: weight loss -> stress] [Satellite-dismissal: eye changes + neck fullness subjective] [Satellite-psychologizing: physical findings subordinated to emotional frame] [Conclusion: panic disorder explains symptoms],Yes
440,"My energy is very low and I feel slowed, people notice I look puffy and dry-skinned, but I am gaining weight without eating much, but occasional anxiety and skipped beats confuse me, while an earlier test was near normal.",Anxiety disorder,"The hallucinated reasoning starts from emotionally salient features such as anxiety, palpitations, and headaches and treats them as the core disorder. The weight gain, puffiness, and dry skin are then demoted to lifestyle or stress effects, even though together they form a much more specific hypothyroid cluster. The prior borderline-normal thyroid test is overvalued as if it nearly rules out thyroid disease. This produces a psychologized conclusion that fails to account for the whole syndrome.",Root: favor anxiety disorder. [Nucleus: palpitations + anxiety + headaches] [Satellite-reinterpretation: weight gain + dry skin -> lifestyle/stress] [Satellite-overweight: borderline-normal thyroid test] [Satellite-psychologizing: endocrine cluster fragmented] [Conclusion: anxiety disorder],Yes
441,"For months my hand joints have felt swollen and stiff when I wake up, although one time my toe flared after seafood and alcohol, I remember one lab showing increased uric acid, and a close relative has RA.",Gout,"A hallucinated interpretation gives privileged status to the classic-sounding gout clues and treats them as sufficient to explain everything else. The chronic morning stiffness is downgraded to a generic inflammatory complaint, even though it is actually the more discriminative feature for RA. This is a reasoning failure because one episodic clue is expanded beyond its explanatory range.",Root: favor gout. [Nucleus: toe flare after wine + hyperuricemia] [Satellite-generalization: chronic hand stiffness folded into gout] [Satellite-dismissal: family history of RA incidental] [Satellite-salience: vivid acute event overweights decision] [Conclusion: gout explains all symptoms],Yes
442,"I feel like I am dehydrated and urinating nonstop, and I am shrinking despite normal habits, my eyesight goes fuzzy at times, and lately I feel nauseated with stomach pain, while my relatives make me think of type 2 diabetes.","Diabetes mellitus, likely type 1 physiology","The central issue is not the body habitus alone but the physiology suggested by the symptoms. Polyuria, polydipsia, weight loss, blurry vision, and abdominal symptoms suggest substantial hyperglycemia with possible ketosis or evolving insulin deficiency. Obesity and a family history of type 2 diabetes are meaningful competing clues, but they do not erase the catabolic pattern. In a younger patient, weight loss with nausea and abdominal pain should raise concern for type 1 physiology or at least urgent insulin-requiring diabetes.",Root: favor diabetes with likely type 1 physiology. [Nucleus: thirst + urination + weight loss + blurry vision + nausea] [Satellite-contrast: obesity + family history -> type 2 clue] [Satellite-urgency: abdominal symptoms suggest ketosis risk] [Conclusion: urgent insulin-deficiency picture],No
443,"When I hurry across a parking lot I feel chest squeezing, but food-related burning confuses the picture, yesterday it spread to my jaw and I became clammy, I’m 58 and hypertensive, so I tried to ignore it as stomach-related.",Acute coronary syndrome / unstable angina,"The most important feature is that the chest discomfort is triggered by exertion rather than only by meals. Radiation to the arm or jaw and associated sweating are classic high-risk clues for myocardial ischemia. The reflux-like features are real conflicting clues, but they are lower-specificity findings and do not neutralize the cardiac risk pattern. The patient’s age and vascular risk factors increase the pretest probability of acute coronary syndrome. A safer and more coherent interpretation is that this is unstable angina or another ACS presentation until proven otherwise.",Root: favor ACS. [Nucleus: exertional pain + radiation + sweating -> ischemia] [Satellite-contrast: meal/spicy-food burning + antacid relief -> GERD-like] [Nucleus-elaboration: age/risk factors increase cardiac risk] [Satellite-safety: dangerous diagnosis should be prioritized] [Conclusion: prioritize ACS],No
444,"My weight is dropping even though I am not dieting, my hands shake and my heart races, so I started calling it panic, but friends mention my eyes and I notice neck fullness.",Panic disorder,This interpretation fails by treating the psychiatric flavor of the presentation as decisive and treating the physical findings as optional or unreliable. It is an example of premature psychologizing. The result is a diagnosis that is rhetorically smooth but structurally weak.,Root: favor panic disorder. [Nucleus: anxiety + shakiness + tachycardia] [Satellite-reinterpretation: weight loss -> stress] [Satellite-dismissal: eye changes + neck fullness subjective] [Satellite-psychologizing: physical findings subordinated to emotional frame] [Conclusion: panic disorder explains symptoms],Yes
445,"It started as vague central stomach pain, and then moved to the right lower side, and the bowel symptoms made it seem like food poisoning, it hurts more when I walk.",Viral gastroenteritis,This reasoning overvalues the commonness of viral illness and undervalues the specificity of pain migration. It treats the memorable loose stool as central and the more diagnostic localization as secondary. That produces premature closure on gastroenteritis.,Root: favor gastroenteritis. [Nucleus: diarrhea + stomach-bug framing] [Satellite-reinterpretation: RLQ pain + movement pain -> cramping/soreness] [Satellite-anchor: GI symptoms overweight decision] [Conclusion: gastroenteritis],Yes
446,"My fingers feel inflamed and hard to move early each day, though one memorable episode hit my big toe after heavy food, a previous doctor said my uric acid ran high, and a close relative has RA.",Gout,"The reasoning locks onto the vivid toe flare and the mention of high uric acid. Once those cues are treated as central, the chronic hand and wrist stiffness is generalized into the gout interpretation, even though that pattern is less typical for gout as a single unifying explanation. Family history of RA is then dismissed as incidental rather than integrated. The result is a diagnosis driven by salience and memorability rather than by the full temporal structure of the illness.",Root: favor gout. [Nucleus: toe flare after wine + hyperuricemia] [Satellite-generalization: chronic hand stiffness folded into gout] [Satellite-dismissal: family history of RA incidental] [Satellite-salience: vivid acute event overweights decision] [Conclusion: gout explains all symptoms],Yes
447,"I notice chest pressure when carrying groceries, even though I also get burning after lying down post-dinner, last week the pain went to my left arm and I got sweaty, I’m 67 and diabetic and hypertensive, so I blamed spicy food instead of my heart.",Acute coronary syndrome / unstable angina,"The most important feature is that the chest discomfort is triggered by exertion rather than only by meals. Radiation to the arm or jaw and associated sweating are classic high-risk clues for myocardial ischemia. The reflux-like features are real conflicting clues, but they are lower-specificity findings and do not neutralize the cardiac risk pattern. The patient’s age and vascular risk factors increase the pretest probability of acute coronary syndrome. A safer and more coherent interpretation is that this is unstable angina or another ACS presentation until proven otherwise.",Root: favor ACS. [Nucleus: exertional pain + radiation + sweating -> ischemia] [Satellite-contrast: meal/spicy-food burning + antacid relief -> GERD-like] [Nucleus-elaboration: age/risk factors increase cardiac risk] [Satellite-safety: dangerous diagnosis should be prioritized] [Conclusion: prioritize ACS],No
448,"I feel exhausted and slowed down, I look puffy and my skin texture has changed, and I gain weight although I do not eat much, though I sometimes have palpitations and nervousness, and one older lab gave false reassurance.",Anxiety disorder,"The hallucinated reasoning starts from emotionally salient features such as anxiety, palpitations, and headaches and treats them as the core disorder. The weight gain, puffiness, and dry skin are then demoted to lifestyle or stress effects, even though together they form a much more specific hypothyroid cluster. The prior borderline-normal thyroid test is overvalued as if it nearly rules out thyroid disease. This produces a psychologized conclusion that fails to account for the whole syndrome.",Root: favor anxiety disorder. [Nucleus: palpitations + anxiety + headaches] [Satellite-reinterpretation: weight gain + dry skin -> lifestyle/stress] [Satellite-overweight: borderline-normal thyroid test] [Satellite-psychologizing: endocrine cluster fragmented] [Conclusion: anxiety disorder],Yes
449,"I first developed fever and cough like I was getting pneumonia, and then my right calf became painful and enlarged, but the breathing difficulty intensified, antibiotics changed the fever more than the dyspnea.",Pneumonia,"The reasoning gives priority to the story’s opening frame of cough, fever, and a cold-like illness and turns that into a pneumonia anchor. Once anchored, the swollen calf is reinterpreted as body aches, muscle strain, or reduced movement from being sick, even though calf swelling is not well explained that way. A small fever response to antibiotics is overread as confirmation of infection. This creates a premature closure on pneumonia while ignoring the stronger thromboembolic structure of the case.",Root: favor pneumonia. [Nucleus: fever + cough + dyspnea -> pneumonia] [Satellite-reinterpretation: calf swelling/pain -> body aches or strain] [Satellite-overclaim: antibiotics response confirms infection] [Satellite-closure: common diagnosis chosen early] [Conclusion: pneumonia is primary],Yes
450,"My wrists and finger joints stay stiff for a long time each morning, but my toe once became swollen and red after alcohol, someone told me I had elevated uric acid before, with rheumatoid arthritis already present in relatives.",Rheumatoid arthritis,"The chronic pattern is the deciding factor here. Morning stiffness lasting over an hour, together with persistent hand and wrist involvement, strongly favors rheumatoid arthritis because this is a classic symmetric inflammatory small-joint presentation. The toe flare and prior hyperuricemia are genuine gout-like clues, but they are episodic and do not explain the chronic baseline syndrome. Family history of RA adds weight to the inflammatory arthritis interpretation. The best synthesis is that RA explains the ongoing pattern.",Root: favor RA. [Nucleus: prolonged morning stiffness + symmetric small-joint involvement] [Satellite-contrast: toe flare + hyperuricemia -> gout clue] [Nucleus-elaboration: family history supports RA] [Satellite-resolution: acute event does not explain chronic baseline] [Conclusion: RA best fits chronic pattern],No
451,"I am unusually tired and sluggish, my face looks puffy and my skin is dry, and I have gained weight despite low appetite, even so, there are moments of anxiety and heartbeat awareness, but a prior thyroid result was described as borderline.",Hypothyroidism,"A correct reading identifies the cluster rather than overreacting to one contradictory symptom. Palpitations and anxiety can occur for many reasons and do not erase the metabolically slowed presentation. The more integrated explanation is thyroid underactivity, with the old near-normal test retained as background rather than treated as decisive.",Root: favor hypothyroidism. [Nucleus: fatigue + weight gain + puffiness + dry skin] [Satellite-contrast: palpitations/anxiety] [Satellite-background: old borderline-normal test] [Satellite-integration: syndrome coherence outweighs isolated conflict] [Conclusion: hypothyroidism],No
452,"Physical effort seems to trigger a band-like chest pain, even though I also get burning after lying down post-dinner, yesterday it spread to my jaw and I became clammy, I’m 61 and a smoker, so I blamed spicy food instead of my heart.",Gastroesophageal reflux disease,"Because the discomfort sometimes follows food and the patient reports at least partial reflux-like features, GERD is taken as the main explanation. Once that anchor is adopted, the more dangerous clues, such as sweating and radiation to the arm or jaw, are reinterpreted as anxiety caused by pain rather than as evidence of ischemia. The exertional trigger is minimized as if it were incidental. This reasoning closes too early on a familiar benign diagnosis and fails to give adequate weight to cardiovascular risk factors.",Root: favor GERD. [Nucleus: meals/spicy food + antacid relief -> reflux] [Satellite-downplay: radiation + sweating -> anxiety response] [Satellite-ignore: exertional trigger + cardiac risk] [Satellite-closure: benign diagnosis chosen early] [Conclusion: GERD explains symptoms],Yes
453,"This began like a respiratory infection with cough and chills, but a single swollen calf showed up later, but the breathing difficulty intensified, antibiotics changed the fever more than the dyspnea.",Pneumonia,"The reasoning gives priority to the story’s opening frame of cough, fever, and a cold-like illness and turns that into a pneumonia anchor. Once anchored, the swollen calf is reinterpreted as body aches, muscle strain, or reduced movement from being sick, even though calf swelling is not well explained that way. A small fever response to antibiotics is overread as confirmation of infection. This creates a premature closure on pneumonia while ignoring the stronger thromboembolic structure of the case.",Root: favor pneumonia. [Nucleus: fever + cough + dyspnea -> pneumonia] [Satellite-reinterpretation: calf swelling/pain -> body aches or strain] [Satellite-overclaim: antibiotics response confirms infection] [Satellite-closure: common diagnosis chosen early] [Conclusion: pneumonia is primary],Yes
454,"I feel worn out and slowed down daily, my skin is dry and my face seems swollen, and there is weight gain despite barely eating, even so, there are moments of anxiety and heartbeat awareness, and a months-old test did not look very abnormal.",Anxiety disorder,"This is a structural misweighting of evidence. The reasoning favors common, low-specificity symptoms and lets them dominate a richer endocrine pattern. The earlier lab is converted into false reassurance, and the physical signs are fragmented instead of integrated.",Root: favor anxiety disorder. [Nucleus: palpitations + anxiety + headaches] [Satellite-reinterpretation: weight gain + dry skin -> lifestyle/stress] [Satellite-overweight: borderline-normal thyroid test] [Satellite-psychologizing: endocrine cluster fragmented] [Conclusion: anxiety disorder],Yes
455,"I began with bladder-type burning and urgency, but later I felt feverish with flank pain, I also started vomiting, while the dysuria became less intense.",Pyelonephritis,A grounded explanation keeps the early dysuria and frequency in the background while allowing the systemic and flank findings to drive the conclusion. Vomiting and fever are not well explained by a simple resolving bladder infection. Pyelonephritis is the stronger diagnosis because it explains both the urinary origin and the systemic deterioration.,Root: favor pyelonephritis. [Satellite-background: dysuria + frequency -> cystitis] [Nucleus: fever + flank/back pain + vomiting + systemic illness] [Satellite-contrast: burning improved] [Satellite-escalation: local infection evolved into systemic picture] [Conclusion: pyelonephritis],No
456,"I first noticed dysuria and urinary frequency, but then I developed fever and back pain, with vomiting now complicating things, despite local symptoms improving a bit.",Simple cystitis,"This reasoning privileges chronology over severity. It assumes that the first label applied must remain correct, and it explains away later findings instead of revising the model. The result is a falsely reassuring cystitis diagnosis.",Root: favor cystitis. [Nucleus: dysuria + frequency] [Satellite-reinterpretation: back pain + vomiting -> dehydration/strain] [Satellite-overclaim: burning improved -> infection resolving] [Satellite-failure-to-update: early label retained despite escalation] [Conclusion: simple cystitis],Yes
457,"This began like a respiratory infection with cough and chills, yet I developed one-sided calf pain and swelling, while my breathing seems to deteriorate, antibiotics maybe reduced the fever but not the breathing trouble.",Pneumonia,"This explanation begins with a common respiratory diagnosis and then forces later clues to fit it. The respiratory symptoms are treated as decisive, while the unilateral leg findings are relegated to an afterthought. The logic also commits a false-confirmation move by treating partial fever improvement as proof of pneumonia.",Root: favor pneumonia. [Nucleus: fever + cough + dyspnea -> pneumonia] [Satellite-reinterpretation: calf swelling/pain -> body aches or strain] [Satellite-overclaim: antibiotics response confirms infection] [Satellite-closure: common diagnosis chosen early] [Conclusion: pneumonia is primary],Yes
458,"For months my hand joints have felt swollen and stiff when I wake up, but my big toe once swelled up badly after wine, my uric acid was high once, while my family history includes rheumatoid arthritis.",Gout,"A hallucinated interpretation gives privileged status to the classic-sounding gout clues and treats them as sufficient to explain everything else. The chronic morning stiffness is downgraded to a generic inflammatory complaint, even though it is actually the more discriminative feature for RA. This is a reasoning failure because one episodic clue is expanded beyond its explanatory range.",Root: favor gout. [Nucleus: toe flare after wine + hyperuricemia] [Satellite-generalization: chronic hand stiffness folded into gout] [Satellite-dismissal: family history of RA incidental] [Satellite-salience: vivid acute event overweights decision] [Conclusion: gout explains all symptoms],Yes
459,"I feel pressure in my chest during brisk walking, though sometimes it seems tied to reflux after eating, the strongest episode came with sweating and arm discomfort, I’m 63 with several heart risk factors, so I blamed spicy food instead of my heart.",Acute coronary syndrome / unstable angina,"Although the history contains gastrointestinal-looking features, the core nucleus of the case is exertional chest pressure with autonomic symptoms and radiation. Those findings are more discriminative for coronary ischemia than for simple reflux. Antacid response or meal timing can be misleading and do not exclude a cardiac cause. Because the patient is older and has major cardiovascular risk factors, it would be unsafe to anchor on GERD. The best synthesis is that a cardiac diagnosis should be prioritized.",Root: favor ACS. [Nucleus: exertional pain + radiation + sweating -> ischemia] [Satellite-contrast: meal/spicy-food burning + antacid relief -> GERD-like] [Nucleus-elaboration: age/risk factors increase cardiac risk] [Satellite-safety: dangerous diagnosis should be prioritized] [Conclusion: prioritize ACS],No
460,"At first the stomach pain was diffuse and central, before focusing on the lower right area, but diarrhea made it feel infectious, it hurts more when I walk.",Appendicitis,"A grounded interpretation gives more weight to the evolution and location of pain than to the presence of loose stool alone. Gastroenteritis is plausible at the start, but it does not explain the specific right-sided localization and movement-related pain as well as appendicitis does. The reasoning preserves diarrhea as background noise but allows the focal abdominal pattern to dominate.",Root: favor appendicitis. [Satellite-background: diarrhea -> gastroenteritis-like] [Nucleus: migratory pain to RLQ + movement pain] [Satellite-priority: focal evolution outweighs generic GI symptoms] [Conclusion: appendicitis],No
461,"My fingers feel inflamed and hard to move early each day, even though my toe once blew up after drinking wine, a past lab hinted my uric acid was above normal, and I know RA affected my mother.",Rheumatoid arthritis,"The chronic pattern is the deciding factor here. Morning stiffness lasting over an hour, together with persistent hand and wrist involvement, strongly favors rheumatoid arthritis because this is a classic symmetric inflammatory small-joint presentation. The toe flare and prior hyperuricemia are genuine gout-like clues, but they are episodic and do not explain the chronic baseline syndrome. Family history of RA adds weight to the inflammatory arthritis interpretation. The best synthesis is that RA explains the ongoing pattern.",Root: favor RA. [Nucleus: prolonged morning stiffness + symmetric small-joint involvement] [Satellite-contrast: toe flare + hyperuricemia -> gout clue] [Nucleus-elaboration: family history supports RA] [Satellite-resolution: acute event does not explain chronic baseline] [Conclusion: RA best fits chronic pattern],No
462,"I get chest tightness when climbing stairs, yet I also notice burning after greasy food, last week the pain went to my left arm and I got sweaty, I’m 52 and diabetic, so I did not treat it like a heart problem.",Gastroesophageal reflux disease,"The reasoning starts from the convenient clue of post-meal burning and promotes it to the central explanation. From there, contradictory evidence is explained away: radiation becomes panic, sweating becomes distress, and vascular risk factors are treated as background rather than decision-driving information. This creates an overconfident but weakly justified conclusion in favor of reflux. The higher-risk explanation is prematurely dismissed.",Root: favor GERD. [Nucleus: meals/spicy food + antacid relief -> reflux] [Satellite-downplay: radiation + sweating -> anxiety response] [Satellite-ignore: exertional trigger + cardiac risk] [Satellite-closure: benign diagnosis chosen early] [Conclusion: GERD explains symptoms],Yes
463,"My energy is very low and I feel slowed, my skin is dry and my face seems swollen, and I gain weight although I do not eat much, though I sometimes have palpitations and nervousness, and an old thyroid test was called borderline normal.",Hypothyroidism,"The dominant syndrome is hypothyroid: fatigue, weight gain despite low intake, puffiness, and dry skin form a coherent metabolic picture. Anxiety and occasional palpitations are real conflicting clues, but they are not sufficient to overturn the much broader hypothyroid pattern. An older borderline-normal lab result is weak evidence because symptoms may have evolved since then. The full pattern therefore favors hypothyroidism more than a primary anxiety disorder.",Root: favor hypothyroidism. [Nucleus: fatigue + weight gain + puffiness + dry skin] [Satellite-contrast: palpitations/anxiety] [Satellite-background: old borderline-normal test] [Satellite-integration: syndrome coherence outweighs isolated conflict] [Conclusion: hypothyroidism],No
464,"Initially it was just burning and frequent urination, then I started having fever and upper back discomfort, there is now nausea and vomiting too, even though the bladder symptoms softened somewhat.",Pyelonephritis,"The case begins like cystitis, but it does not stay there. The later development of fever, flank or back pain, vomiting, and systemic illness strongly suggests upper urinary tract infection, namely pyelonephritis. Improvement in local burning does not counterbalance the worsening systemic picture. In fact, the change from local urinary discomfort to broader constitutional illness is exactly what makes the case more serious.",Root: favor pyelonephritis. [Satellite-background: dysuria + frequency -> cystitis] [Nucleus: fever + flank/back pain + vomiting + systemic illness] [Satellite-contrast: burning improved] [Satellite-escalation: local infection evolved into systemic picture] [Conclusion: pyelonephritis],No
465,"My weight is dropping even though I am not dieting, I have tremor and constant palpitations, and I thought this was all just anxiety, but friends mention my eyes and I notice neck fullness.",Panic disorder,This interpretation fails by treating the psychiatric flavor of the presentation as decisive and treating the physical findings as optional or unreliable. It is an example of premature psychologizing. The result is a diagnosis that is rhetorically smooth but structurally weak.,Root: favor panic disorder. [Nucleus: anxiety + shakiness + tachycardia] [Satellite-reinterpretation: weight loss -> stress] [Satellite-dismissal: eye changes + neck fullness subjective] [Satellite-psychologizing: physical findings subordinated to emotional frame] [Conclusion: panic disorder explains symptoms],Yes
466,"I am persistently tired and sluggish, my face looks puffy and my skin is dry, while my appetite is low but my weight increases, though I sometimes have palpitations and nervousness, and a previous result was interpreted as basically normal.",Hypothyroidism,"The dominant syndrome is hypothyroid: fatigue, weight gain despite low intake, puffiness, and dry skin form a coherent metabolic picture. Anxiety and occasional palpitations are real conflicting clues, but they are not sufficient to overturn the much broader hypothyroid pattern. An older borderline-normal lab result is weak evidence because symptoms may have evolved since then. The full pattern therefore favors hypothyroidism more than a primary anxiety disorder.",Root: favor hypothyroidism. [Nucleus: fatigue + weight gain + puffiness + dry skin] [Satellite-contrast: palpitations/anxiety] [Satellite-background: old borderline-normal test] [Satellite-integration: syndrome coherence outweighs isolated conflict] [Conclusion: hypothyroidism],No
467,"I first developed fever and cough like I was getting pneumonia, but now one calf is swollen and sore, but I can catch my breath less and less, the fever eased a bit with antibiotics, not the shortness of breath.",Pulmonary embolism,"The infection-like opening of the story is misleading, but the later evolution is more important. Unilateral calf swelling and pain create a strong signal for deep vein thrombosis, and worsening shortness of breath makes pulmonary embolism a much better fit than uncomplicated pneumonia. Fever and cough can occur in PE and therefore do not settle the case in favor of infection. Partial improvement of fever after antibiotics is weak evidence and does not explain why breathing worsened. The full cross-system pattern is more coherent as venous thromboembolism with pulmonary embolism.",Root: favor PE. [Satellite-background: fever + cough -> pneumonia-like] [Nucleus: unilateral calf swelling/pain + worsening dyspnea -> DVT/PE] [Satellite-contrast: antibiotics helped fever only] [Satellite-causal: leg clot can explain lung symptoms] [Conclusion: PE better explains the pattern],No
468,"It began with burning urination and frequent trips to the bathroom, before it turned into fever and pain near my back, plus I started vomiting recently, although the urinary burning eased slightly.",Simple cystitis,"This reasoning privileges chronology over severity. It assumes that the first label applied must remain correct, and it explains away later findings instead of revising the model. The result is a falsely reassuring cystitis diagnosis.",Root: favor cystitis. [Nucleus: dysuria + frequency] [Satellite-reinterpretation: back pain + vomiting -> dehydration/strain] [Satellite-overclaim: burning improved -> infection resolving] [Satellite-failure-to-update: early label retained despite escalation] [Conclusion: simple cystitis],Yes
469,"I need water all the time and I am urinating excessively, and I am losing weight, I keep noticing visual blurring, while my stomach hurts and I feel sick, even though I am overweight and my family has type 2 diabetes.",Type 2 diabetes only,"This line of reasoning mistakes a risk factor pattern for a complete explanation. It privileges what the patient looks like over how the disease is behaving in the moment. By downplaying the catabolic and potentially ketotic features, it reaches an overconfident type 2-only conclusion.",Root: favor type 2 only. [Nucleus: obesity + family history] [Satellite-downplay: weight loss + abdominal symptoms] [Satellite-stereotype: overweight argues against type 1] [Satellite-closure: phenotype overrides physiology] [Conclusion: type 2 only],Yes
470,"The abdominal discomfort began centrally, then it concentrated low on the right, and the bowel symptoms made it seem like food poisoning, it hurts more when I walk.",Appendicitis,"A grounded interpretation gives more weight to the evolution and location of pain than to the presence of loose stool alone. Gastroenteritis is plausible at the start, but it does not explain the specific right-sided localization and movement-related pain as well as appendicitis does. The reasoning preserves diarrhea as background noise but allows the focal abdominal pattern to dominate.",Root: favor appendicitis. [Satellite-background: diarrhea -> gastroenteritis-like] [Nucleus: migratory pain to RLQ + movement pain] [Satellite-priority: focal evolution outweighs generic GI symptoms] [Conclusion: appendicitis],No
471,"I started with feverish cough and thought it was respiratory, although now my calf is distinctly painful and puffy, and my breathing got worse, antibiotics maybe reduced the fever but not the breathing trouble.",Pneumonia,"This explanation begins with a common respiratory diagnosis and then forces later clues to fit it. The respiratory symptoms are treated as decisive, while the unilateral leg findings are relegated to an afterthought. The logic also commits a false-confirmation move by treating partial fever improvement as proof of pneumonia.",Root: favor pneumonia. [Nucleus: fever + cough + dyspnea -> pneumonia] [Satellite-reinterpretation: calf swelling/pain -> body aches or strain] [Satellite-overclaim: antibiotics response confirms infection] [Satellite-closure: common diagnosis chosen early] [Conclusion: pneumonia is primary],Yes
472,"My chest discomfort starts with exertion, but after large meals it feels like indigestion, once it radiated to my shoulder and I broke into a sweat, I’m 63 with several heart risk factors, so I blamed spicy food instead of my heart.",Gastroesophageal reflux disease,"Because the discomfort sometimes follows food and the patient reports at least partial reflux-like features, GERD is taken as the main explanation. Once that anchor is adopted, the more dangerous clues, such as sweating and radiation to the arm or jaw, are reinterpreted as anxiety caused by pain rather than as evidence of ischemia. The exertional trigger is minimized as if it were incidental. This reasoning closes too early on a familiar benign diagnosis and fails to give adequate weight to cardiovascular risk factors.",Root: favor GERD. [Nucleus: meals/spicy food + antacid relief -> reflux] [Satellite-downplay: radiation + sweating -> anxiety response] [Satellite-ignore: exertional trigger + cardiac risk] [Satellite-closure: benign diagnosis chosen early] [Conclusion: GERD explains symptoms],Yes
473,"I keep drinking water and going to the bathroom, and I am losing weight, my sight is becoming blurry, and lately I feel nauseated with stomach pain, while my relatives make me think of type 2 diabetes.","Diabetes mellitus, likely type 1 physiology","The central issue is not the body habitus alone but the physiology suggested by the symptoms. Polyuria, polydipsia, weight loss, blurry vision, and abdominal symptoms suggest substantial hyperglycemia with possible ketosis or evolving insulin deficiency. Obesity and a family history of type 2 diabetes are meaningful competing clues, but they do not erase the catabolic pattern. In a younger patient, weight loss with nausea and abdominal pain should raise concern for type 1 physiology or at least urgent insulin-requiring diabetes.",Root: favor diabetes with likely type 1 physiology. [Nucleus: thirst + urination + weight loss + blurry vision + nausea] [Satellite-contrast: obesity + family history -> type 2 clue] [Satellite-urgency: abdominal symptoms suggest ketosis risk] [Conclusion: urgent insulin-deficiency picture],No
474,"I began with bladder-type burning and urgency, but then I developed fever and back pain, vomiting appeared later in the course, although the urinary burning eased slightly.",Pyelonephritis,"The case begins like cystitis, but it does not stay there. The later development of fever, flank or back pain, vomiting, and systemic illness strongly suggests upper urinary tract infection, namely pyelonephritis. Improvement in local burning does not counterbalance the worsening systemic picture. In fact, the change from local urinary discomfort to broader constitutional illness is exactly what makes the case more serious.",Root: favor pyelonephritis. [Satellite-background: dysuria + frequency -> cystitis] [Nucleus: fever + flank/back pain + vomiting + systemic illness] [Satellite-contrast: burning improved] [Satellite-escalation: local infection evolved into systemic picture] [Conclusion: pyelonephritis],No
475,"I am slimming down without meaning to, I notice trembling plus a rapid heartbeat, and emotionally it feels like a panic attack, but I have thyroid-area fullness and visible eye changes.","Hyperthyroidism, likely Graves disease","The anxious feeling and racing heart can certainly mimic panic, but the broader physical pattern is much more informative. Unintentional weight loss, tremor, neck fullness, and visible eye changes point strongly toward hyperthyroidism, especially Graves disease. The anxiety is therefore better interpreted as part of the endocrine syndrome rather than as a separate primary psychiatric disorder. Fatigue does not contradict this, because prolonged thyrotoxicosis can also cause exhaustion.",Root: favor Graves. [Nucleus: weight loss + tremor + palpitations + neck fullness + eye changes] [Satellite-background: anxiety/panic-like features] [Satellite-integration: anxiety explained within endocrine syndrome] [Conclusion: hyperthyroidism unifies symptoms],No
476,"I feel like I am dehydrated and urinating nonstop, and I am losing weight, my vision also gets blurry, plus there is recent nausea with belly pain, while my relatives make me think of type 2 diabetes.","Diabetes mellitus, likely type 1 physiology","The central issue is not the body habitus alone but the physiology suggested by the symptoms. Polyuria, polydipsia, weight loss, blurry vision, and abdominal symptoms suggest substantial hyperglycemia with possible ketosis or evolving insulin deficiency. Obesity and a family history of type 2 diabetes are meaningful competing clues, but they do not erase the catabolic pattern. In a younger patient, weight loss with nausea and abdominal pain should raise concern for type 1 physiology or at least urgent insulin-requiring diabetes.",Root: favor diabetes with likely type 1 physiology. [Nucleus: thirst + urination + weight loss + blurry vision + nausea] [Satellite-contrast: obesity + family history -> type 2 clue] [Satellite-urgency: abdominal symptoms suggest ketosis risk] [Conclusion: urgent insulin-deficiency picture],No
477,"I first developed fever and cough like I was getting pneumonia, but the strange part is that one lower leg is swollen, and my breathing got worse, antibiotics maybe reduced the fever but not the breathing trouble.",Pneumonia,"This explanation begins with a common respiratory diagnosis and then forces later clues to fit it. The respiratory symptoms are treated as decisive, while the unilateral leg findings are relegated to an afterthought. The logic also commits a false-confirmation move by treating partial fever improvement as proof of pneumonia.",Root: favor pneumonia. [Nucleus: fever + cough + dyspnea -> pneumonia] [Satellite-reinterpretation: calf swelling/pain -> body aches or strain] [Satellite-overclaim: antibiotics response confirms infection] [Satellite-closure: common diagnosis chosen early] [Conclusion: pneumonia is primary],Yes
478,"I keep drinking water and going to the bathroom, with noticeable weight loss happening quickly, my sight is becoming blurry, and there is belly pain with nausea, but my body type and family history look like type 2.","Diabetes mellitus, likely type 1 physiology","A correct explanation distinguishes phenotype from acute metabolic state. The patient may look like a type 2 candidate because of weight and family history, but the active symptom cluster points to a more urgent process characterized by marked hyperglycemia and possible ketosis. The reasoning therefore keeps the type 2 clue in a contrast branch while allowing the metabolic urgency to dominate the conclusion.",Root: favor diabetes with likely type 1 physiology. [Nucleus: thirst + urination + weight loss + blurry vision + nausea] [Satellite-contrast: obesity + family history -> type 2 clue] [Satellite-urgency: abdominal symptoms suggest ketosis risk] [Conclusion: urgent insulin-deficiency picture],No
479,"For months my hand joints have felt swollen and stiff when I wake up, even though my toe once blew up after drinking wine, an earlier blood test mentioned hyperuricemia, and I know RA affected my mother.",Rheumatoid arthritis,"A correct interpretation must distinguish the durable background disease from the memorable acute event. The toe attack after dietary trigger is very salient and can bias reasoning toward gout, but the more informative structure of the case is the long-standing morning stiffness and symmetric small-joint involvement. Hyperuricemia is supportive of gout but not sufficient to explain the full chronic phenotype. Therefore RA is the stronger overall diagnosis.",Root: favor RA. [Nucleus: prolonged morning stiffness + symmetric small-joint involvement] [Satellite-contrast: toe flare + hyperuricemia -> gout clue] [Nucleus-elaboration: family history supports RA] [Satellite-resolution: acute event does not explain chronic baseline] [Conclusion: RA best fits chronic pattern],No
480,"I keep drinking water and going to the bathroom, while my weight is dropping, my vision also gets blurry, plus I now have nausea and abdominal pain, but my body type and family history look like type 2.","Diabetes mellitus, likely type 1 physiology","A correct explanation distinguishes phenotype from acute metabolic state. The patient may look like a type 2 candidate because of weight and family history, but the active symptom cluster points to a more urgent process characterized by marked hyperglycemia and possible ketosis. The reasoning therefore keeps the type 2 clue in a contrast branch while allowing the metabolic urgency to dominate the conclusion.",Root: favor diabetes with likely type 1 physiology. [Nucleus: thirst + urination + weight loss + blurry vision + nausea] [Satellite-contrast: obesity + family history -> type 2 clue] [Satellite-urgency: abdominal symptoms suggest ketosis risk] [Conclusion: urgent insulin-deficiency picture],No
481,"I first noticed dysuria and urinary frequency, and later fever with flank pain appeared, and vomiting became part of the illness, even though the burning got a little better.",Simple cystitis,"This reasoning privileges chronology over severity. It assumes that the first label applied must remain correct, and it explains away later findings instead of revising the model. The result is a falsely reassuring cystitis diagnosis.",Root: favor cystitis. [Nucleus: dysuria + frequency] [Satellite-reinterpretation: back pain + vomiting -> dehydration/strain] [Satellite-overclaim: burning improved -> infection resolving] [Satellite-failure-to-update: early label retained despite escalation] [Conclusion: simple cystitis],Yes
482,"My illness started as what seemed like a simple chest cold, but the strange part is that one lower leg is swollen, but the breathing difficulty intensified, some fever improvement happened, but breathing worsened anyway.",Pneumonia,"This explanation begins with a common respiratory diagnosis and then forces later clues to fit it. The respiratory symptoms are treated as decisive, while the unilateral leg findings are relegated to an afterthought. The logic also commits a false-confirmation move by treating partial fever improvement as proof of pneumonia.",Root: favor pneumonia. [Nucleus: fever + cough + dyspnea -> pneumonia] [Satellite-reinterpretation: calf swelling/pain -> body aches or strain] [Satellite-overclaim: antibiotics response confirms infection] [Satellite-closure: common diagnosis chosen early] [Conclusion: pneumonia is primary],Yes
483,"I have noticeable weight loss that I cannot explain, I feel trembly and my pulse pounds, which pushed me toward a panic explanation, even so, there is neck swelling and unusual eye appearance.","Hyperthyroidism, likely Graves disease",A correct reading resists the temptation to stop at the psychiatric-looking symptoms. The visible bodily signs carry more diagnostic weight: goiter-like neck fullness and eye prominence are especially important because they are difficult to explain by panic disorder alone. Weight loss and tremor strengthen the endocrine interpretation further.,Root: favor Graves. [Nucleus: weight loss + tremor + palpitations + neck fullness + eye changes] [Satellite-background: anxiety/panic-like features] [Satellite-integration: anxiety explained within endocrine syndrome] [Conclusion: hyperthyroidism unifies symptoms],No
484,"Unplanned weight loss has been bothering me, my heart pounds and my hands tremble, and emotionally it feels like a panic attack, though I also have a sense of fullness in my neck and eye changes.",Panic disorder,"The hallucinated reasoning elevates anxiety, shakiness, and palpitations to the center of the case because they are familiar panic symptoms. Once that frame is adopted, weight loss is explained as stress, neck fullness is described as subjective, and eye changes are brushed aside as tired appearance. This prevents the model from integrating the bodily findings into a coherent endocrine picture. The conclusion settles on panic disorder not because it explains the full evidence best, but because it captures the most familiar emotional cues.",Root: favor panic disorder. [Nucleus: anxiety + shakiness + tachycardia] [Satellite-reinterpretation: weight loss -> stress] [Satellite-dismissal: eye changes + neck fullness subjective] [Satellite-psychologizing: physical findings subordinated to emotional frame] [Conclusion: panic disorder explains symptoms],Yes
485,"The belly pain started near the center, but afterward it shifted to the right lower quadrant, although I also had diarrhea, walking makes it worse.",Viral gastroenteritis,This reasoning overvalues the commonness of viral illness and undervalues the specificity of pain migration. It treats the memorable loose stool as central and the more diagnostic localization as secondary. That produces premature closure on gastroenteritis.,Root: favor gastroenteritis. [Nucleus: diarrhea + stomach-bug framing] [Satellite-reinterpretation: RLQ pain + movement pain -> cramping/soreness] [Satellite-anchor: GI symptoms overweight decision] [Conclusion: gastroenteritis],Yes
486,"I get chest tightness when climbing stairs, though sometimes it seems tied to reflux after eating, during the worst spell it moved to my jaw and I felt faint, I’m 59 and a smoker with high cholesterol, and I told myself it was probably GERD.",Gastroesophageal reflux disease,"The reasoning starts from the convenient clue of post-meal burning and promotes it to the central explanation. From there, contradictory evidence is explained away: radiation becomes panic, sweating becomes distress, and vascular risk factors are treated as background rather than decision-driving information. This creates an overconfident but weakly justified conclusion in favor of reflux. The higher-risk explanation is prematurely dismissed.",Root: favor GERD. [Nucleus: meals/spicy food + antacid relief -> reflux] [Satellite-downplay: radiation + sweating -> anxiety response] [Satellite-ignore: exertional trigger + cardiac risk] [Satellite-closure: benign diagnosis chosen early] [Conclusion: GERD explains symptoms],Yes
487,"The first phase seemed like ordinary cystitis, and later fever with flank pain appeared, and I have become sick to my stomach and vomit, although the urinary burning eased slightly.",Simple cystitis,"The hallucinated interpretation continues to treat the case as a simple bladder infection because dysuria and frequency came first. Once that anchor is fixed, fever, vomiting, and back pain are recast as dehydration, muscle pain, or generic effects of being unwell. The slight improvement in burning is overread as a sign that the infection is resolving, even though the overall picture is getting worse. This is a failure to update the diagnosis when new higher-severity evidence appears.",Root: favor cystitis. [Nucleus: dysuria + frequency] [Satellite-reinterpretation: back pain + vomiting -> dehydration/strain] [Satellite-overclaim: burning improved -> infection resolving] [Satellite-failure-to-update: early label retained despite escalation] [Conclusion: simple cystitis],Yes
488,"My clothes are looser because of unexplained weight loss, my body feels revved up with tremor and palpitations, so I wondered if it was panic, though I also have a sense of fullness in my neck and eye changes.","Hyperthyroidism, likely Graves disease",A correct reading resists the temptation to stop at the psychiatric-looking symptoms. The visible bodily signs carry more diagnostic weight: goiter-like neck fullness and eye prominence are especially important because they are difficult to explain by panic disorder alone. Weight loss and tremor strengthen the endocrine interpretation further.,Root: favor Graves. [Nucleus: weight loss + tremor + palpitations + neck fullness + eye changes] [Satellite-background: anxiety/panic-like features] [Satellite-integration: anxiety explained within endocrine syndrome] [Conclusion: hyperthyroidism unifies symptoms],No
489,"The abdominal discomfort began centrally, and then moved to the right lower side, although I also had diarrhea, it gets worse with steps and movement.",Appendicitis,"The migratory pattern of pain is the key diagnostic clue. Pain beginning more centrally and then localizing to the right lower quadrant, especially when worsened by movement, is a classic appendiceal pattern and suggests peritoneal irritation. Diarrhea is a misleading but not decisive competing clue because gastrointestinal upset can coexist with appendicitis. The best synthesis is appendicitis rather than simple gastroenteritis.",Root: favor appendicitis. [Satellite-background: diarrhea -> gastroenteritis-like] [Nucleus: migratory pain to RLQ + movement pain] [Satellite-priority: focal evolution outweighs generic GI symptoms] [Conclusion: appendicitis],No
490,"At first the stomach pain was diffuse and central, before focusing on the lower right area, though diarrhea pointed me toward a virus, walking or jarring makes the pain worse.",Appendicitis,"The migratory pattern of pain is the key diagnostic clue. Pain beginning more centrally and then localizing to the right lower quadrant, especially when worsened by movement, is a classic appendiceal pattern and suggests peritoneal irritation. Diarrhea is a misleading but not decisive competing clue because gastrointestinal upset can coexist with appendicitis. The best synthesis is appendicitis rather than simple gastroenteritis.",Root: favor appendicitis. [Satellite-background: diarrhea -> gastroenteritis-like] [Nucleus: migratory pain to RLQ + movement pain] [Satellite-priority: focal evolution outweighs generic GI symptoms] [Conclusion: appendicitis],No
491,"I am slimming down without meaning to, I feel trembly and my pulse pounds, so I started calling it panic, except my neck seems enlarged and others notice my eyes.",Panic disorder,This interpretation fails by treating the psychiatric flavor of the presentation as decisive and treating the physical findings as optional or unreliable. It is an example of premature psychologizing. The result is a diagnosis that is rhetorically smooth but structurally weak.,Root: favor panic disorder. [Nucleus: anxiety + shakiness + tachycardia] [Satellite-reinterpretation: weight loss -> stress] [Satellite-dismissal: eye changes + neck fullness subjective] [Satellite-psychologizing: physical findings subordinated to emotional frame] [Conclusion: panic disorder explains symptoms],Yes
492,"I wake up with painful stiff fingers and wrists most mornings, though one memorable episode hit my big toe after heavy food, my uric acid was high once, with rheumatoid arthritis already present in relatives.",Rheumatoid arthritis,"A correct interpretation must distinguish the durable background disease from the memorable acute event. The toe attack after dietary trigger is very salient and can bias reasoning toward gout, but the more informative structure of the case is the long-standing morning stiffness and symmetric small-joint involvement. Hyperuricemia is supportive of gout but not sufficient to explain the full chronic phenotype. Therefore RA is the stronger overall diagnosis.",Root: favor RA. [Nucleus: prolonged morning stiffness + symmetric small-joint involvement] [Satellite-contrast: toe flare + hyperuricemia -> gout clue] [Nucleus-elaboration: family history supports RA] [Satellite-resolution: acute event does not explain chronic baseline] [Conclusion: RA best fits chronic pattern],No
493,"My abdominal pain began in the middle, before settling in the right lower abdomen, though diarrhea pointed me toward a virus, walking or jarring makes the pain worse.",Appendicitis,"A grounded interpretation gives more weight to the evolution and location of pain than to the presence of loose stool alone. Gastroenteritis is plausible at the start, but it does not explain the specific right-sided localization and movement-related pain as well as appendicitis does. The reasoning preserves diarrhea as background noise but allows the focal abdominal pattern to dominate.",Root: favor appendicitis. [Satellite-background: diarrhea -> gastroenteritis-like] [Nucleus: migratory pain to RLQ + movement pain] [Satellite-priority: focal evolution outweighs generic GI symptoms] [Conclusion: appendicitis],No
494,"Everything feels slowed and heavy lately, people notice I look puffy and dry-skinned, and I gain weight although I do not eat much, but occasional anxiety and skipped beats confuse me, and one older lab gave false reassurance.",Anxiety disorder,"This is a structural misweighting of evidence. The reasoning favors common, low-specificity symptoms and lets them dominate a richer endocrine pattern. The earlier lab is converted into false reassurance, and the physical signs are fragmented instead of integrated.",Root: favor anxiety disorder. [Nucleus: palpitations + anxiety + headaches] [Satellite-reinterpretation: weight gain + dry skin -> lifestyle/stress] [Satellite-overweight: borderline-normal thyroid test] [Satellite-psychologizing: endocrine cluster fragmented] [Conclusion: anxiety disorder],Yes
495,"I first noticed dysuria and urinary frequency, and it progressed to fever with side or back pain, plus I started vomiting recently, while the dysuria became less intense.",Pyelonephritis,"The case begins like cystitis, but it does not stay there. The later development of fever, flank or back pain, vomiting, and systemic illness strongly suggests upper urinary tract infection, namely pyelonephritis. Improvement in local burning does not counterbalance the worsening systemic picture. In fact, the change from local urinary discomfort to broader constitutional illness is exactly what makes the case more serious.",Root: favor pyelonephritis. [Satellite-background: dysuria + frequency -> cystitis] [Nucleus: fever + flank/back pain + vomiting + systemic illness] [Satellite-contrast: burning improved] [Satellite-escalation: local infection evolved into systemic picture] [Conclusion: pyelonephritis],No
496,"At first I thought I had a bad cold with cough and fever, and then my right calf became painful and enlarged, and now I am more short of breath than before, there was a small fever response to antibiotics but nothing else.",Pneumonia,"The reasoning gives priority to the story’s opening frame of cough, fever, and a cold-like illness and turns that into a pneumonia anchor. Once anchored, the swollen calf is reinterpreted as body aches, muscle strain, or reduced movement from being sick, even though calf swelling is not well explained that way. A small fever response to antibiotics is overread as confirmation of infection. This creates a premature closure on pneumonia while ignoring the stronger thromboembolic structure of the case.",Root: favor pneumonia. [Nucleus: fever + cough + dyspnea -> pneumonia] [Satellite-reinterpretation: calf swelling/pain -> body aches or strain] [Satellite-overclaim: antibiotics response confirms infection] [Satellite-closure: common diagnosis chosen early] [Conclusion: pneumonia is primary],Yes
497,"My fingers feel inflamed and hard to move early each day, but my big toe once swelled up badly after wine, I remember one lab showing increased uric acid, and there is definite family history of RA.",Rheumatoid arthritis,"The chronic pattern is the deciding factor here. Morning stiffness lasting over an hour, together with persistent hand and wrist involvement, strongly favors rheumatoid arthritis because this is a classic symmetric inflammatory small-joint presentation. The toe flare and prior hyperuricemia are genuine gout-like clues, but they are episodic and do not explain the chronic baseline syndrome. Family history of RA adds weight to the inflammatory arthritis interpretation. The best synthesis is that RA explains the ongoing pattern.",Root: favor RA. [Nucleus: prolonged morning stiffness + symmetric small-joint involvement] [Satellite-contrast: toe flare + hyperuricemia -> gout clue] [Nucleus-elaboration: family history supports RA] [Satellite-resolution: acute event does not explain chronic baseline] [Conclusion: RA best fits chronic pattern],No
498,"My energy is very low and I feel slowed, dry skin and puffiness are obvious now, and I have gained weight despite low appetite, although brief anxiety-type symptoms do happen, and an old thyroid test was called borderline normal.",Hypothyroidism,"The dominant syndrome is hypothyroid: fatigue, weight gain despite low intake, puffiness, and dry skin form a coherent metabolic picture. Anxiety and occasional palpitations are real conflicting clues, but they are not sufficient to overturn the much broader hypothyroid pattern. An older borderline-normal lab result is weak evidence because symptoms may have evolved since then. The full pattern therefore favors hypothyroidism more than a primary anxiety disorder.",Root: favor hypothyroidism. [Nucleus: fatigue + weight gain + puffiness + dry skin] [Satellite-contrast: palpitations/anxiety] [Satellite-background: old borderline-normal test] [Satellite-integration: syndrome coherence outweighs isolated conflict] [Conclusion: hypothyroidism],No
499,"I notice chest pressure when carrying groceries, although heavy dinners also cause burning in my chest, the strongest episode came with sweating and arm discomfort, I’m 56 with diabetes and high blood pressure, and I told myself it was probably GERD.",Gastroesophageal reflux disease,"The reasoning starts from the convenient clue of post-meal burning and promotes it to the central explanation. From there, contradictory evidence is explained away: radiation becomes panic, sweating becomes distress, and vascular risk factors are treated as background rather than decision-driving information. This creates an overconfident but weakly justified conclusion in favor of reflux. The higher-risk explanation is prematurely dismissed.",Root: favor GERD. [Nucleus: meals/spicy food + antacid relief -> reflux] [Satellite-downplay: radiation + sweating -> anxiety response] [Satellite-ignore: exertional trigger + cardiac risk] [Satellite-closure: benign diagnosis chosen early] [Conclusion: GERD explains symptoms],Yes
500,"At first I thought I had a bad cold with cough and fever, yet I developed one-sided calf pain and swelling, and I became much more breathless over time, antibiotics changed the fever more than the dyspnea.",Pulmonary embolism,"The infection-like opening of the story is misleading, but the later evolution is more important. Unilateral calf swelling and pain create a strong signal for deep vein thrombosis, and worsening shortness of breath makes pulmonary embolism a much better fit than uncomplicated pneumonia. Fever and cough can occur in PE and therefore do not settle the case in favor of infection. Partial improvement of fever after antibiotics is weak evidence and does not explain why breathing worsened. The full cross-system pattern is more coherent as venous thromboembolism with pulmonary embolism.",Root: favor PE. [Satellite-background: fever + cough -> pneumonia-like] [Nucleus: unilateral calf swelling/pain + worsening dyspnea -> DVT/PE] [Satellite-contrast: antibiotics helped fever only] [Satellite-causal: leg clot can explain lung symptoms] [Conclusion: PE better explains the pattern],No
501,"My illness started as what seemed like a simple chest cold, but the strange part is that one lower leg is swollen, and my chest feels tighter as I breathe, the fever eased a bit with antibiotics, not the shortness of breath.",Pneumonia,"This explanation begins with a common respiratory diagnosis and then forces later clues to fit it. The respiratory symptoms are treated as decisive, while the unilateral leg findings are relegated to an afterthought. The logic also commits a false-confirmation move by treating partial fever improvement as proof of pneumonia.",Root: favor pneumonia. [Nucleus: fever + cough + dyspnea -> pneumonia] [Satellite-reinterpretation: calf swelling/pain -> body aches or strain] [Satellite-overclaim: antibiotics response confirms infection] [Satellite-closure: common diagnosis chosen early] [Conclusion: pneumonia is primary],Yes
502,"The main feeling is deep fatigue and slowing, dry skin and puffiness are obvious now, and there is weight gain despite barely eating, although brief anxiety-type symptoms do happen, and one older lab gave false reassurance.",Hypothyroidism,"A correct reading identifies the cluster rather than overreacting to one contradictory symptom. Palpitations and anxiety can occur for many reasons and do not erase the metabolically slowed presentation. The more integrated explanation is thyroid underactivity, with the old near-normal test retained as background rather than treated as decisive.",Root: favor hypothyroidism. [Nucleus: fatigue + weight gain + puffiness + dry skin] [Satellite-contrast: palpitations/anxiety] [Satellite-background: old borderline-normal test] [Satellite-integration: syndrome coherence outweighs isolated conflict] [Conclusion: hypothyroidism],No
503,"I am persistently tired and sluggish, people notice I look puffy and dry-skinned, and I gain weight although I do not eat much, still, I get episodes of nervousness and palpitations, and a previous result was interpreted as basically normal.",Hypothyroidism,"A correct reading identifies the cluster rather than overreacting to one contradictory symptom. Palpitations and anxiety can occur for many reasons and do not erase the metabolically slowed presentation. The more integrated explanation is thyroid underactivity, with the old near-normal test retained as background rather than treated as decisive.",Root: favor hypothyroidism. [Nucleus: fatigue + weight gain + puffiness + dry skin] [Satellite-contrast: palpitations/anxiety] [Satellite-background: old borderline-normal test] [Satellite-integration: syndrome coherence outweighs isolated conflict] [Conclusion: hypothyroidism],No
504,"My illness started as what seemed like a simple chest cold, but now one calf is swollen and sore, while my breathing seems to deteriorate, leftover antibiotics only seemed to help the fever.",Pneumonia,"This explanation begins with a common respiratory diagnosis and then forces later clues to fit it. The respiratory symptoms are treated as decisive, while the unilateral leg findings are relegated to an afterthought. The logic also commits a false-confirmation move by treating partial fever improvement as proof of pneumonia.",Root: favor pneumonia. [Nucleus: fever + cough + dyspnea -> pneumonia] [Satellite-reinterpretation: calf swelling/pain -> body aches or strain] [Satellite-overclaim: antibiotics response confirms infection] [Satellite-closure: common diagnosis chosen early] [Conclusion: pneumonia is primary],Yes
505,"My energy is very low and I feel slowed, my face looks puffy and my skin is dry, while my appetite is low but my weight increases, though I sometimes have palpitations and nervousness, and one older lab gave false reassurance.",Anxiety disorder,"This is a structural misweighting of evidence. The reasoning favors common, low-specificity symptoms and lets them dominate a richer endocrine pattern. The earlier lab is converted into false reassurance, and the physical signs are fragmented instead of integrated.",Root: favor anxiety disorder. [Nucleus: palpitations + anxiety + headaches] [Satellite-reinterpretation: weight gain + dry skin -> lifestyle/stress] [Satellite-overweight: borderline-normal thyroid test] [Satellite-psychologizing: endocrine cluster fragmented] [Conclusion: anxiety disorder],Yes
506,"I keep drinking water and going to the bathroom, and I am getting thinner without trying, I keep noticing visual blurring, and there is belly pain with nausea, even though obesity and family diabetes point the other way.",Type 2 diabetes only,"The hallucinated reasoning starts from obesity and family history and treats those demographic clues as decisive. Once that anchor is in place, weight loss, nausea, and abdominal pain are minimized as secondary effects of high blood sugar rather than as warnings of insulin deficiency. The model also makes the unsupported leap that being overweight argues strongly against type 1 diabetes. This is a faulty compression of a complex presentation into a simplistic stereotype of type 2 disease.",Root: favor type 2 only. [Nucleus: obesity + family history] [Satellite-downplay: weight loss + abdominal symptoms] [Satellite-stereotype: overweight argues against type 1] [Satellite-closure: phenotype overrides physiology] [Conclusion: type 2 only],Yes
507,"I first developed fever and cough like I was getting pneumonia, but the strange part is that one lower leg is swollen, and my chest feels tighter as I breathe, antibiotics maybe reduced the fever but not the breathing trouble.",Pneumonia,"This explanation begins with a common respiratory diagnosis and then forces later clues to fit it. The respiratory symptoms are treated as decisive, while the unilateral leg findings are relegated to an afterthought. The logic also commits a false-confirmation move by treating partial fever improvement as proof of pneumonia.",Root: favor pneumonia. [Nucleus: fever + cough + dyspnea -> pneumonia] [Satellite-reinterpretation: calf swelling/pain -> body aches or strain] [Satellite-overclaim: antibiotics response confirms infection] [Satellite-closure: common diagnosis chosen early] [Conclusion: pneumonia is primary],Yes
508,"I am slimming down without meaning to, there is a tremor in my hands and fast heartbeat, so I wondered if it was panic, although my neck feels swollen and people comment on my eyes.",Panic disorder,This interpretation fails by treating the psychiatric flavor of the presentation as decisive and treating the physical findings as optional or unreliable. It is an example of premature psychologizing. The result is a diagnosis that is rhetorically smooth but structurally weak.,Root: favor panic disorder. [Nucleus: anxiety + shakiness + tachycardia] [Satellite-reinterpretation: weight loss -> stress] [Satellite-dismissal: eye changes + neck fullness subjective] [Satellite-psychologizing: physical findings subordinated to emotional frame] [Conclusion: panic disorder explains symptoms],Yes
509,"At first the stomach pain was diffuse and central, but afterward it shifted to the right lower quadrant, and GI upset made me doubt appendicitis, walking or jarring makes the pain worse.",Viral gastroenteritis,This reasoning overvalues the commonness of viral illness and undervalues the specificity of pain migration. It treats the memorable loose stool as central and the more diagnostic localization as secondary. That produces premature closure on gastroenteritis.,Root: favor gastroenteritis. [Nucleus: diarrhea + stomach-bug framing] [Satellite-reinterpretation: RLQ pain + movement pain -> cramping/soreness] [Satellite-anchor: GI symptoms overweight decision] [Conclusion: gastroenteritis],Yes
510,"The problem started like a routine UTI, and then the infection seemed to move upward with fever, and vomiting became part of the illness, despite mild improvement in the local urinary pain.",Pyelonephritis,"The case begins like cystitis, but it does not stay there. The later development of fever, flank or back pain, vomiting, and systemic illness strongly suggests upper urinary tract infection, namely pyelonephritis. Improvement in local burning does not counterbalance the worsening systemic picture. In fact, the change from local urinary discomfort to broader constitutional illness is exactly what makes the case more serious.",Root: favor pyelonephritis. [Satellite-background: dysuria + frequency -> cystitis] [Nucleus: fever + flank/back pain + vomiting + systemic illness] [Satellite-contrast: burning improved] [Satellite-escalation: local infection evolved into systemic picture] [Conclusion: pyelonephritis],No
511,"I need water all the time and I am urinating excessively, while the scale keeps going down, I have episodes of blurry vision, plus there is recent nausea with belly pain, even though obesity and family diabetes point the other way.",Type 2 diabetes only,"The hallucinated reasoning starts from obesity and family history and treats those demographic clues as decisive. Once that anchor is in place, weight loss, nausea, and abdominal pain are minimized as secondary effects of high blood sugar rather than as warnings of insulin deficiency. The model also makes the unsupported leap that being overweight argues strongly against type 1 diabetes. This is a faulty compression of a complex presentation into a simplistic stereotype of type 2 disease.",Root: favor type 2 only. [Nucleus: obesity + family history] [Satellite-downplay: weight loss + abdominal symptoms] [Satellite-stereotype: overweight argues against type 1] [Satellite-closure: phenotype overrides physiology] [Conclusion: type 2 only],Yes
512,"I started with feverish cough and thought it was respiratory, although now my calf is distinctly painful and puffy, and my breathing got worse, leftover antibiotics only seemed to help the fever.",Pulmonary embolism,"The infection-like opening of the story is misleading, but the later evolution is more important. Unilateral calf swelling and pain create a strong signal for deep vein thrombosis, and worsening shortness of breath makes pulmonary embolism a much better fit than uncomplicated pneumonia. Fever and cough can occur in PE and therefore do not settle the case in favor of infection. Partial improvement of fever after antibiotics is weak evidence and does not explain why breathing worsened. The full cross-system pattern is more coherent as venous thromboembolism with pulmonary embolism.",Root: favor PE. [Satellite-background: fever + cough -> pneumonia-like] [Nucleus: unilateral calf swelling/pain + worsening dyspnea -> DVT/PE] [Satellite-contrast: antibiotics helped fever only] [Satellite-causal: leg clot can explain lung symptoms] [Conclusion: PE better explains the pattern],No
513,"When I hurry across a parking lot I feel chest squeezing, but late meals can make it feel more like heartburn, a recent attack made me sweaty and sent pain toward my left arm, I’m 63 with several heart risk factors, so I kept assuming it was indigestion.",Gastroesophageal reflux disease,"Because the discomfort sometimes follows food and the patient reports at least partial reflux-like features, GERD is taken as the main explanation. Once that anchor is adopted, the more dangerous clues, such as sweating and radiation to the arm or jaw, are reinterpreted as anxiety caused by pain rather than as evidence of ischemia. The exertional trigger is minimized as if it were incidental. This reasoning closes too early on a familiar benign diagnosis and fails to give adequate weight to cardiovascular risk factors.",Root: favor GERD. [Nucleus: meals/spicy food + antacid relief -> reflux] [Satellite-downplay: radiation + sweating -> anxiety response] [Satellite-ignore: exertional trigger + cardiac risk] [Satellite-closure: benign diagnosis chosen early] [Conclusion: GERD explains symptoms],Yes
514,"I first noticed dysuria and urinary frequency, but then I developed fever and back pain, with vomiting now complicating things, although the burning is not as bad as before.",Simple cystitis,"This reasoning privileges chronology over severity. It assumes that the first label applied must remain correct, and it explains away later findings instead of revising the model. The result is a falsely reassuring cystitis diagnosis.",Root: favor cystitis. [Nucleus: dysuria + frequency] [Satellite-reinterpretation: back pain + vomiting -> dehydration/strain] [Satellite-overclaim: burning improved -> infection resolving] [Satellite-failure-to-update: early label retained despite escalation] [Conclusion: simple cystitis],Yes
515,"The abdominal discomfort began centrally, and eventually it became right-sided and lower, and the bowel symptoms made it seem like food poisoning, walking makes it worse.",Appendicitis,"A grounded interpretation gives more weight to the evolution and location of pain than to the presence of loose stool alone. Gastroenteritis is plausible at the start, but it does not explain the specific right-sided localization and movement-related pain as well as appendicitis does. The reasoning preserves diarrhea as background noise but allows the focal abdominal pattern to dominate.",Root: favor appendicitis. [Satellite-background: diarrhea -> gastroenteritis-like] [Nucleus: migratory pain to RLQ + movement pain] [Satellite-priority: focal evolution outweighs generic GI symptoms] [Conclusion: appendicitis],No
516,"This began like a respiratory infection with cough and chills, yet one calf started hurting and swelling, but the breathing difficulty intensified, antibiotics helped the temperature more than the lungs.",Pneumonia,"This explanation begins with a common respiratory diagnosis and then forces later clues to fit it. The respiratory symptoms are treated as decisive, while the unilateral leg findings are relegated to an afterthought. The logic also commits a false-confirmation move by treating partial fever improvement as proof of pneumonia.",Root: favor pneumonia. [Nucleus: fever + cough + dyspnea -> pneumonia] [Satellite-reinterpretation: calf swelling/pain -> body aches or strain] [Satellite-overclaim: antibiotics response confirms infection] [Satellite-closure: common diagnosis chosen early] [Conclusion: pneumonia is primary],Yes
517,"It began with burning urination and frequent trips to the bathroom, and then the infection seemed to move upward with fever, there is now nausea and vomiting too, although the urinary burning eased slightly.",Simple cystitis,"The hallucinated interpretation continues to treat the case as a simple bladder infection because dysuria and frequency came first. Once that anchor is fixed, fever, vomiting, and back pain are recast as dehydration, muscle pain, or generic effects of being unwell. The slight improvement in burning is overread as a sign that the infection is resolving, even though the overall picture is getting worse. This is a failure to update the diagnosis when new higher-severity evidence appears.",Root: favor cystitis. [Nucleus: dysuria + frequency] [Satellite-reinterpretation: back pain + vomiting -> dehydration/strain] [Satellite-overclaim: burning improved -> infection resolving] [Satellite-failure-to-update: early label retained despite escalation] [Conclusion: simple cystitis],Yes
518,"My abdominal pain began in the middle, then it concentrated low on the right, although I also had diarrhea, it gets worse with steps and movement.",Viral gastroenteritis,This reasoning overvalues the commonness of viral illness and undervalues the specificity of pain migration. It treats the memorable loose stool as central and the more diagnostic localization as secondary. That produces premature closure on gastroenteritis.,Root: favor gastroenteritis. [Nucleus: diarrhea + stomach-bug framing] [Satellite-reinterpretation: RLQ pain + movement pain -> cramping/soreness] [Satellite-anchor: GI symptoms overweight decision] [Conclusion: gastroenteritis],Yes
519,"Going up steps brings on chest heaviness, but after large meals it feels like indigestion, once it radiated to my shoulder and I broke into a sweat, I’m 58 and hypertensive, so I tried to ignore it as stomach-related.",Acute coronary syndrome / unstable angina,"The most important feature is that the chest discomfort is triggered by exertion rather than only by meals. Radiation to the arm or jaw and associated sweating are classic high-risk clues for myocardial ischemia. The reflux-like features are real conflicting clues, but they are lower-specificity findings and do not neutralize the cardiac risk pattern. The patient’s age and vascular risk factors increase the pretest probability of acute coronary syndrome. A safer and more coherent interpretation is that this is unstable angina or another ACS presentation until proven otherwise.",Root: favor ACS. [Nucleus: exertional pain + radiation + sweating -> ischemia] [Satellite-contrast: meal/spicy-food burning + antacid relief -> GERD-like] [Nucleus-elaboration: age/risk factors increase cardiac risk] [Satellite-safety: dangerous diagnosis should be prioritized] [Conclusion: prioritize ACS],No
520,"My weight is dropping even though I am not dieting, I feel shaky with a racing heartbeat, and I framed it as an anxiety issue, yet there is obvious neck fullness and my eyes look prominent.","Hyperthyroidism, likely Graves disease",A correct reading resists the temptation to stop at the psychiatric-looking symptoms. The visible bodily signs carry more diagnostic weight: goiter-like neck fullness and eye prominence are especially important because they are difficult to explain by panic disorder alone. Weight loss and tremor strengthen the endocrine interpretation further.,Root: favor Graves. [Nucleus: weight loss + tremor + palpitations + neck fullness + eye changes] [Satellite-background: anxiety/panic-like features] [Satellite-integration: anxiety explained within endocrine syndrome] [Conclusion: hyperthyroidism unifies symptoms],No
521,"Initially it was just burning and frequent urination, but then I developed fever and back pain, and vomiting became part of the illness, even though the bladder symptoms softened somewhat.",Simple cystitis,"The hallucinated interpretation continues to treat the case as a simple bladder infection because dysuria and frequency came first. Once that anchor is fixed, fever, vomiting, and back pain are recast as dehydration, muscle pain, or generic effects of being unwell. The slight improvement in burning is overread as a sign that the infection is resolving, even though the overall picture is getting worse. This is a failure to update the diagnosis when new higher-severity evidence appears.",Root: favor cystitis. [Nucleus: dysuria + frequency] [Satellite-reinterpretation: back pain + vomiting -> dehydration/strain] [Satellite-overclaim: burning improved -> infection resolving] [Satellite-failure-to-update: early label retained despite escalation] [Conclusion: simple cystitis],Yes
522,"I get chest tightness when climbing stairs, but food-related burning confuses the picture, last week the pain went to my left arm and I got sweaty, I’m 61 and a smoker, so I tried to ignore it as stomach-related.",Acute coronary syndrome / unstable angina,"The most important feature is that the chest discomfort is triggered by exertion rather than only by meals. Radiation to the arm or jaw and associated sweating are classic high-risk clues for myocardial ischemia. The reflux-like features are real conflicting clues, but they are lower-specificity findings and do not neutralize the cardiac risk pattern. The patient’s age and vascular risk factors increase the pretest probability of acute coronary syndrome. A safer and more coherent interpretation is that this is unstable angina or another ACS presentation until proven otherwise.",Root: favor ACS. [Nucleus: exertional pain + radiation + sweating -> ischemia] [Satellite-contrast: meal/spicy-food burning + antacid relief -> GERD-like] [Nucleus-elaboration: age/risk factors increase cardiac risk] [Satellite-safety: dangerous diagnosis should be prioritized] [Conclusion: prioritize ACS],No
523,"This began like a respiratory infection with cough and chills, yet one calf started hurting and swelling, and my breathing got worse, leftover antibiotics only seemed to help the fever.",Pulmonary embolism,"The infection-like opening of the story is misleading, but the later evolution is more important. Unilateral calf swelling and pain create a strong signal for deep vein thrombosis, and worsening shortness of breath makes pulmonary embolism a much better fit than uncomplicated pneumonia. Fever and cough can occur in PE and therefore do not settle the case in favor of infection. Partial improvement of fever after antibiotics is weak evidence and does not explain why breathing worsened. The full cross-system pattern is more coherent as venous thromboembolism with pulmonary embolism.",Root: favor PE. [Satellite-background: fever + cough -> pneumonia-like] [Nucleus: unilateral calf swelling/pain + worsening dyspnea -> DVT/PE] [Satellite-contrast: antibiotics helped fever only] [Satellite-causal: leg clot can explain lung symptoms] [Conclusion: PE better explains the pattern],No
524,"My wrists and finger joints stay stiff for a long time each morning, but my big toe once swelled up badly after wine, my uric acid was high once, and my mother had rheumatoid arthritis.",Rheumatoid arthritis,"The chronic pattern is the deciding factor here. Morning stiffness lasting over an hour, together with persistent hand and wrist involvement, strongly favors rheumatoid arthritis because this is a classic symmetric inflammatory small-joint presentation. The toe flare and prior hyperuricemia are genuine gout-like clues, but they are episodic and do not explain the chronic baseline syndrome. Family history of RA adds weight to the inflammatory arthritis interpretation. The best synthesis is that RA explains the ongoing pattern.",Root: favor RA. [Nucleus: prolonged morning stiffness + symmetric small-joint involvement] [Satellite-contrast: toe flare + hyperuricemia -> gout clue] [Nucleus-elaboration: family history supports RA] [Satellite-resolution: acute event does not explain chronic baseline] [Conclusion: RA best fits chronic pattern],No
525,"My wrists and finger joints stay stiff for a long time each morning, but my big toe once swelled up badly after wine, I remember one lab showing increased uric acid, with rheumatoid arthritis already present in relatives.",Rheumatoid arthritis,"A correct interpretation must distinguish the durable background disease from the memorable acute event. The toe attack after dietary trigger is very salient and can bias reasoning toward gout, but the more informative structure of the case is the long-standing morning stiffness and symmetric small-joint involvement. Hyperuricemia is supportive of gout but not sufficient to explain the full chronic phenotype. Therefore RA is the stronger overall diagnosis.",Root: favor RA. [Nucleus: prolonged morning stiffness + symmetric small-joint involvement] [Satellite-contrast: toe flare + hyperuricemia -> gout clue] [Nucleus-elaboration: family history supports RA] [Satellite-resolution: acute event does not explain chronic baseline] [Conclusion: RA best fits chronic pattern],No
526,"My clothes are looser because of unexplained weight loss, I have tremor and constant palpitations, and emotionally it feels like a panic attack, but my neck feels full and people say my eyes look different.",Panic disorder,This interpretation fails by treating the psychiatric flavor of the presentation as decisive and treating the physical findings as optional or unreliable. It is an example of premature psychologizing. The result is a diagnosis that is rhetorically smooth but structurally weak.,Root: favor panic disorder. [Nucleus: anxiety + shakiness + tachycardia] [Satellite-reinterpretation: weight loss -> stress] [Satellite-dismissal: eye changes + neck fullness subjective] [Satellite-psychologizing: physical findings subordinated to emotional frame] [Conclusion: panic disorder explains symptoms],Yes
527,"It started with cough and fever like a chest infection, yet one calf started hurting and swelling, but the breathing difficulty intensified, antibiotics maybe reduced the fever but not the breathing trouble.",Pneumonia,"The reasoning gives priority to the story’s opening frame of cough, fever, and a cold-like illness and turns that into a pneumonia anchor. Once anchored, the swollen calf is reinterpreted as body aches, muscle strain, or reduced movement from being sick, even though calf swelling is not well explained that way. A small fever response to antibiotics is overread as confirmation of infection. This creates a premature closure on pneumonia while ignoring the stronger thromboembolic structure of the case.",Root: favor pneumonia. [Nucleus: fever + cough + dyspnea -> pneumonia] [Satellite-reinterpretation: calf swelling/pain -> body aches or strain] [Satellite-overclaim: antibiotics response confirms infection] [Satellite-closure: common diagnosis chosen early] [Conclusion: pneumonia is primary],Yes
528,"Morning stiffness in my hands lasts well beyond getting out of bed, but I did have a sudden hot swollen toe after a rich dinner, my uric acid was high once, with rheumatoid arthritis already present in relatives.",Gout,"A hallucinated interpretation gives privileged status to the classic-sounding gout clues and treats them as sufficient to explain everything else. The chronic morning stiffness is downgraded to a generic inflammatory complaint, even though it is actually the more discriminative feature for RA. This is a reasoning failure because one episodic clue is expanded beyond its explanatory range.",Root: favor gout. [Nucleus: toe flare after wine + hyperuricemia] [Satellite-generalization: chronic hand stiffness folded into gout] [Satellite-dismissal: family history of RA incidental] [Satellite-salience: vivid acute event overweights decision] [Conclusion: gout explains all symptoms],Yes
529,"The pain initially felt like it was around my belly button, then it concentrated low on the right, and loose stool made me think stomach bug, it gets worse with steps and movement.",Appendicitis,"The migratory pattern of pain is the key diagnostic clue. Pain beginning more centrally and then localizing to the right lower quadrant, especially when worsened by movement, is a classic appendiceal pattern and suggests peritoneal irritation. Diarrhea is a misleading but not decisive competing clue because gastrointestinal upset can coexist with appendicitis. The best synthesis is appendicitis rather than simple gastroenteritis.",Root: favor appendicitis. [Satellite-background: diarrhea -> gastroenteritis-like] [Nucleus: migratory pain to RLQ + movement pain] [Satellite-priority: focal evolution outweighs generic GI symptoms] [Conclusion: appendicitis],No
530,"The early symptoms were classic urinary burning and frequency, before it turned into fever and pain near my back, with vomiting now complicating things, despite mild improvement in the local urinary pain.",Simple cystitis,"This reasoning privileges chronology over severity. It assumes that the first label applied must remain correct, and it explains away later findings instead of revising the model. The result is a falsely reassuring cystitis diagnosis.",Root: favor cystitis. [Nucleus: dysuria + frequency] [Satellite-reinterpretation: back pain + vomiting -> dehydration/strain] [Satellite-overclaim: burning improved -> infection resolving] [Satellite-failure-to-update: early label retained despite escalation] [Conclusion: simple cystitis],Yes
531,"I feel pressure in my chest during brisk walking, but food-related burning confuses the picture, a recent attack made me sweaty and sent pain toward my left arm, I’m 59 and a smoker with high cholesterol, so I blamed spicy food instead of my heart.",Gastroesophageal reflux disease,"The reasoning starts from the convenient clue of post-meal burning and promotes it to the central explanation. From there, contradictory evidence is explained away: radiation becomes panic, sweating becomes distress, and vascular risk factors are treated as background rather than decision-driving information. This creates an overconfident but weakly justified conclusion in favor of reflux. The higher-risk explanation is prematurely dismissed.",Root: favor GERD. [Nucleus: meals/spicy food + antacid relief -> reflux] [Satellite-downplay: radiation + sweating -> anxiety response] [Satellite-ignore: exertional trigger + cardiac risk] [Satellite-closure: benign diagnosis chosen early] [Conclusion: GERD explains symptoms],Yes
532,"I am slimming down without meaning to, my heart pounds and my hands tremble, and I thought this was all just anxiety, although my neck feels swollen and people comment on my eyes.",Panic disorder,This interpretation fails by treating the psychiatric flavor of the presentation as decisive and treating the physical findings as optional or unreliable. It is an example of premature psychologizing. The result is a diagnosis that is rhetorically smooth but structurally weak.,Root: favor panic disorder. [Nucleus: anxiety + shakiness + tachycardia] [Satellite-reinterpretation: weight loss -> stress] [Satellite-dismissal: eye changes + neck fullness subjective] [Satellite-psychologizing: physical findings subordinated to emotional frame] [Conclusion: panic disorder explains symptoms],Yes
533,"The pain initially felt like it was around my belly button, and then moved to the right lower side, while loose stool made me assume gastroenteritis, I feel it more when I walk around.",Viral gastroenteritis,This reasoning overvalues the commonness of viral illness and undervalues the specificity of pain migration. It treats the memorable loose stool as central and the more diagnostic localization as secondary. That produces premature closure on gastroenteritis.,Root: favor gastroenteritis. [Nucleus: diarrhea + stomach-bug framing] [Satellite-reinterpretation: RLQ pain + movement pain -> cramping/soreness] [Satellite-anchor: GI symptoms overweight decision] [Conclusion: gastroenteritis],Yes
534,"Physical effort seems to trigger a band-like chest pain, but late meals can make it feel more like heartburn, a recent attack made me sweaty and sent pain toward my left arm, I’m 59 and a smoker with high cholesterol, so I tried to ignore it as stomach-related.",Gastroesophageal reflux disease,"The reasoning starts from the convenient clue of post-meal burning and promotes it to the central explanation. From there, contradictory evidence is explained away: radiation becomes panic, sweating becomes distress, and vascular risk factors are treated as background rather than decision-driving information. This creates an overconfident but weakly justified conclusion in favor of reflux. The higher-risk explanation is prematurely dismissed.",Root: favor GERD. [Nucleus: meals/spicy food + antacid relief -> reflux] [Satellite-downplay: radiation + sweating -> anxiety response] [Satellite-ignore: exertional trigger + cardiac risk] [Satellite-closure: benign diagnosis chosen early] [Conclusion: GERD explains symptoms],Yes
535,"I wake up with painful stiff fingers and wrists most mornings, yet I also had an abrupt toe attack after a celebratory meal, I remember one lab showing increased uric acid, and my mother had rheumatoid arthritis.",Gout,"A hallucinated interpretation gives privileged status to the classic-sounding gout clues and treats them as sufficient to explain everything else. The chronic morning stiffness is downgraded to a generic inflammatory complaint, even though it is actually the more discriminative feature for RA. This is a reasoning failure because one episodic clue is expanded beyond its explanatory range.",Root: favor gout. [Nucleus: toe flare after wine + hyperuricemia] [Satellite-generalization: chronic hand stiffness folded into gout] [Satellite-dismissal: family history of RA incidental] [Satellite-salience: vivid acute event overweights decision] [Conclusion: gout explains all symptoms],Yes
536,"I feel worn out and slowed down daily, dry skin and puffiness are obvious now, and I have gained weight despite low appetite, although brief anxiety-type symptoms do happen, and one older lab gave false reassurance.",Hypothyroidism,"A correct reading identifies the cluster rather than overreacting to one contradictory symptom. Palpitations and anxiety can occur for many reasons and do not erase the metabolically slowed presentation. The more integrated explanation is thyroid underactivity, with the old near-normal test retained as background rather than treated as decisive.",Root: favor hypothyroidism. [Nucleus: fatigue + weight gain + puffiness + dry skin] [Satellite-contrast: palpitations/anxiety] [Satellite-background: old borderline-normal test] [Satellite-integration: syndrome coherence outweighs isolated conflict] [Conclusion: hypothyroidism],No
537,"My fingers feel inflamed and hard to move early each day, although one time my toe flared after seafood and alcohol, my uric acid was high once, and my mother had rheumatoid arthritis.",Gout,"A hallucinated interpretation gives privileged status to the classic-sounding gout clues and treats them as sufficient to explain everything else. The chronic morning stiffness is downgraded to a generic inflammatory complaint, even though it is actually the more discriminative feature for RA. This is a reasoning failure because one episodic clue is expanded beyond its explanatory range.",Root: favor gout. [Nucleus: toe flare after wine + hyperuricemia] [Satellite-generalization: chronic hand stiffness folded into gout] [Satellite-dismissal: family history of RA incidental] [Satellite-salience: vivid acute event overweights decision] [Conclusion: gout explains all symptoms],Yes
538,"Unplanned weight loss has been bothering me, my hands shake and my heart races, so I wondered if it was panic, but friends mention my eyes and I notice neck fullness.","Hyperthyroidism, likely Graves disease","The anxious feeling and racing heart can certainly mimic panic, but the broader physical pattern is much more informative. Unintentional weight loss, tremor, neck fullness, and visible eye changes point strongly toward hyperthyroidism, especially Graves disease. The anxiety is therefore better interpreted as part of the endocrine syndrome rather than as a separate primary psychiatric disorder. Fatigue does not contradict this, because prolonged thyrotoxicosis can also cause exhaustion.",Root: favor Graves. [Nucleus: weight loss + tremor + palpitations + neck fullness + eye changes] [Satellite-background: anxiety/panic-like features] [Satellite-integration: anxiety explained within endocrine syndrome] [Conclusion: hyperthyroidism unifies symptoms],No
539,"I feel exhausted and slowed down, my body feels puffy and my skin has become dry, but reduced appetite has not stopped weight gain, but I occasionally feel my heart skip and get anxious, and an old thyroid test was called borderline normal.",Anxiety disorder,"The hallucinated reasoning starts from emotionally salient features such as anxiety, palpitations, and headaches and treats them as the core disorder. The weight gain, puffiness, and dry skin are then demoted to lifestyle or stress effects, even though together they form a much more specific hypothyroid cluster. The prior borderline-normal thyroid test is overvalued as if it nearly rules out thyroid disease. This produces a psychologized conclusion that fails to account for the whole syndrome.",Root: favor anxiety disorder. [Nucleus: palpitations + anxiety + headaches] [Satellite-reinterpretation: weight gain + dry skin -> lifestyle/stress] [Satellite-overweight: borderline-normal thyroid test] [Satellite-psychologizing: endocrine cluster fragmented] [Conclusion: anxiety disorder],Yes
540,"I am losing weight even though my habits have not changed, I have tremor and constant palpitations, so I suspected a stress problem, but I have thyroid-area fullness and visible eye changes.",Panic disorder,This interpretation fails by treating the psychiatric flavor of the presentation as decisive and treating the physical findings as optional or unreliable. It is an example of premature psychologizing. The result is a diagnosis that is rhetorically smooth but structurally weak.,Root: favor panic disorder. [Nucleus: anxiety + shakiness + tachycardia] [Satellite-reinterpretation: weight loss -> stress] [Satellite-dismissal: eye changes + neck fullness subjective] [Satellite-psychologizing: physical findings subordinated to emotional frame] [Conclusion: panic disorder explains symptoms],Yes
541,"At first I thought I had a bad cold with cough and fever, except now one leg has become swollen and tender, and I became much more breathless over time, the fever eased a bit with antibiotics, not the shortness of breath.",Pulmonary embolism,"A grounded reading preserves both hypotheses at first: pneumonia is plausible because of fever and cough, but the calf findings are a major red flag that changes the weighting of the case. Respiratory decline despite some improvement in fever also argues against a simple resolving infection. The vascular hypothesis explains the leg symptoms and the worsening dyspnea in one causal chain.",Root: favor PE. [Satellite-background: fever + cough -> pneumonia-like] [Nucleus: unilateral calf swelling/pain + worsening dyspnea -> DVT/PE] [Satellite-contrast: antibiotics helped fever only] [Satellite-causal: leg clot can explain lung symptoms] [Conclusion: PE better explains the pattern],No
542,"I began with bladder-type burning and urgency, then I started having fever and upper back discomfort, plus I started vomiting recently, despite local symptoms improving a bit.",Simple cystitis,"The hallucinated interpretation continues to treat the case as a simple bladder infection because dysuria and frequency came first. Once that anchor is fixed, fever, vomiting, and back pain are recast as dehydration, muscle pain, or generic effects of being unwell. The slight improvement in burning is overread as a sign that the infection is resolving, even though the overall picture is getting worse. This is a failure to update the diagnosis when new higher-severity evidence appears.",Root: favor cystitis. [Nucleus: dysuria + frequency] [Satellite-reinterpretation: back pain + vomiting -> dehydration/strain] [Satellite-overclaim: burning improved -> infection resolving] [Satellite-failure-to-update: early label retained despite escalation] [Conclusion: simple cystitis],Yes
543,"My clothes are looser because of unexplained weight loss, I have tremor and constant palpitations, and I framed it as an anxiety issue, though I also have a sense of fullness in my neck and eye changes.",Panic disorder,This interpretation fails by treating the psychiatric flavor of the presentation as decisive and treating the physical findings as optional or unreliable. It is an example of premature psychologizing. The result is a diagnosis that is rhetorically smooth but structurally weak.,Root: favor panic disorder. [Nucleus: anxiety + shakiness + tachycardia] [Satellite-reinterpretation: weight loss -> stress] [Satellite-dismissal: eye changes + neck fullness subjective] [Satellite-psychologizing: physical findings subordinated to emotional frame] [Conclusion: panic disorder explains symptoms],Yes
544,"When I hurry across a parking lot I feel chest squeezing, even though I also get burning after lying down post-dinner, last week the pain went to my left arm and I got sweaty, I’m 56 with diabetes and high blood pressure, which made me think it was heartburn.",Acute coronary syndrome / unstable angina,"The most important feature is that the chest discomfort is triggered by exertion rather than only by meals. Radiation to the arm or jaw and associated sweating are classic high-risk clues for myocardial ischemia. The reflux-like features are real conflicting clues, but they are lower-specificity findings and do not neutralize the cardiac risk pattern. The patient’s age and vascular risk factors increase the pretest probability of acute coronary syndrome. A safer and more coherent interpretation is that this is unstable angina or another ACS presentation until proven otherwise.",Root: favor ACS. [Nucleus: exertional pain + radiation + sweating -> ischemia] [Satellite-contrast: meal/spicy-food burning + antacid relief -> GERD-like] [Nucleus-elaboration: age/risk factors increase cardiac risk] [Satellite-safety: dangerous diagnosis should be prioritized] [Conclusion: prioritize ACS],No
545,"I have persistent morning stiffness in both hands and wrists, even though my toe once blew up after drinking wine, I was once told my uric acid was borderline high, while my family history includes rheumatoid arthritis.",Rheumatoid arthritis,"A correct interpretation must distinguish the durable background disease from the memorable acute event. The toe attack after dietary trigger is very salient and can bias reasoning toward gout, but the more informative structure of the case is the long-standing morning stiffness and symmetric small-joint involvement. Hyperuricemia is supportive of gout but not sufficient to explain the full chronic phenotype. Therefore RA is the stronger overall diagnosis.",Root: favor RA. [Nucleus: prolonged morning stiffness + symmetric small-joint involvement] [Satellite-contrast: toe flare + hyperuricemia -> gout clue] [Nucleus-elaboration: family history supports RA] [Satellite-resolution: acute event does not explain chronic baseline] [Conclusion: RA best fits chronic pattern],No
546,"First I had middle abdominal pain, and eventually it became right-sided and lower, while loose stool made me assume gastroenteritis, it gets worse with steps and movement.",Appendicitis,"A grounded interpretation gives more weight to the evolution and location of pain than to the presence of loose stool alone. Gastroenteritis is plausible at the start, but it does not explain the specific right-sided localization and movement-related pain as well as appendicitis does. The reasoning preserves diarrhea as background noise but allows the focal abdominal pattern to dominate.",Root: favor appendicitis. [Satellite-background: diarrhea -> gastroenteritis-like] [Nucleus: migratory pain to RLQ + movement pain] [Satellite-priority: focal evolution outweighs generic GI symptoms] [Conclusion: appendicitis],No
547,"The whole thing began like an ordinary infection, although now my calf is distinctly painful and puffy, but the breathing difficulty intensified, the fever eased a bit with antibiotics, not the shortness of breath.",Pulmonary embolism,"The infection-like opening of the story is misleading, but the later evolution is more important. Unilateral calf swelling and pain create a strong signal for deep vein thrombosis, and worsening shortness of breath makes pulmonary embolism a much better fit than uncomplicated pneumonia. Fever and cough can occur in PE and therefore do not settle the case in favor of infection. Partial improvement of fever after antibiotics is weak evidence and does not explain why breathing worsened. The full cross-system pattern is more coherent as venous thromboembolism with pulmonary embolism.",Root: favor PE. [Satellite-background: fever + cough -> pneumonia-like] [Nucleus: unilateral calf swelling/pain + worsening dyspnea -> DVT/PE] [Satellite-contrast: antibiotics helped fever only] [Satellite-causal: leg clot can explain lung symptoms] [Conclusion: PE better explains the pattern],No
548,"It started as vague central stomach pain, then it migrated down to the right, though diarrhea pointed me toward a virus, it hurts more when I walk.",Appendicitis,"A grounded interpretation gives more weight to the evolution and location of pain than to the presence of loose stool alone. Gastroenteritis is plausible at the start, but it does not explain the specific right-sided localization and movement-related pain as well as appendicitis does. The reasoning preserves diarrhea as background noise but allows the focal abdominal pattern to dominate.",Root: favor appendicitis. [Satellite-background: diarrhea -> gastroenteritis-like] [Nucleus: migratory pain to RLQ + movement pain] [Satellite-priority: focal evolution outweighs generic GI symptoms] [Conclusion: appendicitis],No
549,"The main feeling is deep fatigue and slowing, there is facial puffiness with very dry skin, and I have gained weight despite low appetite, though I sometimes have palpitations and nervousness, and a months-old test did not look very abnormal.",Hypothyroidism,"A correct reading identifies the cluster rather than overreacting to one contradictory symptom. Palpitations and anxiety can occur for many reasons and do not erase the metabolically slowed presentation. The more integrated explanation is thyroid underactivity, with the old near-normal test retained as background rather than treated as decisive.",Root: favor hypothyroidism. [Nucleus: fatigue + weight gain + puffiness + dry skin] [Satellite-contrast: palpitations/anxiety] [Satellite-background: old borderline-normal test] [Satellite-integration: syndrome coherence outweighs isolated conflict] [Conclusion: hypothyroidism],No
550,"At first I thought I had a bad cold with cough and fever, although now my calf is distinctly painful and puffy, and now I am more short of breath than before, I took antibiotics and only the fever improved slightly.",Pulmonary embolism,"The infection-like opening of the story is misleading, but the later evolution is more important. Unilateral calf swelling and pain create a strong signal for deep vein thrombosis, and worsening shortness of breath makes pulmonary embolism a much better fit than uncomplicated pneumonia. Fever and cough can occur in PE and therefore do not settle the case in favor of infection. Partial improvement of fever after antibiotics is weak evidence and does not explain why breathing worsened. The full cross-system pattern is more coherent as venous thromboembolism with pulmonary embolism.",Root: favor PE. [Satellite-background: fever + cough -> pneumonia-like] [Nucleus: unilateral calf swelling/pain + worsening dyspnea -> DVT/PE] [Satellite-contrast: antibiotics helped fever only] [Satellite-causal: leg clot can explain lung symptoms] [Conclusion: PE better explains the pattern],No
551,"I cannot stop drinking and peeing, while the scale keeps going down, my vision also gets blurry, plus I now have nausea and abdominal pain, while my relatives make me think of type 2 diabetes.",Type 2 diabetes only,"The hallucinated reasoning starts from obesity and family history and treats those demographic clues as decisive. Once that anchor is in place, weight loss, nausea, and abdominal pain are minimized as secondary effects of high blood sugar rather than as warnings of insulin deficiency. The model also makes the unsupported leap that being overweight argues strongly against type 1 diabetes. This is a faulty compression of a complex presentation into a simplistic stereotype of type 2 disease.",Root: favor type 2 only. [Nucleus: obesity + family history] [Satellite-downplay: weight loss + abdominal symptoms] [Satellite-stereotype: overweight argues against type 1] [Satellite-closure: phenotype overrides physiology] [Conclusion: type 2 only],Yes
552,"The first pain was in the middle of my abdomen, then it migrated down to the right, with diarrhea complicating the picture, walking makes it worse.",Viral gastroenteritis,This reasoning overvalues the commonness of viral illness and undervalues the specificity of pain migration. It treats the memorable loose stool as central and the more diagnostic localization as secondary. That produces premature closure on gastroenteritis.,Root: favor gastroenteritis. [Nucleus: diarrhea + stomach-bug framing] [Satellite-reinterpretation: RLQ pain + movement pain -> cramping/soreness] [Satellite-anchor: GI symptoms overweight decision] [Conclusion: gastroenteritis],Yes
553,"I feel pressure in my chest during brisk walking, but late meals can make it feel more like heartburn, during the worst spell it moved to my jaw and I felt faint, I’m 56 with diabetes and high blood pressure, so I thought it was just reflux.",Gastroesophageal reflux disease,"The reasoning starts from the convenient clue of post-meal burning and promotes it to the central explanation. From there, contradictory evidence is explained away: radiation becomes panic, sweating becomes distress, and vascular risk factors are treated as background rather than decision-driving information. This creates an overconfident but weakly justified conclusion in favor of reflux. The higher-risk explanation is prematurely dismissed.",Root: favor GERD. [Nucleus: meals/spicy food + antacid relief -> reflux] [Satellite-downplay: radiation + sweating -> anxiety response] [Satellite-ignore: exertional trigger + cardiac risk] [Satellite-closure: benign diagnosis chosen early] [Conclusion: GERD explains symptoms],Yes
554,"At first it felt like a simple bladder infection, before systemic symptoms and back pain arrived, and I have become sick to my stomach and vomit, despite local symptoms improving a bit.",Pyelonephritis,"The case begins like cystitis, but it does not stay there. The later development of fever, flank or back pain, vomiting, and systemic illness strongly suggests upper urinary tract infection, namely pyelonephritis. Improvement in local burning does not counterbalance the worsening systemic picture. In fact, the change from local urinary discomfort to broader constitutional illness is exactly what makes the case more serious.",Root: favor pyelonephritis. [Satellite-background: dysuria + frequency -> cystitis] [Nucleus: fever + flank/back pain + vomiting + systemic illness] [Satellite-contrast: burning improved] [Satellite-escalation: local infection evolved into systemic picture] [Conclusion: pyelonephritis],No
555,"I keep drinking water and going to the bathroom, and there is clear unexplained weight loss, my eyesight goes fuzzy at times, and I have started getting abdominal discomfort and nausea, even though I am overweight and my family has type 2 diabetes.","Diabetes mellitus, likely type 1 physiology","A correct explanation distinguishes phenotype from acute metabolic state. The patient may look like a type 2 candidate because of weight and family history, but the active symptom cluster points to a more urgent process characterized by marked hyperglycemia and possible ketosis. The reasoning therefore keeps the type 2 clue in a contrast branch while allowing the metabolic urgency to dominate the conclusion.",Root: favor diabetes with likely type 1 physiology. [Nucleus: thirst + urination + weight loss + blurry vision + nausea] [Satellite-contrast: obesity + family history -> type 2 clue] [Satellite-urgency: abdominal symptoms suggest ketosis risk] [Conclusion: urgent insulin-deficiency picture],No
556,"I am persistently tired and sluggish, my body feels puffy and my skin has become dry, and I have gained weight despite low appetite, although I do get anxious and feel palpitations sometimes, while an earlier test was near normal.",Hypothyroidism,"A correct reading identifies the cluster rather than overreacting to one contradictory symptom. Palpitations and anxiety can occur for many reasons and do not erase the metabolically slowed presentation. The more integrated explanation is thyroid underactivity, with the old near-normal test retained as background rather than treated as decisive.",Root: favor hypothyroidism. [Nucleus: fatigue + weight gain + puffiness + dry skin] [Satellite-contrast: palpitations/anxiety] [Satellite-background: old borderline-normal test] [Satellite-integration: syndrome coherence outweighs isolated conflict] [Conclusion: hypothyroidism],No
557,"I need water all the time and I am urinating excessively, while my weight is dropping, my eyes seem out of focus sometimes, while my stomach hurts and I feel sick, even though I am overweight and my family has type 2 diabetes.","Diabetes mellitus, likely type 1 physiology","The central issue is not the body habitus alone but the physiology suggested by the symptoms. Polyuria, polydipsia, weight loss, blurry vision, and abdominal symptoms suggest substantial hyperglycemia with possible ketosis or evolving insulin deficiency. Obesity and a family history of type 2 diabetes are meaningful competing clues, but they do not erase the catabolic pattern. In a younger patient, weight loss with nausea and abdominal pain should raise concern for type 1 physiology or at least urgent insulin-requiring diabetes.",Root: favor diabetes with likely type 1 physiology. [Nucleus: thirst + urination + weight loss + blurry vision + nausea] [Satellite-contrast: obesity + family history -> type 2 clue] [Satellite-urgency: abdominal symptoms suggest ketosis risk] [Conclusion: urgent insulin-deficiency picture],No
558,"It started with cough and fever like a chest infection, and then my right calf became painful and enlarged, and my chest feels tighter as I breathe, leftover antibiotics only seemed to help the fever.",Pulmonary embolism,"The infection-like opening of the story is misleading, but the later evolution is more important. Unilateral calf swelling and pain create a strong signal for deep vein thrombosis, and worsening shortness of breath makes pulmonary embolism a much better fit than uncomplicated pneumonia. Fever and cough can occur in PE and therefore do not settle the case in favor of infection. Partial improvement of fever after antibiotics is weak evidence and does not explain why breathing worsened. The full cross-system pattern is more coherent as venous thromboembolism with pulmonary embolism.",Root: favor PE. [Satellite-background: fever + cough -> pneumonia-like] [Nucleus: unilateral calf swelling/pain + worsening dyspnea -> DVT/PE] [Satellite-contrast: antibiotics helped fever only] [Satellite-causal: leg clot can explain lung symptoms] [Conclusion: PE better explains the pattern],No
559,"At first it felt like a simple bladder infection, then I started having fever and upper back discomfort, I began throwing up as well, although the urinary burning eased slightly.",Pyelonephritis,"The case begins like cystitis, but it does not stay there. The later development of fever, flank or back pain, vomiting, and systemic illness strongly suggests upper urinary tract infection, namely pyelonephritis. Improvement in local burning does not counterbalance the worsening systemic picture. In fact, the change from local urinary discomfort to broader constitutional illness is exactly what makes the case more serious.",Root: favor pyelonephritis. [Satellite-background: dysuria + frequency -> cystitis] [Nucleus: fever + flank/back pain + vomiting + systemic illness] [Satellite-contrast: burning improved] [Satellite-escalation: local infection evolved into systemic picture] [Conclusion: pyelonephritis],No
560,"I am losing weight even though my habits have not changed, there is a tremor in my hands and fast heartbeat, and I framed it as an anxiety issue, although my neck feels swollen and people comment on my eyes.","Hyperthyroidism, likely Graves disease","The anxious feeling and racing heart can certainly mimic panic, but the broader physical pattern is much more informative. Unintentional weight loss, tremor, neck fullness, and visible eye changes point strongly toward hyperthyroidism, especially Graves disease. The anxiety is therefore better interpreted as part of the endocrine syndrome rather than as a separate primary psychiatric disorder. Fatigue does not contradict this, because prolonged thyrotoxicosis can also cause exhaustion.",Root: favor Graves. [Nucleus: weight loss + tremor + palpitations + neck fullness + eye changes] [Satellite-background: anxiety/panic-like features] [Satellite-integration: anxiety explained within endocrine syndrome] [Conclusion: hyperthyroidism unifies symptoms],No
561,"It started as vague central stomach pain, then it migrated down to the right, but diarrhea made it feel infectious, it is sharper whenever I move.",Appendicitis,"The migratory pattern of pain is the key diagnostic clue. Pain beginning more centrally and then localizing to the right lower quadrant, especially when worsened by movement, is a classic appendiceal pattern and suggests peritoneal irritation. Diarrhea is a misleading but not decisive competing clue because gastrointestinal upset can coexist with appendicitis. The best synthesis is appendicitis rather than simple gastroenteritis.",Root: favor appendicitis. [Satellite-background: diarrhea -> gastroenteritis-like] [Nucleus: migratory pain to RLQ + movement pain] [Satellite-priority: focal evolution outweighs generic GI symptoms] [Conclusion: appendicitis],No
562,"I am unusually tired and sluggish, people notice I look puffy and dry-skinned, and there is weight gain despite barely eating, though I sometimes have palpitations and nervousness, while an earlier test was near normal.",Hypothyroidism,"The dominant syndrome is hypothyroid: fatigue, weight gain despite low intake, puffiness, and dry skin form a coherent metabolic picture. Anxiety and occasional palpitations are real conflicting clues, but they are not sufficient to overturn the much broader hypothyroid pattern. An older borderline-normal lab result is weak evidence because symptoms may have evolved since then. The full pattern therefore favors hypothyroidism more than a primary anxiety disorder.",Root: favor hypothyroidism. [Nucleus: fatigue + weight gain + puffiness + dry skin] [Satellite-contrast: palpitations/anxiety] [Satellite-background: old borderline-normal test] [Satellite-integration: syndrome coherence outweighs isolated conflict] [Conclusion: hypothyroidism],No
563,"I am thirsty all the time and urinate constantly, while my weight is dropping, my sight is becoming blurry, and my abdomen hurts with queasiness, although the family pattern suggests type 2.","Diabetes mellitus, likely type 1 physiology","The central issue is not the body habitus alone but the physiology suggested by the symptoms. Polyuria, polydipsia, weight loss, blurry vision, and abdominal symptoms suggest substantial hyperglycemia with possible ketosis or evolving insulin deficiency. Obesity and a family history of type 2 diabetes are meaningful competing clues, but they do not erase the catabolic pattern. In a younger patient, weight loss with nausea and abdominal pain should raise concern for type 1 physiology or at least urgent insulin-requiring diabetes.",Root: favor diabetes with likely type 1 physiology. [Nucleus: thirst + urination + weight loss + blurry vision + nausea] [Satellite-contrast: obesity + family history -> type 2 clue] [Satellite-urgency: abdominal symptoms suggest ketosis risk] [Conclusion: urgent insulin-deficiency picture],No
564,"I first developed fever and cough like I was getting pneumonia, but a single swollen calf showed up later, while my breathing seems to deteriorate, antibiotics changed the fever more than the dyspnea.",Pneumonia,"The reasoning gives priority to the story’s opening frame of cough, fever, and a cold-like illness and turns that into a pneumonia anchor. Once anchored, the swollen calf is reinterpreted as body aches, muscle strain, or reduced movement from being sick, even though calf swelling is not well explained that way. A small fever response to antibiotics is overread as confirmation of infection. This creates a premature closure on pneumonia while ignoring the stronger thromboembolic structure of the case.",Root: favor pneumonia. [Nucleus: fever + cough + dyspnea -> pneumonia] [Satellite-reinterpretation: calf swelling/pain -> body aches or strain] [Satellite-overclaim: antibiotics response confirms infection] [Satellite-closure: common diagnosis chosen early] [Conclusion: pneumonia is primary],Yes
565,"Everything feels slowed and heavy lately, dry skin and puffiness are obvious now, and I have gained weight despite low appetite, but I occasionally feel my heart skip and get anxious, while an earlier test was near normal.",Anxiety disorder,"The hallucinated reasoning starts from emotionally salient features such as anxiety, palpitations, and headaches and treats them as the core disorder. The weight gain, puffiness, and dry skin are then demoted to lifestyle or stress effects, even though together they form a much more specific hypothyroid cluster. The prior borderline-normal thyroid test is overvalued as if it nearly rules out thyroid disease. This produces a psychologized conclusion that fails to account for the whole syndrome.",Root: favor anxiety disorder. [Nucleus: palpitations + anxiety + headaches] [Satellite-reinterpretation: weight gain + dry skin -> lifestyle/stress] [Satellite-overweight: borderline-normal thyroid test] [Satellite-psychologizing: endocrine cluster fragmented] [Conclusion: anxiety disorder],Yes
566,"It started with cough and fever like a chest infection, but now one calf is swollen and sore, while my breathing seems to deteriorate, some fever improvement happened, but breathing worsened anyway.",Pneumonia,"The reasoning gives priority to the story’s opening frame of cough, fever, and a cold-like illness and turns that into a pneumonia anchor. Once anchored, the swollen calf is reinterpreted as body aches, muscle strain, or reduced movement from being sick, even though calf swelling is not well explained that way. A small fever response to antibiotics is overread as confirmation of infection. This creates a premature closure on pneumonia while ignoring the stronger thromboembolic structure of the case.",Root: favor pneumonia. [Nucleus: fever + cough + dyspnea -> pneumonia] [Satellite-reinterpretation: calf swelling/pain -> body aches or strain] [Satellite-overclaim: antibiotics response confirms infection] [Satellite-closure: common diagnosis chosen early] [Conclusion: pneumonia is primary],Yes
567,"I feel pressure in my chest during brisk walking, but food-related burning confuses the picture, the strongest episode came with sweating and arm discomfort, I’m 63 with several heart risk factors, so I did not treat it like a heart problem.",Acute coronary syndrome / unstable angina,"The most important feature is that the chest discomfort is triggered by exertion rather than only by meals. Radiation to the arm or jaw and associated sweating are classic high-risk clues for myocardial ischemia. The reflux-like features are real conflicting clues, but they are lower-specificity findings and do not neutralize the cardiac risk pattern. The patient’s age and vascular risk factors increase the pretest probability of acute coronary syndrome. A safer and more coherent interpretation is that this is unstable angina or another ACS presentation until proven otherwise.",Root: favor ACS. [Nucleus: exertional pain + radiation + sweating -> ischemia] [Satellite-contrast: meal/spicy-food burning + antacid relief -> GERD-like] [Nucleus-elaboration: age/risk factors increase cardiac risk] [Satellite-safety: dangerous diagnosis should be prioritized] [Conclusion: prioritize ACS],No
568,"I feel worn out and slowed down daily, people notice I look puffy and dry-skinned, but reduced appetite has not stopped weight gain, still, I sometimes feel anxious or notice skipped beats, and one older lab gave false reassurance.",Hypothyroidism,"A correct reading identifies the cluster rather than overreacting to one contradictory symptom. Palpitations and anxiety can occur for many reasons and do not erase the metabolically slowed presentation. The more integrated explanation is thyroid underactivity, with the old near-normal test retained as background rather than treated as decisive.",Root: favor hypothyroidism. [Nucleus: fatigue + weight gain + puffiness + dry skin] [Satellite-contrast: palpitations/anxiety] [Satellite-background: old borderline-normal test] [Satellite-integration: syndrome coherence outweighs isolated conflict] [Conclusion: hypothyroidism],No
569,"My abdominal pain began in the middle, then it migrated down to the right, and GI upset made me doubt appendicitis, walking makes it worse.",Appendicitis,"A grounded interpretation gives more weight to the evolution and location of pain than to the presence of loose stool alone. Gastroenteritis is plausible at the start, but it does not explain the specific right-sided localization and movement-related pain as well as appendicitis does. The reasoning preserves diarrhea as background noise but allows the focal abdominal pattern to dominate.",Root: favor appendicitis. [Satellite-background: diarrhea -> gastroenteritis-like] [Nucleus: migratory pain to RLQ + movement pain] [Satellite-priority: focal evolution outweighs generic GI symptoms] [Conclusion: appendicitis],No
570,"My chest discomfort starts with exertion, but after large meals it feels like indigestion, a recent attack made me sweaty and sent pain toward my left arm, I’m 58 and hypertensive, and I told myself it was probably GERD.",Acute coronary syndrome / unstable angina,"The most important feature is that the chest discomfort is triggered by exertion rather than only by meals. Radiation to the arm or jaw and associated sweating are classic high-risk clues for myocardial ischemia. The reflux-like features are real conflicting clues, but they are lower-specificity findings and do not neutralize the cardiac risk pattern. The patient’s age and vascular risk factors increase the pretest probability of acute coronary syndrome. A safer and more coherent interpretation is that this is unstable angina or another ACS presentation until proven otherwise.",Root: favor ACS. [Nucleus: exertional pain + radiation + sweating -> ischemia] [Satellite-contrast: meal/spicy-food burning + antacid relief -> GERD-like] [Nucleus-elaboration: age/risk factors increase cardiac risk] [Satellite-safety: dangerous diagnosis should be prioritized] [Conclusion: prioritize ACS],No
571,"I feel fatigued almost all the time, dry skin and puffiness are obvious now, yet the scale keeps rising even with low intake, although brief anxiety-type symptoms do happen, but an old thyroid panel was not clearly abnormal.",Anxiety disorder,"This is a structural misweighting of evidence. The reasoning favors common, low-specificity symptoms and lets them dominate a richer endocrine pattern. The earlier lab is converted into false reassurance, and the physical signs are fragmented instead of integrated.",Root: favor anxiety disorder. [Nucleus: palpitations + anxiety + headaches] [Satellite-reinterpretation: weight gain + dry skin -> lifestyle/stress] [Satellite-overweight: borderline-normal thyroid test] [Satellite-psychologizing: endocrine cluster fragmented] [Conclusion: anxiety disorder],Yes
572,"I first developed fever and cough like I was getting pneumonia, yet I developed one-sided calf pain and swelling, and I became much more breathless over time, antibiotics helped the temperature more than the lungs.",Pulmonary embolism,"The infection-like opening of the story is misleading, but the later evolution is more important. Unilateral calf swelling and pain create a strong signal for deep vein thrombosis, and worsening shortness of breath makes pulmonary embolism a much better fit than uncomplicated pneumonia. Fever and cough can occur in PE and therefore do not settle the case in favor of infection. Partial improvement of fever after antibiotics is weak evidence and does not explain why breathing worsened. The full cross-system pattern is more coherent as venous thromboembolism with pulmonary embolism.",Root: favor PE. [Satellite-background: fever + cough -> pneumonia-like] [Nucleus: unilateral calf swelling/pain + worsening dyspnea -> DVT/PE] [Satellite-contrast: antibiotics helped fever only] [Satellite-causal: leg clot can explain lung symptoms] [Conclusion: PE better explains the pattern],No
573,"My wrists and finger joints stay stiff for a long time each morning, although I once had a classic-looking gout attack in the toe, there was at least one high uric acid result in the past, and my family has inflammatory arthritis history.",Gout,"The reasoning locks onto the vivid toe flare and the mention of high uric acid. Once those cues are treated as central, the chronic hand and wrist stiffness is generalized into the gout interpretation, even though that pattern is less typical for gout as a single unifying explanation. Family history of RA is then dismissed as incidental rather than integrated. The result is a diagnosis driven by salience and memorability rather than by the full temporal structure of the illness.",Root: favor gout. [Nucleus: toe flare after wine + hyperuricemia] [Satellite-generalization: chronic hand stiffness folded into gout] [Satellite-dismissal: family history of RA incidental] [Satellite-salience: vivid acute event overweights decision] [Conclusion: gout explains all symptoms],Yes
574,"My clothes are looser because of unexplained weight loss, there is a tremor in my hands and fast heartbeat, and I framed it as an anxiety issue, yet there is obvious neck fullness and my eyes look prominent.","Hyperthyroidism, likely Graves disease",A correct reading resists the temptation to stop at the psychiatric-looking symptoms. The visible bodily signs carry more diagnostic weight: goiter-like neck fullness and eye prominence are especially important because they are difficult to explain by panic disorder alone. Weight loss and tremor strengthen the endocrine interpretation further.,Root: favor Graves. [Nucleus: weight loss + tremor + palpitations + neck fullness + eye changes] [Satellite-background: anxiety/panic-like features] [Satellite-integration: anxiety explained within endocrine syndrome] [Conclusion: hyperthyroidism unifies symptoms],No
575,"The first phase seemed like ordinary cystitis, before systemic symptoms and back pain arrived, there is now nausea and vomiting too, even though the burning got a little better.",Simple cystitis,"This reasoning privileges chronology over severity. It assumes that the first label applied must remain correct, and it explains away later findings instead of revising the model. The result is a falsely reassuring cystitis diagnosis.",Root: favor cystitis. [Nucleus: dysuria + frequency] [Satellite-reinterpretation: back pain + vomiting -> dehydration/strain] [Satellite-overclaim: burning improved -> infection resolving] [Satellite-failure-to-update: early label retained despite escalation] [Conclusion: simple cystitis],Yes
576,"My weight is dropping even though I am not dieting, there is a tremor in my hands and fast heartbeat, and I thought this was all just anxiety, even so, there is neck swelling and unusual eye appearance.",Panic disorder,This interpretation fails by treating the psychiatric flavor of the presentation as decisive and treating the physical findings as optional or unreliable. It is an example of premature psychologizing. The result is a diagnosis that is rhetorically smooth but structurally weak.,Root: favor panic disorder. [Nucleus: anxiety + shakiness + tachycardia] [Satellite-reinterpretation: weight loss -> stress] [Satellite-dismissal: eye changes + neck fullness subjective] [Satellite-psychologizing: physical findings subordinated to emotional frame] [Conclusion: panic disorder explains symptoms],Yes
577,"I am persistently tired and sluggish, I look puffy and my skin texture has changed, while my weight has gone up even though I eat less, although brief anxiety-type symptoms do happen, and an old thyroid test was called borderline normal.",Hypothyroidism,"A correct reading identifies the cluster rather than overreacting to one contradictory symptom. Palpitations and anxiety can occur for many reasons and do not erase the metabolically slowed presentation. The more integrated explanation is thyroid underactivity, with the old near-normal test retained as background rather than treated as decisive.",Root: favor hypothyroidism. [Nucleus: fatigue + weight gain + puffiness + dry skin] [Satellite-contrast: palpitations/anxiety] [Satellite-background: old borderline-normal test] [Satellite-integration: syndrome coherence outweighs isolated conflict] [Conclusion: hypothyroidism],No
578,"Morning stiffness in my hands lasts well beyond getting out of bed, although I once had a classic-looking gout attack in the toe, a past lab hinted my uric acid was above normal, while my family history includes rheumatoid arthritis.",Gout,"A hallucinated interpretation gives privileged status to the classic-sounding gout clues and treats them as sufficient to explain everything else. The chronic morning stiffness is downgraded to a generic inflammatory complaint, even though it is actually the more discriminative feature for RA. This is a reasoning failure because one episodic clue is expanded beyond its explanatory range.",Root: favor gout. [Nucleus: toe flare after wine + hyperuricemia] [Satellite-generalization: chronic hand stiffness folded into gout] [Satellite-dismissal: family history of RA incidental] [Satellite-salience: vivid acute event overweights decision] [Conclusion: gout explains all symptoms],Yes
579,"I wake up with painful stiff fingers and wrists most mornings, though one memorable episode hit my big toe after heavy food, I was once told my uric acid was borderline high, and my mother had rheumatoid arthritis.",Rheumatoid arthritis,"A correct interpretation must distinguish the durable background disease from the memorable acute event. The toe attack after dietary trigger is very salient and can bias reasoning toward gout, but the more informative structure of the case is the long-standing morning stiffness and symmetric small-joint involvement. Hyperuricemia is supportive of gout but not sufficient to explain the full chronic phenotype. Therefore RA is the stronger overall diagnosis.",Root: favor RA. [Nucleus: prolonged morning stiffness + symmetric small-joint involvement] [Satellite-contrast: toe flare + hyperuricemia -> gout clue] [Nucleus-elaboration: family history supports RA] [Satellite-resolution: acute event does not explain chronic baseline] [Conclusion: RA best fits chronic pattern],No
580,"Going up steps brings on chest heaviness, but sometimes it also comes after spicy food at night, the strongest episode came with sweating and arm discomfort, I’m 58 and hypertensive, so I did not treat it like a heart problem.",Acute coronary syndrome / unstable angina,"The most important feature is that the chest discomfort is triggered by exertion rather than only by meals. Radiation to the arm or jaw and associated sweating are classic high-risk clues for myocardial ischemia. The reflux-like features are real conflicting clues, but they are lower-specificity findings and do not neutralize the cardiac risk pattern. The patient’s age and vascular risk factors increase the pretest probability of acute coronary syndrome. A safer and more coherent interpretation is that this is unstable angina or another ACS presentation until proven otherwise.",Root: favor ACS. [Nucleus: exertional pain + radiation + sweating -> ischemia] [Satellite-contrast: meal/spicy-food burning + antacid relief -> GERD-like] [Nucleus-elaboration: age/risk factors increase cardiac risk] [Satellite-safety: dangerous diagnosis should be prioritized] [Conclusion: prioritize ACS],No
581,"My small hand joints ache and feel stiff at the start of most days, but I did have a sudden hot swollen toe after a rich dinner, my uric acid was high once, with rheumatoid arthritis already present in relatives.",Gout,"The reasoning locks onto the vivid toe flare and the mention of high uric acid. Once those cues are treated as central, the chronic hand and wrist stiffness is generalized into the gout interpretation, even though that pattern is less typical for gout as a single unifying explanation. Family history of RA is then dismissed as incidental rather than integrated. The result is a diagnosis driven by salience and memorability rather than by the full temporal structure of the illness.",Root: favor gout. [Nucleus: toe flare after wine + hyperuricemia] [Satellite-generalization: chronic hand stiffness folded into gout] [Satellite-dismissal: family history of RA incidental] [Satellite-salience: vivid acute event overweights decision] [Conclusion: gout explains all symptoms],Yes
582,"It began with burning urination and frequent trips to the bathroom, before it turned into fever and pain near my back, there is now nausea and vomiting too, although the burning is not as bad as before.",Simple cystitis,"The hallucinated interpretation continues to treat the case as a simple bladder infection because dysuria and frequency came first. Once that anchor is fixed, fever, vomiting, and back pain are recast as dehydration, muscle pain, or generic effects of being unwell. The slight improvement in burning is overread as a sign that the infection is resolving, even though the overall picture is getting worse. This is a failure to update the diagnosis when new higher-severity evidence appears.",Root: favor cystitis. [Nucleus: dysuria + frequency] [Satellite-reinterpretation: back pain + vomiting -> dehydration/strain] [Satellite-overclaim: burning improved -> infection resolving] [Satellite-failure-to-update: early label retained despite escalation] [Conclusion: simple cystitis],Yes
583,"My wrists and finger joints stay stiff for a long time each morning, even though my toe once blew up after drinking wine, I was once told my uric acid was borderline high, and there is definite family history of RA.",Gout,"A hallucinated interpretation gives privileged status to the classic-sounding gout clues and treats them as sufficient to explain everything else. The chronic morning stiffness is downgraded to a generic inflammatory complaint, even though it is actually the more discriminative feature for RA. This is a reasoning failure because one episodic clue is expanded beyond its explanatory range.",Root: favor gout. [Nucleus: toe flare after wine + hyperuricemia] [Satellite-generalization: chronic hand stiffness folded into gout] [Satellite-dismissal: family history of RA incidental] [Satellite-salience: vivid acute event overweights decision] [Conclusion: gout explains all symptoms],Yes
584,"I began with bladder-type burning and urgency, and then the infection seemed to move upward with fever, and vomiting became part of the illness, despite mild improvement in the local urinary pain.",Pyelonephritis,A grounded explanation keeps the early dysuria and frequency in the background while allowing the systemic and flank findings to drive the conclusion. Vomiting and fever are not well explained by a simple resolving bladder infection. Pyelonephritis is the stronger diagnosis because it explains both the urinary origin and the systemic deterioration.,Root: favor pyelonephritis. [Satellite-background: dysuria + frequency -> cystitis] [Nucleus: fever + flank/back pain + vomiting + systemic illness] [Satellite-contrast: burning improved] [Satellite-escalation: local infection evolved into systemic picture] [Conclusion: pyelonephritis],No
585,"The early symptoms were classic urinary burning and frequency, but then I developed fever and back pain, there is now nausea and vomiting too, although the burning is not as bad as before.",Simple cystitis,"The hallucinated interpretation continues to treat the case as a simple bladder infection because dysuria and frequency came first. Once that anchor is fixed, fever, vomiting, and back pain are recast as dehydration, muscle pain, or generic effects of being unwell. The slight improvement in burning is overread as a sign that the infection is resolving, even though the overall picture is getting worse. This is a failure to update the diagnosis when new higher-severity evidence appears.",Root: favor cystitis. [Nucleus: dysuria + frequency] [Satellite-reinterpretation: back pain + vomiting -> dehydration/strain] [Satellite-overclaim: burning improved -> infection resolving] [Satellite-failure-to-update: early label retained despite escalation] [Conclusion: simple cystitis],Yes
586,"I began with bladder-type burning and urgency, then I started having fever and upper back discomfort, I began throwing up as well, while the original bladder symptoms seem a bit better.",Pyelonephritis,"The case begins like cystitis, but it does not stay there. The later development of fever, flank or back pain, vomiting, and systemic illness strongly suggests upper urinary tract infection, namely pyelonephritis. Improvement in local burning does not counterbalance the worsening systemic picture. In fact, the change from local urinary discomfort to broader constitutional illness is exactly what makes the case more serious.",Root: favor pyelonephritis. [Satellite-background: dysuria + frequency -> cystitis] [Nucleus: fever + flank/back pain + vomiting + systemic illness] [Satellite-contrast: burning improved] [Satellite-escalation: local infection evolved into systemic picture] [Conclusion: pyelonephritis],No
587,"My chest discomfort starts with exertion, yet I also notice burning after greasy food, once it radiated to my shoulder and I broke into a sweat, I’m 56 with diabetes and high blood pressure, so I kept assuming it was indigestion.",Acute coronary syndrome / unstable angina,"Although the history contains gastrointestinal-looking features, the core nucleus of the case is exertional chest pressure with autonomic symptoms and radiation. Those findings are more discriminative for coronary ischemia than for simple reflux. Antacid response or meal timing can be misleading and do not exclude a cardiac cause. Because the patient is older and has major cardiovascular risk factors, it would be unsafe to anchor on GERD. The best synthesis is that a cardiac diagnosis should be prioritized.",Root: favor ACS. [Nucleus: exertional pain + radiation + sweating -> ischemia] [Satellite-contrast: meal/spicy-food burning + antacid relief -> GERD-like] [Nucleus-elaboration: age/risk factors increase cardiac risk] [Satellite-safety: dangerous diagnosis should be prioritized] [Conclusion: prioritize ACS],No
588,"Everything feels slowed and heavy lately, there is facial puffiness with very dry skin, while my weight has gone up even though I eat less, even so, there are moments of anxiety and heartbeat awareness, and an old thyroid test was called borderline normal.",Anxiety disorder,"This is a structural misweighting of evidence. The reasoning favors common, low-specificity symptoms and lets them dominate a richer endocrine pattern. The earlier lab is converted into false reassurance, and the physical signs are fragmented instead of integrated.",Root: favor anxiety disorder. [Nucleus: palpitations + anxiety + headaches] [Satellite-reinterpretation: weight gain + dry skin -> lifestyle/stress] [Satellite-overweight: borderline-normal thyroid test] [Satellite-psychologizing: endocrine cluster fragmented] [Conclusion: anxiety disorder],Yes
589,"The main feeling is deep fatigue and slowing, there is facial puffiness with very dry skin, and I have gained weight despite low appetite, although brief anxiety-type symptoms do happen, and one older lab gave false reassurance.",Anxiety disorder,"The hallucinated reasoning starts from emotionally salient features such as anxiety, palpitations, and headaches and treats them as the core disorder. The weight gain, puffiness, and dry skin are then demoted to lifestyle or stress effects, even though together they form a much more specific hypothyroid cluster. The prior borderline-normal thyroid test is overvalued as if it nearly rules out thyroid disease. This produces a psychologized conclusion that fails to account for the whole syndrome.",Root: favor anxiety disorder. [Nucleus: palpitations + anxiety + headaches] [Satellite-reinterpretation: weight gain + dry skin -> lifestyle/stress] [Satellite-overweight: borderline-normal thyroid test] [Satellite-psychologizing: endocrine cluster fragmented] [Conclusion: anxiety disorder],Yes
590,"I am losing weight even though my habits have not changed, there is a tremor in my hands and fast heartbeat, and I thought this was all just anxiety, except my neck seems enlarged and others notice my eyes.",Panic disorder,"The hallucinated reasoning elevates anxiety, shakiness, and palpitations to the center of the case because they are familiar panic symptoms. Once that frame is adopted, weight loss is explained as stress, neck fullness is described as subjective, and eye changes are brushed aside as tired appearance. This prevents the model from integrating the bodily findings into a coherent endocrine picture. The conclusion settles on panic disorder not because it explains the full evidence best, but because it captures the most familiar emotional cues.",Root: favor panic disorder. [Nucleus: anxiety + shakiness + tachycardia] [Satellite-reinterpretation: weight loss -> stress] [Satellite-dismissal: eye changes + neck fullness subjective] [Satellite-psychologizing: physical findings subordinated to emotional frame] [Conclusion: panic disorder explains symptoms],Yes
591,"The belly pain started near the center, before settling in the right lower abdomen, while loose stool made me assume gastroenteritis, movement clearly aggravates it.",Appendicitis,"The migratory pattern of pain is the key diagnostic clue. Pain beginning more centrally and then localizing to the right lower quadrant, especially when worsened by movement, is a classic appendiceal pattern and suggests peritoneal irritation. Diarrhea is a misleading but not decisive competing clue because gastrointestinal upset can coexist with appendicitis. The best synthesis is appendicitis rather than simple gastroenteritis.",Root: favor appendicitis. [Satellite-background: diarrhea -> gastroenteritis-like] [Nucleus: migratory pain to RLQ + movement pain] [Satellite-priority: focal evolution outweighs generic GI symptoms] [Conclusion: appendicitis],No
592,"I need water all the time and I am urinating excessively, while my weight is dropping, there is intermittent blurred vision too, plus I now have nausea and abdominal pain, but I still look like someone with type 2 risk.","Diabetes mellitus, likely type 1 physiology","The central issue is not the body habitus alone but the physiology suggested by the symptoms. Polyuria, polydipsia, weight loss, blurry vision, and abdominal symptoms suggest substantial hyperglycemia with possible ketosis or evolving insulin deficiency. Obesity and a family history of type 2 diabetes are meaningful competing clues, but they do not erase the catabolic pattern. In a younger patient, weight loss with nausea and abdominal pain should raise concern for type 1 physiology or at least urgent insulin-requiring diabetes.",Root: favor diabetes with likely type 1 physiology. [Nucleus: thirst + urination + weight loss + blurry vision + nausea] [Satellite-contrast: obesity + family history -> type 2 clue] [Satellite-urgency: abdominal symptoms suggest ketosis risk] [Conclusion: urgent insulin-deficiency picture],No
593,"It started as vague central stomach pain, before focusing on the lower right area, and GI upset made me doubt appendicitis, motion makes the pain more intense.",Viral gastroenteritis,This reasoning overvalues the commonness of viral illness and undervalues the specificity of pain migration. It treats the memorable loose stool as central and the more diagnostic localization as secondary. That produces premature closure on gastroenteritis.,Root: favor gastroenteritis. [Nucleus: diarrhea + stomach-bug framing] [Satellite-reinterpretation: RLQ pain + movement pain -> cramping/soreness] [Satellite-anchor: GI symptoms overweight decision] [Conclusion: gastroenteritis],Yes
594,"I have nonstop thirst and frequent urination, and I am losing weight, my eyes seem out of focus sometimes, and I have started getting abdominal discomfort and nausea, but I still look like someone with type 2 risk.",Type 2 diabetes only,"This line of reasoning mistakes a risk factor pattern for a complete explanation. It privileges what the patient looks like over how the disease is behaving in the moment. By downplaying the catabolic and potentially ketotic features, it reaches an overconfident type 2-only conclusion.",Root: favor type 2 only. [Nucleus: obesity + family history] [Satellite-downplay: weight loss + abdominal symptoms] [Satellite-stereotype: overweight argues against type 1] [Satellite-closure: phenotype overrides physiology] [Conclusion: type 2 only],Yes
595,"I am unusually tired and sluggish, my body feels puffy and my skin has become dry, and there is weight gain despite barely eating, even so, there are moments of anxiety and heartbeat awareness, and an old thyroid test was called borderline normal.",Anxiety disorder,"The hallucinated reasoning starts from emotionally salient features such as anxiety, palpitations, and headaches and treats them as the core disorder. The weight gain, puffiness, and dry skin are then demoted to lifestyle or stress effects, even though together they form a much more specific hypothyroid cluster. The prior borderline-normal thyroid test is overvalued as if it nearly rules out thyroid disease. This produces a psychologized conclusion that fails to account for the whole syndrome.",Root: favor anxiety disorder. [Nucleus: palpitations + anxiety + headaches] [Satellite-reinterpretation: weight gain + dry skin -> lifestyle/stress] [Satellite-overweight: borderline-normal thyroid test] [Satellite-psychologizing: endocrine cluster fragmented] [Conclusion: anxiety disorder],Yes
596,"It started with cough and fever like a chest infection, but the strange part is that one lower leg is swollen, and now I am more short of breath than before, some fever improvement happened, but breathing worsened anyway.",Pulmonary embolism,"A grounded reading preserves both hypotheses at first: pneumonia is plausible because of fever and cough, but the calf findings are a major red flag that changes the weighting of the case. Respiratory decline despite some improvement in fever also argues against a simple resolving infection. The vascular hypothesis explains the leg symptoms and the worsening dyspnea in one causal chain.",Root: favor PE. [Satellite-background: fever + cough -> pneumonia-like] [Nucleus: unilateral calf swelling/pain + worsening dyspnea -> DVT/PE] [Satellite-contrast: antibiotics helped fever only] [Satellite-causal: leg clot can explain lung symptoms] [Conclusion: PE better explains the pattern],No
597,"Initially it was just burning and frequent urination, and then the infection seemed to move upward with fever, I began throwing up as well, even though the burning got a little better.",Simple cystitis,"The hallucinated interpretation continues to treat the case as a simple bladder infection because dysuria and frequency came first. Once that anchor is fixed, fever, vomiting, and back pain are recast as dehydration, muscle pain, or generic effects of being unwell. The slight improvement in burning is overread as a sign that the infection is resolving, even though the overall picture is getting worse. This is a failure to update the diagnosis when new higher-severity evidence appears.",Root: favor cystitis. [Nucleus: dysuria + frequency] [Satellite-reinterpretation: back pain + vomiting -> dehydration/strain] [Satellite-overclaim: burning improved -> infection resolving] [Satellite-failure-to-update: early label retained despite escalation] [Conclusion: simple cystitis],Yes
598,"I keep drinking water and going to the bathroom, and I am losing weight, there is intermittent blurred vision too, while my stomach hurts and I feel sick, although the family pattern suggests type 2.",Type 2 diabetes only,"This line of reasoning mistakes a risk factor pattern for a complete explanation. It privileges what the patient looks like over how the disease is behaving in the moment. By downplaying the catabolic and potentially ketotic features, it reaches an overconfident type 2-only conclusion.",Root: favor type 2 only. [Nucleus: obesity + family history] [Satellite-downplay: weight loss + abdominal symptoms] [Satellite-stereotype: overweight argues against type 1] [Satellite-closure: phenotype overrides physiology] [Conclusion: type 2 only],Yes
599,"The first phase seemed like ordinary cystitis, but later I felt feverish with flank pain, I also started vomiting, even though the bladder symptoms softened somewhat.",Simple cystitis,"The hallucinated interpretation continues to treat the case as a simple bladder infection because dysuria and frequency came first. Once that anchor is fixed, fever, vomiting, and back pain are recast as dehydration, muscle pain, or generic effects of being unwell. The slight improvement in burning is overread as a sign that the infection is resolving, even though the overall picture is getting worse. This is a failure to update the diagnosis when new higher-severity evidence appears.",Root: favor cystitis. [Nucleus: dysuria + frequency] [Satellite-reinterpretation: back pain + vomiting -> dehydration/strain] [Satellite-overclaim: burning improved -> infection resolving] [Satellite-failure-to-update: early label retained despite escalation] [Conclusion: simple cystitis],Yes
600,"I keep drinking water and going to the bathroom, while my weight is dropping, there is intermittent blurred vision too, while my stomach hurts and I feel sick, even though I am overweight and my family has type 2 diabetes.","Diabetes mellitus, likely type 1 physiology","The central issue is not the body habitus alone but the physiology suggested by the symptoms. Polyuria, polydipsia, weight loss, blurry vision, and abdominal symptoms suggest substantial hyperglycemia with possible ketosis or evolving insulin deficiency. Obesity and a family history of type 2 diabetes are meaningful competing clues, but they do not erase the catabolic pattern. In a younger patient, weight loss with nausea and abdominal pain should raise concern for type 1 physiology or at least urgent insulin-requiring diabetes.",Root: favor diabetes with likely type 1 physiology. [Nucleus: thirst + urination + weight loss + blurry vision + nausea] [Satellite-contrast: obesity + family history -> type 2 clue] [Satellite-urgency: abdominal symptoms suggest ketosis risk] [Conclusion: urgent insulin-deficiency picture],No
601,"Morning stiffness in my hands lasts well beyond getting out of bed, even though my toe once blew up after drinking wine, an earlier blood test mentioned hyperuricemia, and my family has inflammatory arthritis history.",Gout,"The reasoning locks onto the vivid toe flare and the mention of high uric acid. Once those cues are treated as central, the chronic hand and wrist stiffness is generalized into the gout interpretation, even though that pattern is less typical for gout as a single unifying explanation. Family history of RA is then dismissed as incidental rather than integrated. The result is a diagnosis driven by salience and memorability rather than by the full temporal structure of the illness.",Root: favor gout. [Nucleus: toe flare after wine + hyperuricemia] [Satellite-generalization: chronic hand stiffness folded into gout] [Satellite-dismissal: family history of RA incidental] [Satellite-salience: vivid acute event overweights decision] [Conclusion: gout explains all symptoms],Yes
602,"I have become thinner for no clear reason, my hands shake and my heart races, and I thought this was all just anxiety, yet there is obvious neck fullness and my eyes look prominent.",Panic disorder,This interpretation fails by treating the psychiatric flavor of the presentation as decisive and treating the physical findings as optional or unreliable. It is an example of premature psychologizing. The result is a diagnosis that is rhetorically smooth but structurally weak.,Root: favor panic disorder. [Nucleus: anxiety + shakiness + tachycardia] [Satellite-reinterpretation: weight loss -> stress] [Satellite-dismissal: eye changes + neck fullness subjective] [Satellite-psychologizing: physical findings subordinated to emotional frame] [Conclusion: panic disorder explains symptoms],Yes
603,"I need water all the time and I am urinating excessively, and I am getting thinner without trying, my vision also gets blurry, plus I now have nausea and abdominal pain, but I still look like someone with type 2 risk.","Diabetes mellitus, likely type 1 physiology","A correct explanation distinguishes phenotype from acute metabolic state. The patient may look like a type 2 candidate because of weight and family history, but the active symptom cluster points to a more urgent process characterized by marked hyperglycemia and possible ketosis. The reasoning therefore keeps the type 2 clue in a contrast branch while allowing the metabolic urgency to dominate the conclusion.",Root: favor diabetes with likely type 1 physiology. [Nucleus: thirst + urination + weight loss + blurry vision + nausea] [Satellite-contrast: obesity + family history -> type 2 clue] [Satellite-urgency: abdominal symptoms suggest ketosis risk] [Conclusion: urgent insulin-deficiency picture],No
604,"I have nonstop thirst and frequent urination, and I am getting thinner without trying, my sight is becoming blurry, and I have started getting abdominal discomfort and nausea, even though obesity and family diabetes point the other way.","Diabetes mellitus, likely type 1 physiology","A correct explanation distinguishes phenotype from acute metabolic state. The patient may look like a type 2 candidate because of weight and family history, but the active symptom cluster points to a more urgent process characterized by marked hyperglycemia and possible ketosis. The reasoning therefore keeps the type 2 clue in a contrast branch while allowing the metabolic urgency to dominate the conclusion.",Root: favor diabetes with likely type 1 physiology. [Nucleus: thirst + urination + weight loss + blurry vision + nausea] [Satellite-contrast: obesity + family history -> type 2 clue] [Satellite-urgency: abdominal symptoms suggest ketosis risk] [Conclusion: urgent insulin-deficiency picture],No
605,"My clothes are looser because of unexplained weight loss, I have tremor and constant palpitations, so I suspected a stress problem, even so, there is neck swelling and unusual eye appearance.",Panic disorder,This interpretation fails by treating the psychiatric flavor of the presentation as decisive and treating the physical findings as optional or unreliable. It is an example of premature psychologizing. The result is a diagnosis that is rhetorically smooth but structurally weak.,Root: favor panic disorder. [Nucleus: anxiety + shakiness + tachycardia] [Satellite-reinterpretation: weight loss -> stress] [Satellite-dismissal: eye changes + neck fullness subjective] [Satellite-psychologizing: physical findings subordinated to emotional frame] [Conclusion: panic disorder explains symptoms],Yes
606,"It started as vague central stomach pain, then it concentrated low on the right, and GI upset made me doubt appendicitis, movement clearly aggravates it.",Appendicitis,"The migratory pattern of pain is the key diagnostic clue. Pain beginning more centrally and then localizing to the right lower quadrant, especially when worsened by movement, is a classic appendiceal pattern and suggests peritoneal irritation. Diarrhea is a misleading but not decisive competing clue because gastrointestinal upset can coexist with appendicitis. The best synthesis is appendicitis rather than simple gastroenteritis.",Root: favor appendicitis. [Satellite-background: diarrhea -> gastroenteritis-like] [Nucleus: migratory pain to RLQ + movement pain] [Satellite-priority: focal evolution outweighs generic GI symptoms] [Conclusion: appendicitis],No
607,"Morning stiffness in my hands lasts well beyond getting out of bed, yet I also had an abrupt toe attack after a celebratory meal, I remember one lab showing increased uric acid, and rheumatoid arthritis runs in my family.",Gout,"A hallucinated interpretation gives privileged status to the classic-sounding gout clues and treats them as sufficient to explain everything else. The chronic morning stiffness is downgraded to a generic inflammatory complaint, even though it is actually the more discriminative feature for RA. This is a reasoning failure because one episodic clue is expanded beyond its explanatory range.",Root: favor gout. [Nucleus: toe flare after wine + hyperuricemia] [Satellite-generalization: chronic hand stiffness folded into gout] [Satellite-dismissal: family history of RA incidental] [Satellite-salience: vivid acute event overweights decision] [Conclusion: gout explains all symptoms],Yes
608,"For months my hand joints have felt swollen and stiff when I wake up, even though my toe once blew up after drinking wine, my uric acid was high once, and there is definite family history of RA.",Rheumatoid arthritis,"The chronic pattern is the deciding factor here. Morning stiffness lasting over an hour, together with persistent hand and wrist involvement, strongly favors rheumatoid arthritis because this is a classic symmetric inflammatory small-joint presentation. The toe flare and prior hyperuricemia are genuine gout-like clues, but they are episodic and do not explain the chronic baseline syndrome. Family history of RA adds weight to the inflammatory arthritis interpretation. The best synthesis is that RA explains the ongoing pattern.",Root: favor RA. [Nucleus: prolonged morning stiffness + symmetric small-joint involvement] [Satellite-contrast: toe flare + hyperuricemia -> gout clue] [Nucleus-elaboration: family history supports RA] [Satellite-resolution: acute event does not explain chronic baseline] [Conclusion: RA best fits chronic pattern],No
609,"At first the stomach pain was diffuse and central, and later localized to the lower right, with diarrhea complicating the picture, it is sharper whenever I move.",Viral gastroenteritis,"The hallucinated explanation begins by anchoring on diarrhea and the patient’s suspicion of food poisoning. Once that benign gastrointestinal frame is chosen, the right lower quadrant localization is reinterpreted as cramping, and the worsening with movement is reduced to generalized soreness. This flattens a focal pain pattern into a diffuse stomach bug explanation and ignores the more informative anatomical evolution.",Root: favor gastroenteritis. [Nucleus: diarrhea + stomach-bug framing] [Satellite-reinterpretation: RLQ pain + movement pain -> cramping/soreness] [Satellite-anchor: GI symptoms overweight decision] [Conclusion: gastroenteritis],Yes
610,"I first noticed dysuria and urinary frequency, and later fever with flank pain appeared, with vomiting now complicating things, even though the burning got a little better.",Simple cystitis,"The hallucinated interpretation continues to treat the case as a simple bladder infection because dysuria and frequency came first. Once that anchor is fixed, fever, vomiting, and back pain are recast as dehydration, muscle pain, or generic effects of being unwell. The slight improvement in burning is overread as a sign that the infection is resolving, even though the overall picture is getting worse. This is a failure to update the diagnosis when new higher-severity evidence appears.",Root: favor cystitis. [Nucleus: dysuria + frequency] [Satellite-reinterpretation: back pain + vomiting -> dehydration/strain] [Satellite-overclaim: burning improved -> infection resolving] [Satellite-failure-to-update: early label retained despite escalation] [Conclusion: simple cystitis],Yes
611,"I have noticeable weight loss that I cannot explain, there is a tremor in my hands and fast heartbeat, and I thought this was all just anxiety, yet there is obvious neck fullness and my eyes look prominent.","Hyperthyroidism, likely Graves disease",A correct reading resists the temptation to stop at the psychiatric-looking symptoms. The visible bodily signs carry more diagnostic weight: goiter-like neck fullness and eye prominence are especially important because they are difficult to explain by panic disorder alone. Weight loss and tremor strengthen the endocrine interpretation further.,Root: favor Graves. [Nucleus: weight loss + tremor + palpitations + neck fullness + eye changes] [Satellite-background: anxiety/panic-like features] [Satellite-integration: anxiety explained within endocrine syndrome] [Conclusion: hyperthyroidism unifies symptoms],No
612,"I am losing weight even though my habits have not changed, my heart pounds and my hands tremble, which pushed me toward a panic explanation, although my neck feels swollen and people comment on my eyes.",Panic disorder,This interpretation fails by treating the psychiatric flavor of the presentation as decisive and treating the physical findings as optional or unreliable. It is an example of premature psychologizing. The result is a diagnosis that is rhetorically smooth but structurally weak.,Root: favor panic disorder. [Nucleus: anxiety + shakiness + tachycardia] [Satellite-reinterpretation: weight loss -> stress] [Satellite-dismissal: eye changes + neck fullness subjective] [Satellite-psychologizing: physical findings subordinated to emotional frame] [Conclusion: panic disorder explains symptoms],Yes
613,"I keep losing weight without trying, I notice trembling plus a rapid heartbeat, so I suspected a stress problem, although my neck feels swollen and people comment on my eyes.","Hyperthyroidism, likely Graves disease",A correct reading resists the temptation to stop at the psychiatric-looking symptoms. The visible bodily signs carry more diagnostic weight: goiter-like neck fullness and eye prominence are especially important because they are difficult to explain by panic disorder alone. Weight loss and tremor strengthen the endocrine interpretation further.,Root: favor Graves. [Nucleus: weight loss + tremor + palpitations + neck fullness + eye changes] [Satellite-background: anxiety/panic-like features] [Satellite-integration: anxiety explained within endocrine syndrome] [Conclusion: hyperthyroidism unifies symptoms],No
614,"I keep drinking water and going to the bathroom, while the scale keeps going down, my eyesight goes fuzzy at times, plus I now have nausea and abdominal pain, but my body type and family history look like type 2.",Type 2 diabetes only,"This line of reasoning mistakes a risk factor pattern for a complete explanation. It privileges what the patient looks like over how the disease is behaving in the moment. By downplaying the catabolic and potentially ketotic features, it reaches an overconfident type 2-only conclusion.",Root: favor type 2 only. [Nucleus: obesity + family history] [Satellite-downplay: weight loss + abdominal symptoms] [Satellite-stereotype: overweight argues against type 1] [Satellite-closure: phenotype overrides physiology] [Conclusion: type 2 only],Yes
615,"I have become thinner for no clear reason, my heart pounds and my hands tremble, and I framed it as an anxiety issue, though I also have a sense of fullness in my neck and eye changes.",Panic disorder,This interpretation fails by treating the psychiatric flavor of the presentation as decisive and treating the physical findings as optional or unreliable. It is an example of premature psychologizing. The result is a diagnosis that is rhetorically smooth but structurally weak.,Root: favor panic disorder. [Nucleus: anxiety + shakiness + tachycardia] [Satellite-reinterpretation: weight loss -> stress] [Satellite-dismissal: eye changes + neck fullness subjective] [Satellite-psychologizing: physical findings subordinated to emotional frame] [Conclusion: panic disorder explains symptoms],Yes
616,"I first developed fever and cough like I was getting pneumonia, and then my right calf became painful and enlarged, while my breathing seems to deteriorate, the fever eased a bit with antibiotics, not the shortness of breath.",Pneumonia,"The reasoning gives priority to the story’s opening frame of cough, fever, and a cold-like illness and turns that into a pneumonia anchor. Once anchored, the swollen calf is reinterpreted as body aches, muscle strain, or reduced movement from being sick, even though calf swelling is not well explained that way. A small fever response to antibiotics is overread as confirmation of infection. This creates a premature closure on pneumonia while ignoring the stronger thromboembolic structure of the case.",Root: favor pneumonia. [Nucleus: fever + cough + dyspnea -> pneumonia] [Satellite-reinterpretation: calf swelling/pain -> body aches or strain] [Satellite-overclaim: antibiotics response confirms infection] [Satellite-closure: common diagnosis chosen early] [Conclusion: pneumonia is primary],Yes
617,"Unplanned weight loss has been bothering me, my heart pounds and my hands tremble, so I started calling it panic, even so, there is neck swelling and unusual eye appearance.",Panic disorder,"The hallucinated reasoning elevates anxiety, shakiness, and palpitations to the center of the case because they are familiar panic symptoms. Once that frame is adopted, weight loss is explained as stress, neck fullness is described as subjective, and eye changes are brushed aside as tired appearance. This prevents the model from integrating the bodily findings into a coherent endocrine picture. The conclusion settles on panic disorder not because it explains the full evidence best, but because it captures the most familiar emotional cues.",Root: favor panic disorder. [Nucleus: anxiety + shakiness + tachycardia] [Satellite-reinterpretation: weight loss -> stress] [Satellite-dismissal: eye changes + neck fullness subjective] [Satellite-psychologizing: physical findings subordinated to emotional frame] [Conclusion: panic disorder explains symptoms],Yes
618,"My small hand joints ache and feel stiff at the start of most days, yet I also had an abrupt toe attack after a celebratory meal, an earlier blood test mentioned hyperuricemia, and my family has inflammatory arthritis history.",Gout,"The reasoning locks onto the vivid toe flare and the mention of high uric acid. Once those cues are treated as central, the chronic hand and wrist stiffness is generalized into the gout interpretation, even though that pattern is less typical for gout as a single unifying explanation. Family history of RA is then dismissed as incidental rather than integrated. The result is a diagnosis driven by salience and memorability rather than by the full temporal structure of the illness.",Root: favor gout. [Nucleus: toe flare after wine + hyperuricemia] [Satellite-generalization: chronic hand stiffness folded into gout] [Satellite-dismissal: family history of RA incidental] [Satellite-salience: vivid acute event overweights decision] [Conclusion: gout explains all symptoms],Yes
619,"First I had middle abdominal pain, then it migrated down to the right, but diarrhea made it feel infectious, movement clearly aggravates it.",Appendicitis,"The migratory pattern of pain is the key diagnostic clue. Pain beginning more centrally and then localizing to the right lower quadrant, especially when worsened by movement, is a classic appendiceal pattern and suggests peritoneal irritation. Diarrhea is a misleading but not decisive competing clue because gastrointestinal upset can coexist with appendicitis. The best synthesis is appendicitis rather than simple gastroenteritis.",Root: favor appendicitis. [Satellite-background: diarrhea -> gastroenteritis-like] [Nucleus: migratory pain to RLQ + movement pain] [Satellite-priority: focal evolution outweighs generic GI symptoms] [Conclusion: appendicitis],No
620,"For months my hand joints have felt swollen and stiff when I wake up, but I did have a sudden hot swollen toe after a rich dinner, I remember one lab showing increased uric acid, and there is definite family history of RA.",Gout,"A hallucinated interpretation gives privileged status to the classic-sounding gout clues and treats them as sufficient to explain everything else. The chronic morning stiffness is downgraded to a generic inflammatory complaint, even though it is actually the more discriminative feature for RA. This is a reasoning failure because one episodic clue is expanded beyond its explanatory range.",Root: favor gout. [Nucleus: toe flare after wine + hyperuricemia] [Satellite-generalization: chronic hand stiffness folded into gout] [Satellite-dismissal: family history of RA incidental] [Satellite-salience: vivid acute event overweights decision] [Conclusion: gout explains all symptoms],Yes
621,"The problem started like a routine UTI, before it turned into fever and pain near my back, I began throwing up as well, although the urinary burning eased slightly.",Pyelonephritis,"The case begins like cystitis, but it does not stay there. The later development of fever, flank or back pain, vomiting, and systemic illness strongly suggests upper urinary tract infection, namely pyelonephritis. Improvement in local burning does not counterbalance the worsening systemic picture. In fact, the change from local urinary discomfort to broader constitutional illness is exactly what makes the case more serious.",Root: favor pyelonephritis. [Satellite-background: dysuria + frequency -> cystitis] [Nucleus: fever + flank/back pain + vomiting + systemic illness] [Satellite-contrast: burning improved] [Satellite-escalation: local infection evolved into systemic picture] [Conclusion: pyelonephritis],No
622,"My fingers feel inflamed and hard to move early each day, even though my toe once blew up after drinking wine, a previous doctor said my uric acid ran high, and rheumatoid arthritis runs in my family.",Rheumatoid arthritis,"The chronic pattern is the deciding factor here. Morning stiffness lasting over an hour, together with persistent hand and wrist involvement, strongly favors rheumatoid arthritis because this is a classic symmetric inflammatory small-joint presentation. The toe flare and prior hyperuricemia are genuine gout-like clues, but they are episodic and do not explain the chronic baseline syndrome. Family history of RA adds weight to the inflammatory arthritis interpretation. The best synthesis is that RA explains the ongoing pattern.",Root: favor RA. [Nucleus: prolonged morning stiffness + symmetric small-joint involvement] [Satellite-contrast: toe flare + hyperuricemia -> gout clue] [Nucleus-elaboration: family history supports RA] [Satellite-resolution: acute event does not explain chronic baseline] [Conclusion: RA best fits chronic pattern],No
623,"At first the stomach pain was diffuse and central, and later localized to the lower right, but diarrhea made it feel infectious, motion makes the pain more intense.",Appendicitis,"A grounded interpretation gives more weight to the evolution and location of pain than to the presence of loose stool alone. Gastroenteritis is plausible at the start, but it does not explain the specific right-sided localization and movement-related pain as well as appendicitis does. The reasoning preserves diarrhea as background noise but allows the focal abdominal pattern to dominate.",Root: favor appendicitis. [Satellite-background: diarrhea -> gastroenteritis-like] [Nucleus: migratory pain to RLQ + movement pain] [Satellite-priority: focal evolution outweighs generic GI symptoms] [Conclusion: appendicitis],No
624,"I first noticed dysuria and urinary frequency, before it turned into fever and pain near my back, there is now nausea and vomiting too, even though the burning got a little better.",Pyelonephritis,"The case begins like cystitis, but it does not stay there. The later development of fever, flank or back pain, vomiting, and systemic illness strongly suggests upper urinary tract infection, namely pyelonephritis. Improvement in local burning does not counterbalance the worsening systemic picture. In fact, the change from local urinary discomfort to broader constitutional illness is exactly what makes the case more serious.",Root: favor pyelonephritis. [Satellite-background: dysuria + frequency -> cystitis] [Nucleus: fever + flank/back pain + vomiting + systemic illness] [Satellite-contrast: burning improved] [Satellite-escalation: local infection evolved into systemic picture] [Conclusion: pyelonephritis],No
625,"The belly pain started near the center, and eventually it became right-sided and lower, and GI upset made me doubt appendicitis, it is sharper whenever I move.",Appendicitis,"The migratory pattern of pain is the key diagnostic clue. Pain beginning more centrally and then localizing to the right lower quadrant, especially when worsened by movement, is a classic appendiceal pattern and suggests peritoneal irritation. Diarrhea is a misleading but not decisive competing clue because gastrointestinal upset can coexist with appendicitis. The best synthesis is appendicitis rather than simple gastroenteritis.",Root: favor appendicitis. [Satellite-background: diarrhea -> gastroenteritis-like] [Nucleus: migratory pain to RLQ + movement pain] [Satellite-priority: focal evolution outweighs generic GI symptoms] [Conclusion: appendicitis],No
626,"I keep drinking water and going to the bathroom, and there is clear unexplained weight loss, I keep noticing visual blurring, and there is belly pain with nausea, but I still look like someone with type 2 risk.",Type 2 diabetes only,"The hallucinated reasoning starts from obesity and family history and treats those demographic clues as decisive. Once that anchor is in place, weight loss, nausea, and abdominal pain are minimized as secondary effects of high blood sugar rather than as warnings of insulin deficiency. The model also makes the unsupported leap that being overweight argues strongly against type 1 diabetes. This is a faulty compression of a complex presentation into a simplistic stereotype of type 2 disease.",Root: favor type 2 only. [Nucleus: obesity + family history] [Satellite-downplay: weight loss + abdominal symptoms] [Satellite-stereotype: overweight argues against type 1] [Satellite-closure: phenotype overrides physiology] [Conclusion: type 2 only],Yes
627,"The pain initially felt like it was around my belly button, before focusing on the lower right area, but diarrhea made it feel infectious, it gets worse with steps and movement.",Viral gastroenteritis,"The hallucinated explanation begins by anchoring on diarrhea and the patient’s suspicion of food poisoning. Once that benign gastrointestinal frame is chosen, the right lower quadrant localization is reinterpreted as cramping, and the worsening with movement is reduced to generalized soreness. This flattens a focal pain pattern into a diffuse stomach bug explanation and ignores the more informative anatomical evolution.",Root: favor gastroenteritis. [Nucleus: diarrhea + stomach-bug framing] [Satellite-reinterpretation: RLQ pain + movement pain -> cramping/soreness] [Satellite-anchor: GI symptoms overweight decision] [Conclusion: gastroenteritis],Yes
628,"I began with bladder-type burning and urgency, and later fever with flank pain appeared, I began throwing up as well, even though the bladder symptoms softened somewhat.",Pyelonephritis,"The case begins like cystitis, but it does not stay there. The later development of fever, flank or back pain, vomiting, and systemic illness strongly suggests upper urinary tract infection, namely pyelonephritis. Improvement in local burning does not counterbalance the worsening systemic picture. In fact, the change from local urinary discomfort to broader constitutional illness is exactly what makes the case more serious.",Root: favor pyelonephritis. [Satellite-background: dysuria + frequency -> cystitis] [Nucleus: fever + flank/back pain + vomiting + systemic illness] [Satellite-contrast: burning improved] [Satellite-escalation: local infection evolved into systemic picture] [Conclusion: pyelonephritis],No
629,"I am slimming down without meaning to, my heart pounds and my hands tremble, so I suspected a stress problem, even so, there is neck swelling and unusual eye appearance.",Panic disorder,This interpretation fails by treating the psychiatric flavor of the presentation as decisive and treating the physical findings as optional or unreliable. It is an example of premature psychologizing. The result is a diagnosis that is rhetorically smooth but structurally weak.,Root: favor panic disorder. [Nucleus: anxiety + shakiness + tachycardia] [Satellite-reinterpretation: weight loss -> stress] [Satellite-dismissal: eye changes + neck fullness subjective] [Satellite-psychologizing: physical findings subordinated to emotional frame] [Conclusion: panic disorder explains symptoms],Yes
630,"I am persistently tired and sluggish, my skin is dry and my face seems swollen, and there is weight gain despite barely eating, even so, there are moments of anxiety and heartbeat awareness, and a previous result was interpreted as basically normal.",Hypothyroidism,"The dominant syndrome is hypothyroid: fatigue, weight gain despite low intake, puffiness, and dry skin form a coherent metabolic picture. Anxiety and occasional palpitations are real conflicting clues, but they are not sufficient to overturn the much broader hypothyroid pattern. An older borderline-normal lab result is weak evidence because symptoms may have evolved since then. The full pattern therefore favors hypothyroidism more than a primary anxiety disorder.",Root: favor hypothyroidism. [Nucleus: fatigue + weight gain + puffiness + dry skin] [Satellite-contrast: palpitations/anxiety] [Satellite-background: old borderline-normal test] [Satellite-integration: syndrome coherence outweighs isolated conflict] [Conclusion: hypothyroidism],No
631,"I am thirsty all the time and urinate constantly, and I am losing weight, my eyes seem out of focus sometimes, with nausea and stomach upset appearing too, while my relatives make me think of type 2 diabetes.","Diabetes mellitus, likely type 1 physiology","The central issue is not the body habitus alone but the physiology suggested by the symptoms. Polyuria, polydipsia, weight loss, blurry vision, and abdominal symptoms suggest substantial hyperglycemia with possible ketosis or evolving insulin deficiency. Obesity and a family history of type 2 diabetes are meaningful competing clues, but they do not erase the catabolic pattern. In a younger patient, weight loss with nausea and abdominal pain should raise concern for type 1 physiology or at least urgent insulin-requiring diabetes.",Root: favor diabetes with likely type 1 physiology. [Nucleus: thirst + urination + weight loss + blurry vision + nausea] [Satellite-contrast: obesity + family history -> type 2 clue] [Satellite-urgency: abdominal symptoms suggest ketosis risk] [Conclusion: urgent insulin-deficiency picture],No
632,"I have nonstop thirst and frequent urination, while my weight is dropping, there is intermittent blurred vision too, and lately I feel nauseated with stomach pain, while my relatives make me think of type 2 diabetes.",Type 2 diabetes only,"The hallucinated reasoning starts from obesity and family history and treats those demographic clues as decisive. Once that anchor is in place, weight loss, nausea, and abdominal pain are minimized as secondary effects of high blood sugar rather than as warnings of insulin deficiency. The model also makes the unsupported leap that being overweight argues strongly against type 1 diabetes. This is a faulty compression of a complex presentation into a simplistic stereotype of type 2 disease.",Root: favor type 2 only. [Nucleus: obesity + family history] [Satellite-downplay: weight loss + abdominal symptoms] [Satellite-stereotype: overweight argues against type 1] [Satellite-closure: phenotype overrides physiology] [Conclusion: type 2 only],Yes
633,"My hands and wrists have been stiff every morning for over an hour, though one memorable episode hit my big toe after heavy food, my uric acid was high once, and my family has inflammatory arthritis history.",Gout,"The reasoning locks onto the vivid toe flare and the mention of high uric acid. Once those cues are treated as central, the chronic hand and wrist stiffness is generalized into the gout interpretation, even though that pattern is less typical for gout as a single unifying explanation. Family history of RA is then dismissed as incidental rather than integrated. The result is a diagnosis driven by salience and memorability rather than by the full temporal structure of the illness.",Root: favor gout. [Nucleus: toe flare after wine + hyperuricemia] [Satellite-generalization: chronic hand stiffness folded into gout] [Satellite-dismissal: family history of RA incidental] [Satellite-salience: vivid acute event overweights decision] [Conclusion: gout explains all symptoms],Yes
634,"The first phase seemed like ordinary cystitis, and later fever with flank pain appeared, I also started vomiting, although the urinary burning eased slightly.",Pyelonephritis,"The case begins like cystitis, but it does not stay there. The later development of fever, flank or back pain, vomiting, and systemic illness strongly suggests upper urinary tract infection, namely pyelonephritis. Improvement in local burning does not counterbalance the worsening systemic picture. In fact, the change from local urinary discomfort to broader constitutional illness is exactly what makes the case more serious.",Root: favor pyelonephritis. [Satellite-background: dysuria + frequency -> cystitis] [Nucleus: fever + flank/back pain + vomiting + systemic illness] [Satellite-contrast: burning improved] [Satellite-escalation: local infection evolved into systemic picture] [Conclusion: pyelonephritis],No
635,"The main feeling is deep fatigue and slowing, there is facial puffiness with very dry skin, but reduced appetite has not stopped weight gain, still, I sometimes feel anxious or notice skipped beats, but a prior thyroid result was described as borderline.",Anxiety disorder,"The hallucinated reasoning starts from emotionally salient features such as anxiety, palpitations, and headaches and treats them as the core disorder. The weight gain, puffiness, and dry skin are then demoted to lifestyle or stress effects, even though together they form a much more specific hypothyroid cluster. The prior borderline-normal thyroid test is overvalued as if it nearly rules out thyroid disease. This produces a psychologized conclusion that fails to account for the whole syndrome.",Root: favor anxiety disorder. [Nucleus: palpitations + anxiety + headaches] [Satellite-reinterpretation: weight gain + dry skin -> lifestyle/stress] [Satellite-overweight: borderline-normal thyroid test] [Satellite-psychologizing: endocrine cluster fragmented] [Conclusion: anxiety disorder],Yes
636,"I began with bladder-type burning and urgency, and later fever with flank pain appeared, and vomiting became part of the illness, even though the burning got a little better.",Pyelonephritis,"The case begins like cystitis, but it does not stay there. The later development of fever, flank or back pain, vomiting, and systemic illness strongly suggests upper urinary tract infection, namely pyelonephritis. Improvement in local burning does not counterbalance the worsening systemic picture. In fact, the change from local urinary discomfort to broader constitutional illness is exactly what makes the case more serious.",Root: favor pyelonephritis. [Satellite-background: dysuria + frequency -> cystitis] [Nucleus: fever + flank/back pain + vomiting + systemic illness] [Satellite-contrast: burning improved] [Satellite-escalation: local infection evolved into systemic picture] [Conclusion: pyelonephritis],No
637,"I need water all the time and I am urinating excessively, with noticeable weight loss happening quickly, my eyes seem out of focus sometimes, while my stomach hurts and I feel sick, but I am still overweight and diabetes runs in my family.","Diabetes mellitus, likely type 1 physiology","A correct explanation distinguishes phenotype from acute metabolic state. The patient may look like a type 2 candidate because of weight and family history, but the active symptom cluster points to a more urgent process characterized by marked hyperglycemia and possible ketosis. The reasoning therefore keeps the type 2 clue in a contrast branch while allowing the metabolic urgency to dominate the conclusion.",Root: favor diabetes with likely type 1 physiology. [Nucleus: thirst + urination + weight loss + blurry vision + nausea] [Satellite-contrast: obesity + family history -> type 2 clue] [Satellite-urgency: abdominal symptoms suggest ketosis risk] [Conclusion: urgent insulin-deficiency picture],No
638,"The first pain was in the middle of my abdomen, and later localized to the lower right, and loose stool made me think stomach bug, movement clearly aggravates it.",Viral gastroenteritis,This reasoning overvalues the commonness of viral illness and undervalues the specificity of pain migration. It treats the memorable loose stool as central and the more diagnostic localization as secondary. That produces premature closure on gastroenteritis.,Root: favor gastroenteritis. [Nucleus: diarrhea + stomach-bug framing] [Satellite-reinterpretation: RLQ pain + movement pain -> cramping/soreness] [Satellite-anchor: GI symptoms overweight decision] [Conclusion: gastroenteritis],Yes
639,"I feel like I am dehydrated and urinating nonstop, and I am getting thinner without trying, there is intermittent blurred vision too, with nausea and stomach upset appearing too, although the family pattern suggests type 2.","Diabetes mellitus, likely type 1 physiology","The central issue is not the body habitus alone but the physiology suggested by the symptoms. Polyuria, polydipsia, weight loss, blurry vision, and abdominal symptoms suggest substantial hyperglycemia with possible ketosis or evolving insulin deficiency. Obesity and a family history of type 2 diabetes are meaningful competing clues, but they do not erase the catabolic pattern. In a younger patient, weight loss with nausea and abdominal pain should raise concern for type 1 physiology or at least urgent insulin-requiring diabetes.",Root: favor diabetes with likely type 1 physiology. [Nucleus: thirst + urination + weight loss + blurry vision + nausea] [Satellite-contrast: obesity + family history -> type 2 clue] [Satellite-urgency: abdominal symptoms suggest ketosis risk] [Conclusion: urgent insulin-deficiency picture],No
640,"First I had middle abdominal pain, but afterward it shifted to the right lower quadrant, and loose stool made me think stomach bug, it hurts more when I walk.",Viral gastroenteritis,This reasoning overvalues the commonness of viral illness and undervalues the specificity of pain migration. It treats the memorable loose stool as central and the more diagnostic localization as secondary. That produces premature closure on gastroenteritis.,Root: favor gastroenteritis. [Nucleus: diarrhea + stomach-bug framing] [Satellite-reinterpretation: RLQ pain + movement pain -> cramping/soreness] [Satellite-anchor: GI symptoms overweight decision] [Conclusion: gastroenteritis],Yes
641,"It started as vague central stomach pain, and then moved to the right lower side, although I also had diarrhea, it hurts more when I walk.",Appendicitis,"A grounded interpretation gives more weight to the evolution and location of pain than to the presence of loose stool alone. Gastroenteritis is plausible at the start, but it does not explain the specific right-sided localization and movement-related pain as well as appendicitis does. The reasoning preserves diarrhea as background noise but allows the focal abdominal pattern to dominate.",Root: favor appendicitis. [Satellite-background: diarrhea -> gastroenteritis-like] [Nucleus: migratory pain to RLQ + movement pain] [Satellite-priority: focal evolution outweighs generic GI symptoms] [Conclusion: appendicitis],No
642,"Physical effort seems to trigger a band-like chest pain, but late meals can make it feel more like heartburn, I recently had sweating and pain radiating toward my jaw, I’m 63 with several heart risk factors, and I told myself it was probably GERD.",Gastroesophageal reflux disease,"The reasoning starts from the convenient clue of post-meal burning and promotes it to the central explanation. From there, contradictory evidence is explained away: radiation becomes panic, sweating becomes distress, and vascular risk factors are treated as background rather than decision-driving information. This creates an overconfident but weakly justified conclusion in favor of reflux. The higher-risk explanation is prematurely dismissed.",Root: favor GERD. [Nucleus: meals/spicy food + antacid relief -> reflux] [Satellite-downplay: radiation + sweating -> anxiety response] [Satellite-ignore: exertional trigger + cardiac risk] [Satellite-closure: benign diagnosis chosen early] [Conclusion: GERD explains symptoms],Yes
643,"I am unusually tired and sluggish, I look puffy and my skin texture has changed, while my appetite is low but my weight increases, but I occasionally feel my heart skip and get anxious, while a previous lab was said to be almost normal.",Anxiety disorder,"This is a structural misweighting of evidence. The reasoning favors common, low-specificity symptoms and lets them dominate a richer endocrine pattern. The earlier lab is converted into false reassurance, and the physical signs are fragmented instead of integrated.",Root: favor anxiety disorder. [Nucleus: palpitations + anxiety + headaches] [Satellite-reinterpretation: weight gain + dry skin -> lifestyle/stress] [Satellite-overweight: borderline-normal thyroid test] [Satellite-psychologizing: endocrine cluster fragmented] [Conclusion: anxiety disorder],Yes
644,"I feel fatigued almost all the time, people notice I look puffy and dry-skinned, and I gain weight although I do not eat much, although I do get anxious and feel palpitations sometimes, while a previous lab was said to be almost normal.",Anxiety disorder,"The hallucinated reasoning starts from emotionally salient features such as anxiety, palpitations, and headaches and treats them as the core disorder. The weight gain, puffiness, and dry skin are then demoted to lifestyle or stress effects, even though together they form a much more specific hypothyroid cluster. The prior borderline-normal thyroid test is overvalued as if it nearly rules out thyroid disease. This produces a psychologized conclusion that fails to account for the whole syndrome.",Root: favor anxiety disorder. [Nucleus: palpitations + anxiety + headaches] [Satellite-reinterpretation: weight gain + dry skin -> lifestyle/stress] [Satellite-overweight: borderline-normal thyroid test] [Satellite-psychologizing: endocrine cluster fragmented] [Conclusion: anxiety disorder],Yes
645,"The first pain was in the middle of my abdomen, then it migrated down to the right, though diarrhea pointed me toward a virus, motion makes the pain more intense.",Viral gastroenteritis,This reasoning overvalues the commonness of viral illness and undervalues the specificity of pain migration. It treats the memorable loose stool as central and the more diagnostic localization as secondary. That produces premature closure on gastroenteritis.,Root: favor gastroenteritis. [Nucleus: diarrhea + stomach-bug framing] [Satellite-reinterpretation: RLQ pain + movement pain -> cramping/soreness] [Satellite-anchor: GI symptoms overweight decision] [Conclusion: gastroenteritis],Yes
646,"I need water all the time and I am urinating excessively, while my weight is dropping, blurred vision is part of it as well, plus there is recent nausea with belly pain, while my relatives make me think of type 2 diabetes.","Diabetes mellitus, likely type 1 physiology","The central issue is not the body habitus alone but the physiology suggested by the symptoms. Polyuria, polydipsia, weight loss, blurry vision, and abdominal symptoms suggest substantial hyperglycemia with possible ketosis or evolving insulin deficiency. Obesity and a family history of type 2 diabetes are meaningful competing clues, but they do not erase the catabolic pattern. In a younger patient, weight loss with nausea and abdominal pain should raise concern for type 1 physiology or at least urgent insulin-requiring diabetes.",Root: favor diabetes with likely type 1 physiology. [Nucleus: thirst + urination + weight loss + blurry vision + nausea] [Satellite-contrast: obesity + family history -> type 2 clue] [Satellite-urgency: abdominal symptoms suggest ketosis risk] [Conclusion: urgent insulin-deficiency picture],No
647,"When I hurry across a parking lot I feel chest squeezing, but after large meals it feels like indigestion, the strongest episode came with sweating and arm discomfort, I’m 63 with several heart risk factors, so I blamed spicy food instead of my heart.",Gastroesophageal reflux disease,"Because the discomfort sometimes follows food and the patient reports at least partial reflux-like features, GERD is taken as the main explanation. Once that anchor is adopted, the more dangerous clues, such as sweating and radiation to the arm or jaw, are reinterpreted as anxiety caused by pain rather than as evidence of ischemia. The exertional trigger is minimized as if it were incidental. This reasoning closes too early on a familiar benign diagnosis and fails to give adequate weight to cardiovascular risk factors.",Root: favor GERD. [Nucleus: meals/spicy food + antacid relief -> reflux] [Satellite-downplay: radiation + sweating -> anxiety response] [Satellite-ignore: exertional trigger + cardiac risk] [Satellite-closure: benign diagnosis chosen early] [Conclusion: GERD explains symptoms],Yes
648,"My illness started as what seemed like a simple chest cold, but a single swollen calf showed up later, while my breathing seems to deteriorate, there was a small fever response to antibiotics but nothing else.",Pneumonia,"The reasoning gives priority to the story’s opening frame of cough, fever, and a cold-like illness and turns that into a pneumonia anchor. Once anchored, the swollen calf is reinterpreted as body aches, muscle strain, or reduced movement from being sick, even though calf swelling is not well explained that way. A small fever response to antibiotics is overread as confirmation of infection. This creates a premature closure on pneumonia while ignoring the stronger thromboembolic structure of the case.",Root: favor pneumonia. [Nucleus: fever + cough + dyspnea -> pneumonia] [Satellite-reinterpretation: calf swelling/pain -> body aches or strain] [Satellite-overclaim: antibiotics response confirms infection] [Satellite-closure: common diagnosis chosen early] [Conclusion: pneumonia is primary],Yes
649,"I am persistently tired and sluggish, I have puffiness and dry skin, but reduced appetite has not stopped weight gain, still, I get episodes of nervousness and palpitations, and a previous result was interpreted as basically normal.",Anxiety disorder,"The hallucinated reasoning starts from emotionally salient features such as anxiety, palpitations, and headaches and treats them as the core disorder. The weight gain, puffiness, and dry skin are then demoted to lifestyle or stress effects, even though together they form a much more specific hypothyroid cluster. The prior borderline-normal thyroid test is overvalued as if it nearly rules out thyroid disease. This produces a psychologized conclusion that fails to account for the whole syndrome.",Root: favor anxiety disorder. [Nucleus: palpitations + anxiety + headaches] [Satellite-reinterpretation: weight gain + dry skin -> lifestyle/stress] [Satellite-overweight: borderline-normal thyroid test] [Satellite-psychologizing: endocrine cluster fragmented] [Conclusion: anxiety disorder],Yes
650,"My illness started as what seemed like a simple chest cold, but the strange part is that one lower leg is swollen, while my breathing seems to deteriorate, antibiotics changed the fever more than the dyspnea.",Pulmonary embolism,"A grounded reading preserves both hypotheses at first: pneumonia is plausible because of fever and cough, but the calf findings are a major red flag that changes the weighting of the case. Respiratory decline despite some improvement in fever also argues against a simple resolving infection. The vascular hypothesis explains the leg symptoms and the worsening dyspnea in one causal chain.",Root: favor PE. [Satellite-background: fever + cough -> pneumonia-like] [Nucleus: unilateral calf swelling/pain + worsening dyspnea -> DVT/PE] [Satellite-contrast: antibiotics helped fever only] [Satellite-causal: leg clot can explain lung symptoms] [Conclusion: PE better explains the pattern],No
651,"I have nonstop thirst and frequent urination, while the scale keeps going down, my eyesight goes fuzzy at times, and my abdomen hurts with queasiness, but I still look like someone with type 2 risk.",Type 2 diabetes only,"This line of reasoning mistakes a risk factor pattern for a complete explanation. It privileges what the patient looks like over how the disease is behaving in the moment. By downplaying the catabolic and potentially ketotic features, it reaches an overconfident type 2-only conclusion.",Root: favor type 2 only. [Nucleus: obesity + family history] [Satellite-downplay: weight loss + abdominal symptoms] [Satellite-stereotype: overweight argues against type 1] [Satellite-closure: phenotype overrides physiology] [Conclusion: type 2 only],Yes
652,"I feel pressure in my chest during brisk walking, even though I also get burning after lying down post-dinner, during the worst spell it moved to my jaw and I felt faint, I’m 58 and hypertensive, so I did not treat it like a heart problem.",Gastroesophageal reflux disease,"Because the discomfort sometimes follows food and the patient reports at least partial reflux-like features, GERD is taken as the main explanation. Once that anchor is adopted, the more dangerous clues, such as sweating and radiation to the arm or jaw, are reinterpreted as anxiety caused by pain rather than as evidence of ischemia. The exertional trigger is minimized as if it were incidental. This reasoning closes too early on a familiar benign diagnosis and fails to give adequate weight to cardiovascular risk factors.",Root: favor GERD. [Nucleus: meals/spicy food + antacid relief -> reflux] [Satellite-downplay: radiation + sweating -> anxiety response] [Satellite-ignore: exertional trigger + cardiac risk] [Satellite-closure: benign diagnosis chosen early] [Conclusion: GERD explains symptoms],Yes
653,"I feel exhausted and slowed down, my body feels puffy and my skin has become dry, while my weight has gone up even though I eat less, but I occasionally feel my heart skip and get anxious, but a prior thyroid result was described as borderline.",Hypothyroidism,"The dominant syndrome is hypothyroid: fatigue, weight gain despite low intake, puffiness, and dry skin form a coherent metabolic picture. Anxiety and occasional palpitations are real conflicting clues, but they are not sufficient to overturn the much broader hypothyroid pattern. An older borderline-normal lab result is weak evidence because symptoms may have evolved since then. The full pattern therefore favors hypothyroidism more than a primary anxiety disorder.",Root: favor hypothyroidism. [Nucleus: fatigue + weight gain + puffiness + dry skin] [Satellite-contrast: palpitations/anxiety] [Satellite-background: old borderline-normal test] [Satellite-integration: syndrome coherence outweighs isolated conflict] [Conclusion: hypothyroidism],No
654,"My hands and wrists have been stiff every morning for over an hour, but my big toe once swelled up badly after wine, my uric acid was high once, and there is definite family history of RA.",Gout,"The reasoning locks onto the vivid toe flare and the mention of high uric acid. Once those cues are treated as central, the chronic hand and wrist stiffness is generalized into the gout interpretation, even though that pattern is less typical for gout as a single unifying explanation. Family history of RA is then dismissed as incidental rather than integrated. The result is a diagnosis driven by salience and memorability rather than by the full temporal structure of the illness.",Root: favor gout. [Nucleus: toe flare after wine + hyperuricemia] [Satellite-generalization: chronic hand stiffness folded into gout] [Satellite-dismissal: family history of RA incidental] [Satellite-salience: vivid acute event overweights decision] [Conclusion: gout explains all symptoms],Yes
655,"When I hurry across a parking lot I feel chest squeezing, but sometimes it also comes after spicy food at night, I recently had sweating and pain radiating toward my jaw, I’m 63 with several heart risk factors, so I blamed spicy food instead of my heart.",Acute coronary syndrome / unstable angina,"Although the history contains gastrointestinal-looking features, the core nucleus of the case is exertional chest pressure with autonomic symptoms and radiation. Those findings are more discriminative for coronary ischemia than for simple reflux. Antacid response or meal timing can be misleading and do not exclude a cardiac cause. Because the patient is older and has major cardiovascular risk factors, it would be unsafe to anchor on GERD. The best synthesis is that a cardiac diagnosis should be prioritized.",Root: favor ACS. [Nucleus: exertional pain + radiation + sweating -> ischemia] [Satellite-contrast: meal/spicy-food burning + antacid relief -> GERD-like] [Nucleus-elaboration: age/risk factors increase cardiac risk] [Satellite-safety: dangerous diagnosis should be prioritized] [Conclusion: prioritize ACS],No
656,"When I hurry across a parking lot I feel chest squeezing, but sometimes it also comes after spicy food at night, a recent attack made me sweaty and sent pain toward my left arm, I’m 67 and diabetic and hypertensive, which made me think it was heartburn.",Acute coronary syndrome / unstable angina,"Although the history contains gastrointestinal-looking features, the core nucleus of the case is exertional chest pressure with autonomic symptoms and radiation. Those findings are more discriminative for coronary ischemia than for simple reflux. Antacid response or meal timing can be misleading and do not exclude a cardiac cause. Because the patient is older and has major cardiovascular risk factors, it would be unsafe to anchor on GERD. The best synthesis is that a cardiac diagnosis should be prioritized.",Root: favor ACS. [Nucleus: exertional pain + radiation + sweating -> ischemia] [Satellite-contrast: meal/spicy-food burning + antacid relief -> GERD-like] [Nucleus-elaboration: age/risk factors increase cardiac risk] [Satellite-safety: dangerous diagnosis should be prioritized] [Conclusion: prioritize ACS],No
657,"The problem started like a routine UTI, before it turned into fever and pain near my back, there is now nausea and vomiting too, even though the bladder symptoms softened somewhat.",Simple cystitis,"This reasoning privileges chronology over severity. It assumes that the first label applied must remain correct, and it explains away later findings instead of revising the model. The result is a falsely reassuring cystitis diagnosis.",Root: favor cystitis. [Nucleus: dysuria + frequency] [Satellite-reinterpretation: back pain + vomiting -> dehydration/strain] [Satellite-overclaim: burning improved -> infection resolving] [Satellite-failure-to-update: early label retained despite escalation] [Conclusion: simple cystitis],Yes
658,"My illness started as what seemed like a simple chest cold, but a single swollen calf showed up later, and I became much more breathless over time, the fever eased a bit with antibiotics, not the shortness of breath.",Pneumonia,"This explanation begins with a common respiratory diagnosis and then forces later clues to fit it. The respiratory symptoms are treated as decisive, while the unilateral leg findings are relegated to an afterthought. The logic also commits a false-confirmation move by treating partial fever improvement as proof of pneumonia.",Root: favor pneumonia. [Nucleus: fever + cough + dyspnea -> pneumonia] [Satellite-reinterpretation: calf swelling/pain -> body aches or strain] [Satellite-overclaim: antibiotics response confirms infection] [Satellite-closure: common diagnosis chosen early] [Conclusion: pneumonia is primary],Yes
659,"I need water all the time and I am urinating excessively, while the scale keeps going down, my eyesight goes fuzzy at times, while my stomach hurts and I feel sick, despite being overweight with strong family history.","Diabetes mellitus, likely type 1 physiology","A correct explanation distinguishes phenotype from acute metabolic state. The patient may look like a type 2 candidate because of weight and family history, but the active symptom cluster points to a more urgent process characterized by marked hyperglycemia and possible ketosis. The reasoning therefore keeps the type 2 clue in a contrast branch while allowing the metabolic urgency to dominate the conclusion.",Root: favor diabetes with likely type 1 physiology. [Nucleus: thirst + urination + weight loss + blurry vision + nausea] [Satellite-contrast: obesity + family history -> type 2 clue] [Satellite-urgency: abdominal symptoms suggest ketosis risk] [Conclusion: urgent insulin-deficiency picture],No
660,"I have noticeable weight loss that I cannot explain, I feel shaky with a racing heartbeat, and emotionally it feels like a panic attack, yet there is obvious neck fullness and my eyes look prominent.","Hyperthyroidism, likely Graves disease","The anxious feeling and racing heart can certainly mimic panic, but the broader physical pattern is much more informative. Unintentional weight loss, tremor, neck fullness, and visible eye changes point strongly toward hyperthyroidism, especially Graves disease. The anxiety is therefore better interpreted as part of the endocrine syndrome rather than as a separate primary psychiatric disorder. Fatigue does not contradict this, because prolonged thyrotoxicosis can also cause exhaustion.",Root: favor Graves. [Nucleus: weight loss + tremor + palpitations + neck fullness + eye changes] [Satellite-background: anxiety/panic-like features] [Satellite-integration: anxiety explained within endocrine syndrome] [Conclusion: hyperthyroidism unifies symptoms],No
661,"My clothes are looser because of unexplained weight loss, I have tremor and constant palpitations, and emotionally it feels like a panic attack, but I have thyroid-area fullness and visible eye changes.","Hyperthyroidism, likely Graves disease","The anxious feeling and racing heart can certainly mimic panic, but the broader physical pattern is much more informative. Unintentional weight loss, tremor, neck fullness, and visible eye changes point strongly toward hyperthyroidism, especially Graves disease. The anxiety is therefore better interpreted as part of the endocrine syndrome rather than as a separate primary psychiatric disorder. Fatigue does not contradict this, because prolonged thyrotoxicosis can also cause exhaustion.",Root: favor Graves. [Nucleus: weight loss + tremor + palpitations + neck fullness + eye changes] [Satellite-background: anxiety/panic-like features] [Satellite-integration: anxiety explained within endocrine syndrome] [Conclusion: hyperthyroidism unifies symptoms],No
662,"My illness started as what seemed like a simple chest cold, although now my calf is distinctly painful and puffy, while my breathing seems to deteriorate, I took antibiotics and only the fever improved slightly.",Pneumonia,"This explanation begins with a common respiratory diagnosis and then forces later clues to fit it. The respiratory symptoms are treated as decisive, while the unilateral leg findings are relegated to an afterthought. The logic also commits a false-confirmation move by treating partial fever improvement as proof of pneumonia.",Root: favor pneumonia. [Nucleus: fever + cough + dyspnea -> pneumonia] [Satellite-reinterpretation: calf swelling/pain -> body aches or strain] [Satellite-overclaim: antibiotics response confirms infection] [Satellite-closure: common diagnosis chosen early] [Conclusion: pneumonia is primary],Yes
663,"The abdominal discomfort began centrally, before focusing on the lower right area, and the bowel symptoms made it seem like food poisoning, it hurts more when I walk.",Appendicitis,"A grounded interpretation gives more weight to the evolution and location of pain than to the presence of loose stool alone. Gastroenteritis is plausible at the start, but it does not explain the specific right-sided localization and movement-related pain as well as appendicitis does. The reasoning preserves diarrhea as background noise but allows the focal abdominal pattern to dominate.",Root: favor appendicitis. [Satellite-background: diarrhea -> gastroenteritis-like] [Nucleus: migratory pain to RLQ + movement pain] [Satellite-priority: focal evolution outweighs generic GI symptoms] [Conclusion: appendicitis],No
664,"This began like a respiratory infection with cough and chills, and then my right calf became painful and enlarged, but I can catch my breath less and less, antibiotics maybe reduced the fever but not the breathing trouble.",Pulmonary embolism,"The infection-like opening of the story is misleading, but the later evolution is more important. Unilateral calf swelling and pain create a strong signal for deep vein thrombosis, and worsening shortness of breath makes pulmonary embolism a much better fit than uncomplicated pneumonia. Fever and cough can occur in PE and therefore do not settle the case in favor of infection. Partial improvement of fever after antibiotics is weak evidence and does not explain why breathing worsened. The full cross-system pattern is more coherent as venous thromboembolism with pulmonary embolism.",Root: favor PE. [Satellite-background: fever + cough -> pneumonia-like] [Nucleus: unilateral calf swelling/pain + worsening dyspnea -> DVT/PE] [Satellite-contrast: antibiotics helped fever only] [Satellite-causal: leg clot can explain lung symptoms] [Conclusion: PE better explains the pattern],No
665,"Morning stiffness in my hands lasts well beyond getting out of bed, though one memorable episode hit my big toe after heavy food, an earlier blood test mentioned hyperuricemia, and there is definite family history of RA.",Gout,"The reasoning locks onto the vivid toe flare and the mention of high uric acid. Once those cues are treated as central, the chronic hand and wrist stiffness is generalized into the gout interpretation, even though that pattern is less typical for gout as a single unifying explanation. Family history of RA is then dismissed as incidental rather than integrated. The result is a diagnosis driven by salience and memorability rather than by the full temporal structure of the illness.",Root: favor gout. [Nucleus: toe flare after wine + hyperuricemia] [Satellite-generalization: chronic hand stiffness folded into gout] [Satellite-dismissal: family history of RA incidental] [Satellite-salience: vivid acute event overweights decision] [Conclusion: gout explains all symptoms],Yes
666,"My weight is dropping even though I am not dieting, I feel trembly and my pulse pounds, and emotionally it feels like a panic attack, although my neck feels swollen and people comment on my eyes.",Panic disorder,"The hallucinated reasoning elevates anxiety, shakiness, and palpitations to the center of the case because they are familiar panic symptoms. Once that frame is adopted, weight loss is explained as stress, neck fullness is described as subjective, and eye changes are brushed aside as tired appearance. This prevents the model from integrating the bodily findings into a coherent endocrine picture. The conclusion settles on panic disorder not because it explains the full evidence best, but because it captures the most familiar emotional cues.",Root: favor panic disorder. [Nucleus: anxiety + shakiness + tachycardia] [Satellite-reinterpretation: weight loss -> stress] [Satellite-dismissal: eye changes + neck fullness subjective] [Satellite-psychologizing: physical findings subordinated to emotional frame] [Conclusion: panic disorder explains symptoms],Yes
667,"Going up steps brings on chest heaviness, yet I also notice burning after greasy food, one episode went into my arm and I felt nauseated and sweaty, I’m 59 and a smoker with high cholesterol, which made me dismiss it as acid reflux.",Gastroesophageal reflux disease,"The reasoning starts from the convenient clue of post-meal burning and promotes it to the central explanation. From there, contradictory evidence is explained away: radiation becomes panic, sweating becomes distress, and vascular risk factors are treated as background rather than decision-driving information. This creates an overconfident but weakly justified conclusion in favor of reflux. The higher-risk explanation is prematurely dismissed.",Root: favor GERD. [Nucleus: meals/spicy food + antacid relief -> reflux] [Satellite-downplay: radiation + sweating -> anxiety response] [Satellite-ignore: exertional trigger + cardiac risk] [Satellite-closure: benign diagnosis chosen early] [Conclusion: GERD explains symptoms],Yes
668,"For months my hand joints have felt swollen and stiff when I wake up, but I did have a sudden hot swollen toe after a rich dinner, a previous doctor said my uric acid ran high, and a close relative has RA.",Gout,"The reasoning locks onto the vivid toe flare and the mention of high uric acid. Once those cues are treated as central, the chronic hand and wrist stiffness is generalized into the gout interpretation, even though that pattern is less typical for gout as a single unifying explanation. Family history of RA is then dismissed as incidental rather than integrated. The result is a diagnosis driven by salience and memorability rather than by the full temporal structure of the illness.",Root: favor gout. [Nucleus: toe flare after wine + hyperuricemia] [Satellite-generalization: chronic hand stiffness folded into gout] [Satellite-dismissal: family history of RA incidental] [Satellite-salience: vivid acute event overweights decision] [Conclusion: gout explains all symptoms],Yes
669,"I need water all the time and I am urinating excessively, and I am losing weight, my eyesight goes fuzzy at times, and I have started getting abdominal discomfort and nausea, but I am still overweight and diabetes runs in my family.","Diabetes mellitus, likely type 1 physiology","A correct explanation distinguishes phenotype from acute metabolic state. The patient may look like a type 2 candidate because of weight and family history, but the active symptom cluster points to a more urgent process characterized by marked hyperglycemia and possible ketosis. The reasoning therefore keeps the type 2 clue in a contrast branch while allowing the metabolic urgency to dominate the conclusion.",Root: favor diabetes with likely type 1 physiology. [Nucleus: thirst + urination + weight loss + blurry vision + nausea] [Satellite-contrast: obesity + family history -> type 2 clue] [Satellite-urgency: abdominal symptoms suggest ketosis risk] [Conclusion: urgent insulin-deficiency picture],No
670,"I need water all the time and I am urinating excessively, and I am shrinking despite normal habits, blurred vision is part of it as well, with nausea and stomach upset appearing too, but I still look like someone with type 2 risk.","Diabetes mellitus, likely type 1 physiology","The central issue is not the body habitus alone but the physiology suggested by the symptoms. Polyuria, polydipsia, weight loss, blurry vision, and abdominal symptoms suggest substantial hyperglycemia with possible ketosis or evolving insulin deficiency. Obesity and a family history of type 2 diabetes are meaningful competing clues, but they do not erase the catabolic pattern. In a younger patient, weight loss with nausea and abdominal pain should raise concern for type 1 physiology or at least urgent insulin-requiring diabetes.",Root: favor diabetes with likely type 1 physiology. [Nucleus: thirst + urination + weight loss + blurry vision + nausea] [Satellite-contrast: obesity + family history -> type 2 clue] [Satellite-urgency: abdominal symptoms suggest ketosis risk] [Conclusion: urgent insulin-deficiency picture],No
671,"The thirst and bathroom trips are happening all day, and I am losing weight, I keep noticing visual blurring, and lately I feel nauseated with stomach pain, although the family pattern suggests type 2.","Diabetes mellitus, likely type 1 physiology","A correct explanation distinguishes phenotype from acute metabolic state. The patient may look like a type 2 candidate because of weight and family history, but the active symptom cluster points to a more urgent process characterized by marked hyperglycemia and possible ketosis. The reasoning therefore keeps the type 2 clue in a contrast branch while allowing the metabolic urgency to dominate the conclusion.",Root: favor diabetes with likely type 1 physiology. [Nucleus: thirst + urination + weight loss + blurry vision + nausea] [Satellite-contrast: obesity + family history -> type 2 clue] [Satellite-urgency: abdominal symptoms suggest ketosis risk] [Conclusion: urgent insulin-deficiency picture],No
672,"I started with feverish cough and thought it was respiratory, except now one leg has become swollen and tender, and my breathing got worse, antibiotics maybe reduced the fever but not the breathing trouble.",Pneumonia,"The reasoning gives priority to the story’s opening frame of cough, fever, and a cold-like illness and turns that into a pneumonia anchor. Once anchored, the swollen calf is reinterpreted as body aches, muscle strain, or reduced movement from being sick, even though calf swelling is not well explained that way. A small fever response to antibiotics is overread as confirmation of infection. This creates a premature closure on pneumonia while ignoring the stronger thromboembolic structure of the case.",Root: favor pneumonia. [Nucleus: fever + cough + dyspnea -> pneumonia] [Satellite-reinterpretation: calf swelling/pain -> body aches or strain] [Satellite-overclaim: antibiotics response confirms infection] [Satellite-closure: common diagnosis chosen early] [Conclusion: pneumonia is primary],Yes
673,"I have become thinner for no clear reason, I have tremor and constant palpitations, and I thought this was all just anxiety, but I have thyroid-area fullness and visible eye changes.",Panic disorder,This interpretation fails by treating the psychiatric flavor of the presentation as decisive and treating the physical findings as optional or unreliable. It is an example of premature psychologizing. The result is a diagnosis that is rhetorically smooth but structurally weak.,Root: favor panic disorder. [Nucleus: anxiety + shakiness + tachycardia] [Satellite-reinterpretation: weight loss -> stress] [Satellite-dismissal: eye changes + neck fullness subjective] [Satellite-psychologizing: physical findings subordinated to emotional frame] [Conclusion: panic disorder explains symptoms],Yes
674,"I am thirsty all the time and urinate constantly, and I am getting thinner without trying, I have episodes of blurry vision, with nausea and stomach upset appearing too, although the family pattern suggests type 2.",Type 2 diabetes only,"The hallucinated reasoning starts from obesity and family history and treats those demographic clues as decisive. Once that anchor is in place, weight loss, nausea, and abdominal pain are minimized as secondary effects of high blood sugar rather than as warnings of insulin deficiency. The model also makes the unsupported leap that being overweight argues strongly against type 1 diabetes. This is a faulty compression of a complex presentation into a simplistic stereotype of type 2 disease.",Root: favor type 2 only. [Nucleus: obesity + family history] [Satellite-downplay: weight loss + abdominal symptoms] [Satellite-stereotype: overweight argues against type 1] [Satellite-closure: phenotype overrides physiology] [Conclusion: type 2 only],Yes
675,"I am unusually tired and sluggish, people notice I look puffy and dry-skinned, and there is weight gain despite barely eating, even so, there are moments of anxiety and heartbeat awareness, while an earlier test was near normal.",Anxiety disorder,"This is a structural misweighting of evidence. The reasoning favors common, low-specificity symptoms and lets them dominate a richer endocrine pattern. The earlier lab is converted into false reassurance, and the physical signs are fragmented instead of integrated.",Root: favor anxiety disorder. [Nucleus: palpitations + anxiety + headaches] [Satellite-reinterpretation: weight gain + dry skin -> lifestyle/stress] [Satellite-overweight: borderline-normal thyroid test] [Satellite-psychologizing: endocrine cluster fragmented] [Conclusion: anxiety disorder],Yes
676,"I have nonstop thirst and frequent urination, and I am getting thinner without trying, my vision also gets blurry, and lately I feel nauseated with stomach pain, despite being overweight with strong family history.","Diabetes mellitus, likely type 1 physiology","The central issue is not the body habitus alone but the physiology suggested by the symptoms. Polyuria, polydipsia, weight loss, blurry vision, and abdominal symptoms suggest substantial hyperglycemia with possible ketosis or evolving insulin deficiency. Obesity and a family history of type 2 diabetes are meaningful competing clues, but they do not erase the catabolic pattern. In a younger patient, weight loss with nausea and abdominal pain should raise concern for type 1 physiology or at least urgent insulin-requiring diabetes.",Root: favor diabetes with likely type 1 physiology. [Nucleus: thirst + urination + weight loss + blurry vision + nausea] [Satellite-contrast: obesity + family history -> type 2 clue] [Satellite-urgency: abdominal symptoms suggest ketosis risk] [Conclusion: urgent insulin-deficiency picture],No
677,"My fingers feel inflamed and hard to move early each day, but my big toe once swelled up badly after wine, a past lab hinted my uric acid was above normal, and my family has inflammatory arthritis history.",Rheumatoid arthritis,"A correct interpretation must distinguish the durable background disease from the memorable acute event. The toe attack after dietary trigger is very salient and can bias reasoning toward gout, but the more informative structure of the case is the long-standing morning stiffness and symmetric small-joint involvement. Hyperuricemia is supportive of gout but not sufficient to explain the full chronic phenotype. Therefore RA is the stronger overall diagnosis.",Root: favor RA. [Nucleus: prolonged morning stiffness + symmetric small-joint involvement] [Satellite-contrast: toe flare + hyperuricemia -> gout clue] [Nucleus-elaboration: family history supports RA] [Satellite-resolution: acute event does not explain chronic baseline] [Conclusion: RA best fits chronic pattern],No
678,"The belly pain started near the center, then it concentrated low on the right, although I also had diarrhea, I feel it more when I walk around.",Viral gastroenteritis,"The hallucinated explanation begins by anchoring on diarrhea and the patient’s suspicion of food poisoning. Once that benign gastrointestinal frame is chosen, the right lower quadrant localization is reinterpreted as cramping, and the worsening with movement is reduced to generalized soreness. This flattens a focal pain pattern into a diffuse stomach bug explanation and ignores the more informative anatomical evolution.",Root: favor gastroenteritis. [Nucleus: diarrhea + stomach-bug framing] [Satellite-reinterpretation: RLQ pain + movement pain -> cramping/soreness] [Satellite-anchor: GI symptoms overweight decision] [Conclusion: gastroenteritis],Yes
679,"I wake up with painful stiff fingers and wrists most mornings, but I did have a sudden hot swollen toe after a rich dinner, an earlier blood test mentioned hyperuricemia, with rheumatoid arthritis already present in relatives.",Rheumatoid arthritis,"The chronic pattern is the deciding factor here. Morning stiffness lasting over an hour, together with persistent hand and wrist involvement, strongly favors rheumatoid arthritis because this is a classic symmetric inflammatory small-joint presentation. The toe flare and prior hyperuricemia are genuine gout-like clues, but they are episodic and do not explain the chronic baseline syndrome. Family history of RA adds weight to the inflammatory arthritis interpretation. The best synthesis is that RA explains the ongoing pattern.",Root: favor RA. [Nucleus: prolonged morning stiffness + symmetric small-joint involvement] [Satellite-contrast: toe flare + hyperuricemia -> gout clue] [Nucleus-elaboration: family history supports RA] [Satellite-resolution: acute event does not explain chronic baseline] [Conclusion: RA best fits chronic pattern],No
680,"It started as vague central stomach pain, before settling in the right lower abdomen, although I also had diarrhea, it is sharper whenever I move.",Appendicitis,"The migratory pattern of pain is the key diagnostic clue. Pain beginning more centrally and then localizing to the right lower quadrant, especially when worsened by movement, is a classic appendiceal pattern and suggests peritoneal irritation. Diarrhea is a misleading but not decisive competing clue because gastrointestinal upset can coexist with appendicitis. The best synthesis is appendicitis rather than simple gastroenteritis.",Root: favor appendicitis. [Satellite-background: diarrhea -> gastroenteritis-like] [Nucleus: migratory pain to RLQ + movement pain] [Satellite-priority: focal evolution outweighs generic GI symptoms] [Conclusion: appendicitis],No
681,"I get chest tightness when climbing stairs, but sometimes it also comes after spicy food at night, yesterday it spread to my jaw and I became clammy, I’m 52 and diabetic, so I blamed spicy food instead of my heart.",Acute coronary syndrome / unstable angina,"Although the history contains gastrointestinal-looking features, the core nucleus of the case is exertional chest pressure with autonomic symptoms and radiation. Those findings are more discriminative for coronary ischemia than for simple reflux. Antacid response or meal timing can be misleading and do not exclude a cardiac cause. Because the patient is older and has major cardiovascular risk factors, it would be unsafe to anchor on GERD. The best synthesis is that a cardiac diagnosis should be prioritized.",Root: favor ACS. [Nucleus: exertional pain + radiation + sweating -> ischemia] [Satellite-contrast: meal/spicy-food burning + antacid relief -> GERD-like] [Nucleus-elaboration: age/risk factors increase cardiac risk] [Satellite-safety: dangerous diagnosis should be prioritized] [Conclusion: prioritize ACS],No
682,"I started with feverish cough and thought it was respiratory, yet one calf started hurting and swelling, but the breathing difficulty intensified, there was a small fever response to antibiotics but nothing else.",Pulmonary embolism,"A grounded reading preserves both hypotheses at first: pneumonia is plausible because of fever and cough, but the calf findings are a major red flag that changes the weighting of the case. Respiratory decline despite some improvement in fever also argues against a simple resolving infection. The vascular hypothesis explains the leg symptoms and the worsening dyspnea in one causal chain.",Root: favor PE. [Satellite-background: fever + cough -> pneumonia-like] [Nucleus: unilateral calf swelling/pain + worsening dyspnea -> DVT/PE] [Satellite-contrast: antibiotics helped fever only] [Satellite-causal: leg clot can explain lung symptoms] [Conclusion: PE better explains the pattern],No
683,"I feel exhausted and slowed down, I have puffiness and dry skin, but reduced appetite has not stopped weight gain, although I do get anxious and feel palpitations sometimes, but a prior thyroid result was described as borderline.",Hypothyroidism,"A correct reading identifies the cluster rather than overreacting to one contradictory symptom. Palpitations and anxiety can occur for many reasons and do not erase the metabolically slowed presentation. The more integrated explanation is thyroid underactivity, with the old near-normal test retained as background rather than treated as decisive.",Root: favor hypothyroidism. [Nucleus: fatigue + weight gain + puffiness + dry skin] [Satellite-contrast: palpitations/anxiety] [Satellite-background: old borderline-normal test] [Satellite-integration: syndrome coherence outweighs isolated conflict] [Conclusion: hypothyroidism],No
684,"My wrists and finger joints stay stiff for a long time each morning, but I did have a sudden hot swollen toe after a rich dinner, there was at least one high uric acid result in the past, and my family has inflammatory arthritis history.",Rheumatoid arthritis,"A correct interpretation must distinguish the durable background disease from the memorable acute event. The toe attack after dietary trigger is very salient and can bias reasoning toward gout, but the more informative structure of the case is the long-standing morning stiffness and symmetric small-joint involvement. Hyperuricemia is supportive of gout but not sufficient to explain the full chronic phenotype. Therefore RA is the stronger overall diagnosis.",Root: favor RA. [Nucleus: prolonged morning stiffness + symmetric small-joint involvement] [Satellite-contrast: toe flare + hyperuricemia -> gout clue] [Nucleus-elaboration: family history supports RA] [Satellite-resolution: acute event does not explain chronic baseline] [Conclusion: RA best fits chronic pattern],No
685,"I need water all the time and I am urinating excessively, and I am shrinking despite normal habits, I have episodes of blurry vision, plus I now have nausea and abdominal pain, even though obesity and family diabetes point the other way.",Type 2 diabetes only,"The hallucinated reasoning starts from obesity and family history and treats those demographic clues as decisive. Once that anchor is in place, weight loss, nausea, and abdominal pain are minimized as secondary effects of high blood sugar rather than as warnings of insulin deficiency. The model also makes the unsupported leap that being overweight argues strongly against type 1 diabetes. This is a faulty compression of a complex presentation into a simplistic stereotype of type 2 disease.",Root: favor type 2 only. [Nucleus: obesity + family history] [Satellite-downplay: weight loss + abdominal symptoms] [Satellite-stereotype: overweight argues against type 1] [Satellite-closure: phenotype overrides physiology] [Conclusion: type 2 only],Yes
686,"At first it felt like a simple bladder infection, and later fever with flank pain appeared, I also started vomiting, even though the bladder symptoms softened somewhat.",Pyelonephritis,A grounded explanation keeps the early dysuria and frequency in the background while allowing the systemic and flank findings to drive the conclusion. Vomiting and fever are not well explained by a simple resolving bladder infection. Pyelonephritis is the stronger diagnosis because it explains both the urinary origin and the systemic deterioration.,Root: favor pyelonephritis. [Satellite-background: dysuria + frequency -> cystitis] [Nucleus: fever + flank/back pain + vomiting + systemic illness] [Satellite-contrast: burning improved] [Satellite-escalation: local infection evolved into systemic picture] [Conclusion: pyelonephritis],No
687,"Unplanned weight loss has been bothering me, my body feels revved up with tremor and palpitations, which pushed me toward a panic explanation, but my neck feels full and people say my eyes look different.","Hyperthyroidism, likely Graves disease",A correct reading resists the temptation to stop at the psychiatric-looking symptoms. The visible bodily signs carry more diagnostic weight: goiter-like neck fullness and eye prominence are especially important because they are difficult to explain by panic disorder alone. Weight loss and tremor strengthen the endocrine interpretation further.,Root: favor Graves. [Nucleus: weight loss + tremor + palpitations + neck fullness + eye changes] [Satellite-background: anxiety/panic-like features] [Satellite-integration: anxiety explained within endocrine syndrome] [Conclusion: hyperthyroidism unifies symptoms],No
688,"I need water all the time and I am urinating excessively, plus I have unplanned weight loss, there is intermittent blurred vision too, and I have started getting abdominal discomfort and nausea, even though obesity and family diabetes point the other way.",Type 2 diabetes only,"The hallucinated reasoning starts from obesity and family history and treats those demographic clues as decisive. Once that anchor is in place, weight loss, nausea, and abdominal pain are minimized as secondary effects of high blood sugar rather than as warnings of insulin deficiency. The model also makes the unsupported leap that being overweight argues strongly against type 1 diabetes. This is a faulty compression of a complex presentation into a simplistic stereotype of type 2 disease.",Root: favor type 2 only. [Nucleus: obesity + family history] [Satellite-downplay: weight loss + abdominal symptoms] [Satellite-stereotype: overweight argues against type 1] [Satellite-closure: phenotype overrides physiology] [Conclusion: type 2 only],Yes
689,"At first the stomach pain was diffuse and central, before settling in the right lower abdomen, though diarrhea pointed me toward a virus, it is sharper whenever I move.",Viral gastroenteritis,"The hallucinated explanation begins by anchoring on diarrhea and the patient’s suspicion of food poisoning. Once that benign gastrointestinal frame is chosen, the right lower quadrant localization is reinterpreted as cramping, and the worsening with movement is reduced to generalized soreness. This flattens a focal pain pattern into a diffuse stomach bug explanation and ignores the more informative anatomical evolution.",Root: favor gastroenteritis. [Nucleus: diarrhea + stomach-bug framing] [Satellite-reinterpretation: RLQ pain + movement pain -> cramping/soreness] [Satellite-anchor: GI symptoms overweight decision] [Conclusion: gastroenteritis],Yes
690,"I cannot stop drinking and peeing, and I am getting thinner without trying, there is intermittent blurred vision too, while my stomach hurts and I feel sick, even though I am overweight and my family has type 2 diabetes.","Diabetes mellitus, likely type 1 physiology","The central issue is not the body habitus alone but the physiology suggested by the symptoms. Polyuria, polydipsia, weight loss, blurry vision, and abdominal symptoms suggest substantial hyperglycemia with possible ketosis or evolving insulin deficiency. Obesity and a family history of type 2 diabetes are meaningful competing clues, but they do not erase the catabolic pattern. In a younger patient, weight loss with nausea and abdominal pain should raise concern for type 1 physiology or at least urgent insulin-requiring diabetes.",Root: favor diabetes with likely type 1 physiology. [Nucleus: thirst + urination + weight loss + blurry vision + nausea] [Satellite-contrast: obesity + family history -> type 2 clue] [Satellite-urgency: abdominal symptoms suggest ketosis risk] [Conclusion: urgent insulin-deficiency picture],No
691,"I am persistently tired and sluggish, people notice I look puffy and dry-skinned, and I have gained weight despite low appetite, still, I get episodes of nervousness and palpitations, while an earlier test was near normal.",Hypothyroidism,"A correct reading identifies the cluster rather than overreacting to one contradictory symptom. Palpitations and anxiety can occur for many reasons and do not erase the metabolically slowed presentation. The more integrated explanation is thyroid underactivity, with the old near-normal test retained as background rather than treated as decisive.",Root: favor hypothyroidism. [Nucleus: fatigue + weight gain + puffiness + dry skin] [Satellite-contrast: palpitations/anxiety] [Satellite-background: old borderline-normal test] [Satellite-integration: syndrome coherence outweighs isolated conflict] [Conclusion: hypothyroidism],No
692,"My energy is very low and I feel slowed, my face looks puffy and my skin is dry, while my weight has gone up even though I eat less, although brief anxiety-type symptoms do happen, while a previous lab was said to be almost normal.",Anxiety disorder,"This is a structural misweighting of evidence. The reasoning favors common, low-specificity symptoms and lets them dominate a richer endocrine pattern. The earlier lab is converted into false reassurance, and the physical signs are fragmented instead of integrated.",Root: favor anxiety disorder. [Nucleus: palpitations + anxiety + headaches] [Satellite-reinterpretation: weight gain + dry skin -> lifestyle/stress] [Satellite-overweight: borderline-normal thyroid test] [Satellite-psychologizing: endocrine cluster fragmented] [Conclusion: anxiety disorder],Yes
693,"My abdominal pain began in the middle, but afterward it shifted to the right lower quadrant, although I also had diarrhea, movement clearly aggravates it.",Appendicitis,"The migratory pattern of pain is the key diagnostic clue. Pain beginning more centrally and then localizing to the right lower quadrant, especially when worsened by movement, is a classic appendiceal pattern and suggests peritoneal irritation. Diarrhea is a misleading but not decisive competing clue because gastrointestinal upset can coexist with appendicitis. The best synthesis is appendicitis rather than simple gastroenteritis.",Root: favor appendicitis. [Satellite-background: diarrhea -> gastroenteritis-like] [Nucleus: migratory pain to RLQ + movement pain] [Satellite-priority: focal evolution outweighs generic GI symptoms] [Conclusion: appendicitis],No
694,"For months my hand joints have felt swollen and stiff when I wake up, although I once had a classic-looking gout attack in the toe, a past lab hinted my uric acid was above normal, while my family history includes rheumatoid arthritis.",Rheumatoid arthritis,"A correct interpretation must distinguish the durable background disease from the memorable acute event. The toe attack after dietary trigger is very salient and can bias reasoning toward gout, but the more informative structure of the case is the long-standing morning stiffness and symmetric small-joint involvement. Hyperuricemia is supportive of gout but not sufficient to explain the full chronic phenotype. Therefore RA is the stronger overall diagnosis.",Root: favor RA. [Nucleus: prolonged morning stiffness + symmetric small-joint involvement] [Satellite-contrast: toe flare + hyperuricemia -> gout clue] [Nucleus-elaboration: family history supports RA] [Satellite-resolution: acute event does not explain chronic baseline] [Conclusion: RA best fits chronic pattern],No
695,"This began like a respiratory infection with cough and chills, and then my right calf became painful and enlarged, and my chest feels tighter as I breathe, antibiotics changed the fever more than the dyspnea.",Pulmonary embolism,"A grounded reading preserves both hypotheses at first: pneumonia is plausible because of fever and cough, but the calf findings are a major red flag that changes the weighting of the case. Respiratory decline despite some improvement in fever also argues against a simple resolving infection. The vascular hypothesis explains the leg symptoms and the worsening dyspnea in one causal chain.",Root: favor PE. [Satellite-background: fever + cough -> pneumonia-like] [Nucleus: unilateral calf swelling/pain + worsening dyspnea -> DVT/PE] [Satellite-contrast: antibiotics helped fever only] [Satellite-causal: leg clot can explain lung symptoms] [Conclusion: PE better explains the pattern],No
696,"First I had middle abdominal pain, and then moved to the right lower side, with diarrhea complicating the picture, motion makes the pain more intense.",Appendicitis,"A grounded interpretation gives more weight to the evolution and location of pain than to the presence of loose stool alone. Gastroenteritis is plausible at the start, but it does not explain the specific right-sided localization and movement-related pain as well as appendicitis does. The reasoning preserves diarrhea as background noise but allows the focal abdominal pattern to dominate.",Root: favor appendicitis. [Satellite-background: diarrhea -> gastroenteritis-like] [Nucleus: migratory pain to RLQ + movement pain] [Satellite-priority: focal evolution outweighs generic GI symptoms] [Conclusion: appendicitis],No
697,"The abdominal discomfort began centrally, before settling in the right lower abdomen, with diarrhea complicating the picture, motion makes the pain more intense.",Viral gastroenteritis,This reasoning overvalues the commonness of viral illness and undervalues the specificity of pain migration. It treats the memorable loose stool as central and the more diagnostic localization as secondary. That produces premature closure on gastroenteritis.,Root: favor gastroenteritis. [Nucleus: diarrhea + stomach-bug framing] [Satellite-reinterpretation: RLQ pain + movement pain -> cramping/soreness] [Satellite-anchor: GI symptoms overweight decision] [Conclusion: gastroenteritis],Yes
698,"I am losing weight even though my habits have not changed, my hands shake and my heart races, which pushed me toward a panic explanation, but I have thyroid-area fullness and visible eye changes.","Hyperthyroidism, likely Graves disease","The anxious feeling and racing heart can certainly mimic panic, but the broader physical pattern is much more informative. Unintentional weight loss, tremor, neck fullness, and visible eye changes point strongly toward hyperthyroidism, especially Graves disease. The anxiety is therefore better interpreted as part of the endocrine syndrome rather than as a separate primary psychiatric disorder. Fatigue does not contradict this, because prolonged thyrotoxicosis can also cause exhaustion.",Root: favor Graves. [Nucleus: weight loss + tremor + palpitations + neck fullness + eye changes] [Satellite-background: anxiety/panic-like features] [Satellite-integration: anxiety explained within endocrine syndrome] [Conclusion: hyperthyroidism unifies symptoms],No
699,"First I had middle abdominal pain, before settling in the right lower abdomen, and the bowel symptoms made it seem like food poisoning, movement clearly aggravates it.",Viral gastroenteritis,"The hallucinated explanation begins by anchoring on diarrhea and the patient’s suspicion of food poisoning. Once that benign gastrointestinal frame is chosen, the right lower quadrant localization is reinterpreted as cramping, and the worsening with movement is reduced to generalized soreness. This flattens a focal pain pattern into a diffuse stomach bug explanation and ignores the more informative anatomical evolution.",Root: favor gastroenteritis. [Nucleus: diarrhea + stomach-bug framing] [Satellite-reinterpretation: RLQ pain + movement pain -> cramping/soreness] [Satellite-anchor: GI symptoms overweight decision] [Conclusion: gastroenteritis],Yes
700,"I am losing weight even though my habits have not changed, my hands shake and my heart races, so I wondered if it was panic, but I have thyroid-area fullness and visible eye changes.",Panic disorder,This interpretation fails by treating the psychiatric flavor of the presentation as decisive and treating the physical findings as optional or unreliable. It is an example of premature psychologizing. The result is a diagnosis that is rhetorically smooth but structurally weak.,Root: favor panic disorder. [Nucleus: anxiety + shakiness + tachycardia] [Satellite-reinterpretation: weight loss -> stress] [Satellite-dismissal: eye changes + neck fullness subjective] [Satellite-psychologizing: physical findings subordinated to emotional frame] [Conclusion: panic disorder explains symptoms],Yes
701,"I am always thirsty and urinating much more than normal, and I am getting thinner without trying, my sight is becoming blurry, and lately I feel nauseated with stomach pain, despite being overweight with strong family history.",Type 2 diabetes only,"This line of reasoning mistakes a risk factor pattern for a complete explanation. It privileges what the patient looks like over how the disease is behaving in the moment. By downplaying the catabolic and potentially ketotic features, it reaches an overconfident type 2-only conclusion.",Root: favor type 2 only. [Nucleus: obesity + family history] [Satellite-downplay: weight loss + abdominal symptoms] [Satellite-stereotype: overweight argues against type 1] [Satellite-closure: phenotype overrides physiology] [Conclusion: type 2 only],Yes
702,"I first developed fever and cough like I was getting pneumonia, but now one calf is swollen and sore, and my chest feels tighter as I breathe, some fever improvement happened, but breathing worsened anyway.",Pulmonary embolism,"The infection-like opening of the story is misleading, but the later evolution is more important. Unilateral calf swelling and pain create a strong signal for deep vein thrombosis, and worsening shortness of breath makes pulmonary embolism a much better fit than uncomplicated pneumonia. Fever and cough can occur in PE and therefore do not settle the case in favor of infection. Partial improvement of fever after antibiotics is weak evidence and does not explain why breathing worsened. The full cross-system pattern is more coherent as venous thromboembolism with pulmonary embolism.",Root: favor PE. [Satellite-background: fever + cough -> pneumonia-like] [Nucleus: unilateral calf swelling/pain + worsening dyspnea -> DVT/PE] [Satellite-contrast: antibiotics helped fever only] [Satellite-causal: leg clot can explain lung symptoms] [Conclusion: PE better explains the pattern],No
703,"I am unusually tired and sluggish, I have puffiness and dry skin, and I gain weight although I do not eat much, but occasional anxiety and skipped beats confuse me, while an earlier test was near normal.",Hypothyroidism,"The dominant syndrome is hypothyroid: fatigue, weight gain despite low intake, puffiness, and dry skin form a coherent metabolic picture. Anxiety and occasional palpitations are real conflicting clues, but they are not sufficient to overturn the much broader hypothyroid pattern. An older borderline-normal lab result is weak evidence because symptoms may have evolved since then. The full pattern therefore favors hypothyroidism more than a primary anxiety disorder.",Root: favor hypothyroidism. [Nucleus: fatigue + weight gain + puffiness + dry skin] [Satellite-contrast: palpitations/anxiety] [Satellite-background: old borderline-normal test] [Satellite-integration: syndrome coherence outweighs isolated conflict] [Conclusion: hypothyroidism],No
704,"I have become thinner for no clear reason, I feel shaky with a racing heartbeat, and I framed it as an anxiety issue, though I also have a sense of fullness in my neck and eye changes.","Hyperthyroidism, likely Graves disease","The anxious feeling and racing heart can certainly mimic panic, but the broader physical pattern is much more informative. Unintentional weight loss, tremor, neck fullness, and visible eye changes point strongly toward hyperthyroidism, especially Graves disease. The anxiety is therefore better interpreted as part of the endocrine syndrome rather than as a separate primary psychiatric disorder. Fatigue does not contradict this, because prolonged thyrotoxicosis can also cause exhaustion.",Root: favor Graves. [Nucleus: weight loss + tremor + palpitations + neck fullness + eye changes] [Satellite-background: anxiety/panic-like features] [Satellite-integration: anxiety explained within endocrine syndrome] [Conclusion: hyperthyroidism unifies symptoms],No
705,"The problem started like a routine UTI, then I started having fever and upper back discomfort, I also started vomiting, despite mild improvement in the local urinary pain.",Pyelonephritis,A grounded explanation keeps the early dysuria and frequency in the background while allowing the systemic and flank findings to drive the conclusion. Vomiting and fever are not well explained by a simple resolving bladder infection. Pyelonephritis is the stronger diagnosis because it explains both the urinary origin and the systemic deterioration.,Root: favor pyelonephritis. [Satellite-background: dysuria + frequency -> cystitis] [Nucleus: fever + flank/back pain + vomiting + systemic illness] [Satellite-contrast: burning improved] [Satellite-escalation: local infection evolved into systemic picture] [Conclusion: pyelonephritis],No
706,"When I walk uphill I feel pressure in my chest, although heavy dinners also cause burning in my chest, yesterday it spread to my jaw and I became clammy, I’m 61 and a smoker, and I told myself it was probably GERD.",Acute coronary syndrome / unstable angina,"Although the history contains gastrointestinal-looking features, the core nucleus of the case is exertional chest pressure with autonomic symptoms and radiation. Those findings are more discriminative for coronary ischemia than for simple reflux. Antacid response or meal timing can be misleading and do not exclude a cardiac cause. Because the patient is older and has major cardiovascular risk factors, it would be unsafe to anchor on GERD. The best synthesis is that a cardiac diagnosis should be prioritized.",Root: favor ACS. [Nucleus: exertional pain + radiation + sweating -> ischemia] [Satellite-contrast: meal/spicy-food burning + antacid relief -> GERD-like] [Nucleus-elaboration: age/risk factors increase cardiac risk] [Satellite-safety: dangerous diagnosis should be prioritized] [Conclusion: prioritize ACS],No
707,"My wrists and finger joints stay stiff for a long time each morning, although I once had a classic-looking gout attack in the toe, I remember one lab showing increased uric acid, and I know RA affected my mother.",Rheumatoid arthritis,"The chronic pattern is the deciding factor here. Morning stiffness lasting over an hour, together with persistent hand and wrist involvement, strongly favors rheumatoid arthritis because this is a classic symmetric inflammatory small-joint presentation. The toe flare and prior hyperuricemia are genuine gout-like clues, but they are episodic and do not explain the chronic baseline syndrome. Family history of RA adds weight to the inflammatory arthritis interpretation. The best synthesis is that RA explains the ongoing pattern.",Root: favor RA. [Nucleus: prolonged morning stiffness + symmetric small-joint involvement] [Satellite-contrast: toe flare + hyperuricemia -> gout clue] [Nucleus-elaboration: family history supports RA] [Satellite-resolution: acute event does not explain chronic baseline] [Conclusion: RA best fits chronic pattern],No
708,"The early symptoms were classic urinary burning and frequency, but then I developed fever and back pain, vomiting appeared later in the course, although the burning is not as bad as before.",Simple cystitis,"The hallucinated interpretation continues to treat the case as a simple bladder infection because dysuria and frequency came first. Once that anchor is fixed, fever, vomiting, and back pain are recast as dehydration, muscle pain, or generic effects of being unwell. The slight improvement in burning is overread as a sign that the infection is resolving, even though the overall picture is getting worse. This is a failure to update the diagnosis when new higher-severity evidence appears.",Root: favor cystitis. [Nucleus: dysuria + frequency] [Satellite-reinterpretation: back pain + vomiting -> dehydration/strain] [Satellite-overclaim: burning improved -> infection resolving] [Satellite-failure-to-update: early label retained despite escalation] [Conclusion: simple cystitis],Yes
709,"At first it felt like a simple bladder infection, but then I developed fever and back pain, and vomiting became part of the illness, even though the bladder symptoms softened somewhat.",Pyelonephritis,A grounded explanation keeps the early dysuria and frequency in the background while allowing the systemic and flank findings to drive the conclusion. Vomiting and fever are not well explained by a simple resolving bladder infection. Pyelonephritis is the stronger diagnosis because it explains both the urinary origin and the systemic deterioration.,Root: favor pyelonephritis. [Satellite-background: dysuria + frequency -> cystitis] [Nucleus: fever + flank/back pain + vomiting + systemic illness] [Satellite-contrast: burning improved] [Satellite-escalation: local infection evolved into systemic picture] [Conclusion: pyelonephritis],No
710,"The pain initially felt like it was around my belly button, before focusing on the lower right area, although I also had diarrhea, walking makes it worse.",Viral gastroenteritis,"The hallucinated explanation begins by anchoring on diarrhea and the patient’s suspicion of food poisoning. Once that benign gastrointestinal frame is chosen, the right lower quadrant localization is reinterpreted as cramping, and the worsening with movement is reduced to generalized soreness. This flattens a focal pain pattern into a diffuse stomach bug explanation and ignores the more informative anatomical evolution.",Root: favor gastroenteritis. [Nucleus: diarrhea + stomach-bug framing] [Satellite-reinterpretation: RLQ pain + movement pain -> cramping/soreness] [Satellite-anchor: GI symptoms overweight decision] [Conclusion: gastroenteritis],Yes
711,"I keep drinking water and going to the bathroom, and I am losing weight, my eyes seem out of focus sometimes, plus I now have nausea and abdominal pain, but my body type and family history look like type 2.","Diabetes mellitus, likely type 1 physiology","The central issue is not the body habitus alone but the physiology suggested by the symptoms. Polyuria, polydipsia, weight loss, blurry vision, and abdominal symptoms suggest substantial hyperglycemia with possible ketosis or evolving insulin deficiency. Obesity and a family history of type 2 diabetes are meaningful competing clues, but they do not erase the catabolic pattern. In a younger patient, weight loss with nausea and abdominal pain should raise concern for type 1 physiology or at least urgent insulin-requiring diabetes.",Root: favor diabetes with likely type 1 physiology. [Nucleus: thirst + urination + weight loss + blurry vision + nausea] [Satellite-contrast: obesity + family history -> type 2 clue] [Satellite-urgency: abdominal symptoms suggest ketosis risk] [Conclusion: urgent insulin-deficiency picture],No
712,"The first phase seemed like ordinary cystitis, and then the infection seemed to move upward with fever, plus I started vomiting recently, while the dysuria became less intense.",Pyelonephritis,A grounded explanation keeps the early dysuria and frequency in the background while allowing the systemic and flank findings to drive the conclusion. Vomiting and fever are not well explained by a simple resolving bladder infection. Pyelonephritis is the stronger diagnosis because it explains both the urinary origin and the systemic deterioration.,Root: favor pyelonephritis. [Satellite-background: dysuria + frequency -> cystitis] [Nucleus: fever + flank/back pain + vomiting + systemic illness] [Satellite-contrast: burning improved] [Satellite-escalation: local infection evolved into systemic picture] [Conclusion: pyelonephritis],No
713,"I have nonstop thirst and frequent urination, and I am getting thinner without trying, my eyesight goes fuzzy at times, and lately I feel nauseated with stomach pain, despite being overweight with strong family history.","Diabetes mellitus, likely type 1 physiology","The central issue is not the body habitus alone but the physiology suggested by the symptoms. Polyuria, polydipsia, weight loss, blurry vision, and abdominal symptoms suggest substantial hyperglycemia with possible ketosis or evolving insulin deficiency. Obesity and a family history of type 2 diabetes are meaningful competing clues, but they do not erase the catabolic pattern. In a younger patient, weight loss with nausea and abdominal pain should raise concern for type 1 physiology or at least urgent insulin-requiring diabetes.",Root: favor diabetes with likely type 1 physiology. [Nucleus: thirst + urination + weight loss + blurry vision + nausea] [Satellite-contrast: obesity + family history -> type 2 clue] [Satellite-urgency: abdominal symptoms suggest ketosis risk] [Conclusion: urgent insulin-deficiency picture],No
714,"My weight is dropping even though I am not dieting, I feel trembly and my pulse pounds, so I wondered if it was panic, but friends mention my eyes and I notice neck fullness.",Panic disorder,This interpretation fails by treating the psychiatric flavor of the presentation as decisive and treating the physical findings as optional or unreliable. It is an example of premature psychologizing. The result is a diagnosis that is rhetorically smooth but structurally weak.,Root: favor panic disorder. [Nucleus: anxiety + shakiness + tachycardia] [Satellite-reinterpretation: weight loss -> stress] [Satellite-dismissal: eye changes + neck fullness subjective] [Satellite-psychologizing: physical findings subordinated to emotional frame] [Conclusion: panic disorder explains symptoms],Yes
715,"I have become thinner for no clear reason, there is a tremor in my hands and fast heartbeat, and I thought this was all just anxiety, but my neck feels full and people say my eyes look different.","Hyperthyroidism, likely Graves disease",A correct reading resists the temptation to stop at the psychiatric-looking symptoms. The visible bodily signs carry more diagnostic weight: goiter-like neck fullness and eye prominence are especially important because they are difficult to explain by panic disorder alone. Weight loss and tremor strengthen the endocrine interpretation further.,Root: favor Graves. [Nucleus: weight loss + tremor + palpitations + neck fullness + eye changes] [Satellite-background: anxiety/panic-like features] [Satellite-integration: anxiety explained within endocrine syndrome] [Conclusion: hyperthyroidism unifies symptoms],No
716,"I feel exhausted and slowed down, people notice I look puffy and dry-skinned, while my weight has gone up even though I eat less, still, I get episodes of nervousness and palpitations, and one older lab gave false reassurance.",Hypothyroidism,"A correct reading identifies the cluster rather than overreacting to one contradictory symptom. Palpitations and anxiety can occur for many reasons and do not erase the metabolically slowed presentation. The more integrated explanation is thyroid underactivity, with the old near-normal test retained as background rather than treated as decisive.",Root: favor hypothyroidism. [Nucleus: fatigue + weight gain + puffiness + dry skin] [Satellite-contrast: palpitations/anxiety] [Satellite-background: old borderline-normal test] [Satellite-integration: syndrome coherence outweighs isolated conflict] [Conclusion: hypothyroidism],No
717,"It started with cough and fever like a chest infection, but now one calf is swollen and sore, while the shortness of breath kept escalating, antibiotics maybe reduced the fever but not the breathing trouble.",Pneumonia,"The reasoning gives priority to the story’s opening frame of cough, fever, and a cold-like illness and turns that into a pneumonia anchor. Once anchored, the swollen calf is reinterpreted as body aches, muscle strain, or reduced movement from being sick, even though calf swelling is not well explained that way. A small fever response to antibiotics is overread as confirmation of infection. This creates a premature closure on pneumonia while ignoring the stronger thromboembolic structure of the case.",Root: favor pneumonia. [Nucleus: fever + cough + dyspnea -> pneumonia] [Satellite-reinterpretation: calf swelling/pain -> body aches or strain] [Satellite-overclaim: antibiotics response confirms infection] [Satellite-closure: common diagnosis chosen early] [Conclusion: pneumonia is primary],Yes
718,"I am unusually tired and sluggish, my skin is dry and my face seems swollen, and I gain weight although I do not eat much, still, I sometimes feel anxious or notice skipped beats, and an old thyroid test was called borderline normal.",Hypothyroidism,"A correct reading identifies the cluster rather than overreacting to one contradictory symptom. Palpitations and anxiety can occur for many reasons and do not erase the metabolically slowed presentation. The more integrated explanation is thyroid underactivity, with the old near-normal test retained as background rather than treated as decisive.",Root: favor hypothyroidism. [Nucleus: fatigue + weight gain + puffiness + dry skin] [Satellite-contrast: palpitations/anxiety] [Satellite-background: old borderline-normal test] [Satellite-integration: syndrome coherence outweighs isolated conflict] [Conclusion: hypothyroidism],No
719,"Initially it was just burning and frequent urination, before systemic symptoms and back pain arrived, I also started vomiting, even though the burning got a little better.",Pyelonephritis,"The case begins like cystitis, but it does not stay there. The later development of fever, flank or back pain, vomiting, and systemic illness strongly suggests upper urinary tract infection, namely pyelonephritis. Improvement in local burning does not counterbalance the worsening systemic picture. In fact, the change from local urinary discomfort to broader constitutional illness is exactly what makes the case more serious.",Root: favor pyelonephritis. [Satellite-background: dysuria + frequency -> cystitis] [Nucleus: fever + flank/back pain + vomiting + systemic illness] [Satellite-contrast: burning improved] [Satellite-escalation: local infection evolved into systemic picture] [Conclusion: pyelonephritis],No
720,"At first it felt like a simple bladder infection, then I started having fever and upper back discomfort, there is now nausea and vomiting too, while the original bladder symptoms seem a bit better.",Simple cystitis,"This reasoning privileges chronology over severity. It assumes that the first label applied must remain correct, and it explains away later findings instead of revising the model. The result is a falsely reassuring cystitis diagnosis.",Root: favor cystitis. [Nucleus: dysuria + frequency] [Satellite-reinterpretation: back pain + vomiting -> dehydration/strain] [Satellite-overclaim: burning improved -> infection resolving] [Satellite-failure-to-update: early label retained despite escalation] [Conclusion: simple cystitis],Yes
721,"I feel exhausted and slowed down, my skin is dry and my face seems swollen, but I am gaining weight without eating much, but I occasionally feel my heart skip and get anxious, and an old thyroid test was called borderline normal.",Anxiety disorder,"The hallucinated reasoning starts from emotionally salient features such as anxiety, palpitations, and headaches and treats them as the core disorder. The weight gain, puffiness, and dry skin are then demoted to lifestyle or stress effects, even though together they form a much more specific hypothyroid cluster. The prior borderline-normal thyroid test is overvalued as if it nearly rules out thyroid disease. This produces a psychologized conclusion that fails to account for the whole syndrome.",Root: favor anxiety disorder. [Nucleus: palpitations + anxiety + headaches] [Satellite-reinterpretation: weight gain + dry skin -> lifestyle/stress] [Satellite-overweight: borderline-normal thyroid test] [Satellite-psychologizing: endocrine cluster fragmented] [Conclusion: anxiety disorder],Yes
722,"I feel pressure in my chest during brisk walking, although heavy dinners also cause burning in my chest, I recently had sweating and pain radiating toward my jaw, I’m 59 and a smoker with high cholesterol, so I tried to ignore it as stomach-related.",Gastroesophageal reflux disease,"The reasoning starts from the convenient clue of post-meal burning and promotes it to the central explanation. From there, contradictory evidence is explained away: radiation becomes panic, sweating becomes distress, and vascular risk factors are treated as background rather than decision-driving information. This creates an overconfident but weakly justified conclusion in favor of reflux. The higher-risk explanation is prematurely dismissed.",Root: favor GERD. [Nucleus: meals/spicy food + antacid relief -> reflux] [Satellite-downplay: radiation + sweating -> anxiety response] [Satellite-ignore: exertional trigger + cardiac risk] [Satellite-closure: benign diagnosis chosen early] [Conclusion: GERD explains symptoms],Yes
723,"I am slimming down without meaning to, my body feels revved up with tremor and palpitations, and emotionally it feels like a panic attack, but friends mention my eyes and I notice neck fullness.",Panic disorder,"The hallucinated reasoning elevates anxiety, shakiness, and palpitations to the center of the case because they are familiar panic symptoms. Once that frame is adopted, weight loss is explained as stress, neck fullness is described as subjective, and eye changes are brushed aside as tired appearance. This prevents the model from integrating the bodily findings into a coherent endocrine picture. The conclusion settles on panic disorder not because it explains the full evidence best, but because it captures the most familiar emotional cues.",Root: favor panic disorder. [Nucleus: anxiety + shakiness + tachycardia] [Satellite-reinterpretation: weight loss -> stress] [Satellite-dismissal: eye changes + neck fullness subjective] [Satellite-psychologizing: physical findings subordinated to emotional frame] [Conclusion: panic disorder explains symptoms],Yes
724,"It started with cough and fever like a chest infection, but the strange part is that one lower leg is swollen, while the shortness of breath kept escalating, antibiotics maybe reduced the fever but not the breathing trouble.",Pneumonia,"This explanation begins with a common respiratory diagnosis and then forces later clues to fit it. The respiratory symptoms are treated as decisive, while the unilateral leg findings are relegated to an afterthought. The logic also commits a false-confirmation move by treating partial fever improvement as proof of pneumonia.",Root: favor pneumonia. [Nucleus: fever + cough + dyspnea -> pneumonia] [Satellite-reinterpretation: calf swelling/pain -> body aches or strain] [Satellite-overclaim: antibiotics response confirms infection] [Satellite-closure: common diagnosis chosen early] [Conclusion: pneumonia is primary],Yes
725,"Everything feels slowed and heavy lately, my face looks puffy and my skin is dry, but reduced appetite has not stopped weight gain, but occasional anxiety and skipped beats confuse me, and a months-old test did not look very abnormal.",Hypothyroidism,"A correct reading identifies the cluster rather than overreacting to one contradictory symptom. Palpitations and anxiety can occur for many reasons and do not erase the metabolically slowed presentation. The more integrated explanation is thyroid underactivity, with the old near-normal test retained as background rather than treated as decisive.",Root: favor hypothyroidism. [Nucleus: fatigue + weight gain + puffiness + dry skin] [Satellite-contrast: palpitations/anxiety] [Satellite-background: old borderline-normal test] [Satellite-integration: syndrome coherence outweighs isolated conflict] [Conclusion: hypothyroidism],No
726,"My weight is dropping even though I am not dieting, there is a tremor in my hands and fast heartbeat, so I suspected a stress problem, even so, there is neck swelling and unusual eye appearance.",Panic disorder,"The hallucinated reasoning elevates anxiety, shakiness, and palpitations to the center of the case because they are familiar panic symptoms. Once that frame is adopted, weight loss is explained as stress, neck fullness is described as subjective, and eye changes are brushed aside as tired appearance. This prevents the model from integrating the bodily findings into a coherent endocrine picture. The conclusion settles on panic disorder not because it explains the full evidence best, but because it captures the most familiar emotional cues.",Root: favor panic disorder. [Nucleus: anxiety + shakiness + tachycardia] [Satellite-reinterpretation: weight loss -> stress] [Satellite-dismissal: eye changes + neck fullness subjective] [Satellite-psychologizing: physical findings subordinated to emotional frame] [Conclusion: panic disorder explains symptoms],Yes
727,"My wrists and finger joints stay stiff for a long time each morning, but I did have a sudden hot swollen toe after a rich dinner, a previous doctor said my uric acid ran high, and rheumatoid arthritis runs in my family.",Gout,"The reasoning locks onto the vivid toe flare and the mention of high uric acid. Once those cues are treated as central, the chronic hand and wrist stiffness is generalized into the gout interpretation, even though that pattern is less typical for gout as a single unifying explanation. Family history of RA is then dismissed as incidental rather than integrated. The result is a diagnosis driven by salience and memorability rather than by the full temporal structure of the illness.",Root: favor gout. [Nucleus: toe flare after wine + hyperuricemia] [Satellite-generalization: chronic hand stiffness folded into gout] [Satellite-dismissal: family history of RA incidental] [Satellite-salience: vivid acute event overweights decision] [Conclusion: gout explains all symptoms],Yes
728,"At first I thought I had a bad cold with cough and fever, yet one calf started hurting and swelling, and my chest feels tighter as I breathe, some fever improvement happened, but breathing worsened anyway.",Pulmonary embolism,"The infection-like opening of the story is misleading, but the later evolution is more important. Unilateral calf swelling and pain create a strong signal for deep vein thrombosis, and worsening shortness of breath makes pulmonary embolism a much better fit than uncomplicated pneumonia. Fever and cough can occur in PE and therefore do not settle the case in favor of infection. Partial improvement of fever after antibiotics is weak evidence and does not explain why breathing worsened. The full cross-system pattern is more coherent as venous thromboembolism with pulmonary embolism.",Root: favor PE. [Satellite-background: fever + cough -> pneumonia-like] [Nucleus: unilateral calf swelling/pain + worsening dyspnea -> DVT/PE] [Satellite-contrast: antibiotics helped fever only] [Satellite-causal: leg clot can explain lung symptoms] [Conclusion: PE better explains the pattern],No
729,"The belly pain started near the center, and then moved to the right lower side, while loose stool made me assume gastroenteritis, I feel it more when I walk around.",Appendicitis,"A grounded interpretation gives more weight to the evolution and location of pain than to the presence of loose stool alone. Gastroenteritis is plausible at the start, but it does not explain the specific right-sided localization and movement-related pain as well as appendicitis does. The reasoning preserves diarrhea as background noise but allows the focal abdominal pattern to dominate.",Root: favor appendicitis. [Satellite-background: diarrhea -> gastroenteritis-like] [Nucleus: migratory pain to RLQ + movement pain] [Satellite-priority: focal evolution outweighs generic GI symptoms] [Conclusion: appendicitis],No
730,"When I hurry across a parking lot I feel chest squeezing, but late meals can make it feel more like heartburn, once it radiated to my shoulder and I broke into a sweat, I’m 61 and a smoker, and I told myself it was probably GERD.",Acute coronary syndrome / unstable angina,"Although the history contains gastrointestinal-looking features, the core nucleus of the case is exertional chest pressure with autonomic symptoms and radiation. Those findings are more discriminative for coronary ischemia than for simple reflux. Antacid response or meal timing can be misleading and do not exclude a cardiac cause. Because the patient is older and has major cardiovascular risk factors, it would be unsafe to anchor on GERD. The best synthesis is that a cardiac diagnosis should be prioritized.",Root: favor ACS. [Nucleus: exertional pain + radiation + sweating -> ischemia] [Satellite-contrast: meal/spicy-food burning + antacid relief -> GERD-like] [Nucleus-elaboration: age/risk factors increase cardiac risk] [Satellite-safety: dangerous diagnosis should be prioritized] [Conclusion: prioritize ACS],No
731,"Unplanned weight loss has been bothering me, I have tremor and constant palpitations, so I started calling it panic, though I also have a sense of fullness in my neck and eye changes.",Panic disorder,This interpretation fails by treating the psychiatric flavor of the presentation as decisive and treating the physical findings as optional or unreliable. It is an example of premature psychologizing. The result is a diagnosis that is rhetorically smooth but structurally weak.,Root: favor panic disorder. [Nucleus: anxiety + shakiness + tachycardia] [Satellite-reinterpretation: weight loss -> stress] [Satellite-dismissal: eye changes + neck fullness subjective] [Satellite-psychologizing: physical findings subordinated to emotional frame] [Conclusion: panic disorder explains symptoms],Yes
732,"My hands and wrists have been stiff every morning for over an hour, although one time my toe flared after seafood and alcohol, a past lab hinted my uric acid was above normal, and my mother had rheumatoid arthritis.",Rheumatoid arthritis,"The chronic pattern is the deciding factor here. Morning stiffness lasting over an hour, together with persistent hand and wrist involvement, strongly favors rheumatoid arthritis because this is a classic symmetric inflammatory small-joint presentation. The toe flare and prior hyperuricemia are genuine gout-like clues, but they are episodic and do not explain the chronic baseline syndrome. Family history of RA adds weight to the inflammatory arthritis interpretation. The best synthesis is that RA explains the ongoing pattern.",Root: favor RA. [Nucleus: prolonged morning stiffness + symmetric small-joint involvement] [Satellite-contrast: toe flare + hyperuricemia -> gout clue] [Nucleus-elaboration: family history supports RA] [Satellite-resolution: acute event does not explain chronic baseline] [Conclusion: RA best fits chronic pattern],No
733,"The abdominal discomfort began centrally, and later localized to the lower right, while loose stool made me assume gastroenteritis, movement clearly aggravates it.",Appendicitis,"The migratory pattern of pain is the key diagnostic clue. Pain beginning more centrally and then localizing to the right lower quadrant, especially when worsened by movement, is a classic appendiceal pattern and suggests peritoneal irritation. Diarrhea is a misleading but not decisive competing clue because gastrointestinal upset can coexist with appendicitis. The best synthesis is appendicitis rather than simple gastroenteritis.",Root: favor appendicitis. [Satellite-background: diarrhea -> gastroenteritis-like] [Nucleus: migratory pain to RLQ + movement pain] [Satellite-priority: focal evolution outweighs generic GI symptoms] [Conclusion: appendicitis],No
734,"I get chest tightness when climbing stairs, but sometimes it also comes after spicy food at night, I recently had sweating and pain radiating toward my jaw, I’m 56 with diabetes and high blood pressure, which made me dismiss it as acid reflux.",Gastroesophageal reflux disease,"The reasoning starts from the convenient clue of post-meal burning and promotes it to the central explanation. From there, contradictory evidence is explained away: radiation becomes panic, sweating becomes distress, and vascular risk factors are treated as background rather than decision-driving information. This creates an overconfident but weakly justified conclusion in favor of reflux. The higher-risk explanation is prematurely dismissed.",Root: favor GERD. [Nucleus: meals/spicy food + antacid relief -> reflux] [Satellite-downplay: radiation + sweating -> anxiety response] [Satellite-ignore: exertional trigger + cardiac risk] [Satellite-closure: benign diagnosis chosen early] [Conclusion: GERD explains symptoms],Yes
735,"When I walk uphill I feel pressure in my chest, but late meals can make it feel more like heartburn, one episode went into my arm and I felt nauseated and sweaty, I’m 63 with several heart risk factors, so I did not treat it like a heart problem.",Gastroesophageal reflux disease,"Because the discomfort sometimes follows food and the patient reports at least partial reflux-like features, GERD is taken as the main explanation. Once that anchor is adopted, the more dangerous clues, such as sweating and radiation to the arm or jaw, are reinterpreted as anxiety caused by pain rather than as evidence of ischemia. The exertional trigger is minimized as if it were incidental. This reasoning closes too early on a familiar benign diagnosis and fails to give adequate weight to cardiovascular risk factors.",Root: favor GERD. [Nucleus: meals/spicy food + antacid relief -> reflux] [Satellite-downplay: radiation + sweating -> anxiety response] [Satellite-ignore: exertional trigger + cardiac risk] [Satellite-closure: benign diagnosis chosen early] [Conclusion: GERD explains symptoms],Yes
736,"Unplanned weight loss has been bothering me, my heart pounds and my hands tremble, so I wondered if it was panic, except my neck seems enlarged and others notice my eyes.",Panic disorder,This interpretation fails by treating the psychiatric flavor of the presentation as decisive and treating the physical findings as optional or unreliable. It is an example of premature psychologizing. The result is a diagnosis that is rhetorically smooth but structurally weak.,Root: favor panic disorder. [Nucleus: anxiety + shakiness + tachycardia] [Satellite-reinterpretation: weight loss -> stress] [Satellite-dismissal: eye changes + neck fullness subjective] [Satellite-psychologizing: physical findings subordinated to emotional frame] [Conclusion: panic disorder explains symptoms],Yes
737,"I keep drinking water and going to the bathroom, with noticeable weight loss happening quickly, my eyes seem out of focus sometimes, plus I now have nausea and abdominal pain, although the family pattern suggests type 2.",Type 2 diabetes only,"The hallucinated reasoning starts from obesity and family history and treats those demographic clues as decisive. Once that anchor is in place, weight loss, nausea, and abdominal pain are minimized as secondary effects of high blood sugar rather than as warnings of insulin deficiency. The model also makes the unsupported leap that being overweight argues strongly against type 1 diabetes. This is a faulty compression of a complex presentation into a simplistic stereotype of type 2 disease.",Root: favor type 2 only. [Nucleus: obesity + family history] [Satellite-downplay: weight loss + abdominal symptoms] [Satellite-stereotype: overweight argues against type 1] [Satellite-closure: phenotype overrides physiology] [Conclusion: type 2 only],Yes
738,"The early symptoms were classic urinary burning and frequency, but then I developed fever and back pain, plus I started vomiting recently, while the dysuria became less intense.",Pyelonephritis,A grounded explanation keeps the early dysuria and frequency in the background while allowing the systemic and flank findings to drive the conclusion. Vomiting and fever are not well explained by a simple resolving bladder infection. Pyelonephritis is the stronger diagnosis because it explains both the urinary origin and the systemic deterioration.,Root: favor pyelonephritis. [Satellite-background: dysuria + frequency -> cystitis] [Nucleus: fever + flank/back pain + vomiting + systemic illness] [Satellite-contrast: burning improved] [Satellite-escalation: local infection evolved into systemic picture] [Conclusion: pyelonephritis],No
739,"My energy is very low and I feel slowed, my body feels puffy and my skin has become dry, while my weight has gone up even though I eat less, although brief anxiety-type symptoms do happen, while an earlier test was near normal.",Anxiety disorder,"This is a structural misweighting of evidence. The reasoning favors common, low-specificity symptoms and lets them dominate a richer endocrine pattern. The earlier lab is converted into false reassurance, and the physical signs are fragmented instead of integrated.",Root: favor anxiety disorder. [Nucleus: palpitations + anxiety + headaches] [Satellite-reinterpretation: weight gain + dry skin -> lifestyle/stress] [Satellite-overweight: borderline-normal thyroid test] [Satellite-psychologizing: endocrine cluster fragmented] [Conclusion: anxiety disorder],Yes
740,"It began with burning urination and frequent trips to the bathroom, and later fever with flank pain appeared, I also started vomiting, even though the burning got a little better.",Simple cystitis,"This reasoning privileges chronology over severity. It assumes that the first label applied must remain correct, and it explains away later findings instead of revising the model. The result is a falsely reassuring cystitis diagnosis.",Root: favor cystitis. [Nucleus: dysuria + frequency] [Satellite-reinterpretation: back pain + vomiting -> dehydration/strain] [Satellite-overclaim: burning improved -> infection resolving] [Satellite-failure-to-update: early label retained despite escalation] [Conclusion: simple cystitis],Yes
741,"I am slimming down without meaning to, I feel trembly and my pulse pounds, which pushed me toward a panic explanation, but my neck feels full and people say my eyes look different.","Hyperthyroidism, likely Graves disease",A correct reading resists the temptation to stop at the psychiatric-looking symptoms. The visible bodily signs carry more diagnostic weight: goiter-like neck fullness and eye prominence are especially important because they are difficult to explain by panic disorder alone. Weight loss and tremor strengthen the endocrine interpretation further.,Root: favor Graves. [Nucleus: weight loss + tremor + palpitations + neck fullness + eye changes] [Satellite-background: anxiety/panic-like features] [Satellite-integration: anxiety explained within endocrine syndrome] [Conclusion: hyperthyroidism unifies symptoms],No
742,"The thirst and bathroom trips are happening all day, while the scale keeps going down, I keep noticing visual blurring, and I have started getting abdominal discomfort and nausea, even though obesity and family diabetes point the other way.","Diabetes mellitus, likely type 1 physiology","The central issue is not the body habitus alone but the physiology suggested by the symptoms. Polyuria, polydipsia, weight loss, blurry vision, and abdominal symptoms suggest substantial hyperglycemia with possible ketosis or evolving insulin deficiency. Obesity and a family history of type 2 diabetes are meaningful competing clues, but they do not erase the catabolic pattern. In a younger patient, weight loss with nausea and abdominal pain should raise concern for type 1 physiology or at least urgent insulin-requiring diabetes.",Root: favor diabetes with likely type 1 physiology. [Nucleus: thirst + urination + weight loss + blurry vision + nausea] [Satellite-contrast: obesity + family history -> type 2 clue] [Satellite-urgency: abdominal symptoms suggest ketosis risk] [Conclusion: urgent insulin-deficiency picture],No
743,"I notice chest pressure when carrying groceries, but sometimes it also comes after spicy food at night, last week the pain went to my left arm and I got sweaty, I’m 59 and a smoker with high cholesterol, so I thought it was just reflux.",Acute coronary syndrome / unstable angina,"Although the history contains gastrointestinal-looking features, the core nucleus of the case is exertional chest pressure with autonomic symptoms and radiation. Those findings are more discriminative for coronary ischemia than for simple reflux. Antacid response or meal timing can be misleading and do not exclude a cardiac cause. Because the patient is older and has major cardiovascular risk factors, it would be unsafe to anchor on GERD. The best synthesis is that a cardiac diagnosis should be prioritized.",Root: favor ACS. [Nucleus: exertional pain + radiation + sweating -> ischemia] [Satellite-contrast: meal/spicy-food burning + antacid relief -> GERD-like] [Nucleus-elaboration: age/risk factors increase cardiac risk] [Satellite-safety: dangerous diagnosis should be prioritized] [Conclusion: prioritize ACS],No
744,"I notice chest pressure when carrying groceries, but late meals can make it feel more like heartburn, during the worst spell it moved to my jaw and I felt faint, I’m 56 with diabetes and high blood pressure, so I blamed spicy food instead of my heart.",Acute coronary syndrome / unstable angina,"The most important feature is that the chest discomfort is triggered by exertion rather than only by meals. Radiation to the arm or jaw and associated sweating are classic high-risk clues for myocardial ischemia. The reflux-like features are real conflicting clues, but they are lower-specificity findings and do not neutralize the cardiac risk pattern. The patient’s age and vascular risk factors increase the pretest probability of acute coronary syndrome. A safer and more coherent interpretation is that this is unstable angina or another ACS presentation until proven otherwise.",Root: favor ACS. [Nucleus: exertional pain + radiation + sweating -> ischemia] [Satellite-contrast: meal/spicy-food burning + antacid relief -> GERD-like] [Nucleus-elaboration: age/risk factors increase cardiac risk] [Satellite-safety: dangerous diagnosis should be prioritized] [Conclusion: prioritize ACS],No
745,"My chest discomfort starts with exertion, yet I also notice burning after greasy food, a recent attack made me sweaty and sent pain toward my left arm, I’m 59 and a smoker with high cholesterol, so I kept assuming it was indigestion.",Acute coronary syndrome / unstable angina,"Although the history contains gastrointestinal-looking features, the core nucleus of the case is exertional chest pressure with autonomic symptoms and radiation. Those findings are more discriminative for coronary ischemia than for simple reflux. Antacid response or meal timing can be misleading and do not exclude a cardiac cause. Because the patient is older and has major cardiovascular risk factors, it would be unsafe to anchor on GERD. The best synthesis is that a cardiac diagnosis should be prioritized.",Root: favor ACS. [Nucleus: exertional pain + radiation + sweating -> ischemia] [Satellite-contrast: meal/spicy-food burning + antacid relief -> GERD-like] [Nucleus-elaboration: age/risk factors increase cardiac risk] [Satellite-safety: dangerous diagnosis should be prioritized] [Conclusion: prioritize ACS],No
746,"The main feeling is deep fatigue and slowing, my face looks puffy and my skin is dry, yet the scale keeps rising even with low intake, though I sometimes have palpitations and nervousness, but an old thyroid panel was not clearly abnormal.",Anxiety disorder,"The hallucinated reasoning starts from emotionally salient features such as anxiety, palpitations, and headaches and treats them as the core disorder. The weight gain, puffiness, and dry skin are then demoted to lifestyle or stress effects, even though together they form a much more specific hypothyroid cluster. The prior borderline-normal thyroid test is overvalued as if it nearly rules out thyroid disease. This produces a psychologized conclusion that fails to account for the whole syndrome.",Root: favor anxiety disorder. [Nucleus: palpitations + anxiety + headaches] [Satellite-reinterpretation: weight gain + dry skin -> lifestyle/stress] [Satellite-overweight: borderline-normal thyroid test] [Satellite-psychologizing: endocrine cluster fragmented] [Conclusion: anxiety disorder],Yes
747,"My energy is very low and I feel slowed, my skin is dry and my face seems swollen, but I am gaining weight without eating much, still, I sometimes feel anxious or notice skipped beats, and a previous result was interpreted as basically normal.",Hypothyroidism,"A correct reading identifies the cluster rather than overreacting to one contradictory symptom. Palpitations and anxiety can occur for many reasons and do not erase the metabolically slowed presentation. The more integrated explanation is thyroid underactivity, with the old near-normal test retained as background rather than treated as decisive.",Root: favor hypothyroidism. [Nucleus: fatigue + weight gain + puffiness + dry skin] [Satellite-contrast: palpitations/anxiety] [Satellite-background: old borderline-normal test] [Satellite-integration: syndrome coherence outweighs isolated conflict] [Conclusion: hypothyroidism],No
748,"The first pain was in the middle of my abdomen, and later localized to the lower right, while loose stool made me assume gastroenteritis, walking or jarring makes the pain worse.",Viral gastroenteritis,This reasoning overvalues the commonness of viral illness and undervalues the specificity of pain migration. It treats the memorable loose stool as central and the more diagnostic localization as secondary. That produces premature closure on gastroenteritis.,Root: favor gastroenteritis. [Nucleus: diarrhea + stomach-bug framing] [Satellite-reinterpretation: RLQ pain + movement pain -> cramping/soreness] [Satellite-anchor: GI symptoms overweight decision] [Conclusion: gastroenteritis],Yes
749,"My chest discomfort starts with exertion, even though I also get burning after lying down post-dinner, one episode went into my arm and I felt nauseated and sweaty, I’m 67 and diabetic and hypertensive, and I told myself it was probably GERD.",Gastroesophageal reflux disease,"The reasoning starts from the convenient clue of post-meal burning and promotes it to the central explanation. From there, contradictory evidence is explained away: radiation becomes panic, sweating becomes distress, and vascular risk factors are treated as background rather than decision-driving information. This creates an overconfident but weakly justified conclusion in favor of reflux. The higher-risk explanation is prematurely dismissed.",Root: favor GERD. [Nucleus: meals/spicy food + antacid relief -> reflux] [Satellite-downplay: radiation + sweating -> anxiety response] [Satellite-ignore: exertional trigger + cardiac risk] [Satellite-closure: benign diagnosis chosen early] [Conclusion: GERD explains symptoms],Yes
750,"I have nonstop thirst and frequent urination, and I am getting thinner without trying, there is intermittent blurred vision too, with nausea and stomach upset appearing too, but I still look like someone with type 2 risk.",Type 2 diabetes only,"The hallucinated reasoning starts from obesity and family history and treats those demographic clues as decisive. Once that anchor is in place, weight loss, nausea, and abdominal pain are minimized as secondary effects of high blood sugar rather than as warnings of insulin deficiency. The model also makes the unsupported leap that being overweight argues strongly against type 1 diabetes. This is a faulty compression of a complex presentation into a simplistic stereotype of type 2 disease.",Root: favor type 2 only. [Nucleus: obesity + family history] [Satellite-downplay: weight loss + abdominal symptoms] [Satellite-stereotype: overweight argues against type 1] [Satellite-closure: phenotype overrides physiology] [Conclusion: type 2 only],Yes
751,"The main feeling is deep fatigue and slowing, my skin is dry and my face seems swollen, and I gain weight although I do not eat much, still, I sometimes feel anxious or notice skipped beats, and one older lab gave false reassurance.",Hypothyroidism,"The dominant syndrome is hypothyroid: fatigue, weight gain despite low intake, puffiness, and dry skin form a coherent metabolic picture. Anxiety and occasional palpitations are real conflicting clues, but they are not sufficient to overturn the much broader hypothyroid pattern. An older borderline-normal lab result is weak evidence because symptoms may have evolved since then. The full pattern therefore favors hypothyroidism more than a primary anxiety disorder.",Root: favor hypothyroidism. [Nucleus: fatigue + weight gain + puffiness + dry skin] [Satellite-contrast: palpitations/anxiety] [Satellite-background: old borderline-normal test] [Satellite-integration: syndrome coherence outweighs isolated conflict] [Conclusion: hypothyroidism],No
752,"It began with burning urination and frequent trips to the bathroom, and it progressed to fever with side or back pain, there is now nausea and vomiting too, even though the burning got a little better.",Pyelonephritis,A grounded explanation keeps the early dysuria and frequency in the background while allowing the systemic and flank findings to drive the conclusion. Vomiting and fever are not well explained by a simple resolving bladder infection. Pyelonephritis is the stronger diagnosis because it explains both the urinary origin and the systemic deterioration.,Root: favor pyelonephritis. [Satellite-background: dysuria + frequency -> cystitis] [Nucleus: fever + flank/back pain + vomiting + systemic illness] [Satellite-contrast: burning improved] [Satellite-escalation: local infection evolved into systemic picture] [Conclusion: pyelonephritis],No
753,"I feel exhausted and slowed down, I look puffy and my skin texture has changed, and I have gained weight despite low appetite, but occasional anxiety and skipped beats confuse me, and one older lab gave false reassurance.",Hypothyroidism,"The dominant syndrome is hypothyroid: fatigue, weight gain despite low intake, puffiness, and dry skin form a coherent metabolic picture. Anxiety and occasional palpitations are real conflicting clues, but they are not sufficient to overturn the much broader hypothyroid pattern. An older borderline-normal lab result is weak evidence because symptoms may have evolved since then. The full pattern therefore favors hypothyroidism more than a primary anxiety disorder.",Root: favor hypothyroidism. [Nucleus: fatigue + weight gain + puffiness + dry skin] [Satellite-contrast: palpitations/anxiety] [Satellite-background: old borderline-normal test] [Satellite-integration: syndrome coherence outweighs isolated conflict] [Conclusion: hypothyroidism],No
754,"The pain initially felt like it was around my belly button, then it migrated down to the right, and GI upset made me doubt appendicitis, it is sharper whenever I move.",Appendicitis,"The migratory pattern of pain is the key diagnostic clue. Pain beginning more centrally and then localizing to the right lower quadrant, especially when worsened by movement, is a classic appendiceal pattern and suggests peritoneal irritation. Diarrhea is a misleading but not decisive competing clue because gastrointestinal upset can coexist with appendicitis. The best synthesis is appendicitis rather than simple gastroenteritis.",Root: favor appendicitis. [Satellite-background: diarrhea -> gastroenteritis-like] [Nucleus: migratory pain to RLQ + movement pain] [Satellite-priority: focal evolution outweighs generic GI symptoms] [Conclusion: appendicitis],No
755,"I have become thinner for no clear reason, I feel shaky with a racing heartbeat, and I thought this was all just anxiety, even so, there is neck swelling and unusual eye appearance.","Hyperthyroidism, likely Graves disease",A correct reading resists the temptation to stop at the psychiatric-looking symptoms. The visible bodily signs carry more diagnostic weight: goiter-like neck fullness and eye prominence are especially important because they are difficult to explain by panic disorder alone. Weight loss and tremor strengthen the endocrine interpretation further.,Root: favor Graves. [Nucleus: weight loss + tremor + palpitations + neck fullness + eye changes] [Satellite-background: anxiety/panic-like features] [Satellite-integration: anxiety explained within endocrine syndrome] [Conclusion: hyperthyroidism unifies symptoms],No
756,"I cannot stop drinking and peeing, and I am losing weight, there is intermittent blurred vision too, plus there is recent nausea with belly pain, although the family pattern suggests type 2.","Diabetes mellitus, likely type 1 physiology","The central issue is not the body habitus alone but the physiology suggested by the symptoms. Polyuria, polydipsia, weight loss, blurry vision, and abdominal symptoms suggest substantial hyperglycemia with possible ketosis or evolving insulin deficiency. Obesity and a family history of type 2 diabetes are meaningful competing clues, but they do not erase the catabolic pattern. In a younger patient, weight loss with nausea and abdominal pain should raise concern for type 1 physiology or at least urgent insulin-requiring diabetes.",Root: favor diabetes with likely type 1 physiology. [Nucleus: thirst + urination + weight loss + blurry vision + nausea] [Satellite-contrast: obesity + family history -> type 2 clue] [Satellite-urgency: abdominal symptoms suggest ketosis risk] [Conclusion: urgent insulin-deficiency picture],No
757,"My small hand joints ache and feel stiff at the start of most days, though one memorable episode hit my big toe after heavy food, an earlier blood test mentioned hyperuricemia, and a close relative has RA.",Gout,"A hallucinated interpretation gives privileged status to the classic-sounding gout clues and treats them as sufficient to explain everything else. The chronic morning stiffness is downgraded to a generic inflammatory complaint, even though it is actually the more discriminative feature for RA. This is a reasoning failure because one episodic clue is expanded beyond its explanatory range.",Root: favor gout. [Nucleus: toe flare after wine + hyperuricemia] [Satellite-generalization: chronic hand stiffness folded into gout] [Satellite-dismissal: family history of RA incidental] [Satellite-salience: vivid acute event overweights decision] [Conclusion: gout explains all symptoms],Yes
758,"Everything feels slowed and heavy lately, my body feels puffy and my skin has become dry, and there is weight gain despite barely eating, though I sometimes have palpitations and nervousness, and one older lab gave false reassurance.",Hypothyroidism,"The dominant syndrome is hypothyroid: fatigue, weight gain despite low intake, puffiness, and dry skin form a coherent metabolic picture. Anxiety and occasional palpitations are real conflicting clues, but they are not sufficient to overturn the much broader hypothyroid pattern. An older borderline-normal lab result is weak evidence because symptoms may have evolved since then. The full pattern therefore favors hypothyroidism more than a primary anxiety disorder.",Root: favor hypothyroidism. [Nucleus: fatigue + weight gain + puffiness + dry skin] [Satellite-contrast: palpitations/anxiety] [Satellite-background: old borderline-normal test] [Satellite-integration: syndrome coherence outweighs isolated conflict] [Conclusion: hypothyroidism],No
759,"Morning stiffness in my hands lasts well beyond getting out of bed, but my toe once became swollen and red after alcohol, my uric acid was high once, and a close relative has RA.",Gout,"The reasoning locks onto the vivid toe flare and the mention of high uric acid. Once those cues are treated as central, the chronic hand and wrist stiffness is generalized into the gout interpretation, even though that pattern is less typical for gout as a single unifying explanation. Family history of RA is then dismissed as incidental rather than integrated. The result is a diagnosis driven by salience and memorability rather than by the full temporal structure of the illness.",Root: favor gout. [Nucleus: toe flare after wine + hyperuricemia] [Satellite-generalization: chronic hand stiffness folded into gout] [Satellite-dismissal: family history of RA incidental] [Satellite-salience: vivid acute event overweights decision] [Conclusion: gout explains all symptoms],Yes
760,"When I hurry across a parking lot I feel chest squeezing, but late meals can make it feel more like heartburn, a recent attack made me sweaty and sent pain toward my left arm, I’m 64 with high cholesterol, so I tried to ignore it as stomach-related.",Gastroesophageal reflux disease,"The reasoning starts from the convenient clue of post-meal burning and promotes it to the central explanation. From there, contradictory evidence is explained away: radiation becomes panic, sweating becomes distress, and vascular risk factors are treated as background rather than decision-driving information. This creates an overconfident but weakly justified conclusion in favor of reflux. The higher-risk explanation is prematurely dismissed.",Root: favor GERD. [Nucleus: meals/spicy food + antacid relief -> reflux] [Satellite-downplay: radiation + sweating -> anxiety response] [Satellite-ignore: exertional trigger + cardiac risk] [Satellite-closure: benign diagnosis chosen early] [Conclusion: GERD explains symptoms],Yes
761,"I have persistent morning stiffness in both hands and wrists, although one time my toe flared after seafood and alcohol, my uric acid was high once, while my family history includes rheumatoid arthritis.",Gout,"The reasoning locks onto the vivid toe flare and the mention of high uric acid. Once those cues are treated as central, the chronic hand and wrist stiffness is generalized into the gout interpretation, even though that pattern is less typical for gout as a single unifying explanation. Family history of RA is then dismissed as incidental rather than integrated. The result is a diagnosis driven by salience and memorability rather than by the full temporal structure of the illness.",Root: favor gout. [Nucleus: toe flare after wine + hyperuricemia] [Satellite-generalization: chronic hand stiffness folded into gout] [Satellite-dismissal: family history of RA incidental] [Satellite-salience: vivid acute event overweights decision] [Conclusion: gout explains all symptoms],Yes
762,"My small hand joints ache and feel stiff at the start of most days, although one time my toe flared after seafood and alcohol, a past lab hinted my uric acid was above normal, while my family history includes rheumatoid arthritis.",Gout,"A hallucinated interpretation gives privileged status to the classic-sounding gout clues and treats them as sufficient to explain everything else. The chronic morning stiffness is downgraded to a generic inflammatory complaint, even though it is actually the more discriminative feature for RA. This is a reasoning failure because one episodic clue is expanded beyond its explanatory range.",Root: favor gout. [Nucleus: toe flare after wine + hyperuricemia] [Satellite-generalization: chronic hand stiffness folded into gout] [Satellite-dismissal: family history of RA incidental] [Satellite-salience: vivid acute event overweights decision] [Conclusion: gout explains all symptoms],Yes
763,"I feel exhausted and slowed down, I look puffy and my skin texture has changed, and I gain weight although I do not eat much, although brief anxiety-type symptoms do happen, but an old thyroid panel was not clearly abnormal.",Anxiety disorder,"The hallucinated reasoning starts from emotionally salient features such as anxiety, palpitations, and headaches and treats them as the core disorder. The weight gain, puffiness, and dry skin are then demoted to lifestyle or stress effects, even though together they form a much more specific hypothyroid cluster. The prior borderline-normal thyroid test is overvalued as if it nearly rules out thyroid disease. This produces a psychologized conclusion that fails to account for the whole syndrome.",Root: favor anxiety disorder. [Nucleus: palpitations + anxiety + headaches] [Satellite-reinterpretation: weight gain + dry skin -> lifestyle/stress] [Satellite-overweight: borderline-normal thyroid test] [Satellite-psychologizing: endocrine cluster fragmented] [Conclusion: anxiety disorder],Yes
764,"I keep drinking water and going to the bathroom, and I am losing weight, my sight is becoming blurry, while my stomach hurts and I feel sick, but I still look like someone with type 2 risk.","Diabetes mellitus, likely type 1 physiology","A correct explanation distinguishes phenotype from acute metabolic state. The patient may look like a type 2 candidate because of weight and family history, but the active symptom cluster points to a more urgent process characterized by marked hyperglycemia and possible ketosis. The reasoning therefore keeps the type 2 clue in a contrast branch while allowing the metabolic urgency to dominate the conclusion.",Root: favor diabetes with likely type 1 physiology. [Nucleus: thirst + urination + weight loss + blurry vision + nausea] [Satellite-contrast: obesity + family history -> type 2 clue] [Satellite-urgency: abdominal symptoms suggest ketosis risk] [Conclusion: urgent insulin-deficiency picture],No
765,"I am always thirsty and urinating much more than normal, with noticeable weight loss happening quickly, my vision also gets blurry, and I have started getting abdominal discomfort and nausea, but my body type and family history look like type 2.",Type 2 diabetes only,"The hallucinated reasoning starts from obesity and family history and treats those demographic clues as decisive. Once that anchor is in place, weight loss, nausea, and abdominal pain are minimized as secondary effects of high blood sugar rather than as warnings of insulin deficiency. The model also makes the unsupported leap that being overweight argues strongly against type 1 diabetes. This is a faulty compression of a complex presentation into a simplistic stereotype of type 2 disease.",Root: favor type 2 only. [Nucleus: obesity + family history] [Satellite-downplay: weight loss + abdominal symptoms] [Satellite-stereotype: overweight argues against type 1] [Satellite-closure: phenotype overrides physiology] [Conclusion: type 2 only],Yes
766,"At first it felt like a simple bladder infection, then I started having fever and upper back discomfort, I began throwing up as well, despite mild improvement in the local urinary pain.",Pyelonephritis,A grounded explanation keeps the early dysuria and frequency in the background while allowing the systemic and flank findings to drive the conclusion. Vomiting and fever are not well explained by a simple resolving bladder infection. Pyelonephritis is the stronger diagnosis because it explains both the urinary origin and the systemic deterioration.,Root: favor pyelonephritis. [Satellite-background: dysuria + frequency -> cystitis] [Nucleus: fever + flank/back pain + vomiting + systemic illness] [Satellite-contrast: burning improved] [Satellite-escalation: local infection evolved into systemic picture] [Conclusion: pyelonephritis],No
767,"I get chest tightness when climbing stairs, but sometimes it also comes after spicy food at night, one episode went into my arm and I felt nauseated and sweaty, I’m 59 and a smoker with high cholesterol, which made me dismiss it as acid reflux.",Acute coronary syndrome / unstable angina,"The most important feature is that the chest discomfort is triggered by exertion rather than only by meals. Radiation to the arm or jaw and associated sweating are classic high-risk clues for myocardial ischemia. The reflux-like features are real conflicting clues, but they are lower-specificity findings and do not neutralize the cardiac risk pattern. The patient’s age and vascular risk factors increase the pretest probability of acute coronary syndrome. A safer and more coherent interpretation is that this is unstable angina or another ACS presentation until proven otherwise.",Root: favor ACS. [Nucleus: exertional pain + radiation + sweating -> ischemia] [Satellite-contrast: meal/spicy-food burning + antacid relief -> GERD-like] [Nucleus-elaboration: age/risk factors increase cardiac risk] [Satellite-safety: dangerous diagnosis should be prioritized] [Conclusion: prioritize ACS],No
768,"I have noticeable weight loss that I cannot explain, I notice trembling plus a rapid heartbeat, which pushed me toward a panic explanation, except my neck seems enlarged and others notice my eyes.","Hyperthyroidism, likely Graves disease","The anxious feeling and racing heart can certainly mimic panic, but the broader physical pattern is much more informative. Unintentional weight loss, tremor, neck fullness, and visible eye changes point strongly toward hyperthyroidism, especially Graves disease. The anxiety is therefore better interpreted as part of the endocrine syndrome rather than as a separate primary psychiatric disorder. Fatigue does not contradict this, because prolonged thyrotoxicosis can also cause exhaustion.",Root: favor Graves. [Nucleus: weight loss + tremor + palpitations + neck fullness + eye changes] [Satellite-background: anxiety/panic-like features] [Satellite-integration: anxiety explained within endocrine syndrome] [Conclusion: hyperthyroidism unifies symptoms],No
769,"I am always thirsty and urinating much more than normal, with noticeable weight loss happening quickly, my eyes seem out of focus sometimes, plus I now have nausea and abdominal pain, but my body type and family history look like type 2.",Type 2 diabetes only,"This line of reasoning mistakes a risk factor pattern for a complete explanation. It privileges what the patient looks like over how the disease is behaving in the moment. By downplaying the catabolic and potentially ketotic features, it reaches an overconfident type 2-only conclusion.",Root: favor type 2 only. [Nucleus: obesity + family history] [Satellite-downplay: weight loss + abdominal symptoms] [Satellite-stereotype: overweight argues against type 1] [Satellite-closure: phenotype overrides physiology] [Conclusion: type 2 only],Yes
770,"The main feeling is deep fatigue and slowing, my skin is dry and my face seems swollen, but reduced appetite has not stopped weight gain, although I do get anxious and feel palpitations sometimes, and an old thyroid test was called borderline normal.",Hypothyroidism,"The dominant syndrome is hypothyroid: fatigue, weight gain despite low intake, puffiness, and dry skin form a coherent metabolic picture. Anxiety and occasional palpitations are real conflicting clues, but they are not sufficient to overturn the much broader hypothyroid pattern. An older borderline-normal lab result is weak evidence because symptoms may have evolved since then. The full pattern therefore favors hypothyroidism more than a primary anxiety disorder.",Root: favor hypothyroidism. [Nucleus: fatigue + weight gain + puffiness + dry skin] [Satellite-contrast: palpitations/anxiety] [Satellite-background: old borderline-normal test] [Satellite-integration: syndrome coherence outweighs isolated conflict] [Conclusion: hypothyroidism],No
771,"The first phase seemed like ordinary cystitis, but then I developed fever and back pain, and vomiting became part of the illness, although the urinary burning eased slightly.",Simple cystitis,"The hallucinated interpretation continues to treat the case as a simple bladder infection because dysuria and frequency came first. Once that anchor is fixed, fever, vomiting, and back pain are recast as dehydration, muscle pain, or generic effects of being unwell. The slight improvement in burning is overread as a sign that the infection is resolving, even though the overall picture is getting worse. This is a failure to update the diagnosis when new higher-severity evidence appears.",Root: favor cystitis. [Nucleus: dysuria + frequency] [Satellite-reinterpretation: back pain + vomiting -> dehydration/strain] [Satellite-overclaim: burning improved -> infection resolving] [Satellite-failure-to-update: early label retained despite escalation] [Conclusion: simple cystitis],Yes
772,"The whole thing began like an ordinary infection, but now one calf is swollen and sore, and my chest feels tighter as I breathe, the fever eased a bit with antibiotics, not the shortness of breath.",Pneumonia,"The reasoning gives priority to the story’s opening frame of cough, fever, and a cold-like illness and turns that into a pneumonia anchor. Once anchored, the swollen calf is reinterpreted as body aches, muscle strain, or reduced movement from being sick, even though calf swelling is not well explained that way. A small fever response to antibiotics is overread as confirmation of infection. This creates a premature closure on pneumonia while ignoring the stronger thromboembolic structure of the case.",Root: favor pneumonia. [Nucleus: fever + cough + dyspnea -> pneumonia] [Satellite-reinterpretation: calf swelling/pain -> body aches or strain] [Satellite-overclaim: antibiotics response confirms infection] [Satellite-closure: common diagnosis chosen early] [Conclusion: pneumonia is primary],Yes
773,"The problem started like a routine UTI, but then I developed fever and back pain, I also started vomiting, while the dysuria became less intense.",Pyelonephritis,A grounded explanation keeps the early dysuria and frequency in the background while allowing the systemic and flank findings to drive the conclusion. Vomiting and fever are not well explained by a simple resolving bladder infection. Pyelonephritis is the stronger diagnosis because it explains both the urinary origin and the systemic deterioration.,Root: favor pyelonephritis. [Satellite-background: dysuria + frequency -> cystitis] [Nucleus: fever + flank/back pain + vomiting + systemic illness] [Satellite-contrast: burning improved] [Satellite-escalation: local infection evolved into systemic picture] [Conclusion: pyelonephritis],No
774,"My wrists and finger joints stay stiff for a long time each morning, but my big toe once swelled up badly after wine, an earlier blood test mentioned hyperuricemia, and a close relative has RA.",Gout,"The reasoning locks onto the vivid toe flare and the mention of high uric acid. Once those cues are treated as central, the chronic hand and wrist stiffness is generalized into the gout interpretation, even though that pattern is less typical for gout as a single unifying explanation. Family history of RA is then dismissed as incidental rather than integrated. The result is a diagnosis driven by salience and memorability rather than by the full temporal structure of the illness.",Root: favor gout. [Nucleus: toe flare after wine + hyperuricemia] [Satellite-generalization: chronic hand stiffness folded into gout] [Satellite-dismissal: family history of RA incidental] [Satellite-salience: vivid acute event overweights decision] [Conclusion: gout explains all symptoms],Yes
775,"I feel worn out and slowed down daily, I look puffy and my skin texture has changed, and I gain weight although I do not eat much, still, I get episodes of nervousness and palpitations, and one older lab gave false reassurance.",Anxiety disorder,"This is a structural misweighting of evidence. The reasoning favors common, low-specificity symptoms and lets them dominate a richer endocrine pattern. The earlier lab is converted into false reassurance, and the physical signs are fragmented instead of integrated.",Root: favor anxiety disorder. [Nucleus: palpitations + anxiety + headaches] [Satellite-reinterpretation: weight gain + dry skin -> lifestyle/stress] [Satellite-overweight: borderline-normal thyroid test] [Satellite-psychologizing: endocrine cluster fragmented] [Conclusion: anxiety disorder],Yes
776,"I feel fatigued almost all the time, dry skin and puffiness are obvious now, while my appetite is low but my weight increases, still, I get episodes of nervousness and palpitations, but an old thyroid panel was not clearly abnormal.",Anxiety disorder,"The hallucinated reasoning starts from emotionally salient features such as anxiety, palpitations, and headaches and treats them as the core disorder. The weight gain, puffiness, and dry skin are then demoted to lifestyle or stress effects, even though together they form a much more specific hypothyroid cluster. The prior borderline-normal thyroid test is overvalued as if it nearly rules out thyroid disease. This produces a psychologized conclusion that fails to account for the whole syndrome.",Root: favor anxiety disorder. [Nucleus: palpitations + anxiety + headaches] [Satellite-reinterpretation: weight gain + dry skin -> lifestyle/stress] [Satellite-overweight: borderline-normal thyroid test] [Satellite-psychologizing: endocrine cluster fragmented] [Conclusion: anxiety disorder],Yes
777,"The early symptoms were classic urinary burning and frequency, but then I developed fever and back pain, vomiting appeared later in the course, while the dysuria became less intense.",Pyelonephritis,"The case begins like cystitis, but it does not stay there. The later development of fever, flank or back pain, vomiting, and systemic illness strongly suggests upper urinary tract infection, namely pyelonephritis. Improvement in local burning does not counterbalance the worsening systemic picture. In fact, the change from local urinary discomfort to broader constitutional illness is exactly what makes the case more serious.",Root: favor pyelonephritis. [Satellite-background: dysuria + frequency -> cystitis] [Nucleus: fever + flank/back pain + vomiting + systemic illness] [Satellite-contrast: burning improved] [Satellite-escalation: local infection evolved into systemic picture] [Conclusion: pyelonephritis],No
778,"I have noticeable weight loss that I cannot explain, my body feels revved up with tremor and palpitations, so I suspected a stress problem, but my neck feels full and people say my eyes look different.",Panic disorder,"The hallucinated reasoning elevates anxiety, shakiness, and palpitations to the center of the case because they are familiar panic symptoms. Once that frame is adopted, weight loss is explained as stress, neck fullness is described as subjective, and eye changes are brushed aside as tired appearance. This prevents the model from integrating the bodily findings into a coherent endocrine picture. The conclusion settles on panic disorder not because it explains the full evidence best, but because it captures the most familiar emotional cues.",Root: favor panic disorder. [Nucleus: anxiety + shakiness + tachycardia] [Satellite-reinterpretation: weight loss -> stress] [Satellite-dismissal: eye changes + neck fullness subjective] [Satellite-psychologizing: physical findings subordinated to emotional frame] [Conclusion: panic disorder explains symptoms],Yes
779,"The whole thing began like an ordinary infection, and then my right calf became painful and enlarged, and my breathing got worse, I took antibiotics and only the fever improved slightly.",Pneumonia,"The reasoning gives priority to the story’s opening frame of cough, fever, and a cold-like illness and turns that into a pneumonia anchor. Once anchored, the swollen calf is reinterpreted as body aches, muscle strain, or reduced movement from being sick, even though calf swelling is not well explained that way. A small fever response to antibiotics is overread as confirmation of infection. This creates a premature closure on pneumonia while ignoring the stronger thromboembolic structure of the case.",Root: favor pneumonia. [Nucleus: fever + cough + dyspnea -> pneumonia] [Satellite-reinterpretation: calf swelling/pain -> body aches or strain] [Satellite-overclaim: antibiotics response confirms infection] [Satellite-closure: common diagnosis chosen early] [Conclusion: pneumonia is primary],Yes
780,"My hands and wrists have been stiff every morning for over an hour, but I did have a sudden hot swollen toe after a rich dinner, someone told me I had elevated uric acid before, and there is definite family history of RA.",Gout,"A hallucinated interpretation gives privileged status to the classic-sounding gout clues and treats them as sufficient to explain everything else. The chronic morning stiffness is downgraded to a generic inflammatory complaint, even though it is actually the more discriminative feature for RA. This is a reasoning failure because one episodic clue is expanded beyond its explanatory range.",Root: favor gout. [Nucleus: toe flare after wine + hyperuricemia] [Satellite-generalization: chronic hand stiffness folded into gout] [Satellite-dismissal: family history of RA incidental] [Satellite-salience: vivid acute event overweights decision] [Conclusion: gout explains all symptoms],Yes
781,"It started with cough and fever like a chest infection, but a single swollen calf showed up later, but I can catch my breath less and less, antibiotics helped the temperature more than the lungs.",Pulmonary embolism,"The infection-like opening of the story is misleading, but the later evolution is more important. Unilateral calf swelling and pain create a strong signal for deep vein thrombosis, and worsening shortness of breath makes pulmonary embolism a much better fit than uncomplicated pneumonia. Fever and cough can occur in PE and therefore do not settle the case in favor of infection. Partial improvement of fever after antibiotics is weak evidence and does not explain why breathing worsened. The full cross-system pattern is more coherent as venous thromboembolism with pulmonary embolism.",Root: favor PE. [Satellite-background: fever + cough -> pneumonia-like] [Nucleus: unilateral calf swelling/pain + worsening dyspnea -> DVT/PE] [Satellite-contrast: antibiotics helped fever only] [Satellite-causal: leg clot can explain lung symptoms] [Conclusion: PE better explains the pattern],No
782,"When I walk uphill I feel pressure in my chest, but sometimes it also comes after spicy food at night, I recently had sweating and pain radiating toward my jaw, I’m 63 with several heart risk factors, so I tried to ignore it as stomach-related.",Gastroesophageal reflux disease,"The reasoning starts from the convenient clue of post-meal burning and promotes it to the central explanation. From there, contradictory evidence is explained away: radiation becomes panic, sweating becomes distress, and vascular risk factors are treated as background rather than decision-driving information. This creates an overconfident but weakly justified conclusion in favor of reflux. The higher-risk explanation is prematurely dismissed.",Root: favor GERD. [Nucleus: meals/spicy food + antacid relief -> reflux] [Satellite-downplay: radiation + sweating -> anxiety response] [Satellite-ignore: exertional trigger + cardiac risk] [Satellite-closure: benign diagnosis chosen early] [Conclusion: GERD explains symptoms],Yes
783,"I am losing weight even though my habits have not changed, my heart pounds and my hands tremble, so I started calling it panic, yet there is obvious neck fullness and my eyes look prominent.","Hyperthyroidism, likely Graves disease","The anxious feeling and racing heart can certainly mimic panic, but the broader physical pattern is much more informative. Unintentional weight loss, tremor, neck fullness, and visible eye changes point strongly toward hyperthyroidism, especially Graves disease. The anxiety is therefore better interpreted as part of the endocrine syndrome rather than as a separate primary psychiatric disorder. Fatigue does not contradict this, because prolonged thyrotoxicosis can also cause exhaustion.",Root: favor Graves. [Nucleus: weight loss + tremor + palpitations + neck fullness + eye changes] [Satellite-background: anxiety/panic-like features] [Satellite-integration: anxiety explained within endocrine syndrome] [Conclusion: hyperthyroidism unifies symptoms],No
784,"The pain initially felt like it was around my belly button, and then moved to the right lower side, but diarrhea made it feel infectious, it gets worse with steps and movement.",Appendicitis,"A grounded interpretation gives more weight to the evolution and location of pain than to the presence of loose stool alone. Gastroenteritis is plausible at the start, but it does not explain the specific right-sided localization and movement-related pain as well as appendicitis does. The reasoning preserves diarrhea as background noise but allows the focal abdominal pattern to dominate.",Root: favor appendicitis. [Satellite-background: diarrhea -> gastroenteritis-like] [Nucleus: migratory pain to RLQ + movement pain] [Satellite-priority: focal evolution outweighs generic GI symptoms] [Conclusion: appendicitis],No
785,"The first pain was in the middle of my abdomen, and then moved to the right lower side, and loose stool made me think stomach bug, walking or jarring makes the pain worse.",Viral gastroenteritis,"The hallucinated explanation begins by anchoring on diarrhea and the patient’s suspicion of food poisoning. Once that benign gastrointestinal frame is chosen, the right lower quadrant localization is reinterpreted as cramping, and the worsening with movement is reduced to generalized soreness. This flattens a focal pain pattern into a diffuse stomach bug explanation and ignores the more informative anatomical evolution.",Root: favor gastroenteritis. [Nucleus: diarrhea + stomach-bug framing] [Satellite-reinterpretation: RLQ pain + movement pain -> cramping/soreness] [Satellite-anchor: GI symptoms overweight decision] [Conclusion: gastroenteritis],Yes
786,"Unplanned weight loss has been bothering me, I notice trembling plus a rapid heartbeat, and I thought this was all just anxiety, even so, there is neck swelling and unusual eye appearance.",Panic disorder,"The hallucinated reasoning elevates anxiety, shakiness, and palpitations to the center of the case because they are familiar panic symptoms. Once that frame is adopted, weight loss is explained as stress, neck fullness is described as subjective, and eye changes are brushed aside as tired appearance. This prevents the model from integrating the bodily findings into a coherent endocrine picture. The conclusion settles on panic disorder not because it explains the full evidence best, but because it captures the most familiar emotional cues.",Root: favor panic disorder. [Nucleus: anxiety + shakiness + tachycardia] [Satellite-reinterpretation: weight loss -> stress] [Satellite-dismissal: eye changes + neck fullness subjective] [Satellite-psychologizing: physical findings subordinated to emotional frame] [Conclusion: panic disorder explains symptoms],Yes
787,"When I walk uphill I feel pressure in my chest, even though I also get burning after lying down post-dinner, I recently had sweating and pain radiating toward my jaw, I’m 63 with several heart risk factors, so I thought it was just reflux.",Gastroesophageal reflux disease,"The reasoning starts from the convenient clue of post-meal burning and promotes it to the central explanation. From there, contradictory evidence is explained away: radiation becomes panic, sweating becomes distress, and vascular risk factors are treated as background rather than decision-driving information. This creates an overconfident but weakly justified conclusion in favor of reflux. The higher-risk explanation is prematurely dismissed.",Root: favor GERD. [Nucleus: meals/spicy food + antacid relief -> reflux] [Satellite-downplay: radiation + sweating -> anxiety response] [Satellite-ignore: exertional trigger + cardiac risk] [Satellite-closure: benign diagnosis chosen early] [Conclusion: GERD explains symptoms],Yes
788,"Physical effort seems to trigger a band-like chest pain, though sometimes it seems tied to reflux after eating, yesterday it spread to my jaw and I became clammy, I’m 64 with high cholesterol, so I blamed spicy food instead of my heart.",Gastroesophageal reflux disease,"The reasoning starts from the convenient clue of post-meal burning and promotes it to the central explanation. From there, contradictory evidence is explained away: radiation becomes panic, sweating becomes distress, and vascular risk factors are treated as background rather than decision-driving information. This creates an overconfident but weakly justified conclusion in favor of reflux. The higher-risk explanation is prematurely dismissed.",Root: favor GERD. [Nucleus: meals/spicy food + antacid relief -> reflux] [Satellite-downplay: radiation + sweating -> anxiety response] [Satellite-ignore: exertional trigger + cardiac risk] [Satellite-closure: benign diagnosis chosen early] [Conclusion: GERD explains symptoms],Yes
789,"I keep drinking water and going to the bathroom, and I am losing weight, my eyes seem out of focus sometimes, plus there is recent nausea with belly pain, but I still look like someone with type 2 risk.",Type 2 diabetes only,"This line of reasoning mistakes a risk factor pattern for a complete explanation. It privileges what the patient looks like over how the disease is behaving in the moment. By downplaying the catabolic and potentially ketotic features, it reaches an overconfident type 2-only conclusion.",Root: favor type 2 only. [Nucleus: obesity + family history] [Satellite-downplay: weight loss + abdominal symptoms] [Satellite-stereotype: overweight argues against type 1] [Satellite-closure: phenotype overrides physiology] [Conclusion: type 2 only],Yes
790,"My weight is dropping even though I am not dieting, I feel trembly and my pulse pounds, so I started calling it panic, even so, there is neck swelling and unusual eye appearance.","Hyperthyroidism, likely Graves disease","The anxious feeling and racing heart can certainly mimic panic, but the broader physical pattern is much more informative. Unintentional weight loss, tremor, neck fullness, and visible eye changes point strongly toward hyperthyroidism, especially Graves disease. The anxiety is therefore better interpreted as part of the endocrine syndrome rather than as a separate primary psychiatric disorder. Fatigue does not contradict this, because prolonged thyrotoxicosis can also cause exhaustion.",Root: favor Graves. [Nucleus: weight loss + tremor + palpitations + neck fullness + eye changes] [Satellite-background: anxiety/panic-like features] [Satellite-integration: anxiety explained within endocrine syndrome] [Conclusion: hyperthyroidism unifies symptoms],No
791,"The whole thing began like an ordinary infection, but a single swollen calf showed up later, and now I am more short of breath than before, there was a small fever response to antibiotics but nothing else.",Pulmonary embolism,"The infection-like opening of the story is misleading, but the later evolution is more important. Unilateral calf swelling and pain create a strong signal for deep vein thrombosis, and worsening shortness of breath makes pulmonary embolism a much better fit than uncomplicated pneumonia. Fever and cough can occur in PE and therefore do not settle the case in favor of infection. Partial improvement of fever after antibiotics is weak evidence and does not explain why breathing worsened. The full cross-system pattern is more coherent as venous thromboembolism with pulmonary embolism.",Root: favor PE. [Satellite-background: fever + cough -> pneumonia-like] [Nucleus: unilateral calf swelling/pain + worsening dyspnea -> DVT/PE] [Satellite-contrast: antibiotics helped fever only] [Satellite-causal: leg clot can explain lung symptoms] [Conclusion: PE better explains the pattern],No
792,"It began with burning urination and frequent trips to the bathroom, but later I felt feverish with flank pain, I began throwing up as well, even though the burning got a little better.",Simple cystitis,"This reasoning privileges chronology over severity. It assumes that the first label applied must remain correct, and it explains away later findings instead of revising the model. The result is a falsely reassuring cystitis diagnosis.",Root: favor cystitis. [Nucleus: dysuria + frequency] [Satellite-reinterpretation: back pain + vomiting -> dehydration/strain] [Satellite-overclaim: burning improved -> infection resolving] [Satellite-failure-to-update: early label retained despite escalation] [Conclusion: simple cystitis],Yes
793,"The main feeling is deep fatigue and slowing, there is facial puffiness with very dry skin, yet the scale keeps rising even with low intake, but occasional anxiety and skipped beats confuse me, while a previous lab was said to be almost normal.",Hypothyroidism,"A correct reading identifies the cluster rather than overreacting to one contradictory symptom. Palpitations and anxiety can occur for many reasons and do not erase the metabolically slowed presentation. The more integrated explanation is thyroid underactivity, with the old near-normal test retained as background rather than treated as decisive.",Root: favor hypothyroidism. [Nucleus: fatigue + weight gain + puffiness + dry skin] [Satellite-contrast: palpitations/anxiety] [Satellite-background: old borderline-normal test] [Satellite-integration: syndrome coherence outweighs isolated conflict] [Conclusion: hypothyroidism],No
794,"I keep drinking water and going to the bathroom, while the scale keeps going down, my eyesight goes fuzzy at times, plus there is recent nausea with belly pain, although the family pattern suggests type 2.",Type 2 diabetes only,"This line of reasoning mistakes a risk factor pattern for a complete explanation. It privileges what the patient looks like over how the disease is behaving in the moment. By downplaying the catabolic and potentially ketotic features, it reaches an overconfident type 2-only conclusion.",Root: favor type 2 only. [Nucleus: obesity + family history] [Satellite-downplay: weight loss + abdominal symptoms] [Satellite-stereotype: overweight argues against type 1] [Satellite-closure: phenotype overrides physiology] [Conclusion: type 2 only],Yes
795,"The belly pain started near the center, and then moved to the right lower side, with diarrhea complicating the picture, I feel it more when I walk around.",Appendicitis,"A grounded interpretation gives more weight to the evolution and location of pain than to the presence of loose stool alone. Gastroenteritis is plausible at the start, but it does not explain the specific right-sided localization and movement-related pain as well as appendicitis does. The reasoning preserves diarrhea as background noise but allows the focal abdominal pattern to dominate.",Root: favor appendicitis. [Satellite-background: diarrhea -> gastroenteritis-like] [Nucleus: migratory pain to RLQ + movement pain] [Satellite-priority: focal evolution outweighs generic GI symptoms] [Conclusion: appendicitis],No
796,"The abdominal discomfort began centrally, then it concentrated low on the right, and GI upset made me doubt appendicitis, it gets worse with steps and movement.",Viral gastroenteritis,This reasoning overvalues the commonness of viral illness and undervalues the specificity of pain migration. It treats the memorable loose stool as central and the more diagnostic localization as secondary. That produces premature closure on gastroenteritis.,Root: favor gastroenteritis. [Nucleus: diarrhea + stomach-bug framing] [Satellite-reinterpretation: RLQ pain + movement pain -> cramping/soreness] [Satellite-anchor: GI symptoms overweight decision] [Conclusion: gastroenteritis],Yes
797,"I feel fatigued almost all the time, my skin is dry and my face seems swollen, and there is weight gain despite barely eating, even so, there are moments of anxiety and heartbeat awareness, and a months-old test did not look very abnormal.",Anxiety disorder,"This is a structural misweighting of evidence. The reasoning favors common, low-specificity symptoms and lets them dominate a richer endocrine pattern. The earlier lab is converted into false reassurance, and the physical signs are fragmented instead of integrated.",Root: favor anxiety disorder. [Nucleus: palpitations + anxiety + headaches] [Satellite-reinterpretation: weight gain + dry skin -> lifestyle/stress] [Satellite-overweight: borderline-normal thyroid test] [Satellite-psychologizing: endocrine cluster fragmented] [Conclusion: anxiety disorder],Yes
798,"At first I thought I had a bad cold with cough and fever, although now my calf is distinctly painful and puffy, but I can catch my breath less and less, leftover antibiotics only seemed to help the fever.",Pneumonia,"This explanation begins with a common respiratory diagnosis and then forces later clues to fit it. The respiratory symptoms are treated as decisive, while the unilateral leg findings are relegated to an afterthought. The logic also commits a false-confirmation move by treating partial fever improvement as proof of pneumonia.",Root: favor pneumonia. [Nucleus: fever + cough + dyspnea -> pneumonia] [Satellite-reinterpretation: calf swelling/pain -> body aches or strain] [Satellite-overclaim: antibiotics response confirms infection] [Satellite-closure: common diagnosis chosen early] [Conclusion: pneumonia is primary],Yes
799,"The early symptoms were classic urinary burning and frequency, before systemic symptoms and back pain arrived, and vomiting became part of the illness, although the urinary burning eased slightly.",Simple cystitis,"This reasoning privileges chronology over severity. It assumes that the first label applied must remain correct, and it explains away later findings instead of revising the model. The result is a falsely reassuring cystitis diagnosis.",Root: favor cystitis. [Nucleus: dysuria + frequency] [Satellite-reinterpretation: back pain + vomiting -> dehydration/strain] [Satellite-overclaim: burning improved -> infection resolving] [Satellite-failure-to-update: early label retained despite escalation] [Conclusion: simple cystitis],Yes
800,"My small hand joints ache and feel stiff at the start of most days, but my toe once became swollen and red after alcohol, a previous doctor said my uric acid ran high, and my family has inflammatory arthritis history.",Rheumatoid arthritis,"A correct interpretation must distinguish the durable background disease from the memorable acute event. The toe attack after dietary trigger is very salient and can bias reasoning toward gout, but the more informative structure of the case is the long-standing morning stiffness and symmetric small-joint involvement. Hyperuricemia is supportive of gout but not sufficient to explain the full chronic phenotype. Therefore RA is the stronger overall diagnosis.",Root: favor RA. [Nucleus: prolonged morning stiffness + symmetric small-joint involvement] [Satellite-contrast: toe flare + hyperuricemia -> gout clue] [Nucleus-elaboration: family history supports RA] [Satellite-resolution: acute event does not explain chronic baseline] [Conclusion: RA best fits chronic pattern],No
801,"The first phase seemed like ordinary cystitis, and it progressed to fever with side or back pain, there is now nausea and vomiting too, although the urinary burning eased slightly.",Pyelonephritis,"The case begins like cystitis, but it does not stay there. The later development of fever, flank or back pain, vomiting, and systemic illness strongly suggests upper urinary tract infection, namely pyelonephritis. Improvement in local burning does not counterbalance the worsening systemic picture. In fact, the change from local urinary discomfort to broader constitutional illness is exactly what makes the case more serious.",Root: favor pyelonephritis. [Satellite-background: dysuria + frequency -> cystitis] [Nucleus: fever + flank/back pain + vomiting + systemic illness] [Satellite-contrast: burning improved] [Satellite-escalation: local infection evolved into systemic picture] [Conclusion: pyelonephritis],No
802,"Initially it was just burning and frequent urination, before it turned into fever and pain near my back, and vomiting became part of the illness, although the urinary burning eased slightly.",Pyelonephritis,A grounded explanation keeps the early dysuria and frequency in the background while allowing the systemic and flank findings to drive the conclusion. Vomiting and fever are not well explained by a simple resolving bladder infection. Pyelonephritis is the stronger diagnosis because it explains both the urinary origin and the systemic deterioration.,Root: favor pyelonephritis. [Satellite-background: dysuria + frequency -> cystitis] [Nucleus: fever + flank/back pain + vomiting + systemic illness] [Satellite-contrast: burning improved] [Satellite-escalation: local infection evolved into systemic picture] [Conclusion: pyelonephritis],No
803,"I began with bladder-type burning and urgency, before systemic symptoms and back pain arrived, and vomiting became part of the illness, even though the bladder symptoms softened somewhat.",Simple cystitis,"The hallucinated interpretation continues to treat the case as a simple bladder infection because dysuria and frequency came first. Once that anchor is fixed, fever, vomiting, and back pain are recast as dehydration, muscle pain, or generic effects of being unwell. The slight improvement in burning is overread as a sign that the infection is resolving, even though the overall picture is getting worse. This is a failure to update the diagnosis when new higher-severity evidence appears.",Root: favor cystitis. [Nucleus: dysuria + frequency] [Satellite-reinterpretation: back pain + vomiting -> dehydration/strain] [Satellite-overclaim: burning improved -> infection resolving] [Satellite-failure-to-update: early label retained despite escalation] [Conclusion: simple cystitis],Yes
804,"My abdominal pain began in the middle, and then moved to the right lower side, with diarrhea complicating the picture, motion makes the pain more intense.",Appendicitis,"A grounded interpretation gives more weight to the evolution and location of pain than to the presence of loose stool alone. Gastroenteritis is plausible at the start, but it does not explain the specific right-sided localization and movement-related pain as well as appendicitis does. The reasoning preserves diarrhea as background noise but allows the focal abdominal pattern to dominate.",Root: favor appendicitis. [Satellite-background: diarrhea -> gastroenteritis-like] [Nucleus: migratory pain to RLQ + movement pain] [Satellite-priority: focal evolution outweighs generic GI symptoms] [Conclusion: appendicitis],No
805,"I am slimming down without meaning to, I feel trembly and my pulse pounds, and I framed it as an anxiety issue, but friends mention my eyes and I notice neck fullness.",Panic disorder,"The hallucinated reasoning elevates anxiety, shakiness, and palpitations to the center of the case because they are familiar panic symptoms. Once that frame is adopted, weight loss is explained as stress, neck fullness is described as subjective, and eye changes are brushed aside as tired appearance. This prevents the model from integrating the bodily findings into a coherent endocrine picture. The conclusion settles on panic disorder not because it explains the full evidence best, but because it captures the most familiar emotional cues.",Root: favor panic disorder. [Nucleus: anxiety + shakiness + tachycardia] [Satellite-reinterpretation: weight loss -> stress] [Satellite-dismissal: eye changes + neck fullness subjective] [Satellite-psychologizing: physical findings subordinated to emotional frame] [Conclusion: panic disorder explains symptoms],Yes
806,"When I hurry across a parking lot I feel chest squeezing, though sometimes it seems tied to reflux after eating, I recently had sweating and pain radiating toward my jaw, I’m 67 and diabetic and hypertensive, so I kept assuming it was indigestion.",Acute coronary syndrome / unstable angina,"Although the history contains gastrointestinal-looking features, the core nucleus of the case is exertional chest pressure with autonomic symptoms and radiation. Those findings are more discriminative for coronary ischemia than for simple reflux. Antacid response or meal timing can be misleading and do not exclude a cardiac cause. Because the patient is older and has major cardiovascular risk factors, it would be unsafe to anchor on GERD. The best synthesis is that a cardiac diagnosis should be prioritized.",Root: favor ACS. [Nucleus: exertional pain + radiation + sweating -> ischemia] [Satellite-contrast: meal/spicy-food burning + antacid relief -> GERD-like] [Nucleus-elaboration: age/risk factors increase cardiac risk] [Satellite-safety: dangerous diagnosis should be prioritized] [Conclusion: prioritize ACS],No
807,"The whole thing began like an ordinary infection, although now my calf is distinctly painful and puffy, and my breathing got worse, antibiotics helped the temperature more than the lungs.",Pneumonia,"This explanation begins with a common respiratory diagnosis and then forces later clues to fit it. The respiratory symptoms are treated as decisive, while the unilateral leg findings are relegated to an afterthought. The logic also commits a false-confirmation move by treating partial fever improvement as proof of pneumonia.",Root: favor pneumonia. [Nucleus: fever + cough + dyspnea -> pneumonia] [Satellite-reinterpretation: calf swelling/pain -> body aches or strain] [Satellite-overclaim: antibiotics response confirms infection] [Satellite-closure: common diagnosis chosen early] [Conclusion: pneumonia is primary],Yes
808,"The whole thing began like an ordinary infection, except now one leg has become swollen and tender, and I became much more breathless over time, antibiotics maybe reduced the fever but not the breathing trouble.",Pneumonia,"This explanation begins with a common respiratory diagnosis and then forces later clues to fit it. The respiratory symptoms are treated as decisive, while the unilateral leg findings are relegated to an afterthought. The logic also commits a false-confirmation move by treating partial fever improvement as proof of pneumonia.",Root: favor pneumonia. [Nucleus: fever + cough + dyspnea -> pneumonia] [Satellite-reinterpretation: calf swelling/pain -> body aches or strain] [Satellite-overclaim: antibiotics response confirms infection] [Satellite-closure: common diagnosis chosen early] [Conclusion: pneumonia is primary],Yes
809,"At first the stomach pain was diffuse and central, then it migrated down to the right, although I also had diarrhea, walking or jarring makes the pain worse.",Viral gastroenteritis,This reasoning overvalues the commonness of viral illness and undervalues the specificity of pain migration. It treats the memorable loose stool as central and the more diagnostic localization as secondary. That produces premature closure on gastroenteritis.,Root: favor gastroenteritis. [Nucleus: diarrhea + stomach-bug framing] [Satellite-reinterpretation: RLQ pain + movement pain -> cramping/soreness] [Satellite-anchor: GI symptoms overweight decision] [Conclusion: gastroenteritis],Yes
810,"I have become thinner for no clear reason, I have tremor and constant palpitations, so I started calling it panic, even so, there is neck swelling and unusual eye appearance.","Hyperthyroidism, likely Graves disease","The anxious feeling and racing heart can certainly mimic panic, but the broader physical pattern is much more informative. Unintentional weight loss, tremor, neck fullness, and visible eye changes point strongly toward hyperthyroidism, especially Graves disease. The anxiety is therefore better interpreted as part of the endocrine syndrome rather than as a separate primary psychiatric disorder. Fatigue does not contradict this, because prolonged thyrotoxicosis can also cause exhaustion.",Root: favor Graves. [Nucleus: weight loss + tremor + palpitations + neck fullness + eye changes] [Satellite-background: anxiety/panic-like features] [Satellite-integration: anxiety explained within endocrine syndrome] [Conclusion: hyperthyroidism unifies symptoms],No
811,"Initially it was just burning and frequent urination, but later I felt feverish with flank pain, I also started vomiting, despite mild improvement in the local urinary pain.",Simple cystitis,"This reasoning privileges chronology over severity. It assumes that the first label applied must remain correct, and it explains away later findings instead of revising the model. The result is a falsely reassuring cystitis diagnosis.",Root: favor cystitis. [Nucleus: dysuria + frequency] [Satellite-reinterpretation: back pain + vomiting -> dehydration/strain] [Satellite-overclaim: burning improved -> infection resolving] [Satellite-failure-to-update: early label retained despite escalation] [Conclusion: simple cystitis],Yes
812,"I wake up with painful stiff fingers and wrists most mornings, although one time my toe flared after seafood and alcohol, my uric acid was high once, and there is definite family history of RA.",Rheumatoid arthritis,"The chronic pattern is the deciding factor here. Morning stiffness lasting over an hour, together with persistent hand and wrist involvement, strongly favors rheumatoid arthritis because this is a classic symmetric inflammatory small-joint presentation. The toe flare and prior hyperuricemia are genuine gout-like clues, but they are episodic and do not explain the chronic baseline syndrome. Family history of RA adds weight to the inflammatory arthritis interpretation. The best synthesis is that RA explains the ongoing pattern.",Root: favor RA. [Nucleus: prolonged morning stiffness + symmetric small-joint involvement] [Satellite-contrast: toe flare + hyperuricemia -> gout clue] [Nucleus-elaboration: family history supports RA] [Satellite-resolution: acute event does not explain chronic baseline] [Conclusion: RA best fits chronic pattern],No
813,"I have become thinner for no clear reason, I notice trembling plus a rapid heartbeat, which made me think it might be anxiety, but my neck feels full and people say my eyes look different.",Panic disorder,This interpretation fails by treating the psychiatric flavor of the presentation as decisive and treating the physical findings as optional or unreliable. It is an example of premature psychologizing. The result is a diagnosis that is rhetorically smooth but structurally weak.,Root: favor panic disorder. [Nucleus: anxiety + shakiness + tachycardia] [Satellite-reinterpretation: weight loss -> stress] [Satellite-dismissal: eye changes + neck fullness subjective] [Satellite-psychologizing: physical findings subordinated to emotional frame] [Conclusion: panic disorder explains symptoms],Yes
814,"This began like a respiratory infection with cough and chills, but now one calf is swollen and sore, and my breathing got worse, I took antibiotics and only the fever improved slightly.",Pneumonia,"The reasoning gives priority to the story’s opening frame of cough, fever, and a cold-like illness and turns that into a pneumonia anchor. Once anchored, the swollen calf is reinterpreted as body aches, muscle strain, or reduced movement from being sick, even though calf swelling is not well explained that way. A small fever response to antibiotics is overread as confirmation of infection. This creates a premature closure on pneumonia while ignoring the stronger thromboembolic structure of the case.",Root: favor pneumonia. [Nucleus: fever + cough + dyspnea -> pneumonia] [Satellite-reinterpretation: calf swelling/pain -> body aches or strain] [Satellite-overclaim: antibiotics response confirms infection] [Satellite-closure: common diagnosis chosen early] [Conclusion: pneumonia is primary],Yes
815,"My illness started as what seemed like a simple chest cold, but now one calf is swollen and sore, while the shortness of breath kept escalating, I took antibiotics and only the fever improved slightly.",Pulmonary embolism,"The infection-like opening of the story is misleading, but the later evolution is more important. Unilateral calf swelling and pain create a strong signal for deep vein thrombosis, and worsening shortness of breath makes pulmonary embolism a much better fit than uncomplicated pneumonia. Fever and cough can occur in PE and therefore do not settle the case in favor of infection. Partial improvement of fever after antibiotics is weak evidence and does not explain why breathing worsened. The full cross-system pattern is more coherent as venous thromboembolism with pulmonary embolism.",Root: favor PE. [Satellite-background: fever + cough -> pneumonia-like] [Nucleus: unilateral calf swelling/pain + worsening dyspnea -> DVT/PE] [Satellite-contrast: antibiotics helped fever only] [Satellite-causal: leg clot can explain lung symptoms] [Conclusion: PE better explains the pattern],No
816,"I cannot stop drinking and peeing, and I am shrinking despite normal habits, my eyesight goes fuzzy at times, while my stomach hurts and I feel sick, although the family pattern suggests type 2.","Diabetes mellitus, likely type 1 physiology","A correct explanation distinguishes phenotype from acute metabolic state. The patient may look like a type 2 candidate because of weight and family history, but the active symptom cluster points to a more urgent process characterized by marked hyperglycemia and possible ketosis. The reasoning therefore keeps the type 2 clue in a contrast branch while allowing the metabolic urgency to dominate the conclusion.",Root: favor diabetes with likely type 1 physiology. [Nucleus: thirst + urination + weight loss + blurry vision + nausea] [Satellite-contrast: obesity + family history -> type 2 clue] [Satellite-urgency: abdominal symptoms suggest ketosis risk] [Conclusion: urgent insulin-deficiency picture],No
817,"It started with cough and fever like a chest infection, but now one calf is swollen and sore, while the shortness of breath kept escalating, leftover antibiotics only seemed to help the fever.",Pneumonia,"The reasoning gives priority to the story’s opening frame of cough, fever, and a cold-like illness and turns that into a pneumonia anchor. Once anchored, the swollen calf is reinterpreted as body aches, muscle strain, or reduced movement from being sick, even though calf swelling is not well explained that way. A small fever response to antibiotics is overread as confirmation of infection. This creates a premature closure on pneumonia while ignoring the stronger thromboembolic structure of the case.",Root: favor pneumonia. [Nucleus: fever + cough + dyspnea -> pneumonia] [Satellite-reinterpretation: calf swelling/pain -> body aches or strain] [Satellite-overclaim: antibiotics response confirms infection] [Satellite-closure: common diagnosis chosen early] [Conclusion: pneumonia is primary],Yes
818,"Physical effort seems to trigger a band-like chest pain, but food-related burning confuses the picture, the strongest episode came with sweating and arm discomfort, I’m 56 with diabetes and high blood pressure, so I thought it was just reflux.",Acute coronary syndrome / unstable angina,"The most important feature is that the chest discomfort is triggered by exertion rather than only by meals. Radiation to the arm or jaw and associated sweating are classic high-risk clues for myocardial ischemia. The reflux-like features are real conflicting clues, but they are lower-specificity findings and do not neutralize the cardiac risk pattern. The patient’s age and vascular risk factors increase the pretest probability of acute coronary syndrome. A safer and more coherent interpretation is that this is unstable angina or another ACS presentation until proven otherwise.",Root: favor ACS. [Nucleus: exertional pain + radiation + sweating -> ischemia] [Satellite-contrast: meal/spicy-food burning + antacid relief -> GERD-like] [Nucleus-elaboration: age/risk factors increase cardiac risk] [Satellite-safety: dangerous diagnosis should be prioritized] [Conclusion: prioritize ACS],No
819,"At first the stomach pain was diffuse and central, and eventually it became right-sided and lower, although I also had diarrhea, it gets worse with steps and movement.",Viral gastroenteritis,"The hallucinated explanation begins by anchoring on diarrhea and the patient’s suspicion of food poisoning. Once that benign gastrointestinal frame is chosen, the right lower quadrant localization is reinterpreted as cramping, and the worsening with movement is reduced to generalized soreness. This flattens a focal pain pattern into a diffuse stomach bug explanation and ignores the more informative anatomical evolution.",Root: favor gastroenteritis. [Nucleus: diarrhea + stomach-bug framing] [Satellite-reinterpretation: RLQ pain + movement pain -> cramping/soreness] [Satellite-anchor: GI symptoms overweight decision] [Conclusion: gastroenteritis],Yes
820,"The pain initially felt like it was around my belly button, then it migrated down to the right, and loose stool made me think stomach bug, it hurts more when I walk.",Appendicitis,"The migratory pattern of pain is the key diagnostic clue. Pain beginning more centrally and then localizing to the right lower quadrant, especially when worsened by movement, is a classic appendiceal pattern and suggests peritoneal irritation. Diarrhea is a misleading but not decisive competing clue because gastrointestinal upset can coexist with appendicitis. The best synthesis is appendicitis rather than simple gastroenteritis.",Root: favor appendicitis. [Satellite-background: diarrhea -> gastroenteritis-like] [Nucleus: migratory pain to RLQ + movement pain] [Satellite-priority: focal evolution outweighs generic GI symptoms] [Conclusion: appendicitis],No
821,"At first I thought I had a bad cold with cough and fever, although now my calf is distinctly painful and puffy, while my breathing seems to deteriorate, antibiotics maybe reduced the fever but not the breathing trouble.",Pulmonary embolism,"A grounded reading preserves both hypotheses at first: pneumonia is plausible because of fever and cough, but the calf findings are a major red flag that changes the weighting of the case. Respiratory decline despite some improvement in fever also argues against a simple resolving infection. The vascular hypothesis explains the leg symptoms and the worsening dyspnea in one causal chain.",Root: favor PE. [Satellite-background: fever + cough -> pneumonia-like] [Nucleus: unilateral calf swelling/pain + worsening dyspnea -> DVT/PE] [Satellite-contrast: antibiotics helped fever only] [Satellite-causal: leg clot can explain lung symptoms] [Conclusion: PE better explains the pattern],No
822,"I notice chest pressure when carrying groceries, although heavy dinners also cause burning in my chest, the strongest episode came with sweating and arm discomfort, I’m 56 with diabetes and high blood pressure, so I blamed spicy food instead of my heart.",Acute coronary syndrome / unstable angina,"The most important feature is that the chest discomfort is triggered by exertion rather than only by meals. Radiation to the arm or jaw and associated sweating are classic high-risk clues for myocardial ischemia. The reflux-like features are real conflicting clues, but they are lower-specificity findings and do not neutralize the cardiac risk pattern. The patient’s age and vascular risk factors increase the pretest probability of acute coronary syndrome. A safer and more coherent interpretation is that this is unstable angina or another ACS presentation until proven otherwise.",Root: favor ACS. [Nucleus: exertional pain + radiation + sweating -> ischemia] [Satellite-contrast: meal/spicy-food burning + antacid relief -> GERD-like] [Nucleus-elaboration: age/risk factors increase cardiac risk] [Satellite-safety: dangerous diagnosis should be prioritized] [Conclusion: prioritize ACS],No
823,"The abdominal discomfort began centrally, but afterward it shifted to the right lower quadrant, although I also had diarrhea, I feel it more when I walk around.",Appendicitis,"The migratory pattern of pain is the key diagnostic clue. Pain beginning more centrally and then localizing to the right lower quadrant, especially when worsened by movement, is a classic appendiceal pattern and suggests peritoneal irritation. Diarrhea is a misleading but not decisive competing clue because gastrointestinal upset can coexist with appendicitis. The best synthesis is appendicitis rather than simple gastroenteritis.",Root: favor appendicitis. [Satellite-background: diarrhea -> gastroenteritis-like] [Nucleus: migratory pain to RLQ + movement pain] [Satellite-priority: focal evolution outweighs generic GI symptoms] [Conclusion: appendicitis],No
824,"Physical effort seems to trigger a band-like chest pain, yet I also notice burning after greasy food, during the worst spell it moved to my jaw and I felt faint, I’m 64 with high cholesterol, which made me dismiss it as acid reflux.",Acute coronary syndrome / unstable angina,"Although the history contains gastrointestinal-looking features, the core nucleus of the case is exertional chest pressure with autonomic symptoms and radiation. Those findings are more discriminative for coronary ischemia than for simple reflux. Antacid response or meal timing can be misleading and do not exclude a cardiac cause. Because the patient is older and has major cardiovascular risk factors, it would be unsafe to anchor on GERD. The best synthesis is that a cardiac diagnosis should be prioritized.",Root: favor ACS. [Nucleus: exertional pain + radiation + sweating -> ischemia] [Satellite-contrast: meal/spicy-food burning + antacid relief -> GERD-like] [Nucleus-elaboration: age/risk factors increase cardiac risk] [Satellite-safety: dangerous diagnosis should be prioritized] [Conclusion: prioritize ACS],No
825,"I have become thinner for no clear reason, I feel shaky with a racing heartbeat, so I started calling it panic, though I also have a sense of fullness in my neck and eye changes.",Panic disorder,"The hallucinated reasoning elevates anxiety, shakiness, and palpitations to the center of the case because they are familiar panic symptoms. Once that frame is adopted, weight loss is explained as stress, neck fullness is described as subjective, and eye changes are brushed aside as tired appearance. This prevents the model from integrating the bodily findings into a coherent endocrine picture. The conclusion settles on panic disorder not because it explains the full evidence best, but because it captures the most familiar emotional cues.",Root: favor panic disorder. [Nucleus: anxiety + shakiness + tachycardia] [Satellite-reinterpretation: weight loss -> stress] [Satellite-dismissal: eye changes + neck fullness subjective] [Satellite-psychologizing: physical findings subordinated to emotional frame] [Conclusion: panic disorder explains symptoms],Yes
826,"My energy is very low and I feel slowed, I have puffiness and dry skin, and there is weight gain despite barely eating, though I sometimes have palpitations and nervousness, but an old thyroid panel was not clearly abnormal.",Anxiety disorder,"This is a structural misweighting of evidence. The reasoning favors common, low-specificity symptoms and lets them dominate a richer endocrine pattern. The earlier lab is converted into false reassurance, and the physical signs are fragmented instead of integrated.",Root: favor anxiety disorder. [Nucleus: palpitations + anxiety + headaches] [Satellite-reinterpretation: weight gain + dry skin -> lifestyle/stress] [Satellite-overweight: borderline-normal thyroid test] [Satellite-psychologizing: endocrine cluster fragmented] [Conclusion: anxiety disorder],Yes
827,"It started as vague central stomach pain, and later localized to the lower right, though diarrhea pointed me toward a virus, walking makes it worse.",Viral gastroenteritis,"The hallucinated explanation begins by anchoring on diarrhea and the patient’s suspicion of food poisoning. Once that benign gastrointestinal frame is chosen, the right lower quadrant localization is reinterpreted as cramping, and the worsening with movement is reduced to generalized soreness. This flattens a focal pain pattern into a diffuse stomach bug explanation and ignores the more informative anatomical evolution.",Root: favor gastroenteritis. [Nucleus: diarrhea + stomach-bug framing] [Satellite-reinterpretation: RLQ pain + movement pain -> cramping/soreness] [Satellite-anchor: GI symptoms overweight decision] [Conclusion: gastroenteritis],Yes
828,"I am slimming down without meaning to, I notice trembling plus a rapid heartbeat, which pushed me toward a panic explanation, except my neck seems enlarged and others notice my eyes.","Hyperthyroidism, likely Graves disease",A correct reading resists the temptation to stop at the psychiatric-looking symptoms. The visible bodily signs carry more diagnostic weight: goiter-like neck fullness and eye prominence are especially important because they are difficult to explain by panic disorder alone. Weight loss and tremor strengthen the endocrine interpretation further.,Root: favor Graves. [Nucleus: weight loss + tremor + palpitations + neck fullness + eye changes] [Satellite-background: anxiety/panic-like features] [Satellite-integration: anxiety explained within endocrine syndrome] [Conclusion: hyperthyroidism unifies symptoms],No
829,"I get chest tightness when climbing stairs, though sometimes it seems tied to reflux after eating, during the worst spell it moved to my jaw and I felt faint, I’m 58 and hypertensive, so I kept assuming it was indigestion.",Gastroesophageal reflux disease,"The reasoning starts from the convenient clue of post-meal burning and promotes it to the central explanation. From there, contradictory evidence is explained away: radiation becomes panic, sweating becomes distress, and vascular risk factors are treated as background rather than decision-driving information. This creates an overconfident but weakly justified conclusion in favor of reflux. The higher-risk explanation is prematurely dismissed.",Root: favor GERD. [Nucleus: meals/spicy food + antacid relief -> reflux] [Satellite-downplay: radiation + sweating -> anxiety response] [Satellite-ignore: exertional trigger + cardiac risk] [Satellite-closure: benign diagnosis chosen early] [Conclusion: GERD explains symptoms],Yes
830,"I get chest tightness when climbing stairs, though sometimes it seems tied to reflux after eating, the strongest episode came with sweating and arm discomfort, I’m 63 with several heart risk factors, so I kept assuming it was indigestion.",Acute coronary syndrome / unstable angina,"The most important feature is that the chest discomfort is triggered by exertion rather than only by meals. Radiation to the arm or jaw and associated sweating are classic high-risk clues for myocardial ischemia. The reflux-like features are real conflicting clues, but they are lower-specificity findings and do not neutralize the cardiac risk pattern. The patient’s age and vascular risk factors increase the pretest probability of acute coronary syndrome. A safer and more coherent interpretation is that this is unstable angina or another ACS presentation until proven otherwise.",Root: favor ACS. [Nucleus: exertional pain + radiation + sweating -> ischemia] [Satellite-contrast: meal/spicy-food burning + antacid relief -> GERD-like] [Nucleus-elaboration: age/risk factors increase cardiac risk] [Satellite-safety: dangerous diagnosis should be prioritized] [Conclusion: prioritize ACS],No
831,"First I had middle abdominal pain, before focusing on the lower right area, and the bowel symptoms made it seem like food poisoning, it hurts more when I walk.",Viral gastroenteritis,"The hallucinated explanation begins by anchoring on diarrhea and the patient’s suspicion of food poisoning. Once that benign gastrointestinal frame is chosen, the right lower quadrant localization is reinterpreted as cramping, and the worsening with movement is reduced to generalized soreness. This flattens a focal pain pattern into a diffuse stomach bug explanation and ignores the more informative anatomical evolution.",Root: favor gastroenteritis. [Nucleus: diarrhea + stomach-bug framing] [Satellite-reinterpretation: RLQ pain + movement pain -> cramping/soreness] [Satellite-anchor: GI symptoms overweight decision] [Conclusion: gastroenteritis],Yes
832,"I cannot stop drinking and peeing, while the scale keeps going down, I keep noticing visual blurring, and lately I feel nauseated with stomach pain, but I still look like someone with type 2 risk.",Type 2 diabetes only,"This line of reasoning mistakes a risk factor pattern for a complete explanation. It privileges what the patient looks like over how the disease is behaving in the moment. By downplaying the catabolic and potentially ketotic features, it reaches an overconfident type 2-only conclusion.",Root: favor type 2 only. [Nucleus: obesity + family history] [Satellite-downplay: weight loss + abdominal symptoms] [Satellite-stereotype: overweight argues against type 1] [Satellite-closure: phenotype overrides physiology] [Conclusion: type 2 only],Yes
833,"My fingers feel inflamed and hard to move early each day, even though my toe once blew up after drinking wine, someone told me I had elevated uric acid before, and rheumatoid arthritis runs in my family.",Rheumatoid arthritis,"A correct interpretation must distinguish the durable background disease from the memorable acute event. The toe attack after dietary trigger is very salient and can bias reasoning toward gout, but the more informative structure of the case is the long-standing morning stiffness and symmetric small-joint involvement. Hyperuricemia is supportive of gout but not sufficient to explain the full chronic phenotype. Therefore RA is the stronger overall diagnosis.",Root: favor RA. [Nucleus: prolonged morning stiffness + symmetric small-joint involvement] [Satellite-contrast: toe flare + hyperuricemia -> gout clue] [Nucleus-elaboration: family history supports RA] [Satellite-resolution: acute event does not explain chronic baseline] [Conclusion: RA best fits chronic pattern],No
834,"I cannot stop drinking and peeing, with noticeable weight loss happening quickly, my vision also gets blurry, and there is belly pain with nausea, despite being overweight with strong family history.",Type 2 diabetes only,"This line of reasoning mistakes a risk factor pattern for a complete explanation. It privileges what the patient looks like over how the disease is behaving in the moment. By downplaying the catabolic and potentially ketotic features, it reaches an overconfident type 2-only conclusion.",Root: favor type 2 only. [Nucleus: obesity + family history] [Satellite-downplay: weight loss + abdominal symptoms] [Satellite-stereotype: overweight argues against type 1] [Satellite-closure: phenotype overrides physiology] [Conclusion: type 2 only],Yes
835,"My wrists and finger joints stay stiff for a long time each morning, even though my toe once blew up after drinking wine, I was once told my uric acid was borderline high, and my family has inflammatory arthritis history.",Rheumatoid arthritis,"A correct interpretation must distinguish the durable background disease from the memorable acute event. The toe attack after dietary trigger is very salient and can bias reasoning toward gout, but the more informative structure of the case is the long-standing morning stiffness and symmetric small-joint involvement. Hyperuricemia is supportive of gout but not sufficient to explain the full chronic phenotype. Therefore RA is the stronger overall diagnosis.",Root: favor RA. [Nucleus: prolonged morning stiffness + symmetric small-joint involvement] [Satellite-contrast: toe flare + hyperuricemia -> gout clue] [Nucleus-elaboration: family history supports RA] [Satellite-resolution: acute event does not explain chronic baseline] [Conclusion: RA best fits chronic pattern],No
836,"I notice chest pressure when carrying groceries, but after large meals it feels like indigestion, once it radiated to my shoulder and I broke into a sweat, I’m 56 with diabetes and high blood pressure, so I thought it was just reflux.",Acute coronary syndrome / unstable angina,"Although the history contains gastrointestinal-looking features, the core nucleus of the case is exertional chest pressure with autonomic symptoms and radiation. Those findings are more discriminative for coronary ischemia than for simple reflux. Antacid response or meal timing can be misleading and do not exclude a cardiac cause. Because the patient is older and has major cardiovascular risk factors, it would be unsafe to anchor on GERD. The best synthesis is that a cardiac diagnosis should be prioritized.",Root: favor ACS. [Nucleus: exertional pain + radiation + sweating -> ischemia] [Satellite-contrast: meal/spicy-food burning + antacid relief -> GERD-like] [Nucleus-elaboration: age/risk factors increase cardiac risk] [Satellite-safety: dangerous diagnosis should be prioritized] [Conclusion: prioritize ACS],No
837,"This began like a respiratory infection with cough and chills, yet one calf started hurting and swelling, and I became much more breathless over time, antibiotics changed the fever more than the dyspnea.",Pneumonia,"The reasoning gives priority to the story’s opening frame of cough, fever, and a cold-like illness and turns that into a pneumonia anchor. Once anchored, the swollen calf is reinterpreted as body aches, muscle strain, or reduced movement from being sick, even though calf swelling is not well explained that way. A small fever response to antibiotics is overread as confirmation of infection. This creates a premature closure on pneumonia while ignoring the stronger thromboembolic structure of the case.",Root: favor pneumonia. [Nucleus: fever + cough + dyspnea -> pneumonia] [Satellite-reinterpretation: calf swelling/pain -> body aches or strain] [Satellite-overclaim: antibiotics response confirms infection] [Satellite-closure: common diagnosis chosen early] [Conclusion: pneumonia is primary],Yes
838,"When I hurry across a parking lot I feel chest squeezing, although heavy dinners also cause burning in my chest, last week the pain went to my left arm and I got sweaty, I’m 59 and a smoker with high cholesterol, and I told myself it was probably GERD.",Acute coronary syndrome / unstable angina,"Although the history contains gastrointestinal-looking features, the core nucleus of the case is exertional chest pressure with autonomic symptoms and radiation. Those findings are more discriminative for coronary ischemia than for simple reflux. Antacid response or meal timing can be misleading and do not exclude a cardiac cause. Because the patient is older and has major cardiovascular risk factors, it would be unsafe to anchor on GERD. The best synthesis is that a cardiac diagnosis should be prioritized.",Root: favor ACS. [Nucleus: exertional pain + radiation + sweating -> ischemia] [Satellite-contrast: meal/spicy-food burning + antacid relief -> GERD-like] [Nucleus-elaboration: age/risk factors increase cardiac risk] [Satellite-safety: dangerous diagnosis should be prioritized] [Conclusion: prioritize ACS],No
839,"My wrists and finger joints stay stiff for a long time each morning, but my toe once became swollen and red after alcohol, an earlier blood test mentioned hyperuricemia, and my mother had rheumatoid arthritis.",Rheumatoid arthritis,"A correct interpretation must distinguish the durable background disease from the memorable acute event. The toe attack after dietary trigger is very salient and can bias reasoning toward gout, but the more informative structure of the case is the long-standing morning stiffness and symmetric small-joint involvement. Hyperuricemia is supportive of gout but not sufficient to explain the full chronic phenotype. Therefore RA is the stronger overall diagnosis.",Root: favor RA. [Nucleus: prolonged morning stiffness + symmetric small-joint involvement] [Satellite-contrast: toe flare + hyperuricemia -> gout clue] [Nucleus-elaboration: family history supports RA] [Satellite-resolution: acute event does not explain chronic baseline] [Conclusion: RA best fits chronic pattern],No
840,"For months my hand joints have felt swollen and stiff when I wake up, even though my toe once blew up after drinking wine, an earlier blood test mentioned hyperuricemia, and there is definite family history of RA.",Gout,"The reasoning locks onto the vivid toe flare and the mention of high uric acid. Once those cues are treated as central, the chronic hand and wrist stiffness is generalized into the gout interpretation, even though that pattern is less typical for gout as a single unifying explanation. Family history of RA is then dismissed as incidental rather than integrated. The result is a diagnosis driven by salience and memorability rather than by the full temporal structure of the illness.",Root: favor gout. [Nucleus: toe flare after wine + hyperuricemia] [Satellite-generalization: chronic hand stiffness folded into gout] [Satellite-dismissal: family history of RA incidental] [Satellite-salience: vivid acute event overweights decision] [Conclusion: gout explains all symptoms],Yes
841,"My energy is very low and I feel slowed, I look puffy and my skin texture has changed, while my weight has gone up even though I eat less, although brief anxiety-type symptoms do happen, while an earlier test was near normal.",Hypothyroidism,"The dominant syndrome is hypothyroid: fatigue, weight gain despite low intake, puffiness, and dry skin form a coherent metabolic picture. Anxiety and occasional palpitations are real conflicting clues, but they are not sufficient to overturn the much broader hypothyroid pattern. An older borderline-normal lab result is weak evidence because symptoms may have evolved since then. The full pattern therefore favors hypothyroidism more than a primary anxiety disorder.",Root: favor hypothyroidism. [Nucleus: fatigue + weight gain + puffiness + dry skin] [Satellite-contrast: palpitations/anxiety] [Satellite-background: old borderline-normal test] [Satellite-integration: syndrome coherence outweighs isolated conflict] [Conclusion: hypothyroidism],No
842,"Initially it was just burning and frequent urination, before systemic symptoms and back pain arrived, there is now nausea and vomiting too, despite local symptoms improving a bit.",Pyelonephritis,A grounded explanation keeps the early dysuria and frequency in the background while allowing the systemic and flank findings to drive the conclusion. Vomiting and fever are not well explained by a simple resolving bladder infection. Pyelonephritis is the stronger diagnosis because it explains both the urinary origin and the systemic deterioration.,Root: favor pyelonephritis. [Satellite-background: dysuria + frequency -> cystitis] [Nucleus: fever + flank/back pain + vomiting + systemic illness] [Satellite-contrast: burning improved] [Satellite-escalation: local infection evolved into systemic picture] [Conclusion: pyelonephritis],No
843,"The pain initially felt like it was around my belly button, before settling in the right lower abdomen, and GI upset made me doubt appendicitis, walking makes it worse.",Viral gastroenteritis,This reasoning overvalues the commonness of viral illness and undervalues the specificity of pain migration. It treats the memorable loose stool as central and the more diagnostic localization as secondary. That produces premature closure on gastroenteritis.,Root: favor gastroenteritis. [Nucleus: diarrhea + stomach-bug framing] [Satellite-reinterpretation: RLQ pain + movement pain -> cramping/soreness] [Satellite-anchor: GI symptoms overweight decision] [Conclusion: gastroenteritis],Yes
844,"This began like a respiratory infection with cough and chills, except now one leg has become swollen and tender, but I can catch my breath less and less, antibiotics changed the fever more than the dyspnea.",Pneumonia,"The reasoning gives priority to the story’s opening frame of cough, fever, and a cold-like illness and turns that into a pneumonia anchor. Once anchored, the swollen calf is reinterpreted as body aches, muscle strain, or reduced movement from being sick, even though calf swelling is not well explained that way. A small fever response to antibiotics is overread as confirmation of infection. This creates a premature closure on pneumonia while ignoring the stronger thromboembolic structure of the case.",Root: favor pneumonia. [Nucleus: fever + cough + dyspnea -> pneumonia] [Satellite-reinterpretation: calf swelling/pain -> body aches or strain] [Satellite-overclaim: antibiotics response confirms infection] [Satellite-closure: common diagnosis chosen early] [Conclusion: pneumonia is primary],Yes
845,"I am slimming down without meaning to, there is a tremor in my hands and fast heartbeat, and I thought this was all just anxiety, but I have thyroid-area fullness and visible eye changes.",Panic disorder,"The hallucinated reasoning elevates anxiety, shakiness, and palpitations to the center of the case because they are familiar panic symptoms. Once that frame is adopted, weight loss is explained as stress, neck fullness is described as subjective, and eye changes are brushed aside as tired appearance. This prevents the model from integrating the bodily findings into a coherent endocrine picture. The conclusion settles on panic disorder not because it explains the full evidence best, but because it captures the most familiar emotional cues.",Root: favor panic disorder. [Nucleus: anxiety + shakiness + tachycardia] [Satellite-reinterpretation: weight loss -> stress] [Satellite-dismissal: eye changes + neck fullness subjective] [Satellite-psychologizing: physical findings subordinated to emotional frame] [Conclusion: panic disorder explains symptoms],Yes
846,"I feel pressure in my chest during brisk walking, even though I also get burning after lying down post-dinner, the strongest episode came with sweating and arm discomfort, I’m 58 and hypertensive, so I thought it was just reflux.",Gastroesophageal reflux disease,"Because the discomfort sometimes follows food and the patient reports at least partial reflux-like features, GERD is taken as the main explanation. Once that anchor is adopted, the more dangerous clues, such as sweating and radiation to the arm or jaw, are reinterpreted as anxiety caused by pain rather than as evidence of ischemia. The exertional trigger is minimized as if it were incidental. This reasoning closes too early on a familiar benign diagnosis and fails to give adequate weight to cardiovascular risk factors.",Root: favor GERD. [Nucleus: meals/spicy food + antacid relief -> reflux] [Satellite-downplay: radiation + sweating -> anxiety response] [Satellite-ignore: exertional trigger + cardiac risk] [Satellite-closure: benign diagnosis chosen early] [Conclusion: GERD explains symptoms],Yes
847,"First I had middle abdominal pain, and later localized to the lower right, but diarrhea made it feel infectious, walking or jarring makes the pain worse.",Viral gastroenteritis,"The hallucinated explanation begins by anchoring on diarrhea and the patient’s suspicion of food poisoning. Once that benign gastrointestinal frame is chosen, the right lower quadrant localization is reinterpreted as cramping, and the worsening with movement is reduced to generalized soreness. This flattens a focal pain pattern into a diffuse stomach bug explanation and ignores the more informative anatomical evolution.",Root: favor gastroenteritis. [Nucleus: diarrhea + stomach-bug framing] [Satellite-reinterpretation: RLQ pain + movement pain -> cramping/soreness] [Satellite-anchor: GI symptoms overweight decision] [Conclusion: gastroenteritis],Yes
848,"I cannot stop drinking and peeing, while my weight is dropping, blurred vision is part of it as well, and there is belly pain with nausea, but my body type and family history look like type 2.",Type 2 diabetes only,"This line of reasoning mistakes a risk factor pattern for a complete explanation. It privileges what the patient looks like over how the disease is behaving in the moment. By downplaying the catabolic and potentially ketotic features, it reaches an overconfident type 2-only conclusion.",Root: favor type 2 only. [Nucleus: obesity + family history] [Satellite-downplay: weight loss + abdominal symptoms] [Satellite-stereotype: overweight argues against type 1] [Satellite-closure: phenotype overrides physiology] [Conclusion: type 2 only],Yes
849,"The whole thing began like an ordinary infection, but a single swollen calf showed up later, while the shortness of breath kept escalating, antibiotics changed the fever more than the dyspnea.",Pulmonary embolism,"The infection-like opening of the story is misleading, but the later evolution is more important. Unilateral calf swelling and pain create a strong signal for deep vein thrombosis, and worsening shortness of breath makes pulmonary embolism a much better fit than uncomplicated pneumonia. Fever and cough can occur in PE and therefore do not settle the case in favor of infection. Partial improvement of fever after antibiotics is weak evidence and does not explain why breathing worsened. The full cross-system pattern is more coherent as venous thromboembolism with pulmonary embolism.",Root: favor PE. [Satellite-background: fever + cough -> pneumonia-like] [Nucleus: unilateral calf swelling/pain + worsening dyspnea -> DVT/PE] [Satellite-contrast: antibiotics helped fever only] [Satellite-causal: leg clot can explain lung symptoms] [Conclusion: PE better explains the pattern],No
850,"I get chest tightness when climbing stairs, but after large meals it feels like indigestion, the strongest episode came with sweating and arm discomfort, I’m 61 and a smoker, so I tried to ignore it as stomach-related.",Acute coronary syndrome / unstable angina,"Although the history contains gastrointestinal-looking features, the core nucleus of the case is exertional chest pressure with autonomic symptoms and radiation. Those findings are more discriminative for coronary ischemia than for simple reflux. Antacid response or meal timing can be misleading and do not exclude a cardiac cause. Because the patient is older and has major cardiovascular risk factors, it would be unsafe to anchor on GERD. The best synthesis is that a cardiac diagnosis should be prioritized.",Root: favor ACS. [Nucleus: exertional pain + radiation + sweating -> ischemia] [Satellite-contrast: meal/spicy-food burning + antacid relief -> GERD-like] [Nucleus-elaboration: age/risk factors increase cardiac risk] [Satellite-safety: dangerous diagnosis should be prioritized] [Conclusion: prioritize ACS],No
851,"Going up steps brings on chest heaviness, but late meals can make it feel more like heartburn, once it radiated to my shoulder and I broke into a sweat, I’m 64 with high cholesterol, which made me think it was heartburn.",Acute coronary syndrome / unstable angina,"Although the history contains gastrointestinal-looking features, the core nucleus of the case is exertional chest pressure with autonomic symptoms and radiation. Those findings are more discriminative for coronary ischemia than for simple reflux. Antacid response or meal timing can be misleading and do not exclude a cardiac cause. Because the patient is older and has major cardiovascular risk factors, it would be unsafe to anchor on GERD. The best synthesis is that a cardiac diagnosis should be prioritized.",Root: favor ACS. [Nucleus: exertional pain + radiation + sweating -> ischemia] [Satellite-contrast: meal/spicy-food burning + antacid relief -> GERD-like] [Nucleus-elaboration: age/risk factors increase cardiac risk] [Satellite-safety: dangerous diagnosis should be prioritized] [Conclusion: prioritize ACS],No
852,"My clothes are looser because of unexplained weight loss, I have tremor and constant palpitations, so I suspected a stress problem, although my neck feels swollen and people comment on my eyes.","Hyperthyroidism, likely Graves disease","The anxious feeling and racing heart can certainly mimic panic, but the broader physical pattern is much more informative. Unintentional weight loss, tremor, neck fullness, and visible eye changes point strongly toward hyperthyroidism, especially Graves disease. The anxiety is therefore better interpreted as part of the endocrine syndrome rather than as a separate primary psychiatric disorder. Fatigue does not contradict this, because prolonged thyrotoxicosis can also cause exhaustion.",Root: favor Graves. [Nucleus: weight loss + tremor + palpitations + neck fullness + eye changes] [Satellite-background: anxiety/panic-like features] [Satellite-integration: anxiety explained within endocrine syndrome] [Conclusion: hyperthyroidism unifies symptoms],No
853,"The abdominal discomfort began centrally, then it concentrated low on the right, and the bowel symptoms made it seem like food poisoning, movement clearly aggravates it.",Appendicitis,"A grounded interpretation gives more weight to the evolution and location of pain than to the presence of loose stool alone. Gastroenteritis is plausible at the start, but it does not explain the specific right-sided localization and movement-related pain as well as appendicitis does. The reasoning preserves diarrhea as background noise but allows the focal abdominal pattern to dominate.",Root: favor appendicitis. [Satellite-background: diarrhea -> gastroenteritis-like] [Nucleus: migratory pain to RLQ + movement pain] [Satellite-priority: focal evolution outweighs generic GI symptoms] [Conclusion: appendicitis],No
854,"At first I thought I had a bad cold with cough and fever, but a single swollen calf showed up later, and now I am more short of breath than before, leftover antibiotics only seemed to help the fever.",Pneumonia,"The reasoning gives priority to the story’s opening frame of cough, fever, and a cold-like illness and turns that into a pneumonia anchor. Once anchored, the swollen calf is reinterpreted as body aches, muscle strain, or reduced movement from being sick, even though calf swelling is not well explained that way. A small fever response to antibiotics is overread as confirmation of infection. This creates a premature closure on pneumonia while ignoring the stronger thromboembolic structure of the case.",Root: favor pneumonia. [Nucleus: fever + cough + dyspnea -> pneumonia] [Satellite-reinterpretation: calf swelling/pain -> body aches or strain] [Satellite-overclaim: antibiotics response confirms infection] [Satellite-closure: common diagnosis chosen early] [Conclusion: pneumonia is primary],Yes
855,"I began with bladder-type burning and urgency, and then the infection seemed to move upward with fever, and I have become sick to my stomach and vomit, even though the burning got a little better.",Simple cystitis,"The hallucinated interpretation continues to treat the case as a simple bladder infection because dysuria and frequency came first. Once that anchor is fixed, fever, vomiting, and back pain are recast as dehydration, muscle pain, or generic effects of being unwell. The slight improvement in burning is overread as a sign that the infection is resolving, even though the overall picture is getting worse. This is a failure to update the diagnosis when new higher-severity evidence appears.",Root: favor cystitis. [Nucleus: dysuria + frequency] [Satellite-reinterpretation: back pain + vomiting -> dehydration/strain] [Satellite-overclaim: burning improved -> infection resolving] [Satellite-failure-to-update: early label retained despite escalation] [Conclusion: simple cystitis],Yes
856,"I feel pressure in my chest during brisk walking, but sometimes it also comes after spicy food at night, I recently had sweating and pain radiating toward my jaw, I’m 52 and diabetic, so I tried to ignore it as stomach-related.",Acute coronary syndrome / unstable angina,"The most important feature is that the chest discomfort is triggered by exertion rather than only by meals. Radiation to the arm or jaw and associated sweating are classic high-risk clues for myocardial ischemia. The reflux-like features are real conflicting clues, but they are lower-specificity findings and do not neutralize the cardiac risk pattern. The patient’s age and vascular risk factors increase the pretest probability of acute coronary syndrome. A safer and more coherent interpretation is that this is unstable angina or another ACS presentation until proven otherwise.",Root: favor ACS. [Nucleus: exertional pain + radiation + sweating -> ischemia] [Satellite-contrast: meal/spicy-food burning + antacid relief -> GERD-like] [Nucleus-elaboration: age/risk factors increase cardiac risk] [Satellite-safety: dangerous diagnosis should be prioritized] [Conclusion: prioritize ACS],No
857,"My chest discomfort starts with exertion, but late meals can make it feel more like heartburn, the strongest episode came with sweating and arm discomfort, I’m 63 with several heart risk factors, which made me think it was heartburn.",Acute coronary syndrome / unstable angina,"Although the history contains gastrointestinal-looking features, the core nucleus of the case is exertional chest pressure with autonomic symptoms and radiation. Those findings are more discriminative for coronary ischemia than for simple reflux. Antacid response or meal timing can be misleading and do not exclude a cardiac cause. Because the patient is older and has major cardiovascular risk factors, it would be unsafe to anchor on GERD. The best synthesis is that a cardiac diagnosis should be prioritized.",Root: favor ACS. [Nucleus: exertional pain + radiation + sweating -> ischemia] [Satellite-contrast: meal/spicy-food burning + antacid relief -> GERD-like] [Nucleus-elaboration: age/risk factors increase cardiac risk] [Satellite-safety: dangerous diagnosis should be prioritized] [Conclusion: prioritize ACS],No
858,"I have become thinner for no clear reason, I have tremor and constant palpitations, so I started calling it panic, except my neck seems enlarged and others notice my eyes.","Hyperthyroidism, likely Graves disease",A correct reading resists the temptation to stop at the psychiatric-looking symptoms. The visible bodily signs carry more diagnostic weight: goiter-like neck fullness and eye prominence are especially important because they are difficult to explain by panic disorder alone. Weight loss and tremor strengthen the endocrine interpretation further.,Root: favor Graves. [Nucleus: weight loss + tremor + palpitations + neck fullness + eye changes] [Satellite-background: anxiety/panic-like features] [Satellite-integration: anxiety explained within endocrine syndrome] [Conclusion: hyperthyroidism unifies symptoms],No
859,"When I hurry across a parking lot I feel chest squeezing, though sometimes it seems tied to reflux after eating, a recent attack made me sweaty and sent pain toward my left arm, I’m 59 and a smoker with high cholesterol, which made me dismiss it as acid reflux.",Gastroesophageal reflux disease,"Because the discomfort sometimes follows food and the patient reports at least partial reflux-like features, GERD is taken as the main explanation. Once that anchor is adopted, the more dangerous clues, such as sweating and radiation to the arm or jaw, are reinterpreted as anxiety caused by pain rather than as evidence of ischemia. The exertional trigger is minimized as if it were incidental. This reasoning closes too early on a familiar benign diagnosis and fails to give adequate weight to cardiovascular risk factors.",Root: favor GERD. [Nucleus: meals/spicy food + antacid relief -> reflux] [Satellite-downplay: radiation + sweating -> anxiety response] [Satellite-ignore: exertional trigger + cardiac risk] [Satellite-closure: benign diagnosis chosen early] [Conclusion: GERD explains symptoms],Yes
860,"Morning stiffness in my hands lasts well beyond getting out of bed, but my toe once became swollen and red after alcohol, I remember one lab showing increased uric acid, and rheumatoid arthritis runs in my family.",Rheumatoid arthritis,"The chronic pattern is the deciding factor here. Morning stiffness lasting over an hour, together with persistent hand and wrist involvement, strongly favors rheumatoid arthritis because this is a classic symmetric inflammatory small-joint presentation. The toe flare and prior hyperuricemia are genuine gout-like clues, but they are episodic and do not explain the chronic baseline syndrome. Family history of RA adds weight to the inflammatory arthritis interpretation. The best synthesis is that RA explains the ongoing pattern.",Root: favor RA. [Nucleus: prolonged morning stiffness + symmetric small-joint involvement] [Satellite-contrast: toe flare + hyperuricemia -> gout clue] [Nucleus-elaboration: family history supports RA] [Satellite-resolution: acute event does not explain chronic baseline] [Conclusion: RA best fits chronic pattern],No
861,"I first developed fever and cough like I was getting pneumonia, but a single swollen calf showed up later, while the shortness of breath kept escalating, antibiotics changed the fever more than the dyspnea.",Pneumonia,"The reasoning gives priority to the story’s opening frame of cough, fever, and a cold-like illness and turns that into a pneumonia anchor. Once anchored, the swollen calf is reinterpreted as body aches, muscle strain, or reduced movement from being sick, even though calf swelling is not well explained that way. A small fever response to antibiotics is overread as confirmation of infection. This creates a premature closure on pneumonia while ignoring the stronger thromboembolic structure of the case.",Root: favor pneumonia. [Nucleus: fever + cough + dyspnea -> pneumonia] [Satellite-reinterpretation: calf swelling/pain -> body aches or strain] [Satellite-overclaim: antibiotics response confirms infection] [Satellite-closure: common diagnosis chosen early] [Conclusion: pneumonia is primary],Yes
862,"My small hand joints ache and feel stiff at the start of most days, yet I also had an abrupt toe attack after a celebratory meal, a previous doctor said my uric acid ran high, while my family history includes rheumatoid arthritis.",Gout,"A hallucinated interpretation gives privileged status to the classic-sounding gout clues and treats them as sufficient to explain everything else. The chronic morning stiffness is downgraded to a generic inflammatory complaint, even though it is actually the more discriminative feature for RA. This is a reasoning failure because one episodic clue is expanded beyond its explanatory range.",Root: favor gout. [Nucleus: toe flare after wine + hyperuricemia] [Satellite-generalization: chronic hand stiffness folded into gout] [Satellite-dismissal: family history of RA incidental] [Satellite-salience: vivid acute event overweights decision] [Conclusion: gout explains all symptoms],Yes
863,"My fingers feel inflamed and hard to move early each day, though one memorable episode hit my big toe after heavy food, I remember one lab showing increased uric acid, with rheumatoid arthritis already present in relatives.",Gout,"A hallucinated interpretation gives privileged status to the classic-sounding gout clues and treats them as sufficient to explain everything else. The chronic morning stiffness is downgraded to a generic inflammatory complaint, even though it is actually the more discriminative feature for RA. This is a reasoning failure because one episodic clue is expanded beyond its explanatory range.",Root: favor gout. [Nucleus: toe flare after wine + hyperuricemia] [Satellite-generalization: chronic hand stiffness folded into gout] [Satellite-dismissal: family history of RA incidental] [Satellite-salience: vivid acute event overweights decision] [Conclusion: gout explains all symptoms],Yes
864,"Everything feels slowed and heavy lately, I have puffiness and dry skin, but I am gaining weight without eating much, though I sometimes have palpitations and nervousness, and a previous result was interpreted as basically normal.",Anxiety disorder,"This is a structural misweighting of evidence. The reasoning favors common, low-specificity symptoms and lets them dominate a richer endocrine pattern. The earlier lab is converted into false reassurance, and the physical signs are fragmented instead of integrated.",Root: favor anxiety disorder. [Nucleus: palpitations + anxiety + headaches] [Satellite-reinterpretation: weight gain + dry skin -> lifestyle/stress] [Satellite-overweight: borderline-normal thyroid test] [Satellite-psychologizing: endocrine cluster fragmented] [Conclusion: anxiety disorder],Yes
865,"I notice chest pressure when carrying groceries, but after large meals it feels like indigestion, once it radiated to my shoulder and I broke into a sweat, I’m 64 with high cholesterol, so I tried to ignore it as stomach-related.",Gastroesophageal reflux disease,"The reasoning starts from the convenient clue of post-meal burning and promotes it to the central explanation. From there, contradictory evidence is explained away: radiation becomes panic, sweating becomes distress, and vascular risk factors are treated as background rather than decision-driving information. This creates an overconfident but weakly justified conclusion in favor of reflux. The higher-risk explanation is prematurely dismissed.",Root: favor GERD. [Nucleus: meals/spicy food + antacid relief -> reflux] [Satellite-downplay: radiation + sweating -> anxiety response] [Satellite-ignore: exertional trigger + cardiac risk] [Satellite-closure: benign diagnosis chosen early] [Conclusion: GERD explains symptoms],Yes
866,"At first it felt like a simple bladder infection, and later fever with flank pain appeared, and vomiting became part of the illness, while the original bladder symptoms seem a bit better.",Pyelonephritis,A grounded explanation keeps the early dysuria and frequency in the background while allowing the systemic and flank findings to drive the conclusion. Vomiting and fever are not well explained by a simple resolving bladder infection. Pyelonephritis is the stronger diagnosis because it explains both the urinary origin and the systemic deterioration.,Root: favor pyelonephritis. [Satellite-background: dysuria + frequency -> cystitis] [Nucleus: fever + flank/back pain + vomiting + systemic illness] [Satellite-contrast: burning improved] [Satellite-escalation: local infection evolved into systemic picture] [Conclusion: pyelonephritis],No
867,"Initially it was just burning and frequent urination, but later I felt feverish with flank pain, plus I started vomiting recently, even though the burning got a little better.",Simple cystitis,"This reasoning privileges chronology over severity. It assumes that the first label applied must remain correct, and it explains away later findings instead of revising the model. The result is a falsely reassuring cystitis diagnosis.",Root: favor cystitis. [Nucleus: dysuria + frequency] [Satellite-reinterpretation: back pain + vomiting -> dehydration/strain] [Satellite-overclaim: burning improved -> infection resolving] [Satellite-failure-to-update: early label retained despite escalation] [Conclusion: simple cystitis],Yes
868,"My abdominal pain began in the middle, but afterward it shifted to the right lower quadrant, with diarrhea complicating the picture, movement clearly aggravates it.",Appendicitis,"A grounded interpretation gives more weight to the evolution and location of pain than to the presence of loose stool alone. Gastroenteritis is plausible at the start, but it does not explain the specific right-sided localization and movement-related pain as well as appendicitis does. The reasoning preserves diarrhea as background noise but allows the focal abdominal pattern to dominate.",Root: favor appendicitis. [Satellite-background: diarrhea -> gastroenteritis-like] [Nucleus: migratory pain to RLQ + movement pain] [Satellite-priority: focal evolution outweighs generic GI symptoms] [Conclusion: appendicitis],No
869,"I have become thinner for no clear reason, there is a tremor in my hands and fast heartbeat, which pushed me toward a panic explanation, but my neck feels full and people say my eyes look different.","Hyperthyroidism, likely Graves disease","The anxious feeling and racing heart can certainly mimic panic, but the broader physical pattern is much more informative. Unintentional weight loss, tremor, neck fullness, and visible eye changes point strongly toward hyperthyroidism, especially Graves disease. The anxiety is therefore better interpreted as part of the endocrine syndrome rather than as a separate primary psychiatric disorder. Fatigue does not contradict this, because prolonged thyrotoxicosis can also cause exhaustion.",Root: favor Graves. [Nucleus: weight loss + tremor + palpitations + neck fullness + eye changes] [Satellite-background: anxiety/panic-like features] [Satellite-integration: anxiety explained within endocrine syndrome] [Conclusion: hyperthyroidism unifies symptoms],No
870,"For months my hand joints have felt swollen and stiff when I wake up, but my toe once became swollen and red after alcohol, a previous doctor said my uric acid ran high, and a close relative has RA.",Gout,"A hallucinated interpretation gives privileged status to the classic-sounding gout clues and treats them as sufficient to explain everything else. The chronic morning stiffness is downgraded to a generic inflammatory complaint, even though it is actually the more discriminative feature for RA. This is a reasoning failure because one episodic clue is expanded beyond its explanatory range.",Root: favor gout. [Nucleus: toe flare after wine + hyperuricemia] [Satellite-generalization: chronic hand stiffness folded into gout] [Satellite-dismissal: family history of RA incidental] [Satellite-salience: vivid acute event overweights decision] [Conclusion: gout explains all symptoms],Yes
871,"I need water all the time and I am urinating excessively, and there is clear unexplained weight loss, blurred vision is part of it as well, plus I now have nausea and abdominal pain, even though obesity and family diabetes point the other way.","Diabetes mellitus, likely type 1 physiology","The central issue is not the body habitus alone but the physiology suggested by the symptoms. Polyuria, polydipsia, weight loss, blurry vision, and abdominal symptoms suggest substantial hyperglycemia with possible ketosis or evolving insulin deficiency. Obesity and a family history of type 2 diabetes are meaningful competing clues, but they do not erase the catabolic pattern. In a younger patient, weight loss with nausea and abdominal pain should raise concern for type 1 physiology or at least urgent insulin-requiring diabetes.",Root: favor diabetes with likely type 1 physiology. [Nucleus: thirst + urination + weight loss + blurry vision + nausea] [Satellite-contrast: obesity + family history -> type 2 clue] [Satellite-urgency: abdominal symptoms suggest ketosis risk] [Conclusion: urgent insulin-deficiency picture],No
872,"My chest discomfort starts with exertion, yet I also notice burning after greasy food, last week the pain went to my left arm and I got sweaty, I’m 64 with high cholesterol, and I told myself it was probably GERD.",Gastroesophageal reflux disease,"Because the discomfort sometimes follows food and the patient reports at least partial reflux-like features, GERD is taken as the main explanation. Once that anchor is adopted, the more dangerous clues, such as sweating and radiation to the arm or jaw, are reinterpreted as anxiety caused by pain rather than as evidence of ischemia. The exertional trigger is minimized as if it were incidental. This reasoning closes too early on a familiar benign diagnosis and fails to give adequate weight to cardiovascular risk factors.",Root: favor GERD. [Nucleus: meals/spicy food + antacid relief -> reflux] [Satellite-downplay: radiation + sweating -> anxiety response] [Satellite-ignore: exertional trigger + cardiac risk] [Satellite-closure: benign diagnosis chosen early] [Conclusion: GERD explains symptoms],Yes
873,"Physical effort seems to trigger a band-like chest pain, although heavy dinners also cause burning in my chest, during the worst spell it moved to my jaw and I felt faint, I’m 67 and diabetic and hypertensive, so I tried to ignore it as stomach-related.",Acute coronary syndrome / unstable angina,"Although the history contains gastrointestinal-looking features, the core nucleus of the case is exertional chest pressure with autonomic symptoms and radiation. Those findings are more discriminative for coronary ischemia than for simple reflux. Antacid response or meal timing can be misleading and do not exclude a cardiac cause. Because the patient is older and has major cardiovascular risk factors, it would be unsafe to anchor on GERD. The best synthesis is that a cardiac diagnosis should be prioritized.",Root: favor ACS. [Nucleus: exertional pain + radiation + sweating -> ischemia] [Satellite-contrast: meal/spicy-food burning + antacid relief -> GERD-like] [Nucleus-elaboration: age/risk factors increase cardiac risk] [Satellite-safety: dangerous diagnosis should be prioritized] [Conclusion: prioritize ACS],No
874,"Initially it was just burning and frequent urination, then I started having fever and upper back discomfort, plus I started vomiting recently, while the dysuria became less intense.",Pyelonephritis,"The case begins like cystitis, but it does not stay there. The later development of fever, flank or back pain, vomiting, and systemic illness strongly suggests upper urinary tract infection, namely pyelonephritis. Improvement in local burning does not counterbalance the worsening systemic picture. In fact, the change from local urinary discomfort to broader constitutional illness is exactly what makes the case more serious.",Root: favor pyelonephritis. [Satellite-background: dysuria + frequency -> cystitis] [Nucleus: fever + flank/back pain + vomiting + systemic illness] [Satellite-contrast: burning improved] [Satellite-escalation: local infection evolved into systemic picture] [Conclusion: pyelonephritis],No
875,"I started with feverish cough and thought it was respiratory, yet I developed one-sided calf pain and swelling, and I became much more breathless over time, antibiotics changed the fever more than the dyspnea.",Pulmonary embolism,"A grounded reading preserves both hypotheses at first: pneumonia is plausible because of fever and cough, but the calf findings are a major red flag that changes the weighting of the case. Respiratory decline despite some improvement in fever also argues against a simple resolving infection. The vascular hypothesis explains the leg symptoms and the worsening dyspnea in one causal chain.",Root: favor PE. [Satellite-background: fever + cough -> pneumonia-like] [Nucleus: unilateral calf swelling/pain + worsening dyspnea -> DVT/PE] [Satellite-contrast: antibiotics helped fever only] [Satellite-causal: leg clot can explain lung symptoms] [Conclusion: PE better explains the pattern],No
876,"I have nonstop thirst and frequent urination, while my weight is dropping, I keep noticing visual blurring, while my stomach hurts and I feel sick, but my body type and family history look like type 2.","Diabetes mellitus, likely type 1 physiology","A correct explanation distinguishes phenotype from acute metabolic state. The patient may look like a type 2 candidate because of weight and family history, but the active symptom cluster points to a more urgent process characterized by marked hyperglycemia and possible ketosis. The reasoning therefore keeps the type 2 clue in a contrast branch while allowing the metabolic urgency to dominate the conclusion.",Root: favor diabetes with likely type 1 physiology. [Nucleus: thirst + urination + weight loss + blurry vision + nausea] [Satellite-contrast: obesity + family history -> type 2 clue] [Satellite-urgency: abdominal symptoms suggest ketosis risk] [Conclusion: urgent insulin-deficiency picture],No
877,"Everything feels slowed and heavy lately, my face looks puffy and my skin is dry, but reduced appetite has not stopped weight gain, but I occasionally feel my heart skip and get anxious, but a prior thyroid result was described as borderline.",Anxiety disorder,"This is a structural misweighting of evidence. The reasoning favors common, low-specificity symptoms and lets them dominate a richer endocrine pattern. The earlier lab is converted into false reassurance, and the physical signs are fragmented instead of integrated.",Root: favor anxiety disorder. [Nucleus: palpitations + anxiety + headaches] [Satellite-reinterpretation: weight gain + dry skin -> lifestyle/stress] [Satellite-overweight: borderline-normal thyroid test] [Satellite-psychologizing: endocrine cluster fragmented] [Conclusion: anxiety disorder],Yes
878,"I feel worn out and slowed down daily, my body feels puffy and my skin has become dry, and I have gained weight despite low appetite, although I do get anxious and feel palpitations sometimes, while an earlier test was near normal.",Hypothyroidism,"A correct reading identifies the cluster rather than overreacting to one contradictory symptom. Palpitations and anxiety can occur for many reasons and do not erase the metabolically slowed presentation. The more integrated explanation is thyroid underactivity, with the old near-normal test retained as background rather than treated as decisive.",Root: favor hypothyroidism. [Nucleus: fatigue + weight gain + puffiness + dry skin] [Satellite-contrast: palpitations/anxiety] [Satellite-background: old borderline-normal test] [Satellite-integration: syndrome coherence outweighs isolated conflict] [Conclusion: hypothyroidism],No
879,"I feel fatigued almost all the time, people notice I look puffy and dry-skinned, but I am gaining weight without eating much, even so, there are moments of anxiety and heartbeat awareness, but a prior thyroid result was described as borderline.",Hypothyroidism,"The dominant syndrome is hypothyroid: fatigue, weight gain despite low intake, puffiness, and dry skin form a coherent metabolic picture. Anxiety and occasional palpitations are real conflicting clues, but they are not sufficient to overturn the much broader hypothyroid pattern. An older borderline-normal lab result is weak evidence because symptoms may have evolved since then. The full pattern therefore favors hypothyroidism more than a primary anxiety disorder.",Root: favor hypothyroidism. [Nucleus: fatigue + weight gain + puffiness + dry skin] [Satellite-contrast: palpitations/anxiety] [Satellite-background: old borderline-normal test] [Satellite-integration: syndrome coherence outweighs isolated conflict] [Conclusion: hypothyroidism],No
880,"My hands and wrists have been stiff every morning for over an hour, yet I also had an abrupt toe attack after a celebratory meal, an earlier blood test mentioned hyperuricemia, and there is definite family history of RA.",Rheumatoid arthritis,"The chronic pattern is the deciding factor here. Morning stiffness lasting over an hour, together with persistent hand and wrist involvement, strongly favors rheumatoid arthritis because this is a classic symmetric inflammatory small-joint presentation. The toe flare and prior hyperuricemia are genuine gout-like clues, but they are episodic and do not explain the chronic baseline syndrome. Family history of RA adds weight to the inflammatory arthritis interpretation. The best synthesis is that RA explains the ongoing pattern.",Root: favor RA. [Nucleus: prolonged morning stiffness + symmetric small-joint involvement] [Satellite-contrast: toe flare + hyperuricemia -> gout clue] [Nucleus-elaboration: family history supports RA] [Satellite-resolution: acute event does not explain chronic baseline] [Conclusion: RA best fits chronic pattern],No
881,"I feel like I am dehydrated and urinating nonstop, and I am shrinking despite normal habits, my vision also gets blurry, with nausea and stomach upset appearing too, but I am still overweight and diabetes runs in my family.","Diabetes mellitus, likely type 1 physiology","The central issue is not the body habitus alone but the physiology suggested by the symptoms. Polyuria, polydipsia, weight loss, blurry vision, and abdominal symptoms suggest substantial hyperglycemia with possible ketosis or evolving insulin deficiency. Obesity and a family history of type 2 diabetes are meaningful competing clues, but they do not erase the catabolic pattern. In a younger patient, weight loss with nausea and abdominal pain should raise concern for type 1 physiology or at least urgent insulin-requiring diabetes.",Root: favor diabetes with likely type 1 physiology. [Nucleus: thirst + urination + weight loss + blurry vision + nausea] [Satellite-contrast: obesity + family history -> type 2 clue] [Satellite-urgency: abdominal symptoms suggest ketosis risk] [Conclusion: urgent insulin-deficiency picture],No
882,"The whole thing began like an ordinary infection, except now one leg has become swollen and tender, but I can catch my breath less and less, antibiotics maybe reduced the fever but not the breathing trouble.",Pneumonia,"This explanation begins with a common respiratory diagnosis and then forces later clues to fit it. The respiratory symptoms are treated as decisive, while the unilateral leg findings are relegated to an afterthought. The logic also commits a false-confirmation move by treating partial fever improvement as proof of pneumonia.",Root: favor pneumonia. [Nucleus: fever + cough + dyspnea -> pneumonia] [Satellite-reinterpretation: calf swelling/pain -> body aches or strain] [Satellite-overclaim: antibiotics response confirms infection] [Satellite-closure: common diagnosis chosen early] [Conclusion: pneumonia is primary],Yes
883,"I am unusually tired and sluggish, dry skin and puffiness are obvious now, and I gain weight although I do not eat much, still, I get episodes of nervousness and palpitations, while an earlier test was near normal.",Anxiety disorder,"This is a structural misweighting of evidence. The reasoning favors common, low-specificity symptoms and lets them dominate a richer endocrine pattern. The earlier lab is converted into false reassurance, and the physical signs are fragmented instead of integrated.",Root: favor anxiety disorder. [Nucleus: palpitations + anxiety + headaches] [Satellite-reinterpretation: weight gain + dry skin -> lifestyle/stress] [Satellite-overweight: borderline-normal thyroid test] [Satellite-psychologizing: endocrine cluster fragmented] [Conclusion: anxiety disorder],Yes
884,"I cannot stop drinking and peeing, and I am losing weight, my vision also gets blurry, and my abdomen hurts with queasiness, while my relatives make me think of type 2 diabetes.","Diabetes mellitus, likely type 1 physiology","The central issue is not the body habitus alone but the physiology suggested by the symptoms. Polyuria, polydipsia, weight loss, blurry vision, and abdominal symptoms suggest substantial hyperglycemia with possible ketosis or evolving insulin deficiency. Obesity and a family history of type 2 diabetes are meaningful competing clues, but they do not erase the catabolic pattern. In a younger patient, weight loss with nausea and abdominal pain should raise concern for type 1 physiology or at least urgent insulin-requiring diabetes.",Root: favor diabetes with likely type 1 physiology. [Nucleus: thirst + urination + weight loss + blurry vision + nausea] [Satellite-contrast: obesity + family history -> type 2 clue] [Satellite-urgency: abdominal symptoms suggest ketosis risk] [Conclusion: urgent insulin-deficiency picture],No
885,"This began like a respiratory infection with cough and chills, yet I developed one-sided calf pain and swelling, and my breathing got worse, antibiotics maybe reduced the fever but not the breathing trouble.",Pulmonary embolism,"The infection-like opening of the story is misleading, but the later evolution is more important. Unilateral calf swelling and pain create a strong signal for deep vein thrombosis, and worsening shortness of breath makes pulmonary embolism a much better fit than uncomplicated pneumonia. Fever and cough can occur in PE and therefore do not settle the case in favor of infection. Partial improvement of fever after antibiotics is weak evidence and does not explain why breathing worsened. The full cross-system pattern is more coherent as venous thromboembolism with pulmonary embolism.",Root: favor PE. [Satellite-background: fever + cough -> pneumonia-like] [Nucleus: unilateral calf swelling/pain + worsening dyspnea -> DVT/PE] [Satellite-contrast: antibiotics helped fever only] [Satellite-causal: leg clot can explain lung symptoms] [Conclusion: PE better explains the pattern],No
886,"My illness started as what seemed like a simple chest cold, yet one calf started hurting and swelling, while the shortness of breath kept escalating, some fever improvement happened, but breathing worsened anyway.",Pulmonary embolism,"A grounded reading preserves both hypotheses at first: pneumonia is plausible because of fever and cough, but the calf findings are a major red flag that changes the weighting of the case. Respiratory decline despite some improvement in fever also argues against a simple resolving infection. The vascular hypothesis explains the leg symptoms and the worsening dyspnea in one causal chain.",Root: favor PE. [Satellite-background: fever + cough -> pneumonia-like] [Nucleus: unilateral calf swelling/pain + worsening dyspnea -> DVT/PE] [Satellite-contrast: antibiotics helped fever only] [Satellite-causal: leg clot can explain lung symptoms] [Conclusion: PE better explains the pattern],No
887,"I feel worn out and slowed down daily, my face looks puffy and my skin is dry, while my appetite is low but my weight increases, even so, there are moments of anxiety and heartbeat awareness, and a previous result was interpreted as basically normal.",Anxiety disorder,"This is a structural misweighting of evidence. The reasoning favors common, low-specificity symptoms and lets them dominate a richer endocrine pattern. The earlier lab is converted into false reassurance, and the physical signs are fragmented instead of integrated.",Root: favor anxiety disorder. [Nucleus: palpitations + anxiety + headaches] [Satellite-reinterpretation: weight gain + dry skin -> lifestyle/stress] [Satellite-overweight: borderline-normal thyroid test] [Satellite-psychologizing: endocrine cluster fragmented] [Conclusion: anxiety disorder],Yes
888,"I began with bladder-type burning and urgency, and it progressed to fever with side or back pain, I began throwing up as well, despite mild improvement in the local urinary pain.",Simple cystitis,"The hallucinated interpretation continues to treat the case as a simple bladder infection because dysuria and frequency came first. Once that anchor is fixed, fever, vomiting, and back pain are recast as dehydration, muscle pain, or generic effects of being unwell. The slight improvement in burning is overread as a sign that the infection is resolving, even though the overall picture is getting worse. This is a failure to update the diagnosis when new higher-severity evidence appears.",Root: favor cystitis. [Nucleus: dysuria + frequency] [Satellite-reinterpretation: back pain + vomiting -> dehydration/strain] [Satellite-overclaim: burning improved -> infection resolving] [Satellite-failure-to-update: early label retained despite escalation] [Conclusion: simple cystitis],Yes
889,"I have become thinner for no clear reason, I have tremor and constant palpitations, so I suspected a stress problem, although my neck feels swollen and people comment on my eyes.","Hyperthyroidism, likely Graves disease",A correct reading resists the temptation to stop at the psychiatric-looking symptoms. The visible bodily signs carry more diagnostic weight: goiter-like neck fullness and eye prominence are especially important because they are difficult to explain by panic disorder alone. Weight loss and tremor strengthen the endocrine interpretation further.,Root: favor Graves. [Nucleus: weight loss + tremor + palpitations + neck fullness + eye changes] [Satellite-background: anxiety/panic-like features] [Satellite-integration: anxiety explained within endocrine syndrome] [Conclusion: hyperthyroidism unifies symptoms],No
890,"At first I thought I had a bad cold with cough and fever, and then my right calf became painful and enlarged, but the breathing difficulty intensified, the fever eased a bit with antibiotics, not the shortness of breath.",Pulmonary embolism,"The infection-like opening of the story is misleading, but the later evolution is more important. Unilateral calf swelling and pain create a strong signal for deep vein thrombosis, and worsening shortness of breath makes pulmonary embolism a much better fit than uncomplicated pneumonia. Fever and cough can occur in PE and therefore do not settle the case in favor of infection. Partial improvement of fever after antibiotics is weak evidence and does not explain why breathing worsened. The full cross-system pattern is more coherent as venous thromboembolism with pulmonary embolism.",Root: favor PE. [Satellite-background: fever + cough -> pneumonia-like] [Nucleus: unilateral calf swelling/pain + worsening dyspnea -> DVT/PE] [Satellite-contrast: antibiotics helped fever only] [Satellite-causal: leg clot can explain lung symptoms] [Conclusion: PE better explains the pattern],No
891,"This began like a respiratory infection with cough and chills, but a single swollen calf showed up later, while the shortness of breath kept escalating, the fever eased a bit with antibiotics, not the shortness of breath.",Pneumonia,"The reasoning gives priority to the story’s opening frame of cough, fever, and a cold-like illness and turns that into a pneumonia anchor. Once anchored, the swollen calf is reinterpreted as body aches, muscle strain, or reduced movement from being sick, even though calf swelling is not well explained that way. A small fever response to antibiotics is overread as confirmation of infection. This creates a premature closure on pneumonia while ignoring the stronger thromboembolic structure of the case.",Root: favor pneumonia. [Nucleus: fever + cough + dyspnea -> pneumonia] [Satellite-reinterpretation: calf swelling/pain -> body aches or strain] [Satellite-overclaim: antibiotics response confirms infection] [Satellite-closure: common diagnosis chosen early] [Conclusion: pneumonia is primary],Yes
892,"I feel like I am dehydrated and urinating nonstop, while the scale keeps going down, I keep noticing visual blurring, plus there is recent nausea with belly pain, but I am still overweight and diabetes runs in my family.","Diabetes mellitus, likely type 1 physiology","A correct explanation distinguishes phenotype from acute metabolic state. The patient may look like a type 2 candidate because of weight and family history, but the active symptom cluster points to a more urgent process characterized by marked hyperglycemia and possible ketosis. The reasoning therefore keeps the type 2 clue in a contrast branch while allowing the metabolic urgency to dominate the conclusion.",Root: favor diabetes with likely type 1 physiology. [Nucleus: thirst + urination + weight loss + blurry vision + nausea] [Satellite-contrast: obesity + family history -> type 2 clue] [Satellite-urgency: abdominal symptoms suggest ketosis risk] [Conclusion: urgent insulin-deficiency picture],No
893,"I wake up with painful stiff fingers and wrists most mornings, even though my toe once blew up after drinking wine, I was once told my uric acid was borderline high, and I know RA affected my mother.",Rheumatoid arthritis,"A correct interpretation must distinguish the durable background disease from the memorable acute event. The toe attack after dietary trigger is very salient and can bias reasoning toward gout, but the more informative structure of the case is the long-standing morning stiffness and symmetric small-joint involvement. Hyperuricemia is supportive of gout but not sufficient to explain the full chronic phenotype. Therefore RA is the stronger overall diagnosis.",Root: favor RA. [Nucleus: prolonged morning stiffness + symmetric small-joint involvement] [Satellite-contrast: toe flare + hyperuricemia -> gout clue] [Nucleus-elaboration: family history supports RA] [Satellite-resolution: acute event does not explain chronic baseline] [Conclusion: RA best fits chronic pattern],No
894,"The whole thing began like an ordinary infection, and then my right calf became painful and enlarged, but I can catch my breath less and less, antibiotics helped the temperature more than the lungs.",Pneumonia,"The reasoning gives priority to the story’s opening frame of cough, fever, and a cold-like illness and turns that into a pneumonia anchor. Once anchored, the swollen calf is reinterpreted as body aches, muscle strain, or reduced movement from being sick, even though calf swelling is not well explained that way. A small fever response to antibiotics is overread as confirmation of infection. This creates a premature closure on pneumonia while ignoring the stronger thromboembolic structure of the case.",Root: favor pneumonia. [Nucleus: fever + cough + dyspnea -> pneumonia] [Satellite-reinterpretation: calf swelling/pain -> body aches or strain] [Satellite-overclaim: antibiotics response confirms infection] [Satellite-closure: common diagnosis chosen early] [Conclusion: pneumonia is primary],Yes
895,"I feel fatigued almost all the time, I have puffiness and dry skin, and I have gained weight despite low appetite, even so, there are moments of anxiety and heartbeat awareness, and a months-old test did not look very abnormal.",Hypothyroidism,"A correct reading identifies the cluster rather than overreacting to one contradictory symptom. Palpitations and anxiety can occur for many reasons and do not erase the metabolically slowed presentation. The more integrated explanation is thyroid underactivity, with the old near-normal test retained as background rather than treated as decisive.",Root: favor hypothyroidism. [Nucleus: fatigue + weight gain + puffiness + dry skin] [Satellite-contrast: palpitations/anxiety] [Satellite-background: old borderline-normal test] [Satellite-integration: syndrome coherence outweighs isolated conflict] [Conclusion: hypothyroidism],No
896,"When I walk uphill I feel pressure in my chest, but late meals can make it feel more like heartburn, I recently had sweating and pain radiating toward my jaw, I’m 64 with high cholesterol, so I thought it was just reflux.",Gastroesophageal reflux disease,"Because the discomfort sometimes follows food and the patient reports at least partial reflux-like features, GERD is taken as the main explanation. Once that anchor is adopted, the more dangerous clues, such as sweating and radiation to the arm or jaw, are reinterpreted as anxiety caused by pain rather than as evidence of ischemia. The exertional trigger is minimized as if it were incidental. This reasoning closes too early on a familiar benign diagnosis and fails to give adequate weight to cardiovascular risk factors.",Root: favor GERD. [Nucleus: meals/spicy food + antacid relief -> reflux] [Satellite-downplay: radiation + sweating -> anxiety response] [Satellite-ignore: exertional trigger + cardiac risk] [Satellite-closure: benign diagnosis chosen early] [Conclusion: GERD explains symptoms],Yes
897,"Unplanned weight loss has been bothering me, I have tremor and constant palpitations, which pushed me toward a panic explanation, but friends mention my eyes and I notice neck fullness.",Panic disorder,This interpretation fails by treating the psychiatric flavor of the presentation as decisive and treating the physical findings as optional or unreliable. It is an example of premature psychologizing. The result is a diagnosis that is rhetorically smooth but structurally weak.,Root: favor panic disorder. [Nucleus: anxiety + shakiness + tachycardia] [Satellite-reinterpretation: weight loss -> stress] [Satellite-dismissal: eye changes + neck fullness subjective] [Satellite-psychologizing: physical findings subordinated to emotional frame] [Conclusion: panic disorder explains symptoms],Yes
898,"My fingers feel inflamed and hard to move early each day, though one memorable episode hit my big toe after heavy food, a previous doctor said my uric acid ran high, and my mother had rheumatoid arthritis.",Rheumatoid arthritis,"A correct interpretation must distinguish the durable background disease from the memorable acute event. The toe attack after dietary trigger is very salient and can bias reasoning toward gout, but the more informative structure of the case is the long-standing morning stiffness and symmetric small-joint involvement. Hyperuricemia is supportive of gout but not sufficient to explain the full chronic phenotype. Therefore RA is the stronger overall diagnosis.",Root: favor RA. [Nucleus: prolonged morning stiffness + symmetric small-joint involvement] [Satellite-contrast: toe flare + hyperuricemia -> gout clue] [Nucleus-elaboration: family history supports RA] [Satellite-resolution: acute event does not explain chronic baseline] [Conclusion: RA best fits chronic pattern],No
899,"I have become thinner for no clear reason, my body feels revved up with tremor and palpitations, which pushed me toward a panic explanation, but my neck feels full and people say my eyes look different.",Panic disorder,"The hallucinated reasoning elevates anxiety, shakiness, and palpitations to the center of the case because they are familiar panic symptoms. Once that frame is adopted, weight loss is explained as stress, neck fullness is described as subjective, and eye changes are brushed aside as tired appearance. This prevents the model from integrating the bodily findings into a coherent endocrine picture. The conclusion settles on panic disorder not because it explains the full evidence best, but because it captures the most familiar emotional cues.",Root: favor panic disorder. [Nucleus: anxiety + shakiness + tachycardia] [Satellite-reinterpretation: weight loss -> stress] [Satellite-dismissal: eye changes + neck fullness subjective] [Satellite-psychologizing: physical findings subordinated to emotional frame] [Conclusion: panic disorder explains symptoms],Yes
900,"My weight is dropping even though I am not dieting, I notice trembling plus a rapid heartbeat, so I started calling it panic, although my neck feels swollen and people comment on my eyes.",Panic disorder,"The hallucinated reasoning elevates anxiety, shakiness, and palpitations to the center of the case because they are familiar panic symptoms. Once that frame is adopted, weight loss is explained as stress, neck fullness is described as subjective, and eye changes are brushed aside as tired appearance. This prevents the model from integrating the bodily findings into a coherent endocrine picture. The conclusion settles on panic disorder not because it explains the full evidence best, but because it captures the most familiar emotional cues.",Root: favor panic disorder. [Nucleus: anxiety + shakiness + tachycardia] [Satellite-reinterpretation: weight loss -> stress] [Satellite-dismissal: eye changes + neck fullness subjective] [Satellite-psychologizing: physical findings subordinated to emotional frame] [Conclusion: panic disorder explains symptoms],Yes
901,"My weight is dropping even though I am not dieting, I feel shaky with a racing heartbeat, and I framed it as an anxiety issue, even so, there is neck swelling and unusual eye appearance.","Hyperthyroidism, likely Graves disease",A correct reading resists the temptation to stop at the psychiatric-looking symptoms. The visible bodily signs carry more diagnostic weight: goiter-like neck fullness and eye prominence are especially important because they are difficult to explain by panic disorder alone. Weight loss and tremor strengthen the endocrine interpretation further.,Root: favor Graves. [Nucleus: weight loss + tremor + palpitations + neck fullness + eye changes] [Satellite-background: anxiety/panic-like features] [Satellite-integration: anxiety explained within endocrine syndrome] [Conclusion: hyperthyroidism unifies symptoms],No
902,"My hands and wrists have been stiff every morning for over an hour, but I did have a sudden hot swollen toe after a rich dinner, there was at least one high uric acid result in the past, and rheumatoid arthritis runs in my family.",Gout,"A hallucinated interpretation gives privileged status to the classic-sounding gout clues and treats them as sufficient to explain everything else. The chronic morning stiffness is downgraded to a generic inflammatory complaint, even though it is actually the more discriminative feature for RA. This is a reasoning failure because one episodic clue is expanded beyond its explanatory range.",Root: favor gout. [Nucleus: toe flare after wine + hyperuricemia] [Satellite-generalization: chronic hand stiffness folded into gout] [Satellite-dismissal: family history of RA incidental] [Satellite-salience: vivid acute event overweights decision] [Conclusion: gout explains all symptoms],Yes
903,"I keep drinking water and going to the bathroom, and there is clear unexplained weight loss, blurred vision is part of it as well, while my stomach hurts and I feel sick, but I am still overweight and diabetes runs in my family.",Type 2 diabetes only,"The hallucinated reasoning starts from obesity and family history and treats those demographic clues as decisive. Once that anchor is in place, weight loss, nausea, and abdominal pain are minimized as secondary effects of high blood sugar rather than as warnings of insulin deficiency. The model also makes the unsupported leap that being overweight argues strongly against type 1 diabetes. This is a faulty compression of a complex presentation into a simplistic stereotype of type 2 disease.",Root: favor type 2 only. [Nucleus: obesity + family history] [Satellite-downplay: weight loss + abdominal symptoms] [Satellite-stereotype: overweight argues against type 1] [Satellite-closure: phenotype overrides physiology] [Conclusion: type 2 only],Yes
904,"I notice chest pressure when carrying groceries, even though I also get burning after lying down post-dinner, yesterday it spread to my jaw and I became clammy, I’m 56 with diabetes and high blood pressure, so I did not treat it like a heart problem.",Acute coronary syndrome / unstable angina,"Although the history contains gastrointestinal-looking features, the core nucleus of the case is exertional chest pressure with autonomic symptoms and radiation. Those findings are more discriminative for coronary ischemia than for simple reflux. Antacid response or meal timing can be misleading and do not exclude a cardiac cause. Because the patient is older and has major cardiovascular risk factors, it would be unsafe to anchor on GERD. The best synthesis is that a cardiac diagnosis should be prioritized.",Root: favor ACS. [Nucleus: exertional pain + radiation + sweating -> ischemia] [Satellite-contrast: meal/spicy-food burning + antacid relief -> GERD-like] [Nucleus-elaboration: age/risk factors increase cardiac risk] [Satellite-safety: dangerous diagnosis should be prioritized] [Conclusion: prioritize ACS],No
905,"I have persistent morning stiffness in both hands and wrists, yet I also had an abrupt toe attack after a celebratory meal, someone told me I had elevated uric acid before, with rheumatoid arthritis already present in relatives.",Gout,"A hallucinated interpretation gives privileged status to the classic-sounding gout clues and treats them as sufficient to explain everything else. The chronic morning stiffness is downgraded to a generic inflammatory complaint, even though it is actually the more discriminative feature for RA. This is a reasoning failure because one episodic clue is expanded beyond its explanatory range.",Root: favor gout. [Nucleus: toe flare after wine + hyperuricemia] [Satellite-generalization: chronic hand stiffness folded into gout] [Satellite-dismissal: family history of RA incidental] [Satellite-salience: vivid acute event overweights decision] [Conclusion: gout explains all symptoms],Yes
906,"I have become thinner for no clear reason, I notice trembling plus a rapid heartbeat, which pushed me toward a panic explanation, even so, there is neck swelling and unusual eye appearance.",Panic disorder,This interpretation fails by treating the psychiatric flavor of the presentation as decisive and treating the physical findings as optional or unreliable. It is an example of premature psychologizing. The result is a diagnosis that is rhetorically smooth but structurally weak.,Root: favor panic disorder. [Nucleus: anxiety + shakiness + tachycardia] [Satellite-reinterpretation: weight loss -> stress] [Satellite-dismissal: eye changes + neck fullness subjective] [Satellite-psychologizing: physical findings subordinated to emotional frame] [Conclusion: panic disorder explains symptoms],Yes
907,"At first I thought I had a bad cold with cough and fever, except now one leg has become swollen and tender, while the shortness of breath kept escalating, the fever eased a bit with antibiotics, not the shortness of breath.",Pulmonary embolism,"The infection-like opening of the story is misleading, but the later evolution is more important. Unilateral calf swelling and pain create a strong signal for deep vein thrombosis, and worsening shortness of breath makes pulmonary embolism a much better fit than uncomplicated pneumonia. Fever and cough can occur in PE and therefore do not settle the case in favor of infection. Partial improvement of fever after antibiotics is weak evidence and does not explain why breathing worsened. The full cross-system pattern is more coherent as venous thromboembolism with pulmonary embolism.",Root: favor PE. [Satellite-background: fever + cough -> pneumonia-like] [Nucleus: unilateral calf swelling/pain + worsening dyspnea -> DVT/PE] [Satellite-contrast: antibiotics helped fever only] [Satellite-causal: leg clot can explain lung symptoms] [Conclusion: PE better explains the pattern],No
908,"My chest discomfort starts with exertion, though sometimes it seems tied to reflux after eating, last week the pain went to my left arm and I got sweaty, I’m 59 and a smoker with high cholesterol, so I thought it was just reflux.",Acute coronary syndrome / unstable angina,"Although the history contains gastrointestinal-looking features, the core nucleus of the case is exertional chest pressure with autonomic symptoms and radiation. Those findings are more discriminative for coronary ischemia than for simple reflux. Antacid response or meal timing can be misleading and do not exclude a cardiac cause. Because the patient is older and has major cardiovascular risk factors, it would be unsafe to anchor on GERD. The best synthesis is that a cardiac diagnosis should be prioritized.",Root: favor ACS. [Nucleus: exertional pain + radiation + sweating -> ischemia] [Satellite-contrast: meal/spicy-food burning + antacid relief -> GERD-like] [Nucleus-elaboration: age/risk factors increase cardiac risk] [Satellite-safety: dangerous diagnosis should be prioritized] [Conclusion: prioritize ACS],No
909,"The abdominal discomfort began centrally, then it concentrated low on the right, and the bowel symptoms made it seem like food poisoning, motion makes the pain more intense.",Appendicitis,"The migratory pattern of pain is the key diagnostic clue. Pain beginning more centrally and then localizing to the right lower quadrant, especially when worsened by movement, is a classic appendiceal pattern and suggests peritoneal irritation. Diarrhea is a misleading but not decisive competing clue because gastrointestinal upset can coexist with appendicitis. The best synthesis is appendicitis rather than simple gastroenteritis.",Root: favor appendicitis. [Satellite-background: diarrhea -> gastroenteritis-like] [Nucleus: migratory pain to RLQ + movement pain] [Satellite-priority: focal evolution outweighs generic GI symptoms] [Conclusion: appendicitis],No
910,"I first developed fever and cough like I was getting pneumonia, except now one leg has become swollen and tender, but I can catch my breath less and less, I took antibiotics and only the fever improved slightly.",Pulmonary embolism,"The infection-like opening of the story is misleading, but the later evolution is more important. Unilateral calf swelling and pain create a strong signal for deep vein thrombosis, and worsening shortness of breath makes pulmonary embolism a much better fit than uncomplicated pneumonia. Fever and cough can occur in PE and therefore do not settle the case in favor of infection. Partial improvement of fever after antibiotics is weak evidence and does not explain why breathing worsened. The full cross-system pattern is more coherent as venous thromboembolism with pulmonary embolism.",Root: favor PE. [Satellite-background: fever + cough -> pneumonia-like] [Nucleus: unilateral calf swelling/pain + worsening dyspnea -> DVT/PE] [Satellite-contrast: antibiotics helped fever only] [Satellite-causal: leg clot can explain lung symptoms] [Conclusion: PE better explains the pattern],No
911,"Physical effort seems to trigger a band-like chest pain, even though I also get burning after lying down post-dinner, a recent attack made me sweaty and sent pain toward my left arm, I’m 52 and diabetic, so I kept assuming it was indigestion.",Gastroesophageal reflux disease,"The reasoning starts from the convenient clue of post-meal burning and promotes it to the central explanation. From there, contradictory evidence is explained away: radiation becomes panic, sweating becomes distress, and vascular risk factors are treated as background rather than decision-driving information. This creates an overconfident but weakly justified conclusion in favor of reflux. The higher-risk explanation is prematurely dismissed.",Root: favor GERD. [Nucleus: meals/spicy food + antacid relief -> reflux] [Satellite-downplay: radiation + sweating -> anxiety response] [Satellite-ignore: exertional trigger + cardiac risk] [Satellite-closure: benign diagnosis chosen early] [Conclusion: GERD explains symptoms],Yes
912,"I am slimming down without meaning to, there is a tremor in my hands and fast heartbeat, and I framed it as an anxiety issue, yet there is obvious neck fullness and my eyes look prominent.","Hyperthyroidism, likely Graves disease","The anxious feeling and racing heart can certainly mimic panic, but the broader physical pattern is much more informative. Unintentional weight loss, tremor, neck fullness, and visible eye changes point strongly toward hyperthyroidism, especially Graves disease. The anxiety is therefore better interpreted as part of the endocrine syndrome rather than as a separate primary psychiatric disorder. Fatigue does not contradict this, because prolonged thyrotoxicosis can also cause exhaustion.",Root: favor Graves. [Nucleus: weight loss + tremor + palpitations + neck fullness + eye changes] [Satellite-background: anxiety/panic-like features] [Satellite-integration: anxiety explained within endocrine syndrome] [Conclusion: hyperthyroidism unifies symptoms],No
913,"The early symptoms were classic urinary burning and frequency, and then the infection seemed to move upward with fever, I began throwing up as well, despite mild improvement in the local urinary pain.",Simple cystitis,"The hallucinated interpretation continues to treat the case as a simple bladder infection because dysuria and frequency came first. Once that anchor is fixed, fever, vomiting, and back pain are recast as dehydration, muscle pain, or generic effects of being unwell. The slight improvement in burning is overread as a sign that the infection is resolving, even though the overall picture is getting worse. This is a failure to update the diagnosis when new higher-severity evidence appears.",Root: favor cystitis. [Nucleus: dysuria + frequency] [Satellite-reinterpretation: back pain + vomiting -> dehydration/strain] [Satellite-overclaim: burning improved -> infection resolving] [Satellite-failure-to-update: early label retained despite escalation] [Conclusion: simple cystitis],Yes
914,"I began with bladder-type burning and urgency, and then the infection seemed to move upward with fever, I also started vomiting, although the urinary burning eased slightly.",Simple cystitis,"The hallucinated interpretation continues to treat the case as a simple bladder infection because dysuria and frequency came first. Once that anchor is fixed, fever, vomiting, and back pain are recast as dehydration, muscle pain, or generic effects of being unwell. The slight improvement in burning is overread as a sign that the infection is resolving, even though the overall picture is getting worse. This is a failure to update the diagnosis when new higher-severity evidence appears.",Root: favor cystitis. [Nucleus: dysuria + frequency] [Satellite-reinterpretation: back pain + vomiting -> dehydration/strain] [Satellite-overclaim: burning improved -> infection resolving] [Satellite-failure-to-update: early label retained despite escalation] [Conclusion: simple cystitis],Yes
915,"I am persistently tired and sluggish, my face looks puffy and my skin is dry, but I am gaining weight without eating much, still, I get episodes of nervousness and palpitations, and a months-old test did not look very abnormal.",Anxiety disorder,"The hallucinated reasoning starts from emotionally salient features such as anxiety, palpitations, and headaches and treats them as the core disorder. The weight gain, puffiness, and dry skin are then demoted to lifestyle or stress effects, even though together they form a much more specific hypothyroid cluster. The prior borderline-normal thyroid test is overvalued as if it nearly rules out thyroid disease. This produces a psychologized conclusion that fails to account for the whole syndrome.",Root: favor anxiety disorder. [Nucleus: palpitations + anxiety + headaches] [Satellite-reinterpretation: weight gain + dry skin -> lifestyle/stress] [Satellite-overweight: borderline-normal thyroid test] [Satellite-psychologizing: endocrine cluster fragmented] [Conclusion: anxiety disorder],Yes
916,"It began with burning urination and frequent trips to the bathroom, but later I felt feverish with flank pain, vomiting appeared later in the course, despite local symptoms improving a bit.",Simple cystitis,"The hallucinated interpretation continues to treat the case as a simple bladder infection because dysuria and frequency came first. Once that anchor is fixed, fever, vomiting, and back pain are recast as dehydration, muscle pain, or generic effects of being unwell. The slight improvement in burning is overread as a sign that the infection is resolving, even though the overall picture is getting worse. This is a failure to update the diagnosis when new higher-severity evidence appears.",Root: favor cystitis. [Nucleus: dysuria + frequency] [Satellite-reinterpretation: back pain + vomiting -> dehydration/strain] [Satellite-overclaim: burning improved -> infection resolving] [Satellite-failure-to-update: early label retained despite escalation] [Conclusion: simple cystitis],Yes
917,"I feel worn out and slowed down daily, people notice I look puffy and dry-skinned, but I am gaining weight without eating much, still, I sometimes feel anxious or notice skipped beats, but a prior thyroid result was described as borderline.",Hypothyroidism,"A correct reading identifies the cluster rather than overreacting to one contradictory symptom. Palpitations and anxiety can occur for many reasons and do not erase the metabolically slowed presentation. The more integrated explanation is thyroid underactivity, with the old near-normal test retained as background rather than treated as decisive.",Root: favor hypothyroidism. [Nucleus: fatigue + weight gain + puffiness + dry skin] [Satellite-contrast: palpitations/anxiety] [Satellite-background: old borderline-normal test] [Satellite-integration: syndrome coherence outweighs isolated conflict] [Conclusion: hypothyroidism],No
918,"The whole thing began like an ordinary infection, yet I developed one-sided calf pain and swelling, and now I am more short of breath than before, antibiotics maybe reduced the fever but not the breathing trouble.",Pneumonia,"The reasoning gives priority to the story’s opening frame of cough, fever, and a cold-like illness and turns that into a pneumonia anchor. Once anchored, the swollen calf is reinterpreted as body aches, muscle strain, or reduced movement from being sick, even though calf swelling is not well explained that way. A small fever response to antibiotics is overread as confirmation of infection. This creates a premature closure on pneumonia while ignoring the stronger thromboembolic structure of the case.",Root: favor pneumonia. [Nucleus: fever + cough + dyspnea -> pneumonia] [Satellite-reinterpretation: calf swelling/pain -> body aches or strain] [Satellite-overclaim: antibiotics response confirms infection] [Satellite-closure: common diagnosis chosen early] [Conclusion: pneumonia is primary],Yes
919,"My abdominal pain began in the middle, then it concentrated low on the right, and GI upset made me doubt appendicitis, it is sharper whenever I move.",Appendicitis,"The migratory pattern of pain is the key diagnostic clue. Pain beginning more centrally and then localizing to the right lower quadrant, especially when worsened by movement, is a classic appendiceal pattern and suggests peritoneal irritation. Diarrhea is a misleading but not decisive competing clue because gastrointestinal upset can coexist with appendicitis. The best synthesis is appendicitis rather than simple gastroenteritis.",Root: favor appendicitis. [Satellite-background: diarrhea -> gastroenteritis-like] [Nucleus: migratory pain to RLQ + movement pain] [Satellite-priority: focal evolution outweighs generic GI symptoms] [Conclusion: appendicitis],No
920,"I started with feverish cough and thought it was respiratory, yet I developed one-sided calf pain and swelling, while my breathing seems to deteriorate, there was a small fever response to antibiotics but nothing else.",Pulmonary embolism,"The infection-like opening of the story is misleading, but the later evolution is more important. Unilateral calf swelling and pain create a strong signal for deep vein thrombosis, and worsening shortness of breath makes pulmonary embolism a much better fit than uncomplicated pneumonia. Fever and cough can occur in PE and therefore do not settle the case in favor of infection. Partial improvement of fever after antibiotics is weak evidence and does not explain why breathing worsened. The full cross-system pattern is more coherent as venous thromboembolism with pulmonary embolism.",Root: favor PE. [Satellite-background: fever + cough -> pneumonia-like] [Nucleus: unilateral calf swelling/pain + worsening dyspnea -> DVT/PE] [Satellite-contrast: antibiotics helped fever only] [Satellite-causal: leg clot can explain lung symptoms] [Conclusion: PE better explains the pattern],No
921,"My small hand joints ache and feel stiff at the start of most days, although one time my toe flared after seafood and alcohol, I remember one lab showing increased uric acid, and my mother had rheumatoid arthritis.",Rheumatoid arthritis,"A correct interpretation must distinguish the durable background disease from the memorable acute event. The toe attack after dietary trigger is very salient and can bias reasoning toward gout, but the more informative structure of the case is the long-standing morning stiffness and symmetric small-joint involvement. Hyperuricemia is supportive of gout but not sufficient to explain the full chronic phenotype. Therefore RA is the stronger overall diagnosis.",Root: favor RA. [Nucleus: prolonged morning stiffness + symmetric small-joint involvement] [Satellite-contrast: toe flare + hyperuricemia -> gout clue] [Nucleus-elaboration: family history supports RA] [Satellite-resolution: acute event does not explain chronic baseline] [Conclusion: RA best fits chronic pattern],No
922,"My small hand joints ache and feel stiff at the start of most days, yet I also had an abrupt toe attack after a celebratory meal, there was at least one high uric acid result in the past, with rheumatoid arthritis already present in relatives.",Gout,"A hallucinated interpretation gives privileged status to the classic-sounding gout clues and treats them as sufficient to explain everything else. The chronic morning stiffness is downgraded to a generic inflammatory complaint, even though it is actually the more discriminative feature for RA. This is a reasoning failure because one episodic clue is expanded beyond its explanatory range.",Root: favor gout. [Nucleus: toe flare after wine + hyperuricemia] [Satellite-generalization: chronic hand stiffness folded into gout] [Satellite-dismissal: family history of RA incidental] [Satellite-salience: vivid acute event overweights decision] [Conclusion: gout explains all symptoms],Yes
923,"I need water all the time and I am urinating excessively, plus I have unplanned weight loss, my eyesight goes fuzzy at times, with nausea and stomach upset appearing too, although the family pattern suggests type 2.","Diabetes mellitus, likely type 1 physiology","The central issue is not the body habitus alone but the physiology suggested by the symptoms. Polyuria, polydipsia, weight loss, blurry vision, and abdominal symptoms suggest substantial hyperglycemia with possible ketosis or evolving insulin deficiency. Obesity and a family history of type 2 diabetes are meaningful competing clues, but they do not erase the catabolic pattern. In a younger patient, weight loss with nausea and abdominal pain should raise concern for type 1 physiology or at least urgent insulin-requiring diabetes.",Root: favor diabetes with likely type 1 physiology. [Nucleus: thirst + urination + weight loss + blurry vision + nausea] [Satellite-contrast: obesity + family history -> type 2 clue] [Satellite-urgency: abdominal symptoms suggest ketosis risk] [Conclusion: urgent insulin-deficiency picture],No
924,"It started as vague central stomach pain, and later localized to the lower right, with diarrhea complicating the picture, walking or jarring makes the pain worse.",Viral gastroenteritis,"The hallucinated explanation begins by anchoring on diarrhea and the patient’s suspicion of food poisoning. Once that benign gastrointestinal frame is chosen, the right lower quadrant localization is reinterpreted as cramping, and the worsening with movement is reduced to generalized soreness. This flattens a focal pain pattern into a diffuse stomach bug explanation and ignores the more informative anatomical evolution.",Root: favor gastroenteritis. [Nucleus: diarrhea + stomach-bug framing] [Satellite-reinterpretation: RLQ pain + movement pain -> cramping/soreness] [Satellite-anchor: GI symptoms overweight decision] [Conclusion: gastroenteritis],Yes
925,"I have persistent morning stiffness in both hands and wrists, although one time my toe flared after seafood and alcohol, a previous doctor said my uric acid ran high, and I know RA affected my mother.",Gout,"A hallucinated interpretation gives privileged status to the classic-sounding gout clues and treats them as sufficient to explain everything else. The chronic morning stiffness is downgraded to a generic inflammatory complaint, even though it is actually the more discriminative feature for RA. This is a reasoning failure because one episodic clue is expanded beyond its explanatory range.",Root: favor gout. [Nucleus: toe flare after wine + hyperuricemia] [Satellite-generalization: chronic hand stiffness folded into gout] [Satellite-dismissal: family history of RA incidental] [Satellite-salience: vivid acute event overweights decision] [Conclusion: gout explains all symptoms],Yes
926,"When I hurry across a parking lot I feel chest squeezing, even though I also get burning after lying down post-dinner, I recently had sweating and pain radiating toward my jaw, I’m 52 and diabetic, which made me think it was heartburn.",Acute coronary syndrome / unstable angina,"The most important feature is that the chest discomfort is triggered by exertion rather than only by meals. Radiation to the arm or jaw and associated sweating are classic high-risk clues for myocardial ischemia. The reflux-like features are real conflicting clues, but they are lower-specificity findings and do not neutralize the cardiac risk pattern. The patient’s age and vascular risk factors increase the pretest probability of acute coronary syndrome. A safer and more coherent interpretation is that this is unstable angina or another ACS presentation until proven otherwise.",Root: favor ACS. [Nucleus: exertional pain + radiation + sweating -> ischemia] [Satellite-contrast: meal/spicy-food burning + antacid relief -> GERD-like] [Nucleus-elaboration: age/risk factors increase cardiac risk] [Satellite-safety: dangerous diagnosis should be prioritized] [Conclusion: prioritize ACS],No
927,"Initially it was just burning and frequent urination, and later fever with flank pain appeared, plus I started vomiting recently, although the burning is not as bad as before.",Pyelonephritis,A grounded explanation keeps the early dysuria and frequency in the background while allowing the systemic and flank findings to drive the conclusion. Vomiting and fever are not well explained by a simple resolving bladder infection. Pyelonephritis is the stronger diagnosis because it explains both the urinary origin and the systemic deterioration.,Root: favor pyelonephritis. [Satellite-background: dysuria + frequency -> cystitis] [Nucleus: fever + flank/back pain + vomiting + systemic illness] [Satellite-contrast: burning improved] [Satellite-escalation: local infection evolved into systemic picture] [Conclusion: pyelonephritis],No
928,"I am thirsty all the time and urinate constantly, while my weight is dropping, my eyesight goes fuzzy at times, and lately I feel nauseated with stomach pain, but I still look like someone with type 2 risk.",Type 2 diabetes only,"The hallucinated reasoning starts from obesity and family history and treats those demographic clues as decisive. Once that anchor is in place, weight loss, nausea, and abdominal pain are minimized as secondary effects of high blood sugar rather than as warnings of insulin deficiency. The model also makes the unsupported leap that being overweight argues strongly against type 1 diabetes. This is a faulty compression of a complex presentation into a simplistic stereotype of type 2 disease.",Root: favor type 2 only. [Nucleus: obesity + family history] [Satellite-downplay: weight loss + abdominal symptoms] [Satellite-stereotype: overweight argues against type 1] [Satellite-closure: phenotype overrides physiology] [Conclusion: type 2 only],Yes
929,"My chest discomfort starts with exertion, but after large meals it feels like indigestion, I recently had sweating and pain radiating toward my jaw, I’m 59 and a smoker with high cholesterol, so I tried to ignore it as stomach-related.",Gastroesophageal reflux disease,"The reasoning starts from the convenient clue of post-meal burning and promotes it to the central explanation. From there, contradictory evidence is explained away: radiation becomes panic, sweating becomes distress, and vascular risk factors are treated as background rather than decision-driving information. This creates an overconfident but weakly justified conclusion in favor of reflux. The higher-risk explanation is prematurely dismissed.",Root: favor GERD. [Nucleus: meals/spicy food + antacid relief -> reflux] [Satellite-downplay: radiation + sweating -> anxiety response] [Satellite-ignore: exertional trigger + cardiac risk] [Satellite-closure: benign diagnosis chosen early] [Conclusion: GERD explains symptoms],Yes
930,"I feel worn out and slowed down daily, I look puffy and my skin texture has changed, while my weight has gone up even though I eat less, still, I get episodes of nervousness and palpitations, but a prior thyroid result was described as borderline.",Hypothyroidism,"The dominant syndrome is hypothyroid: fatigue, weight gain despite low intake, puffiness, and dry skin form a coherent metabolic picture. Anxiety and occasional palpitations are real conflicting clues, but they are not sufficient to overturn the much broader hypothyroid pattern. An older borderline-normal lab result is weak evidence because symptoms may have evolved since then. The full pattern therefore favors hypothyroidism more than a primary anxiety disorder.",Root: favor hypothyroidism. [Nucleus: fatigue + weight gain + puffiness + dry skin] [Satellite-contrast: palpitations/anxiety] [Satellite-background: old borderline-normal test] [Satellite-integration: syndrome coherence outweighs isolated conflict] [Conclusion: hypothyroidism],No
931,"My abdominal pain began in the middle, before settling in the right lower abdomen, although I also had diarrhea, it hurts more when I walk.",Appendicitis,"A grounded interpretation gives more weight to the evolution and location of pain than to the presence of loose stool alone. Gastroenteritis is plausible at the start, but it does not explain the specific right-sided localization and movement-related pain as well as appendicitis does. The reasoning preserves diarrhea as background noise but allows the focal abdominal pattern to dominate.",Root: favor appendicitis. [Satellite-background: diarrhea -> gastroenteritis-like] [Nucleus: migratory pain to RLQ + movement pain] [Satellite-priority: focal evolution outweighs generic GI symptoms] [Conclusion: appendicitis],No
932,"I get chest tightness when climbing stairs, yet I also notice burning after greasy food, I recently had sweating and pain radiating toward my jaw, I’m 52 and diabetic, so I blamed spicy food instead of my heart.",Acute coronary syndrome / unstable angina,"The most important feature is that the chest discomfort is triggered by exertion rather than only by meals. Radiation to the arm or jaw and associated sweating are classic high-risk clues for myocardial ischemia. The reflux-like features are real conflicting clues, but they are lower-specificity findings and do not neutralize the cardiac risk pattern. The patient’s age and vascular risk factors increase the pretest probability of acute coronary syndrome. A safer and more coherent interpretation is that this is unstable angina or another ACS presentation until proven otherwise.",Root: favor ACS. [Nucleus: exertional pain + radiation + sweating -> ischemia] [Satellite-contrast: meal/spicy-food burning + antacid relief -> GERD-like] [Nucleus-elaboration: age/risk factors increase cardiac risk] [Satellite-safety: dangerous diagnosis should be prioritized] [Conclusion: prioritize ACS],No
933,"The main feeling is deep fatigue and slowing, my body feels puffy and my skin has become dry, yet the scale keeps rising even with low intake, but occasional anxiety and skipped beats confuse me, but an old thyroid panel was not clearly abnormal.",Anxiety disorder,"The hallucinated reasoning starts from emotionally salient features such as anxiety, palpitations, and headaches and treats them as the core disorder. The weight gain, puffiness, and dry skin are then demoted to lifestyle or stress effects, even though together they form a much more specific hypothyroid cluster. The prior borderline-normal thyroid test is overvalued as if it nearly rules out thyroid disease. This produces a psychologized conclusion that fails to account for the whole syndrome.",Root: favor anxiety disorder. [Nucleus: palpitations + anxiety + headaches] [Satellite-reinterpretation: weight gain + dry skin -> lifestyle/stress] [Satellite-overweight: borderline-normal thyroid test] [Satellite-psychologizing: endocrine cluster fragmented] [Conclusion: anxiety disorder],Yes
934,"I feel exhausted and slowed down, people notice I look puffy and dry-skinned, while my weight has gone up even though I eat less, even so, there are moments of anxiety and heartbeat awareness, and a months-old test did not look very abnormal.",Hypothyroidism,"A correct reading identifies the cluster rather than overreacting to one contradictory symptom. Palpitations and anxiety can occur for many reasons and do not erase the metabolically slowed presentation. The more integrated explanation is thyroid underactivity, with the old near-normal test retained as background rather than treated as decisive.",Root: favor hypothyroidism. [Nucleus: fatigue + weight gain + puffiness + dry skin] [Satellite-contrast: palpitations/anxiety] [Satellite-background: old borderline-normal test] [Satellite-integration: syndrome coherence outweighs isolated conflict] [Conclusion: hypothyroidism],No
935,"I get chest tightness when climbing stairs, although heavy dinners also cause burning in my chest, the strongest episode came with sweating and arm discomfort, I’m 52 and diabetic, so I kept assuming it was indigestion.",Acute coronary syndrome / unstable angina,"Although the history contains gastrointestinal-looking features, the core nucleus of the case is exertional chest pressure with autonomic symptoms and radiation. Those findings are more discriminative for coronary ischemia than for simple reflux. Antacid response or meal timing can be misleading and do not exclude a cardiac cause. Because the patient is older and has major cardiovascular risk factors, it would be unsafe to anchor on GERD. The best synthesis is that a cardiac diagnosis should be prioritized.",Root: favor ACS. [Nucleus: exertional pain + radiation + sweating -> ischemia] [Satellite-contrast: meal/spicy-food burning + antacid relief -> GERD-like] [Nucleus-elaboration: age/risk factors increase cardiac risk] [Satellite-safety: dangerous diagnosis should be prioritized] [Conclusion: prioritize ACS],No
936,"At first it felt like a simple bladder infection, before it turned into fever and pain near my back, plus I started vomiting recently, while the dysuria became less intense.",Pyelonephritis,"The case begins like cystitis, but it does not stay there. The later development of fever, flank or back pain, vomiting, and systemic illness strongly suggests upper urinary tract infection, namely pyelonephritis. Improvement in local burning does not counterbalance the worsening systemic picture. In fact, the change from local urinary discomfort to broader constitutional illness is exactly what makes the case more serious.",Root: favor pyelonephritis. [Satellite-background: dysuria + frequency -> cystitis] [Nucleus: fever + flank/back pain + vomiting + systemic illness] [Satellite-contrast: burning improved] [Satellite-escalation: local infection evolved into systemic picture] [Conclusion: pyelonephritis],No
937,"My chest discomfort starts with exertion, but food-related burning confuses the picture, during the worst spell it moved to my jaw and I felt faint, I’m 52 and diabetic, so I tried to ignore it as stomach-related.",Acute coronary syndrome / unstable angina,"The most important feature is that the chest discomfort is triggered by exertion rather than only by meals. Radiation to the arm or jaw and associated sweating are classic high-risk clues for myocardial ischemia. The reflux-like features are real conflicting clues, but they are lower-specificity findings and do not neutralize the cardiac risk pattern. The patient’s age and vascular risk factors increase the pretest probability of acute coronary syndrome. A safer and more coherent interpretation is that this is unstable angina or another ACS presentation until proven otherwise.",Root: favor ACS. [Nucleus: exertional pain + radiation + sweating -> ischemia] [Satellite-contrast: meal/spicy-food burning + antacid relief -> GERD-like] [Nucleus-elaboration: age/risk factors increase cardiac risk] [Satellite-safety: dangerous diagnosis should be prioritized] [Conclusion: prioritize ACS],No
938,"My fingers feel inflamed and hard to move early each day, although I once had a classic-looking gout attack in the toe, I remember one lab showing increased uric acid, and my family has inflammatory arthritis history.",Gout,"A hallucinated interpretation gives privileged status to the classic-sounding gout clues and treats them as sufficient to explain everything else. The chronic morning stiffness is downgraded to a generic inflammatory complaint, even though it is actually the more discriminative feature for RA. This is a reasoning failure because one episodic clue is expanded beyond its explanatory range.",Root: favor gout. [Nucleus: toe flare after wine + hyperuricemia] [Satellite-generalization: chronic hand stiffness folded into gout] [Satellite-dismissal: family history of RA incidental] [Satellite-salience: vivid acute event overweights decision] [Conclusion: gout explains all symptoms],Yes
939,"It started as vague central stomach pain, then it migrated down to the right, though diarrhea pointed me toward a virus, it gets worse with steps and movement.",Appendicitis,"A grounded interpretation gives more weight to the evolution and location of pain than to the presence of loose stool alone. Gastroenteritis is plausible at the start, but it does not explain the specific right-sided localization and movement-related pain as well as appendicitis does. The reasoning preserves diarrhea as background noise but allows the focal abdominal pattern to dominate.",Root: favor appendicitis. [Satellite-background: diarrhea -> gastroenteritis-like] [Nucleus: migratory pain to RLQ + movement pain] [Satellite-priority: focal evolution outweighs generic GI symptoms] [Conclusion: appendicitis],No
940,"At first I thought I had a bad cold with cough and fever, yet I developed one-sided calf pain and swelling, while my breathing seems to deteriorate, antibiotics helped the temperature more than the lungs.",Pulmonary embolism,"The infection-like opening of the story is misleading, but the later evolution is more important. Unilateral calf swelling and pain create a strong signal for deep vein thrombosis, and worsening shortness of breath makes pulmonary embolism a much better fit than uncomplicated pneumonia. Fever and cough can occur in PE and therefore do not settle the case in favor of infection. Partial improvement of fever after antibiotics is weak evidence and does not explain why breathing worsened. The full cross-system pattern is more coherent as venous thromboembolism with pulmonary embolism.",Root: favor PE. [Satellite-background: fever + cough -> pneumonia-like] [Nucleus: unilateral calf swelling/pain + worsening dyspnea -> DVT/PE] [Satellite-contrast: antibiotics helped fever only] [Satellite-causal: leg clot can explain lung symptoms] [Conclusion: PE better explains the pattern],No
941,"My fingers feel inflamed and hard to move early each day, but my big toe once swelled up badly after wine, my uric acid was high once, and my family has inflammatory arthritis history.",Rheumatoid arthritis,"The chronic pattern is the deciding factor here. Morning stiffness lasting over an hour, together with persistent hand and wrist involvement, strongly favors rheumatoid arthritis because this is a classic symmetric inflammatory small-joint presentation. The toe flare and prior hyperuricemia are genuine gout-like clues, but they are episodic and do not explain the chronic baseline syndrome. Family history of RA adds weight to the inflammatory arthritis interpretation. The best synthesis is that RA explains the ongoing pattern.",Root: favor RA. [Nucleus: prolonged morning stiffness + symmetric small-joint involvement] [Satellite-contrast: toe flare + hyperuricemia -> gout clue] [Nucleus-elaboration: family history supports RA] [Satellite-resolution: acute event does not explain chronic baseline] [Conclusion: RA best fits chronic pattern],No
942,"At first the stomach pain was diffuse and central, before focusing on the lower right area, while loose stool made me assume gastroenteritis, walking makes it worse.",Appendicitis,"A grounded interpretation gives more weight to the evolution and location of pain than to the presence of loose stool alone. Gastroenteritis is plausible at the start, but it does not explain the specific right-sided localization and movement-related pain as well as appendicitis does. The reasoning preserves diarrhea as background noise but allows the focal abdominal pattern to dominate.",Root: favor appendicitis. [Satellite-background: diarrhea -> gastroenteritis-like] [Nucleus: migratory pain to RLQ + movement pain] [Satellite-priority: focal evolution outweighs generic GI symptoms] [Conclusion: appendicitis],No
943,"The first phase seemed like ordinary cystitis, and then the infection seemed to move upward with fever, and I have become sick to my stomach and vomit, despite local symptoms improving a bit.",Simple cystitis,"This reasoning privileges chronology over severity. It assumes that the first label applied must remain correct, and it explains away later findings instead of revising the model. The result is a falsely reassuring cystitis diagnosis.",Root: favor cystitis. [Nucleus: dysuria + frequency] [Satellite-reinterpretation: back pain + vomiting -> dehydration/strain] [Satellite-overclaim: burning improved -> infection resolving] [Satellite-failure-to-update: early label retained despite escalation] [Conclusion: simple cystitis],Yes
944,"The first pain was in the middle of my abdomen, and then moved to the right lower side, and loose stool made me think stomach bug, walking makes it worse.",Viral gastroenteritis,This reasoning overvalues the commonness of viral illness and undervalues the specificity of pain migration. It treats the memorable loose stool as central and the more diagnostic localization as secondary. That produces premature closure on gastroenteritis.,Root: favor gastroenteritis. [Nucleus: diarrhea + stomach-bug framing] [Satellite-reinterpretation: RLQ pain + movement pain -> cramping/soreness] [Satellite-anchor: GI symptoms overweight decision] [Conclusion: gastroenteritis],Yes
945,"It started with cough and fever like a chest infection, although now my calf is distinctly painful and puffy, and now I am more short of breath than before, leftover antibiotics only seemed to help the fever.",Pulmonary embolism,"The infection-like opening of the story is misleading, but the later evolution is more important. Unilateral calf swelling and pain create a strong signal for deep vein thrombosis, and worsening shortness of breath makes pulmonary embolism a much better fit than uncomplicated pneumonia. Fever and cough can occur in PE and therefore do not settle the case in favor of infection. Partial improvement of fever after antibiotics is weak evidence and does not explain why breathing worsened. The full cross-system pattern is more coherent as venous thromboembolism with pulmonary embolism.",Root: favor PE. [Satellite-background: fever + cough -> pneumonia-like] [Nucleus: unilateral calf swelling/pain + worsening dyspnea -> DVT/PE] [Satellite-contrast: antibiotics helped fever only] [Satellite-causal: leg clot can explain lung symptoms] [Conclusion: PE better explains the pattern],No
946,"I notice chest pressure when carrying groceries, but after large meals it feels like indigestion, yesterday it spread to my jaw and I became clammy, I’m 61 and a smoker, so I tried to ignore it as stomach-related.",Gastroesophageal reflux disease,"Because the discomfort sometimes follows food and the patient reports at least partial reflux-like features, GERD is taken as the main explanation. Once that anchor is adopted, the more dangerous clues, such as sweating and radiation to the arm or jaw, are reinterpreted as anxiety caused by pain rather than as evidence of ischemia. The exertional trigger is minimized as if it were incidental. This reasoning closes too early on a familiar benign diagnosis and fails to give adequate weight to cardiovascular risk factors.",Root: favor GERD. [Nucleus: meals/spicy food + antacid relief -> reflux] [Satellite-downplay: radiation + sweating -> anxiety response] [Satellite-ignore: exertional trigger + cardiac risk] [Satellite-closure: benign diagnosis chosen early] [Conclusion: GERD explains symptoms],Yes
947,"The problem started like a routine UTI, and it progressed to fever with side or back pain, there is now nausea and vomiting too, although the burning is not as bad as before.",Pyelonephritis,A grounded explanation keeps the early dysuria and frequency in the background while allowing the systemic and flank findings to drive the conclusion. Vomiting and fever are not well explained by a simple resolving bladder infection. Pyelonephritis is the stronger diagnosis because it explains both the urinary origin and the systemic deterioration.,Root: favor pyelonephritis. [Satellite-background: dysuria + frequency -> cystitis] [Nucleus: fever + flank/back pain + vomiting + systemic illness] [Satellite-contrast: burning improved] [Satellite-escalation: local infection evolved into systemic picture] [Conclusion: pyelonephritis],No
948,"I first developed fever and cough like I was getting pneumonia, but a single swollen calf showed up later, and now I am more short of breath than before, leftover antibiotics only seemed to help the fever.",Pneumonia,"This explanation begins with a common respiratory diagnosis and then forces later clues to fit it. The respiratory symptoms are treated as decisive, while the unilateral leg findings are relegated to an afterthought. The logic also commits a false-confirmation move by treating partial fever improvement as proof of pneumonia.",Root: favor pneumonia. [Nucleus: fever + cough + dyspnea -> pneumonia] [Satellite-reinterpretation: calf swelling/pain -> body aches or strain] [Satellite-overclaim: antibiotics response confirms infection] [Satellite-closure: common diagnosis chosen early] [Conclusion: pneumonia is primary],Yes
949,"My abdominal pain began in the middle, then it concentrated low on the right, while loose stool made me assume gastroenteritis, it is sharper whenever I move.",Appendicitis,"A grounded interpretation gives more weight to the evolution and location of pain than to the presence of loose stool alone. Gastroenteritis is plausible at the start, but it does not explain the specific right-sided localization and movement-related pain as well as appendicitis does. The reasoning preserves diarrhea as background noise but allows the focal abdominal pattern to dominate.",Root: favor appendicitis. [Satellite-background: diarrhea -> gastroenteritis-like] [Nucleus: migratory pain to RLQ + movement pain] [Satellite-priority: focal evolution outweighs generic GI symptoms] [Conclusion: appendicitis],No
950,"I keep drinking water and going to the bathroom, and I am losing weight, my sight is becoming blurry, and there is belly pain with nausea, even though obesity and family diabetes point the other way.","Diabetes mellitus, likely type 1 physiology","The central issue is not the body habitus alone but the physiology suggested by the symptoms. Polyuria, polydipsia, weight loss, blurry vision, and abdominal symptoms suggest substantial hyperglycemia with possible ketosis or evolving insulin deficiency. Obesity and a family history of type 2 diabetes are meaningful competing clues, but they do not erase the catabolic pattern. In a younger patient, weight loss with nausea and abdominal pain should raise concern for type 1 physiology or at least urgent insulin-requiring diabetes.",Root: favor diabetes with likely type 1 physiology. [Nucleus: thirst + urination + weight loss + blurry vision + nausea] [Satellite-contrast: obesity + family history -> type 2 clue] [Satellite-urgency: abdominal symptoms suggest ketosis risk] [Conclusion: urgent insulin-deficiency picture],No
951,"I first developed fever and cough like I was getting pneumonia, but a single swollen calf showed up later, while the shortness of breath kept escalating, antibiotics helped the temperature more than the lungs.",Pulmonary embolism,"A grounded reading preserves both hypotheses at first: pneumonia is plausible because of fever and cough, but the calf findings are a major red flag that changes the weighting of the case. Respiratory decline despite some improvement in fever also argues against a simple resolving infection. The vascular hypothesis explains the leg symptoms and the worsening dyspnea in one causal chain.",Root: favor PE. [Satellite-background: fever + cough -> pneumonia-like] [Nucleus: unilateral calf swelling/pain + worsening dyspnea -> DVT/PE] [Satellite-contrast: antibiotics helped fever only] [Satellite-causal: leg clot can explain lung symptoms] [Conclusion: PE better explains the pattern],No
952,"First I had middle abdominal pain, and eventually it became right-sided and lower, and GI upset made me doubt appendicitis, I feel it more when I walk around.",Viral gastroenteritis,"The hallucinated explanation begins by anchoring on diarrhea and the patient’s suspicion of food poisoning. Once that benign gastrointestinal frame is chosen, the right lower quadrant localization is reinterpreted as cramping, and the worsening with movement is reduced to generalized soreness. This flattens a focal pain pattern into a diffuse stomach bug explanation and ignores the more informative anatomical evolution.",Root: favor gastroenteritis. [Nucleus: diarrhea + stomach-bug framing] [Satellite-reinterpretation: RLQ pain + movement pain -> cramping/soreness] [Satellite-anchor: GI symptoms overweight decision] [Conclusion: gastroenteritis],Yes
953,"When I walk uphill I feel pressure in my chest, yet I also notice burning after greasy food, during the worst spell it moved to my jaw and I felt faint, I’m 56 with diabetes and high blood pressure, so I kept assuming it was indigestion.",Acute coronary syndrome / unstable angina,"The most important feature is that the chest discomfort is triggered by exertion rather than only by meals. Radiation to the arm or jaw and associated sweating are classic high-risk clues for myocardial ischemia. The reflux-like features are real conflicting clues, but they are lower-specificity findings and do not neutralize the cardiac risk pattern. The patient’s age and vascular risk factors increase the pretest probability of acute coronary syndrome. A safer and more coherent interpretation is that this is unstable angina or another ACS presentation until proven otherwise.",Root: favor ACS. [Nucleus: exertional pain + radiation + sweating -> ischemia] [Satellite-contrast: meal/spicy-food burning + antacid relief -> GERD-like] [Nucleus-elaboration: age/risk factors increase cardiac risk] [Satellite-safety: dangerous diagnosis should be prioritized] [Conclusion: prioritize ACS],No
954,"I wake up with painful stiff fingers and wrists most mornings, yet I also had an abrupt toe attack after a celebratory meal, someone told me I had elevated uric acid before, and I know RA affected my mother.",Rheumatoid arthritis,"A correct interpretation must distinguish the durable background disease from the memorable acute event. The toe attack after dietary trigger is very salient and can bias reasoning toward gout, but the more informative structure of the case is the long-standing morning stiffness and symmetric small-joint involvement. Hyperuricemia is supportive of gout but not sufficient to explain the full chronic phenotype. Therefore RA is the stronger overall diagnosis.",Root: favor RA. [Nucleus: prolonged morning stiffness + symmetric small-joint involvement] [Satellite-contrast: toe flare + hyperuricemia -> gout clue] [Nucleus-elaboration: family history supports RA] [Satellite-resolution: acute event does not explain chronic baseline] [Conclusion: RA best fits chronic pattern],No
955,"I first noticed dysuria and urinary frequency, before it turned into fever and pain near my back, vomiting appeared later in the course, while the original bladder symptoms seem a bit better.",Simple cystitis,"This reasoning privileges chronology over severity. It assumes that the first label applied must remain correct, and it explains away later findings instead of revising the model. The result is a falsely reassuring cystitis diagnosis.",Root: favor cystitis. [Nucleus: dysuria + frequency] [Satellite-reinterpretation: back pain + vomiting -> dehydration/strain] [Satellite-overclaim: burning improved -> infection resolving] [Satellite-failure-to-update: early label retained despite escalation] [Conclusion: simple cystitis],Yes
956,"The belly pain started near the center, then it migrated down to the right, and GI upset made me doubt appendicitis, motion makes the pain more intense.",Viral gastroenteritis,This reasoning overvalues the commonness of viral illness and undervalues the specificity of pain migration. It treats the memorable loose stool as central and the more diagnostic localization as secondary. That produces premature closure on gastroenteritis.,Root: favor gastroenteritis. [Nucleus: diarrhea + stomach-bug framing] [Satellite-reinterpretation: RLQ pain + movement pain -> cramping/soreness] [Satellite-anchor: GI symptoms overweight decision] [Conclusion: gastroenteritis],Yes
957,"I cannot stop drinking and peeing, and I am getting thinner without trying, there is intermittent blurred vision too, plus I now have nausea and abdominal pain, even though obesity and family diabetes point the other way.",Type 2 diabetes only,"This line of reasoning mistakes a risk factor pattern for a complete explanation. It privileges what the patient looks like over how the disease is behaving in the moment. By downplaying the catabolic and potentially ketotic features, it reaches an overconfident type 2-only conclusion.",Root: favor type 2 only. [Nucleus: obesity + family history] [Satellite-downplay: weight loss + abdominal symptoms] [Satellite-stereotype: overweight argues against type 1] [Satellite-closure: phenotype overrides physiology] [Conclusion: type 2 only],Yes
958,"The belly pain started near the center, before focusing on the lower right area, while loose stool made me assume gastroenteritis, it gets worse with steps and movement.",Viral gastroenteritis,This reasoning overvalues the commonness of viral illness and undervalues the specificity of pain migration. It treats the memorable loose stool as central and the more diagnostic localization as secondary. That produces premature closure on gastroenteritis.,Root: favor gastroenteritis. [Nucleus: diarrhea + stomach-bug framing] [Satellite-reinterpretation: RLQ pain + movement pain -> cramping/soreness] [Satellite-anchor: GI symptoms overweight decision] [Conclusion: gastroenteritis],Yes
959,"First I had middle abdominal pain, but afterward it shifted to the right lower quadrant, but diarrhea made it feel infectious, walking or jarring makes the pain worse.",Viral gastroenteritis,"The hallucinated explanation begins by anchoring on diarrhea and the patient’s suspicion of food poisoning. Once that benign gastrointestinal frame is chosen, the right lower quadrant localization is reinterpreted as cramping, and the worsening with movement is reduced to generalized soreness. This flattens a focal pain pattern into a diffuse stomach bug explanation and ignores the more informative anatomical evolution.",Root: favor gastroenteritis. [Nucleus: diarrhea + stomach-bug framing] [Satellite-reinterpretation: RLQ pain + movement pain -> cramping/soreness] [Satellite-anchor: GI symptoms overweight decision] [Conclusion: gastroenteritis],Yes
960,"I began with bladder-type burning and urgency, then I started having fever and upper back discomfort, I also started vomiting, while the original bladder symptoms seem a bit better.",Simple cystitis,"This reasoning privileges chronology over severity. It assumes that the first label applied must remain correct, and it explains away later findings instead of revising the model. The result is a falsely reassuring cystitis diagnosis.",Root: favor cystitis. [Nucleus: dysuria + frequency] [Satellite-reinterpretation: back pain + vomiting -> dehydration/strain] [Satellite-overclaim: burning improved -> infection resolving] [Satellite-failure-to-update: early label retained despite escalation] [Conclusion: simple cystitis],Yes
961,"I first developed fever and cough like I was getting pneumonia, and then my right calf became painful and enlarged, while the shortness of breath kept escalating, antibiotics helped the temperature more than the lungs.",Pneumonia,"This explanation begins with a common respiratory diagnosis and then forces later clues to fit it. The respiratory symptoms are treated as decisive, while the unilateral leg findings are relegated to an afterthought. The logic also commits a false-confirmation move by treating partial fever improvement as proof of pneumonia.",Root: favor pneumonia. [Nucleus: fever + cough + dyspnea -> pneumonia] [Satellite-reinterpretation: calf swelling/pain -> body aches or strain] [Satellite-overclaim: antibiotics response confirms infection] [Satellite-closure: common diagnosis chosen early] [Conclusion: pneumonia is primary],Yes
962,"I started with feverish cough and thought it was respiratory, but the strange part is that one lower leg is swollen, while the shortness of breath kept escalating, antibiotics helped the temperature more than the lungs.",Pneumonia,"The reasoning gives priority to the story’s opening frame of cough, fever, and a cold-like illness and turns that into a pneumonia anchor. Once anchored, the swollen calf is reinterpreted as body aches, muscle strain, or reduced movement from being sick, even though calf swelling is not well explained that way. A small fever response to antibiotics is overread as confirmation of infection. This creates a premature closure on pneumonia while ignoring the stronger thromboembolic structure of the case.",Root: favor pneumonia. [Nucleus: fever + cough + dyspnea -> pneumonia] [Satellite-reinterpretation: calf swelling/pain -> body aches or strain] [Satellite-overclaim: antibiotics response confirms infection] [Satellite-closure: common diagnosis chosen early] [Conclusion: pneumonia is primary],Yes
963,"Physical effort seems to trigger a band-like chest pain, though sometimes it seems tied to reflux after eating, one episode went into my arm and I felt nauseated and sweaty, I’m 52 and diabetic, so I tried to ignore it as stomach-related.",Gastroesophageal reflux disease,"The reasoning starts from the convenient clue of post-meal burning and promotes it to the central explanation. From there, contradictory evidence is explained away: radiation becomes panic, sweating becomes distress, and vascular risk factors are treated as background rather than decision-driving information. This creates an overconfident but weakly justified conclusion in favor of reflux. The higher-risk explanation is prematurely dismissed.",Root: favor GERD. [Nucleus: meals/spicy food + antacid relief -> reflux] [Satellite-downplay: radiation + sweating -> anxiety response] [Satellite-ignore: exertional trigger + cardiac risk] [Satellite-closure: benign diagnosis chosen early] [Conclusion: GERD explains symptoms],Yes
964,"It started as vague central stomach pain, before focusing on the lower right area, though diarrhea pointed me toward a virus, I feel it more when I walk around.",Viral gastroenteritis,This reasoning overvalues the commonness of viral illness and undervalues the specificity of pain migration. It treats the memorable loose stool as central and the more diagnostic localization as secondary. That produces premature closure on gastroenteritis.,Root: favor gastroenteritis. [Nucleus: diarrhea + stomach-bug framing] [Satellite-reinterpretation: RLQ pain + movement pain -> cramping/soreness] [Satellite-anchor: GI symptoms overweight decision] [Conclusion: gastroenteritis],Yes
965,"The first pain was in the middle of my abdomen, before settling in the right lower abdomen, while loose stool made me assume gastroenteritis, it gets worse with steps and movement.",Viral gastroenteritis,"The hallucinated explanation begins by anchoring on diarrhea and the patient’s suspicion of food poisoning. Once that benign gastrointestinal frame is chosen, the right lower quadrant localization is reinterpreted as cramping, and the worsening with movement is reduced to generalized soreness. This flattens a focal pain pattern into a diffuse stomach bug explanation and ignores the more informative anatomical evolution.",Root: favor gastroenteritis. [Nucleus: diarrhea + stomach-bug framing] [Satellite-reinterpretation: RLQ pain + movement pain -> cramping/soreness] [Satellite-anchor: GI symptoms overweight decision] [Conclusion: gastroenteritis],Yes
966,"My small hand joints ache and feel stiff at the start of most days, although one time my toe flared after seafood and alcohol, my uric acid was high once, and there is definite family history of RA.",Rheumatoid arthritis,"A correct interpretation must distinguish the durable background disease from the memorable acute event. The toe attack after dietary trigger is very salient and can bias reasoning toward gout, but the more informative structure of the case is the long-standing morning stiffness and symmetric small-joint involvement. Hyperuricemia is supportive of gout but not sufficient to explain the full chronic phenotype. Therefore RA is the stronger overall diagnosis.",Root: favor RA. [Nucleus: prolonged morning stiffness + symmetric small-joint involvement] [Satellite-contrast: toe flare + hyperuricemia -> gout clue] [Nucleus-elaboration: family history supports RA] [Satellite-resolution: acute event does not explain chronic baseline] [Conclusion: RA best fits chronic pattern],No
967,"First I had middle abdominal pain, but afterward it shifted to the right lower quadrant, with diarrhea complicating the picture, it is sharper whenever I move.",Appendicitis,"The migratory pattern of pain is the key diagnostic clue. Pain beginning more centrally and then localizing to the right lower quadrant, especially when worsened by movement, is a classic appendiceal pattern and suggests peritoneal irritation. Diarrhea is a misleading but not decisive competing clue because gastrointestinal upset can coexist with appendicitis. The best synthesis is appendicitis rather than simple gastroenteritis.",Root: favor appendicitis. [Satellite-background: diarrhea -> gastroenteritis-like] [Nucleus: migratory pain to RLQ + movement pain] [Satellite-priority: focal evolution outweighs generic GI symptoms] [Conclusion: appendicitis],No
968,"I have noticeable weight loss that I cannot explain, there is a tremor in my hands and fast heartbeat, which made me think it might be anxiety, except my neck seems enlarged and others notice my eyes.","Hyperthyroidism, likely Graves disease","The anxious feeling and racing heart can certainly mimic panic, but the broader physical pattern is much more informative. Unintentional weight loss, tremor, neck fullness, and visible eye changes point strongly toward hyperthyroidism, especially Graves disease. The anxiety is therefore better interpreted as part of the endocrine syndrome rather than as a separate primary psychiatric disorder. Fatigue does not contradict this, because prolonged thyrotoxicosis can also cause exhaustion.",Root: favor Graves. [Nucleus: weight loss + tremor + palpitations + neck fullness + eye changes] [Satellite-background: anxiety/panic-like features] [Satellite-integration: anxiety explained within endocrine syndrome] [Conclusion: hyperthyroidism unifies symptoms],No
969,"The whole thing began like an ordinary infection, except now one leg has become swollen and tender, but the breathing difficulty intensified, there was a small fever response to antibiotics but nothing else.",Pulmonary embolism,"A grounded reading preserves both hypotheses at first: pneumonia is plausible because of fever and cough, but the calf findings are a major red flag that changes the weighting of the case. Respiratory decline despite some improvement in fever also argues against a simple resolving infection. The vascular hypothesis explains the leg symptoms and the worsening dyspnea in one causal chain.",Root: favor PE. [Satellite-background: fever + cough -> pneumonia-like] [Nucleus: unilateral calf swelling/pain + worsening dyspnea -> DVT/PE] [Satellite-contrast: antibiotics helped fever only] [Satellite-causal: leg clot can explain lung symptoms] [Conclusion: PE better explains the pattern],No
970,"I am always thirsty and urinating much more than normal, and I am losing weight, I have episodes of blurry vision, while my stomach hurts and I feel sick, even though I am overweight and my family has type 2 diabetes.","Diabetes mellitus, likely type 1 physiology","The central issue is not the body habitus alone but the physiology suggested by the symptoms. Polyuria, polydipsia, weight loss, blurry vision, and abdominal symptoms suggest substantial hyperglycemia with possible ketosis or evolving insulin deficiency. Obesity and a family history of type 2 diabetes are meaningful competing clues, but they do not erase the catabolic pattern. In a younger patient, weight loss with nausea and abdominal pain should raise concern for type 1 physiology or at least urgent insulin-requiring diabetes.",Root: favor diabetes with likely type 1 physiology. [Nucleus: thirst + urination + weight loss + blurry vision + nausea] [Satellite-contrast: obesity + family history -> type 2 clue] [Satellite-urgency: abdominal symptoms suggest ketosis risk] [Conclusion: urgent insulin-deficiency picture],No
971,"For months my hand joints have felt swollen and stiff when I wake up, but my big toe once swelled up badly after wine, I remember one lab showing increased uric acid, and I know RA affected my mother.",Rheumatoid arthritis,"The chronic pattern is the deciding factor here. Morning stiffness lasting over an hour, together with persistent hand and wrist involvement, strongly favors rheumatoid arthritis because this is a classic symmetric inflammatory small-joint presentation. The toe flare and prior hyperuricemia are genuine gout-like clues, but they are episodic and do not explain the chronic baseline syndrome. Family history of RA adds weight to the inflammatory arthritis interpretation. The best synthesis is that RA explains the ongoing pattern.",Root: favor RA. [Nucleus: prolonged morning stiffness + symmetric small-joint involvement] [Satellite-contrast: toe flare + hyperuricemia -> gout clue] [Nucleus-elaboration: family history supports RA] [Satellite-resolution: acute event does not explain chronic baseline] [Conclusion: RA best fits chronic pattern],No
972,"I have persistent morning stiffness in both hands and wrists, but my toe once became swollen and red after alcohol, a previous doctor said my uric acid ran high, and my family has inflammatory arthritis history.",Gout,"A hallucinated interpretation gives privileged status to the classic-sounding gout clues and treats them as sufficient to explain everything else. The chronic morning stiffness is downgraded to a generic inflammatory complaint, even though it is actually the more discriminative feature for RA. This is a reasoning failure because one episodic clue is expanded beyond its explanatory range.",Root: favor gout. [Nucleus: toe flare after wine + hyperuricemia] [Satellite-generalization: chronic hand stiffness folded into gout] [Satellite-dismissal: family history of RA incidental] [Satellite-salience: vivid acute event overweights decision] [Conclusion: gout explains all symptoms],Yes
973,"I feel worn out and slowed down daily, my face looks puffy and my skin is dry, and there is weight gain despite barely eating, even so, there are moments of anxiety and heartbeat awareness, but a prior thyroid result was described as borderline.",Anxiety disorder,"The hallucinated reasoning starts from emotionally salient features such as anxiety, palpitations, and headaches and treats them as the core disorder. The weight gain, puffiness, and dry skin are then demoted to lifestyle or stress effects, even though together they form a much more specific hypothyroid cluster. The prior borderline-normal thyroid test is overvalued as if it nearly rules out thyroid disease. This produces a psychologized conclusion that fails to account for the whole syndrome.",Root: favor anxiety disorder. [Nucleus: palpitations + anxiety + headaches] [Satellite-reinterpretation: weight gain + dry skin -> lifestyle/stress] [Satellite-overweight: borderline-normal thyroid test] [Satellite-psychologizing: endocrine cluster fragmented] [Conclusion: anxiety disorder],Yes
974,"Going up steps brings on chest heaviness, although heavy dinners also cause burning in my chest, during the worst spell it moved to my jaw and I felt faint, I’m 67 and diabetic and hypertensive, so I did not treat it like a heart problem.",Acute coronary syndrome / unstable angina,"The most important feature is that the chest discomfort is triggered by exertion rather than only by meals. Radiation to the arm or jaw and associated sweating are classic high-risk clues for myocardial ischemia. The reflux-like features are real conflicting clues, but they are lower-specificity findings and do not neutralize the cardiac risk pattern. The patient’s age and vascular risk factors increase the pretest probability of acute coronary syndrome. A safer and more coherent interpretation is that this is unstable angina or another ACS presentation until proven otherwise.",Root: favor ACS. [Nucleus: exertional pain + radiation + sweating -> ischemia] [Satellite-contrast: meal/spicy-food burning + antacid relief -> GERD-like] [Nucleus-elaboration: age/risk factors increase cardiac risk] [Satellite-safety: dangerous diagnosis should be prioritized] [Conclusion: prioritize ACS],No
975,"Going up steps brings on chest heaviness, even though I also get burning after lying down post-dinner, yesterday it spread to my jaw and I became clammy, I’m 58 and hypertensive, so I did not treat it like a heart problem.",Acute coronary syndrome / unstable angina,"The most important feature is that the chest discomfort is triggered by exertion rather than only by meals. Radiation to the arm or jaw and associated sweating are classic high-risk clues for myocardial ischemia. The reflux-like features are real conflicting clues, but they are lower-specificity findings and do not neutralize the cardiac risk pattern. The patient’s age and vascular risk factors increase the pretest probability of acute coronary syndrome. A safer and more coherent interpretation is that this is unstable angina or another ACS presentation until proven otherwise.",Root: favor ACS. [Nucleus: exertional pain + radiation + sweating -> ischemia] [Satellite-contrast: meal/spicy-food burning + antacid relief -> GERD-like] [Nucleus-elaboration: age/risk factors increase cardiac risk] [Satellite-safety: dangerous diagnosis should be prioritized] [Conclusion: prioritize ACS],No
976,"Morning stiffness in my hands lasts well beyond getting out of bed, but my big toe once swelled up badly after wine, someone told me I had elevated uric acid before, and rheumatoid arthritis runs in my family.",Rheumatoid arthritis,"The chronic pattern is the deciding factor here. Morning stiffness lasting over an hour, together with persistent hand and wrist involvement, strongly favors rheumatoid arthritis because this is a classic symmetric inflammatory small-joint presentation. The toe flare and prior hyperuricemia are genuine gout-like clues, but they are episodic and do not explain the chronic baseline syndrome. Family history of RA adds weight to the inflammatory arthritis interpretation. The best synthesis is that RA explains the ongoing pattern.",Root: favor RA. [Nucleus: prolonged morning stiffness + symmetric small-joint involvement] [Satellite-contrast: toe flare + hyperuricemia -> gout clue] [Nucleus-elaboration: family history supports RA] [Satellite-resolution: acute event does not explain chronic baseline] [Conclusion: RA best fits chronic pattern],No
977,"My illness started as what seemed like a simple chest cold, yet I developed one-sided calf pain and swelling, and now I am more short of breath than before, I took antibiotics and only the fever improved slightly.",Pneumonia,"The reasoning gives priority to the story’s opening frame of cough, fever, and a cold-like illness and turns that into a pneumonia anchor. Once anchored, the swollen calf is reinterpreted as body aches, muscle strain, or reduced movement from being sick, even though calf swelling is not well explained that way. A small fever response to antibiotics is overread as confirmation of infection. This creates a premature closure on pneumonia while ignoring the stronger thromboembolic structure of the case.",Root: favor pneumonia. [Nucleus: fever + cough + dyspnea -> pneumonia] [Satellite-reinterpretation: calf swelling/pain -> body aches or strain] [Satellite-overclaim: antibiotics response confirms infection] [Satellite-closure: common diagnosis chosen early] [Conclusion: pneumonia is primary],Yes
978,"This began like a respiratory infection with cough and chills, and then my right calf became painful and enlarged, and my chest feels tighter as I breathe, I took antibiotics and only the fever improved slightly.",Pulmonary embolism,"The infection-like opening of the story is misleading, but the later evolution is more important. Unilateral calf swelling and pain create a strong signal for deep vein thrombosis, and worsening shortness of breath makes pulmonary embolism a much better fit than uncomplicated pneumonia. Fever and cough can occur in PE and therefore do not settle the case in favor of infection. Partial improvement of fever after antibiotics is weak evidence and does not explain why breathing worsened. The full cross-system pattern is more coherent as venous thromboembolism with pulmonary embolism.",Root: favor PE. [Satellite-background: fever + cough -> pneumonia-like] [Nucleus: unilateral calf swelling/pain + worsening dyspnea -> DVT/PE] [Satellite-contrast: antibiotics helped fever only] [Satellite-causal: leg clot can explain lung symptoms] [Conclusion: PE better explains the pattern],No
979,"The thirst and bathroom trips are happening all day, plus I have unplanned weight loss, I keep noticing visual blurring, and my abdomen hurts with queasiness, but my body type and family history look like type 2.",Type 2 diabetes only,"This line of reasoning mistakes a risk factor pattern for a complete explanation. It privileges what the patient looks like over how the disease is behaving in the moment. By downplaying the catabolic and potentially ketotic features, it reaches an overconfident type 2-only conclusion.",Root: favor type 2 only. [Nucleus: obesity + family history] [Satellite-downplay: weight loss + abdominal symptoms] [Satellite-stereotype: overweight argues against type 1] [Satellite-closure: phenotype overrides physiology] [Conclusion: type 2 only],Yes
980,"I have nonstop thirst and frequent urination, with noticeable weight loss happening quickly, my eyes seem out of focus sometimes, and there is belly pain with nausea, although the family pattern suggests type 2.",Type 2 diabetes only,"This line of reasoning mistakes a risk factor pattern for a complete explanation. It privileges what the patient looks like over how the disease is behaving in the moment. By downplaying the catabolic and potentially ketotic features, it reaches an overconfident type 2-only conclusion.",Root: favor type 2 only. [Nucleus: obesity + family history] [Satellite-downplay: weight loss + abdominal symptoms] [Satellite-stereotype: overweight argues against type 1] [Satellite-closure: phenotype overrides physiology] [Conclusion: type 2 only],Yes
981,"The early symptoms felt exactly like a flu or chest infection, and then my right calf became painful and enlarged, and my breathing got worse, antibiotics maybe reduced the fever but not the breathing trouble.",Pulmonary embolism,"The infection-like opening of the story is misleading, but the later evolution is more important. Unilateral calf swelling and pain create a strong signal for deep vein thrombosis, and worsening shortness of breath makes pulmonary embolism a much better fit than uncomplicated pneumonia. Fever and cough can occur in PE and therefore do not settle the case in favor of infection. Partial improvement of fever after antibiotics is weak evidence and does not explain why breathing worsened. The full cross-system pattern is more coherent as venous thromboembolism with pulmonary embolism.",Root: favor PE. [Satellite-background: fever + cough -> pneumonia-like] [Nucleus: unilateral calf swelling/pain + worsening dyspnea -> DVT/PE] [Satellite-contrast: antibiotics helped fever only] [Satellite-causal: leg clot can explain lung symptoms] [Conclusion: PE better explains the pattern],No
982,"Initially it was just burning and frequent urination, but later I felt feverish with flank pain, and vomiting became part of the illness, despite mild improvement in the local urinary pain.",Simple cystitis,"The hallucinated interpretation continues to treat the case as a simple bladder infection because dysuria and frequency came first. Once that anchor is fixed, fever, vomiting, and back pain are recast as dehydration, muscle pain, or generic effects of being unwell. The slight improvement in burning is overread as a sign that the infection is resolving, even though the overall picture is getting worse. This is a failure to update the diagnosis when new higher-severity evidence appears.",Root: favor cystitis. [Nucleus: dysuria + frequency] [Satellite-reinterpretation: back pain + vomiting -> dehydration/strain] [Satellite-overclaim: burning improved -> infection resolving] [Satellite-failure-to-update: early label retained despite escalation] [Conclusion: simple cystitis],Yes
983,"It started with cough and fever like a chest infection, except now one leg has become swollen and tender, and now I am more short of breath than before, the fever eased a bit with antibiotics, not the shortness of breath.",Pneumonia,"The reasoning gives priority to the story’s opening frame of cough, fever, and a cold-like illness and turns that into a pneumonia anchor. Once anchored, the swollen calf is reinterpreted as body aches, muscle strain, or reduced movement from being sick, even though calf swelling is not well explained that way. A small fever response to antibiotics is overread as confirmation of infection. This creates a premature closure on pneumonia while ignoring the stronger thromboembolic structure of the case.",Root: favor pneumonia. [Nucleus: fever + cough + dyspnea -> pneumonia] [Satellite-reinterpretation: calf swelling/pain -> body aches or strain] [Satellite-overclaim: antibiotics response confirms infection] [Satellite-closure: common diagnosis chosen early] [Conclusion: pneumonia is primary],Yes
984,"My weight is dropping even though I am not dieting, my heart pounds and my hands tremble, and I thought this was all just anxiety, but I have thyroid-area fullness and visible eye changes.",Panic disorder,This interpretation fails by treating the psychiatric flavor of the presentation as decisive and treating the physical findings as optional or unreliable. It is an example of premature psychologizing. The result is a diagnosis that is rhetorically smooth but structurally weak.,Root: favor panic disorder. [Nucleus: anxiety + shakiness + tachycardia] [Satellite-reinterpretation: weight loss -> stress] [Satellite-dismissal: eye changes + neck fullness subjective] [Satellite-psychologizing: physical findings subordinated to emotional frame] [Conclusion: panic disorder explains symptoms],Yes
985,"Physical effort seems to trigger a band-like chest pain, though sometimes it seems tied to reflux after eating, last week the pain went to my left arm and I got sweaty, I’m 52 and diabetic, which made me think it was heartburn.",Acute coronary syndrome / unstable angina,"The most important feature is that the chest discomfort is triggered by exertion rather than only by meals. Radiation to the arm or jaw and associated sweating are classic high-risk clues for myocardial ischemia. The reflux-like features are real conflicting clues, but they are lower-specificity findings and do not neutralize the cardiac risk pattern. The patient’s age and vascular risk factors increase the pretest probability of acute coronary syndrome. A safer and more coherent interpretation is that this is unstable angina or another ACS presentation until proven otherwise.",Root: favor ACS. [Nucleus: exertional pain + radiation + sweating -> ischemia] [Satellite-contrast: meal/spicy-food burning + antacid relief -> GERD-like] [Nucleus-elaboration: age/risk factors increase cardiac risk] [Satellite-safety: dangerous diagnosis should be prioritized] [Conclusion: prioritize ACS],No
986,"First I had middle abdominal pain, before settling in the right lower abdomen, and GI upset made me doubt appendicitis, movement clearly aggravates it.",Appendicitis,"A grounded interpretation gives more weight to the evolution and location of pain than to the presence of loose stool alone. Gastroenteritis is plausible at the start, but it does not explain the specific right-sided localization and movement-related pain as well as appendicitis does. The reasoning preserves diarrhea as background noise but allows the focal abdominal pattern to dominate.",Root: favor appendicitis. [Satellite-background: diarrhea -> gastroenteritis-like] [Nucleus: migratory pain to RLQ + movement pain] [Satellite-priority: focal evolution outweighs generic GI symptoms] [Conclusion: appendicitis],No
987,"I feel worn out and slowed down daily, people notice I look puffy and dry-skinned, and I have gained weight despite low appetite, but I occasionally feel my heart skip and get anxious, but a prior thyroid result was described as borderline.",Hypothyroidism,"The dominant syndrome is hypothyroid: fatigue, weight gain despite low intake, puffiness, and dry skin form a coherent metabolic picture. Anxiety and occasional palpitations are real conflicting clues, but they are not sufficient to overturn the much broader hypothyroid pattern. An older borderline-normal lab result is weak evidence because symptoms may have evolved since then. The full pattern therefore favors hypothyroidism more than a primary anxiety disorder.",Root: favor hypothyroidism. [Nucleus: fatigue + weight gain + puffiness + dry skin] [Satellite-contrast: palpitations/anxiety] [Satellite-background: old borderline-normal test] [Satellite-integration: syndrome coherence outweighs isolated conflict] [Conclusion: hypothyroidism],No
988,"At first I thought I had a bad cold with cough and fever, and then my right calf became painful and enlarged, and I became much more breathless over time, antibiotics maybe reduced the fever but not the breathing trouble.",Pulmonary embolism,"The infection-like opening of the story is misleading, but the later evolution is more important. Unilateral calf swelling and pain create a strong signal for deep vein thrombosis, and worsening shortness of breath makes pulmonary embolism a much better fit than uncomplicated pneumonia. Fever and cough can occur in PE and therefore do not settle the case in favor of infection. Partial improvement of fever after antibiotics is weak evidence and does not explain why breathing worsened. The full cross-system pattern is more coherent as venous thromboembolism with pulmonary embolism.",Root: favor PE. [Satellite-background: fever + cough -> pneumonia-like] [Nucleus: unilateral calf swelling/pain + worsening dyspnea -> DVT/PE] [Satellite-contrast: antibiotics helped fever only] [Satellite-causal: leg clot can explain lung symptoms] [Conclusion: PE better explains the pattern],No
989,"My chest discomfort starts with exertion, though sometimes it seems tied to reflux after eating, a recent attack made me sweaty and sent pain toward my left arm, I’m 52 and diabetic, so I blamed spicy food instead of my heart.",Acute coronary syndrome / unstable angina,"Although the history contains gastrointestinal-looking features, the core nucleus of the case is exertional chest pressure with autonomic symptoms and radiation. Those findings are more discriminative for coronary ischemia than for simple reflux. Antacid response or meal timing can be misleading and do not exclude a cardiac cause. Because the patient is older and has major cardiovascular risk factors, it would be unsafe to anchor on GERD. The best synthesis is that a cardiac diagnosis should be prioritized.",Root: favor ACS. [Nucleus: exertional pain + radiation + sweating -> ischemia] [Satellite-contrast: meal/spicy-food burning + antacid relief -> GERD-like] [Nucleus-elaboration: age/risk factors increase cardiac risk] [Satellite-safety: dangerous diagnosis should be prioritized] [Conclusion: prioritize ACS],No
990,"I notice chest pressure when carrying groceries, but late meals can make it feel more like heartburn, last week the pain went to my left arm and I got sweaty, I’m 64 with high cholesterol, so I tried to ignore it as stomach-related.",Gastroesophageal reflux disease,"The reasoning starts from the convenient clue of post-meal burning and promotes it to the central explanation. From there, contradictory evidence is explained away: radiation becomes panic, sweating becomes distress, and vascular risk factors are treated as background rather than decision-driving information. This creates an overconfident but weakly justified conclusion in favor of reflux. The higher-risk explanation is prematurely dismissed.",Root: favor GERD. [Nucleus: meals/spicy food + antacid relief -> reflux] [Satellite-downplay: radiation + sweating -> anxiety response] [Satellite-ignore: exertional trigger + cardiac risk] [Satellite-closure: benign diagnosis chosen early] [Conclusion: GERD explains symptoms],Yes
991,"Unplanned weight loss has been bothering me, there is a tremor in my hands and fast heartbeat, and I framed it as an anxiety issue, but I have thyroid-area fullness and visible eye changes.",Panic disorder,"The hallucinated reasoning elevates anxiety, shakiness, and palpitations to the center of the case because they are familiar panic symptoms. Once that frame is adopted, weight loss is explained as stress, neck fullness is described as subjective, and eye changes are brushed aside as tired appearance. This prevents the model from integrating the bodily findings into a coherent endocrine picture. The conclusion settles on panic disorder not because it explains the full evidence best, but because it captures the most familiar emotional cues.",Root: favor panic disorder. [Nucleus: anxiety + shakiness + tachycardia] [Satellite-reinterpretation: weight loss -> stress] [Satellite-dismissal: eye changes + neck fullness subjective] [Satellite-psychologizing: physical findings subordinated to emotional frame] [Conclusion: panic disorder explains symptoms],Yes
992,"I feel fatigued almost all the time, my face looks puffy and my skin is dry, and there is weight gain despite barely eating, even so, there are moments of anxiety and heartbeat awareness, and a previous result was interpreted as basically normal.",Anxiety disorder,"The hallucinated reasoning starts from emotionally salient features such as anxiety, palpitations, and headaches and treats them as the core disorder. The weight gain, puffiness, and dry skin are then demoted to lifestyle or stress effects, even though together they form a much more specific hypothyroid cluster. The prior borderline-normal thyroid test is overvalued as if it nearly rules out thyroid disease. This produces a psychologized conclusion that fails to account for the whole syndrome.",Root: favor anxiety disorder. [Nucleus: palpitations + anxiety + headaches] [Satellite-reinterpretation: weight gain + dry skin -> lifestyle/stress] [Satellite-overweight: borderline-normal thyroid test] [Satellite-psychologizing: endocrine cluster fragmented] [Conclusion: anxiety disorder],Yes
993,"This began like a respiratory infection with cough and chills, and then my right calf became painful and enlarged, while the shortness of breath kept escalating, I took antibiotics and only the fever improved slightly.",Pulmonary embolism,"The infection-like opening of the story is misleading, but the later evolution is more important. Unilateral calf swelling and pain create a strong signal for deep vein thrombosis, and worsening shortness of breath makes pulmonary embolism a much better fit than uncomplicated pneumonia. Fever and cough can occur in PE and therefore do not settle the case in favor of infection. Partial improvement of fever after antibiotics is weak evidence and does not explain why breathing worsened. The full cross-system pattern is more coherent as venous thromboembolism with pulmonary embolism.",Root: favor PE. [Satellite-background: fever + cough -> pneumonia-like] [Nucleus: unilateral calf swelling/pain + worsening dyspnea -> DVT/PE] [Satellite-contrast: antibiotics helped fever only] [Satellite-causal: leg clot can explain lung symptoms] [Conclusion: PE better explains the pattern],No
994,"My illness started as what seemed like a simple chest cold, but a single swollen calf showed up later, and now I am more short of breath than before, leftover antibiotics only seemed to help the fever.",Pulmonary embolism,"A grounded reading preserves both hypotheses at first: pneumonia is plausible because of fever and cough, but the calf findings are a major red flag that changes the weighting of the case. Respiratory decline despite some improvement in fever also argues against a simple resolving infection. The vascular hypothesis explains the leg symptoms and the worsening dyspnea in one causal chain.",Root: favor PE. [Satellite-background: fever + cough -> pneumonia-like] [Nucleus: unilateral calf swelling/pain + worsening dyspnea -> DVT/PE] [Satellite-contrast: antibiotics helped fever only] [Satellite-causal: leg clot can explain lung symptoms] [Conclusion: PE better explains the pattern],No
995,"This began like a respiratory infection with cough and chills, and then my right calf became painful and enlarged, and now I am more short of breath than before, the fever eased a bit with antibiotics, not the shortness of breath.",Pulmonary embolism,"The infection-like opening of the story is misleading, but the later evolution is more important. Unilateral calf swelling and pain create a strong signal for deep vein thrombosis, and worsening shortness of breath makes pulmonary embolism a much better fit than uncomplicated pneumonia. Fever and cough can occur in PE and therefore do not settle the case in favor of infection. Partial improvement of fever after antibiotics is weak evidence and does not explain why breathing worsened. The full cross-system pattern is more coherent as venous thromboembolism with pulmonary embolism.",Root: favor PE. [Satellite-background: fever + cough -> pneumonia-like] [Nucleus: unilateral calf swelling/pain + worsening dyspnea -> DVT/PE] [Satellite-contrast: antibiotics helped fever only] [Satellite-causal: leg clot can explain lung symptoms] [Conclusion: PE better explains the pattern],No
996,"My illness started as what seemed like a simple chest cold, although now my calf is distinctly painful and puffy, and my chest feels tighter as I breathe, antibiotics maybe reduced the fever but not the breathing trouble.",Pulmonary embolism,"The infection-like opening of the story is misleading, but the later evolution is more important. Unilateral calf swelling and pain create a strong signal for deep vein thrombosis, and worsening shortness of breath makes pulmonary embolism a much better fit than uncomplicated pneumonia. Fever and cough can occur in PE and therefore do not settle the case in favor of infection. Partial improvement of fever after antibiotics is weak evidence and does not explain why breathing worsened. The full cross-system pattern is more coherent as venous thromboembolism with pulmonary embolism.",Root: favor PE. [Satellite-background: fever + cough -> pneumonia-like] [Nucleus: unilateral calf swelling/pain + worsening dyspnea -> DVT/PE] [Satellite-contrast: antibiotics helped fever only] [Satellite-causal: leg clot can explain lung symptoms] [Conclusion: PE better explains the pattern],No
997,"I get chest tightness when climbing stairs, but food-related burning confuses the picture, I recently had sweating and pain radiating toward my jaw, I’m 59 and a smoker with high cholesterol, which made me dismiss it as acid reflux.",Acute coronary syndrome / unstable angina,"Although the history contains gastrointestinal-looking features, the core nucleus of the case is exertional chest pressure with autonomic symptoms and radiation. Those findings are more discriminative for coronary ischemia than for simple reflux. Antacid response or meal timing can be misleading and do not exclude a cardiac cause. Because the patient is older and has major cardiovascular risk factors, it would be unsafe to anchor on GERD. The best synthesis is that a cardiac diagnosis should be prioritized.",Root: favor ACS. [Nucleus: exertional pain + radiation + sweating -> ischemia] [Satellite-contrast: meal/spicy-food burning + antacid relief -> GERD-like] [Nucleus-elaboration: age/risk factors increase cardiac risk] [Satellite-safety: dangerous diagnosis should be prioritized] [Conclusion: prioritize ACS],No
998,"I am losing weight even though my habits have not changed, I have tremor and constant palpitations, so I wondered if it was panic, but friends mention my eyes and I notice neck fullness.",Panic disorder,"The hallucinated reasoning elevates anxiety, shakiness, and palpitations to the center of the case because they are familiar panic symptoms. Once that frame is adopted, weight loss is explained as stress, neck fullness is described as subjective, and eye changes are brushed aside as tired appearance. This prevents the model from integrating the bodily findings into a coherent endocrine picture. The conclusion settles on panic disorder not because it explains the full evidence best, but because it captures the most familiar emotional cues.",Root: favor panic disorder. [Nucleus: anxiety + shakiness + tachycardia] [Satellite-reinterpretation: weight loss -> stress] [Satellite-dismissal: eye changes + neck fullness subjective] [Satellite-psychologizing: physical findings subordinated to emotional frame] [Conclusion: panic disorder explains symptoms],Yes
999,"I need water all the time and I am urinating excessively, and I am shrinking despite normal habits, I have episodes of blurry vision, and there is belly pain with nausea, even though obesity and family diabetes point the other way.","Diabetes mellitus, likely type 1 physiology","The central issue is not the body habitus alone but the physiology suggested by the symptoms. Polyuria, polydipsia, weight loss, blurry vision, and abdominal symptoms suggest substantial hyperglycemia with possible ketosis or evolving insulin deficiency. Obesity and a family history of type 2 diabetes are meaningful competing clues, but they do not erase the catabolic pattern. In a younger patient, weight loss with nausea and abdominal pain should raise concern for type 1 physiology or at least urgent insulin-requiring diabetes.",Root: favor diabetes with likely type 1 physiology. [Nucleus: thirst + urination + weight loss + blurry vision + nausea] [Satellite-contrast: obesity + family history -> type 2 clue] [Satellite-urgency: abdominal symptoms suggest ketosis risk] [Conclusion: urgent insulin-deficiency picture],No
1000,"My wrists and finger joints stay stiff for a long time each morning, although I once had a classic-looking gout attack in the toe, my uric acid was high once, and there is definite family history of RA.",Gout,"A hallucinated interpretation gives privileged status to the classic-sounding gout clues and treats them as sufficient to explain everything else. The chronic morning stiffness is downgraded to a generic inflammatory complaint, even though it is actually the more discriminative feature for RA. This is a reasoning failure because one episodic clue is expanded beyond its explanatory range.",Root: favor gout. [Nucleus: toe flare after wine + hyperuricemia] [Satellite-generalization: chronic hand stiffness folded into gout] [Satellite-dismissal: family history of RA incidental] [Satellite-salience: vivid acute event overweights decision] [Conclusion: gout explains all symptoms],Yes
