question_id,domain,initial_hallucination,candidate_id,evaluated,screened_prior_art,promoted,drop_reason
Q-REPAIR-001,Chemical process systems,TRUE,CAND-0001,TRUE,TRUE,FALSE,PRIOR_ART_COLLISION
Q-REPAIR-001,Chemical process systems,TRUE,CAND-0002,TRUE,FALSE,FALSE,SEMANTIC_INVARIANT_DRIFT
Q-REPAIR-001,Chemical process systems,TRUE,CAND-0003,TRUE,TRUE,FALSE,PRIOR_ART_COLLISION
Q-REPAIR-001,Chemical process systems,TRUE,CAND-0004,TRUE,TRUE,TRUE,NONE
Q-REPAIR-002,Mechanical systems,TRUE,CAND-0005,TRUE,TRUE,TRUE,NONE
Q-REPAIR-002,Mechanical systems,TRUE,CAND-0006,TRUE,FALSE,FALSE,SEMANTIC_INVARIANT_DRIFT
Q-REPAIR-003,Mechanical systems,TRUE,CAND-0007,TRUE,TRUE,FALSE,PRIOR_ART_COLLISION
Q-REPAIR-003,Mechanical systems,TRUE,CAND-0008,TRUE,FALSE,FALSE,SYNTAX_PARSE_ERROR
Q-REPAIR-003,Mechanical systems,TRUE,CAND-0009,TRUE,FALSE,FALSE,HARD_CONSTRAINT_VIOLATION_TIMEOUT
Q-REPAIR-004,Systems architecture,TRUE,CAND-0010,TRUE,TRUE,TRUE,NONE
Q-REPAIR-004,Systems architecture,TRUE,CAND-0011,TRUE,FALSE,FALSE,SEMANTIC_INVARIANT_DRIFT
Q-REPAIR-004,Systems architecture,TRUE,CAND-0012,TRUE,FALSE,FALSE,HARD_CONSTRAINT_VIOLATION_TIMEOUT
Q-REPAIR-005,Systems architecture,TRUE,CAND-0013,TRUE,FALSE,FALSE,SEMANTIC_INVARIANT_DRIFT
Q-REPAIR-005,Systems architecture,TRUE,CAND-0014,TRUE,TRUE,TRUE,NONE
Q-REPAIR-005,Systems architecture,TRUE,CAND-0015,TRUE,TRUE,TRUE,NONE
Q-REPAIR-006,Systems architecture,TRUE,CAND-0016,TRUE,TRUE,FALSE,PRIOR_ART_COLLISION
Q-REPAIR-006,Systems architecture,TRUE,CAND-0017,TRUE,TRUE,TRUE,NONE
Q-REPAIR-007,Systems architecture,TRUE,CAND-0018,TRUE,TRUE,FALSE,PRIOR_ART_COLLISION
Q-REPAIR-007,Systems architecture,TRUE,CAND-0019,TRUE,TRUE,TRUE,NONE
Q-REPAIR-008,Chemical process systems,TRUE,CAND-0020,TRUE,FALSE,FALSE,HARD_CONSTRAINT_VIOLATION_TIMEOUT
Q-REPAIR-008,Chemical process systems,TRUE,CAND-0021,TRUE,TRUE,TRUE,NONE
Q-REPAIR-008,Chemical process systems,TRUE,CAND-0022,TRUE,TRUE,TRUE,NONE
Q-REPAIR-008,Chemical process systems,TRUE,CAND-0023,TRUE,TRUE,TRUE,NONE
Q-REPAIR-009,Systems architecture,TRUE,CAND-0024,TRUE,FALSE,FALSE,HARD_CONSTRAINT_VIOLATION_TIMEOUT
Q-REPAIR-009,Systems architecture,TRUE,CAND-0025,TRUE,FALSE,FALSE,SEMANTIC_INVARIANT_DRIFT
Q-REPAIR-009,Systems architecture,TRUE,CAND-0026,TRUE,FALSE,FALSE,SEMANTIC_INVARIANT_DRIFT
Q-REPAIR-010,Mechanical systems,TRUE,CAND-0027,TRUE,FALSE,FALSE,HARD_CONSTRAINT_VIOLATION_TIMEOUT
Q-REPAIR-010,Mechanical systems,TRUE,CAND-0028,TRUE,TRUE,TRUE,NONE
Q-REPAIR-010,Mechanical systems,TRUE,CAND-0029,TRUE,TRUE,TRUE,NONE
Q-REPAIR-011,Chemical process systems,TRUE,CAND-0030,TRUE,TRUE,TRUE,NONE
Q-REPAIR-011,Chemical process systems,TRUE,CAND-0031,TRUE,TRUE,TRUE,NONE
Q-REPAIR-012,Systems architecture,TRUE,CAND-0032,TRUE,TRUE,TRUE,NONE
Q-REPAIR-012,Systems architecture,TRUE,CAND-0033,TRUE,TRUE,TRUE,NONE
Q-REPAIR-013,Mechanical systems,TRUE,CAND-0034,TRUE,FALSE,FALSE,SEMANTIC_INVARIANT_DRIFT
Q-REPAIR-013,Mechanical systems,TRUE,CAND-0035,TRUE,TRUE,TRUE,NONE
Q-REPAIR-013,Mechanical systems,TRUE,CAND-0036,TRUE,TRUE,TRUE,NONE
Q-REPAIR-014,Chemical process systems,TRUE,CAND-0037,TRUE,TRUE,TRUE,NONE
Q-REPAIR-014,Chemical process systems,TRUE,CAND-0038,TRUE,TRUE,TRUE,NONE
Q-REPAIR-014,Chemical process systems,TRUE,CAND-0039,TRUE,TRUE,TRUE,NONE
Q-REPAIR-014,Chemical process systems,TRUE,CAND-0040,TRUE,FALSE,FALSE,SEMANTIC_INVARIANT_DRIFT
Q-REPAIR-015,Chemical process systems,TRUE,CAND-0041,TRUE,TRUE,FALSE,PRIOR_ART_COLLISION
Q-REPAIR-015,Chemical process systems,TRUE,CAND-0042,TRUE,FALSE,FALSE,SEMANTIC_INVARIANT_DRIFT
Q-REPAIR-015,Chemical process systems,TRUE,CAND-0043,TRUE,TRUE,TRUE,NONE
Q-REPAIR-015,Chemical process systems,TRUE,CAND-0044,TRUE,TRUE,TRUE,NONE
Q-REPAIR-016,Systems architecture,TRUE,CAND-0045,TRUE,FALSE,FALSE,HARD_CONSTRAINT_VIOLATION_TIMEOUT
Q-REPAIR-016,Systems architecture,TRUE,CAND-0046,TRUE,TRUE,FALSE,PRIOR_ART_COLLISION
Q-REPAIR-017,Mechanical systems,TRUE,CAND-0047,TRUE,TRUE,TRUE,NONE
Q-REPAIR-017,Mechanical systems,TRUE,CAND-0048,TRUE,TRUE,TRUE,NONE
Q-REPAIR-017,Mechanical systems,TRUE,CAND-0049,TRUE,FALSE,FALSE,SEMANTIC_INVARIANT_DRIFT
Q-REPAIR-018,Chemical process systems,TRUE,CAND-0050,TRUE,FALSE,FALSE,SYNTAX_PARSE_ERROR
Q-REPAIR-018,Chemical process systems,TRUE,CAND-0051,TRUE,FALSE,FALSE,SEMANTIC_INVARIANT_DRIFT
Q-REPAIR-018,Chemical process systems,TRUE,CAND-0052,TRUE,TRUE,TRUE,NONE
Q-REPAIR-019,Chemical process systems,TRUE,CAND-0053,TRUE,FALSE,FALSE,HARD_CONSTRAINT_VIOLATION_TIMEOUT
Q-REPAIR-019,Chemical process systems,TRUE,CAND-0054,TRUE,TRUE,FALSE,PRIOR_ART_COLLISION
Q-REPAIR-019,Chemical process systems,TRUE,CAND-0055,TRUE,TRUE,TRUE,NONE
Q-REPAIR-020,Mechanical systems,TRUE,CAND-0056,TRUE,FALSE,FALSE,SYNTAX_PARSE_ERROR
Q-REPAIR-020,Mechanical systems,TRUE,CAND-0057,TRUE,TRUE,FALSE,PRIOR_ART_COLLISION
Q-REPAIR-020,Mechanical systems,TRUE,CAND-0058,TRUE,TRUE,FALSE,PRIOR_ART_COLLISION
Q-REPAIR-021,Mechanical systems,TRUE,CAND-0059,TRUE,TRUE,TRUE,NONE
Q-REPAIR-021,Mechanical systems,TRUE,CAND-0060,TRUE,FALSE,FALSE,HARD_CONSTRAINT_VIOLATION_TIMEOUT
Q-REPAIR-021,Mechanical systems,TRUE,CAND-0061,TRUE,TRUE,TRUE,NONE
Q-REPAIR-022,Mechanical systems,TRUE,CAND-0062,TRUE,FALSE,FALSE,HARD_CONSTRAINT_VIOLATION_TIMEOUT
Q-REPAIR-022,Mechanical systems,TRUE,CAND-0063,TRUE,TRUE,FALSE,PRIOR_ART_COLLISION
Q-REPAIR-023,Mechanical systems,TRUE,CAND-0064,TRUE,FALSE,FALSE,SEMANTIC_INVARIANT_DRIFT
Q-REPAIR-023,Mechanical systems,TRUE,CAND-0065,TRUE,TRUE,FALSE,PRIOR_ART_COLLISION
Q-REPAIR-023,Mechanical systems,TRUE,CAND-0066,TRUE,TRUE,TRUE,NONE
Q-REPAIR-024,Mechanical systems,TRUE,CAND-0067,TRUE,FALSE,FALSE,HARD_CONSTRAINT_VIOLATION_TIMEOUT
Q-REPAIR-024,Mechanical systems,TRUE,CAND-0068,TRUE,FALSE,FALSE,SYNTAX_PARSE_ERROR
Q-REPAIR-024,Mechanical systems,TRUE,CAND-0069,TRUE,FALSE,FALSE,SYNTAX_PARSE_ERROR
Q-REPAIR-025,Mechanical systems,TRUE,CAND-0070,TRUE,FALSE,FALSE,SEMANTIC_INVARIANT_DRIFT
Q-REPAIR-025,Mechanical systems,TRUE,CAND-0071,TRUE,TRUE,FALSE,PRIOR_ART_COLLISION
Q-REPAIR-025,Mechanical systems,TRUE,CAND-0072,TRUE,TRUE,TRUE,NONE
Q-REPAIR-025,Mechanical systems,TRUE,CAND-0073,TRUE,TRUE,FALSE,PRIOR_ART_COLLISION
Q-REPAIR-026,Mechanical systems,TRUE,CAND-0074,TRUE,FALSE,FALSE,HARD_CONSTRAINT_VIOLATION_TIMEOUT
Q-REPAIR-026,Mechanical systems,TRUE,CAND-0075,TRUE,TRUE,TRUE,NONE
Q-REPAIR-026,Mechanical systems,TRUE,CAND-0076,TRUE,FALSE,FALSE,HARD_CONSTRAINT_VIOLATION_TIMEOUT
Q-REPAIR-027,Chemical process systems,TRUE,CAND-0077,TRUE,FALSE,FALSE,SEMANTIC_INVARIANT_DRIFT
Q-REPAIR-027,Chemical process systems,TRUE,CAND-0078,TRUE,FALSE,FALSE,SEMANTIC_INVARIANT_DRIFT
Q-REPAIR-028,Chemical process systems,TRUE,CAND-0079,TRUE,FALSE,FALSE,HARD_CONSTRAINT_VIOLATION_TIMEOUT
Q-REPAIR-028,Chemical process systems,TRUE,CAND-0080,TRUE,FALSE,FALSE,HARD_CONSTRAINT_VIOLATION_TIMEOUT
Q-REPAIR-029,Systems architecture,TRUE,CAND-0081,TRUE,FALSE,FALSE,HARD_CONSTRAINT_VIOLATION_TIMEOUT
Q-REPAIR-029,Systems architecture,TRUE,CAND-0082,TRUE,FALSE,FALSE,HARD_CONSTRAINT_VIOLATION_TIMEOUT
Q-REPAIR-029,Systems architecture,TRUE,CAND-0083,TRUE,FALSE,FALSE,HARD_CONSTRAINT_VIOLATION_TIMEOUT
Q-REPAIR-030,Chemical process systems,TRUE,CAND-0084,TRUE,FALSE,FALSE,HARD_CONSTRAINT_VIOLATION_TIMEOUT
Q-REPAIR-030,Chemical process systems,TRUE,CAND-0085,TRUE,FALSE,FALSE,SEMANTIC_INVARIANT_DRIFT
Q-REPAIR-030,Chemical process systems,TRUE,CAND-0086,TRUE,TRUE,TRUE,NONE
Q-REPAIR-031,Systems architecture,TRUE,CAND-0087,TRUE,TRUE,TRUE,NONE
Q-REPAIR-031,Systems architecture,TRUE,CAND-0088,TRUE,TRUE,TRUE,NONE
Q-REPAIR-031,Systems architecture,TRUE,CAND-0089,TRUE,TRUE,TRUE,NONE
Q-REPAIR-032,Chemical process systems,TRUE,CAND-0090,TRUE,TRUE,TRUE,NONE
Q-REPAIR-032,Chemical process systems,TRUE,CAND-0091,TRUE,FALSE,FALSE,SEMANTIC_INVARIANT_DRIFT
Q-REPAIR-032,Chemical process systems,TRUE,CAND-0092,TRUE,FALSE,FALSE,HARD_CONSTRAINT_VIOLATION_TIMEOUT
Q-REPAIR-033,Chemical process systems,TRUE,CAND-0093,TRUE,FALSE,FALSE,SEMANTIC_INVARIANT_DRIFT
Q-REPAIR-033,Chemical process systems,TRUE,CAND-0094,TRUE,TRUE,TRUE,NONE
Q-REPAIR-034,Chemical process systems,TRUE,CAND-0095,TRUE,TRUE,FALSE,PRIOR_ART_COLLISION
Q-REPAIR-034,Chemical process systems,TRUE,CAND-0096,TRUE,TRUE,FALSE,PRIOR_ART_COLLISION
Q-REPAIR-034,Chemical process systems,TRUE,CAND-0097,TRUE,FALSE,FALSE,HARD_CONSTRAINT_VIOLATION_TIMEOUT
Q-REPAIR-035,Mechanical systems,TRUE,CAND-0098,TRUE,FALSE,FALSE,SYNTAX_PARSE_ERROR
Q-REPAIR-035,Mechanical systems,TRUE,CAND-0099,TRUE,TRUE,FALSE,PRIOR_ART_COLLISION
Q-REPAIR-035,Mechanical systems,TRUE,CAND-0100,TRUE,FALSE,FALSE,HARD_CONSTRAINT_VIOLATION_TIMEOUT
Q-REPAIR-036,Mechanical systems,TRUE,CAND-0101,TRUE,TRUE,TRUE,NONE
Q-REPAIR-036,Mechanical systems,TRUE,CAND-0102,TRUE,TRUE,TRUE,NONE
Q-REPAIR-036,Mechanical systems,TRUE,CAND-0103,TRUE,FALSE,FALSE,HARD_CONSTRAINT_VIOLATION_TIMEOUT
Q-REPAIR-037,Systems architecture,TRUE,CAND-0104,TRUE,TRUE,TRUE,NONE
Q-REPAIR-037,Systems architecture,TRUE,CAND-0105,TRUE,FALSE,FALSE,SYNTAX_PARSE_ERROR
Q-REPAIR-037,Systems architecture,TRUE,CAND-0106,TRUE,FALSE,FALSE,HARD_CONSTRAINT_VIOLATION_TIMEOUT
Q-REPAIR-038,Mechanical systems,TRUE,CAND-0107,TRUE,FALSE,FALSE,HARD_CONSTRAINT_VIOLATION_TIMEOUT
Q-REPAIR-038,Mechanical systems,TRUE,CAND-0108,TRUE,TRUE,TRUE,NONE
Q-REPAIR-038,Mechanical systems,TRUE,CAND-0109,TRUE,FALSE,FALSE,HARD_CONSTRAINT_VIOLATION_TIMEOUT
Q-REPAIR-039,Chemical process systems,TRUE,CAND-0110,TRUE,FALSE,FALSE,SEMANTIC_INVARIANT_DRIFT
Q-REPAIR-039,Chemical process systems,TRUE,CAND-0111,TRUE,FALSE,FALSE,HARD_CONSTRAINT_VIOLATION_TIMEOUT
Q-REPAIR-039,Chemical process systems,TRUE,CAND-0112,TRUE,FALSE,FALSE,HARD_CONSTRAINT_VIOLATION_TIMEOUT
Q-REPAIR-040,Mechanical systems,TRUE,CAND-0113,TRUE,FALSE,FALSE,HARD_CONSTRAINT_VIOLATION_TIMEOUT
Q-REPAIR-040,Mechanical systems,TRUE,CAND-0114,TRUE,FALSE,FALSE,HARD_CONSTRAINT_VIOLATION_TIMEOUT
Q-REPAIR-040,Mechanical systems,TRUE,CAND-0115,TRUE,FALSE,FALSE,SEMANTIC_INVARIANT_DRIFT
Q-REPAIR-041,Chemical process systems,TRUE,CAND-0116,TRUE,FALSE,FALSE,SYNTAX_PARSE_ERROR
Q-REPAIR-041,Chemical process systems,TRUE,CAND-0117,TRUE,FALSE,FALSE,HARD_CONSTRAINT_VIOLATION_TIMEOUT
Q-REPAIR-041,Chemical process systems,TRUE,CAND-0118,TRUE,TRUE,TRUE,NONE
Q-REPAIR-042,Mechanical systems,TRUE,CAND-0119,TRUE,FALSE,FALSE,HARD_CONSTRAINT_VIOLATION_TIMEOUT
Q-REPAIR-042,Mechanical systems,TRUE,CAND-0120,TRUE,TRUE,TRUE,NONE
Q-REPAIR-043,Systems architecture,TRUE,CAND-0121,TRUE,TRUE,TRUE,NONE
Q-REPAIR-043,Systems architecture,TRUE,CAND-0122,TRUE,TRUE,FALSE,PRIOR_ART_COLLISION
Q-REPAIR-043,Systems architecture,TRUE,CAND-0123,TRUE,FALSE,FALSE,HARD_CONSTRAINT_VIOLATION_TIMEOUT
Q-REPAIR-043,Systems architecture,TRUE,CAND-0124,TRUE,FALSE,FALSE,SEMANTIC_INVARIANT_DRIFT
Q-REPAIR-044,Mechanical systems,TRUE,CAND-0125,TRUE,TRUE,TRUE,NONE
Q-REPAIR-044,Mechanical systems,TRUE,CAND-0126,TRUE,FALSE,FALSE,HARD_CONSTRAINT_VIOLATION_TIMEOUT
Q-REPAIR-044,Mechanical systems,TRUE,CAND-0127,TRUE,TRUE,FALSE,PRIOR_ART_COLLISION
Q-REPAIR-045,Chemical process systems,TRUE,CAND-0128,TRUE,FALSE,FALSE,HARD_CONSTRAINT_VIOLATION_TIMEOUT
Q-REPAIR-045,Chemical process systems,TRUE,CAND-0129,TRUE,FALSE,FALSE,SEMANTIC_INVARIANT_DRIFT
Q-REPAIR-046,Chemical process systems,TRUE,CAND-0130,TRUE,FALSE,FALSE,SEMANTIC_INVARIANT_DRIFT
Q-REPAIR-046,Chemical process systems,TRUE,CAND-0131,TRUE,FALSE,FALSE,HARD_CONSTRAINT_VIOLATION_TIMEOUT
Q-REPAIR-046,Chemical process systems,TRUE,CAND-0132,TRUE,TRUE,FALSE,PRIOR_ART_COLLISION
Q-REPAIR-047,Chemical process systems,TRUE,CAND-0133,TRUE,FALSE,FALSE,HARD_CONSTRAINT_VIOLATION_TIMEOUT
Q-REPAIR-047,Chemical process systems,TRUE,CAND-0134,TRUE,FALSE,FALSE,SEMANTIC_INVARIANT_DRIFT
Q-REPAIR-047,Chemical process systems,TRUE,CAND-0135,TRUE,FALSE,FALSE,HARD_CONSTRAINT_VIOLATION_TIMEOUT
Q-REPAIR-048,Systems architecture,TRUE,CAND-0136,TRUE,TRUE,TRUE,NONE
Q-REPAIR-048,Systems architecture,TRUE,CAND-0137,TRUE,TRUE,FALSE,PRIOR_ART_COLLISION
Q-REPAIR-048,Systems architecture,TRUE,CAND-0138,TRUE,TRUE,FALSE,PRIOR_ART_COLLISION
Q-REPAIR-048,Systems architecture,TRUE,CAND-0139,TRUE,FALSE,FALSE,HARD_CONSTRAINT_VIOLATION_TIMEOUT
Q-REPAIR-049,Chemical process systems,TRUE,CAND-0140,TRUE,FALSE,FALSE,HARD_CONSTRAINT_VIOLATION_TIMEOUT
Q-REPAIR-049,Chemical process systems,TRUE,CAND-0141,TRUE,FALSE,FALSE,SEMANTIC_INVARIANT_DRIFT
Q-REPAIR-049,Chemical process systems,TRUE,CAND-0142,TRUE,FALSE,FALSE,SYNTAX_PARSE_ERROR
Q-REPAIR-050,Chemical process systems,TRUE,CAND-0143,TRUE,FALSE,FALSE,SEMANTIC_INVARIANT_DRIFT
Q-REPAIR-050,Chemical process systems,TRUE,CAND-0144,TRUE,TRUE,TRUE,NONE
Q-REPAIR-051,Systems architecture,TRUE,CAND-0145,TRUE,FALSE,FALSE,SYNTAX_PARSE_ERROR
Q-REPAIR-051,Systems architecture,TRUE,CAND-0146,TRUE,FALSE,FALSE,SEMANTIC_INVARIANT_DRIFT
Q-REPAIR-051,Systems architecture,TRUE,CAND-0147,TRUE,TRUE,TRUE,NONE
Q-REPAIR-052,Mechanical systems,TRUE,CAND-0148,TRUE,TRUE,TRUE,NONE
Q-REPAIR-052,Mechanical systems,TRUE,CAND-0149,TRUE,TRUE,FALSE,PRIOR_ART_COLLISION
Q-REPAIR-052,Mechanical systems,TRUE,CAND-0150,TRUE,TRUE,TRUE,NONE
Q-REPAIR-053,Chemical process systems,TRUE,CAND-0151,TRUE,FALSE,FALSE,SEMANTIC_INVARIANT_DRIFT
Q-REPAIR-053,Chemical process systems,TRUE,CAND-0152,TRUE,TRUE,TRUE,NONE
Q-REPAIR-053,Chemical process systems,TRUE,CAND-0153,TRUE,FALSE,FALSE,SEMANTIC_INVARIANT_DRIFT
Q-REPAIR-054,Mechanical systems,TRUE,CAND-0154,TRUE,FALSE,FALSE,HARD_CONSTRAINT_VIOLATION_TIMEOUT
Q-REPAIR-054,Mechanical systems,TRUE,CAND-0155,TRUE,TRUE,FALSE,PRIOR_ART_COLLISION
Q-REPAIR-054,Mechanical systems,TRUE,CAND-0156,TRUE,TRUE,TRUE,NONE
Q-REPAIR-055,Mechanical systems,TRUE,CAND-0157,TRUE,FALSE,FALSE,SEMANTIC_INVARIANT_DRIFT
Q-REPAIR-055,Mechanical systems,TRUE,CAND-0158,TRUE,FALSE,FALSE,HARD_CONSTRAINT_VIOLATION_TIMEOUT
Q-REPAIR-055,Mechanical systems,TRUE,CAND-0159,TRUE,FALSE,FALSE,SEMANTIC_INVARIANT_DRIFT
Q-REPAIR-055,Mechanical systems,TRUE,CAND-0160,TRUE,TRUE,TRUE,NONE
Q-REPAIR-056,Systems architecture,TRUE,CAND-0161,TRUE,FALSE,FALSE,SYNTAX_PARSE_ERROR
Q-REPAIR-056,Systems architecture,TRUE,CAND-0162,TRUE,TRUE,TRUE,NONE
Q-REPAIR-057,Mechanical systems,TRUE,CAND-0163,TRUE,TRUE,FALSE,PRIOR_ART_COLLISION
Q-REPAIR-057,Mechanical systems,TRUE,CAND-0164,TRUE,TRUE,TRUE,NONE
Q-REPAIR-058,Chemical process systems,TRUE,CAND-0165,TRUE,TRUE,TRUE,NONE
Q-REPAIR-058,Chemical process systems,TRUE,CAND-0166,TRUE,TRUE,FALSE,PRIOR_ART_COLLISION
Q-REPAIR-058,Chemical process systems,TRUE,CAND-0167,TRUE,TRUE,TRUE,NONE
Q-REPAIR-058,Chemical process systems,TRUE,CAND-0168,TRUE,FALSE,FALSE,SYNTAX_PARSE_ERROR
Q-REPAIR-059,Systems architecture,TRUE,CAND-0169,TRUE,TRUE,FALSE,PRIOR_ART_COLLISION
Q-REPAIR-059,Systems architecture,TRUE,CAND-0170,TRUE,TRUE,TRUE,NONE
Q-REPAIR-059,Systems architecture,TRUE,CAND-0171,TRUE,TRUE,FALSE,PRIOR_ART_COLLISION
Q-REPAIR-059,Systems architecture,TRUE,CAND-0172,TRUE,TRUE,FALSE,PRIOR_ART_COLLISION
Q-REPAIR-060,Systems architecture,TRUE,CAND-0173,TRUE,FALSE,FALSE,SYNTAX_PARSE_ERROR
Q-REPAIR-060,Systems architecture,TRUE,CAND-0174,TRUE,TRUE,FALSE,PRIOR_ART_COLLISION
Q-REPAIR-061,Chemical process systems,TRUE,CAND-0175,TRUE,TRUE,FALSE,PRIOR_ART_COLLISION
Q-REPAIR-061,Chemical process systems,TRUE,CAND-0176,TRUE,FALSE,FALSE,HARD_CONSTRAINT_VIOLATION_TIMEOUT
Q-REPAIR-062,Systems architecture,TRUE,CAND-0177,TRUE,TRUE,TRUE,NONE
Q-REPAIR-062,Systems architecture,TRUE,CAND-0178,TRUE,FALSE,FALSE,HARD_CONSTRAINT_VIOLATION_TIMEOUT
Q-REPAIR-062,Systems architecture,TRUE,CAND-0179,TRUE,TRUE,TRUE,NONE
Q-REPAIR-063,Systems architecture,TRUE,CAND-0180,TRUE,FALSE,FALSE,SEMANTIC_INVARIANT_DRIFT
Q-REPAIR-063,Systems architecture,TRUE,CAND-0181,TRUE,FALSE,FALSE,SEMANTIC_INVARIANT_DRIFT
Q-REPAIR-063,Systems architecture,TRUE,CAND-0182,TRUE,FALSE,FALSE,SEMANTIC_INVARIANT_DRIFT
Q-REPAIR-064,Chemical process systems,TRUE,CAND-0183,TRUE,FALSE,FALSE,HARD_CONSTRAINT_VIOLATION_TIMEOUT
Q-REPAIR-064,Chemical process systems,TRUE,CAND-0184,TRUE,FALSE,FALSE,SEMANTIC_INVARIANT_DRIFT
Q-REPAIR-064,Chemical process systems,TRUE,CAND-0185,TRUE,TRUE,TRUE,NONE
Q-REPAIR-064,Chemical process systems,TRUE,CAND-0186,TRUE,FALSE,FALSE,HARD_CONSTRAINT_VIOLATION_TIMEOUT
Q-REPAIR-065,Mechanical systems,TRUE,CAND-0187,TRUE,FALSE,FALSE,HARD_CONSTRAINT_VIOLATION_TIMEOUT
Q-REPAIR-065,Mechanical systems,TRUE,CAND-0188,TRUE,TRUE,TRUE,NONE
Q-REPAIR-065,Mechanical systems,TRUE,CAND-0189,TRUE,TRUE,FALSE,PRIOR_ART_COLLISION
Q-REPAIR-066,Systems architecture,TRUE,CAND-0190,TRUE,FALSE,FALSE,HARD_CONSTRAINT_VIOLATION_TIMEOUT
Q-REPAIR-066,Systems architecture,TRUE,CAND-0191,TRUE,FALSE,FALSE,HARD_CONSTRAINT_VIOLATION_TIMEOUT
Q-REPAIR-066,Systems architecture,TRUE,CAND-0192,TRUE,FALSE,FALSE,SYNTAX_PARSE_ERROR
Q-REPAIR-067,Systems architecture,TRUE,CAND-0193,TRUE,FALSE,FALSE,SYNTAX_PARSE_ERROR
Q-REPAIR-067,Systems architecture,TRUE,CAND-0194,TRUE,TRUE,FALSE,PRIOR_ART_COLLISION
Q-REPAIR-067,Systems architecture,TRUE,CAND-0195,TRUE,TRUE,TRUE,NONE
Q-REPAIR-068,Chemical process systems,TRUE,CAND-0196,TRUE,TRUE,TRUE,NONE
Q-REPAIR-068,Chemical process systems,TRUE,CAND-0197,TRUE,TRUE,TRUE,NONE
Q-REPAIR-068,Chemical process systems,TRUE,CAND-0198,TRUE,TRUE,FALSE,PRIOR_ART_COLLISION
Q-REPAIR-068,Chemical process systems,TRUE,CAND-0199,TRUE,TRUE,TRUE,NONE
Q-REPAIR-069,Chemical process systems,TRUE,CAND-0200,TRUE,TRUE,TRUE,NONE
Q-REPAIR-069,Chemical process systems,TRUE,CAND-0201,TRUE,TRUE,TRUE,NONE
Q-REPAIR-069,Chemical process systems,TRUE,CAND-0202,TRUE,FALSE,FALSE,HARD_CONSTRAINT_VIOLATION_TIMEOUT
Q-REPAIR-069,Chemical process systems,TRUE,CAND-0203,TRUE,TRUE,FALSE,PRIOR_ART_COLLISION
Q-REPAIR-070,Chemical process systems,TRUE,CAND-0204,TRUE,FALSE,FALSE,HARD_CONSTRAINT_VIOLATION_TIMEOUT
Q-REPAIR-070,Chemical process systems,TRUE,CAND-0205,TRUE,TRUE,TRUE,NONE
Q-REPAIR-071,Mechanical systems,TRUE,CAND-0206,TRUE,TRUE,FALSE,PRIOR_ART_COLLISION
Q-REPAIR-071,Mechanical systems,TRUE,CAND-0207,TRUE,FALSE,FALSE,SYNTAX_PARSE_ERROR
Q-REPAIR-071,Mechanical systems,TRUE,CAND-0208,TRUE,FALSE,FALSE,SEMANTIC_INVARIANT_DRIFT
Q-REPAIR-071,Mechanical systems,TRUE,CAND-0209,TRUE,TRUE,TRUE,NONE
Q-REPAIR-072,Chemical process systems,TRUE,CAND-0210,TRUE,TRUE,FALSE,PRIOR_ART_COLLISION
Q-REPAIR-072,Chemical process systems,TRUE,CAND-0211,TRUE,TRUE,TRUE,NONE
Q-REPAIR-072,Chemical process systems,TRUE,CAND-0212,TRUE,TRUE,FALSE,PRIOR_ART_COLLISION
Q-REPAIR-073,Chemical process systems,TRUE,CAND-0213,TRUE,FALSE,FALSE,SYNTAX_PARSE_ERROR
Q-REPAIR-073,Chemical process systems,TRUE,CAND-0214,TRUE,TRUE,TRUE,NONE
Q-REPAIR-073,Chemical process systems,TRUE,CAND-0215,TRUE,FALSE,FALSE,SYNTAX_PARSE_ERROR
Q-REPAIR-074,Chemical process systems,TRUE,CAND-0216,TRUE,FALSE,FALSE,HARD_CONSTRAINT_VIOLATION_TIMEOUT
Q-REPAIR-074,Chemical process systems,TRUE,CAND-0217,TRUE,TRUE,FALSE,PRIOR_ART_COLLISION
Q-REPAIR-074,Chemical process systems,TRUE,CAND-0218,TRUE,FALSE,FALSE,SYNTAX_PARSE_ERROR
Q-REPAIR-074,Chemical process systems,TRUE,CAND-0219,TRUE,FALSE,FALSE,SYNTAX_PARSE_ERROR
Q-REPAIR-075,Systems architecture,TRUE,CAND-0220,TRUE,TRUE,FALSE,PRIOR_ART_COLLISION
Q-REPAIR-075,Systems architecture,TRUE,CAND-0221,TRUE,FALSE,FALSE,SEMANTIC_INVARIANT_DRIFT
Q-REPAIR-075,Systems architecture,TRUE,CAND-0222,TRUE,FALSE,FALSE,SYNTAX_PARSE_ERROR
Q-REPAIR-076,Mechanical systems,TRUE,CAND-0223,TRUE,TRUE,TRUE,NONE
Q-REPAIR-076,Mechanical systems,TRUE,CAND-0224,TRUE,FALSE,FALSE,SYNTAX_PARSE_ERROR
Q-REPAIR-076,Mechanical systems,TRUE,CAND-0225,TRUE,FALSE,FALSE,HARD_CONSTRAINT_VIOLATION_TIMEOUT
Q-REPAIR-077,Systems architecture,TRUE,CAND-0226,TRUE,FALSE,FALSE,HARD_CONSTRAINT_VIOLATION_TIMEOUT
Q-REPAIR-077,Systems architecture,TRUE,CAND-0227,TRUE,FALSE,FALSE,SYNTAX_PARSE_ERROR
Q-REPAIR-077,Systems architecture,TRUE,CAND-0228,TRUE,TRUE,TRUE,NONE
Q-REPAIR-077,Systems architecture,TRUE,CAND-0229,TRUE,FALSE,FALSE,SYNTAX_PARSE_ERROR
Q-REPAIR-078,Systems architecture,TRUE,CAND-0230,TRUE,FALSE,FALSE,HARD_CONSTRAINT_VIOLATION_TIMEOUT
Q-REPAIR-078,Systems architecture,TRUE,CAND-0231,TRUE,FALSE,FALSE,SYNTAX_PARSE_ERROR
Q-REPAIR-079,Chemical process systems,TRUE,CAND-0232,TRUE,TRUE,TRUE,NONE
Q-REPAIR-079,Chemical process systems,TRUE,CAND-0233,TRUE,FALSE,FALSE,HARD_CONSTRAINT_VIOLATION_TIMEOUT
Q-REPAIR-079,Chemical process systems,TRUE,CAND-0234,TRUE,TRUE,FALSE,PRIOR_ART_COLLISION
Q-REPAIR-080,Chemical process systems,TRUE,CAND-0235,TRUE,TRUE,TRUE,NONE
Q-REPAIR-080,Chemical process systems,TRUE,CAND-0236,TRUE,TRUE,FALSE,PRIOR_ART_COLLISION
Q-REPAIR-080,Chemical process systems,TRUE,CAND-0237,TRUE,FALSE,FALSE,SEMANTIC_INVARIANT_DRIFT
Q-REPAIR-081,Mechanical systems,TRUE,CAND-0238,TRUE,TRUE,FALSE,PRIOR_ART_COLLISION
Q-REPAIR-081,Mechanical systems,TRUE,CAND-0239,TRUE,TRUE,TRUE,NONE
Q-REPAIR-081,Mechanical systems,TRUE,CAND-0240,TRUE,FALSE,FALSE,SEMANTIC_INVARIANT_DRIFT
Q-REPAIR-082,Systems architecture,TRUE,CAND-0241,TRUE,TRUE,TRUE,NONE
Q-REPAIR-082,Systems architecture,TRUE,CAND-0242,TRUE,FALSE,FALSE,HARD_CONSTRAINT_VIOLATION_TIMEOUT
Q-REPAIR-082,Systems architecture,TRUE,CAND-0243,TRUE,TRUE,FALSE,PRIOR_ART_COLLISION
Q-REPAIR-083,Mechanical systems,TRUE,CAND-0244,TRUE,FALSE,FALSE,SEMANTIC_INVARIANT_DRIFT
Q-REPAIR-083,Mechanical systems,TRUE,CAND-0245,TRUE,TRUE,FALSE,PRIOR_ART_COLLISION
Q-REPAIR-083,Mechanical systems,TRUE,CAND-0246,TRUE,FALSE,FALSE,SYNTAX_PARSE_ERROR
Q-REPAIR-083,Mechanical systems,TRUE,CAND-0247,TRUE,TRUE,FALSE,PRIOR_ART_COLLISION
Q-REPAIR-084,Chemical process systems,TRUE,CAND-0248,TRUE,TRUE,FALSE,PRIOR_ART_COLLISION
Q-REPAIR-084,Chemical process systems,TRUE,CAND-0249,TRUE,FALSE,FALSE,SYNTAX_PARSE_ERROR
Q-REPAIR-085,Chemical process systems,TRUE,CAND-0250,TRUE,TRUE,TRUE,NONE
Q-REPAIR-085,Chemical process systems,TRUE,CAND-0251,TRUE,FALSE,FALSE,SEMANTIC_INVARIANT_DRIFT
Q-REPAIR-085,Chemical process systems,TRUE,CAND-0252,TRUE,TRUE,TRUE,NONE
Q-REPAIR-085,Chemical process systems,TRUE,CAND-0253,TRUE,TRUE,FALSE,PRIOR_ART_COLLISION
Q-REPAIR-086,Chemical process systems,TRUE,CAND-0254,TRUE,TRUE,TRUE,NONE
Q-REPAIR-086,Chemical process systems,TRUE,CAND-0255,TRUE,TRUE,FALSE,PRIOR_ART_COLLISION
Q-REPAIR-087,Mechanical systems,TRUE,CAND-0256,TRUE,FALSE,FALSE,HARD_CONSTRAINT_VIOLATION_TIMEOUT
Q-REPAIR-087,Mechanical systems,TRUE,CAND-0257,TRUE,TRUE,TRUE,NONE
Q-REPAIR-087,Mechanical systems,TRUE,CAND-0258,TRUE,FALSE,FALSE,SYNTAX_PARSE_ERROR
Q-REPAIR-087,Mechanical systems,TRUE,CAND-0259,TRUE,FALSE,FALSE,SYNTAX_PARSE_ERROR
Q-REPAIR-088,Mechanical systems,TRUE,CAND-0260,TRUE,FALSE,FALSE,HARD_CONSTRAINT_VIOLATION_TIMEOUT
Q-REPAIR-088,Mechanical systems,TRUE,CAND-0261,TRUE,FALSE,FALSE,HARD_CONSTRAINT_VIOLATION_TIMEOUT
Q-REPAIR-088,Mechanical systems,TRUE,CAND-0262,TRUE,FALSE,FALSE,SEMANTIC_INVARIANT_DRIFT
Q-REPAIR-089,Systems architecture,TRUE,CAND-0263,TRUE,FALSE,FALSE,SYNTAX_PARSE_ERROR
Q-REPAIR-089,Systems architecture,TRUE,CAND-0264,TRUE,FALSE,FALSE,SEMANTIC_INVARIANT_DRIFT
Q-REPAIR-090,Mechanical systems,TRUE,CAND-0265,TRUE,TRUE,FALSE,PRIOR_ART_COLLISION
Q-REPAIR-090,Mechanical systems,TRUE,CAND-0266,TRUE,FALSE,FALSE,SYNTAX_PARSE_ERROR
Q-REPAIR-090,Mechanical systems,TRUE,CAND-0267,TRUE,TRUE,FALSE,PRIOR_ART_COLLISION
Q-REPAIR-091,Chemical process systems,TRUE,CAND-0268,TRUE,TRUE,TRUE,NONE
Q-REPAIR-091,Chemical process systems,TRUE,CAND-0269,TRUE,TRUE,TRUE,NONE
Q-REPAIR-091,Chemical process systems,TRUE,CAND-0270,TRUE,TRUE,TRUE,NONE
Q-REPAIR-092,Chemical process systems,TRUE,CAND-0271,TRUE,TRUE,FALSE,PRIOR_ART_COLLISION
Q-REPAIR-092,Chemical process systems,TRUE,CAND-0272,TRUE,TRUE,TRUE,NONE
Q-REPAIR-093,Chemical process systems,TRUE,CAND-0273,TRUE,TRUE,FALSE,PRIOR_ART_COLLISION
Q-REPAIR-093,Chemical process systems,TRUE,CAND-0274,TRUE,FALSE,FALSE,HARD_CONSTRAINT_VIOLATION_TIMEOUT
Q-REPAIR-093,Chemical process systems,TRUE,CAND-0275,TRUE,FALSE,FALSE,HARD_CONSTRAINT_VIOLATION_TIMEOUT
Q-REPAIR-093,Chemical process systems,TRUE,CAND-0276,TRUE,TRUE,FALSE,PRIOR_ART_COLLISION
Q-REPAIR-094,Mechanical systems,TRUE,CAND-0277,TRUE,TRUE,TRUE,NONE
Q-REPAIR-094,Mechanical systems,TRUE,CAND-0278,TRUE,FALSE,FALSE,HARD_CONSTRAINT_VIOLATION_TIMEOUT
Q-REPAIR-095,Chemical process systems,TRUE,CAND-0279,TRUE,TRUE,FALSE,PRIOR_ART_COLLISION
Q-REPAIR-095,Chemical process systems,TRUE,CAND-0280,TRUE,TRUE,TRUE,NONE
Q-REPAIR-095,Chemical process systems,TRUE,CAND-0281,TRUE,FALSE,FALSE,SYNTAX_PARSE_ERROR
Q-REPAIR-095,Chemical process systems,TRUE,CAND-0282,TRUE,FALSE,FALSE,SEMANTIC_INVARIANT_DRIFT
Q-REPAIR-096,Chemical process systems,TRUE,CAND-0283,TRUE,TRUE,TRUE,NONE
Q-REPAIR-096,Chemical process systems,TRUE,CAND-0284,TRUE,TRUE,FALSE,PRIOR_ART_COLLISION
Q-REPAIR-097,Systems architecture,TRUE,CAND-0285,TRUE,FALSE,FALSE,HARD_CONSTRAINT_VIOLATION_TIMEOUT
Q-REPAIR-097,Systems architecture,TRUE,CAND-0286,TRUE,FALSE,FALSE,SEMANTIC_INVARIANT_DRIFT
Q-REPAIR-097,Systems architecture,TRUE,CAND-0287,TRUE,FALSE,FALSE,HARD_CONSTRAINT_VIOLATION_TIMEOUT
Q-REPAIR-098,Chemical process systems,TRUE,CAND-0288,TRUE,TRUE,FALSE,PRIOR_ART_COLLISION
Q-REPAIR-098,Chemical process systems,TRUE,CAND-0289,TRUE,TRUE,TRUE,NONE
Q-REPAIR-098,Chemical process systems,TRUE,CAND-0290,TRUE,TRUE,FALSE,PRIOR_ART_COLLISION
Q-REPAIR-098,Chemical process systems,TRUE,CAND-0291,TRUE,TRUE,FALSE,PRIOR_ART_COLLISION
Q-REPAIR-099,Chemical process systems,TRUE,CAND-0292,TRUE,FALSE,FALSE,SYNTAX_PARSE_ERROR
Q-REPAIR-099,Chemical process systems,TRUE,CAND-0293,TRUE,FALSE,FALSE,HARD_CONSTRAINT_VIOLATION_TIMEOUT
Q-REPAIR-099,Chemical process systems,TRUE,CAND-0294,TRUE,FALSE,FALSE,SYNTAX_PARSE_ERROR
Q-REPAIR-099,Chemical process systems,TRUE,CAND-0295,TRUE,TRUE,FALSE,PRIOR_ART_COLLISION
Q-REPAIR-100,Mechanical systems,TRUE,CAND-0296,TRUE,FALSE,FALSE,SEMANTIC_INVARIANT_DRIFT
Q-REPAIR-100,Mechanical systems,TRUE,CAND-0297,TRUE,FALSE,FALSE,SEMANTIC_INVARIANT_DRIFT
Q-REPAIR-100,Mechanical systems,TRUE,CAND-0298,TRUE,FALSE,FALSE,HARD_CONSTRAINT_VIOLATION_TIMEOUT
Q-REPAIR-100,Mechanical systems,TRUE,CAND-0299,TRUE,TRUE,FALSE,PRIOR_ART_COLLISION
Q-REPAIR-101,Chemical process systems,TRUE,CAND-0300,TRUE,FALSE,FALSE,HARD_CONSTRAINT_VIOLATION_TIMEOUT
Q-REPAIR-101,Chemical process systems,TRUE,CAND-0301,TRUE,TRUE,TRUE,NONE
Q-REPAIR-101,Chemical process systems,TRUE,CAND-0302,TRUE,FALSE,FALSE,SYNTAX_PARSE_ERROR
Q-REPAIR-102,Chemical process systems,TRUE,CAND-0303,TRUE,TRUE,FALSE,PRIOR_ART_COLLISION
Q-REPAIR-102,Chemical process systems,TRUE,CAND-0304,TRUE,TRUE,TRUE,NONE
Q-REPAIR-102,Chemical process systems,TRUE,CAND-0305,TRUE,TRUE,TRUE,NONE
Q-REPAIR-102,Chemical process systems,TRUE,CAND-0306,TRUE,FALSE,FALSE,SEMANTIC_INVARIANT_DRIFT
Q-REPAIR-103,Mechanical systems,TRUE,CAND-0307,TRUE,TRUE,FALSE,PRIOR_ART_COLLISION
Q-REPAIR-103,Mechanical systems,TRUE,CAND-0308,TRUE,FALSE,FALSE,SEMANTIC_INVARIANT_DRIFT
Q-REPAIR-103,Mechanical systems,TRUE,CAND-0309,TRUE,FALSE,FALSE,SEMANTIC_INVARIANT_DRIFT
Q-REPAIR-103,Mechanical systems,TRUE,CAND-0310,TRUE,FALSE,FALSE,HARD_CONSTRAINT_VIOLATION_TIMEOUT
Q-REPAIR-104,Chemical process systems,TRUE,CAND-0311,TRUE,FALSE,FALSE,SEMANTIC_INVARIANT_DRIFT
Q-REPAIR-104,Chemical process systems,TRUE,CAND-0312,TRUE,FALSE,FALSE,SEMANTIC_INVARIANT_DRIFT
Q-REPAIR-104,Chemical process systems,TRUE,CAND-0313,TRUE,FALSE,FALSE,HARD_CONSTRAINT_VIOLATION_TIMEOUT
Q-REPAIR-105,Systems architecture,TRUE,CAND-0314,TRUE,FALSE,FALSE,SEMANTIC_INVARIANT_DRIFT
Q-REPAIR-105,Systems architecture,TRUE,CAND-0315,TRUE,TRUE,TRUE,NONE
Q-REPAIR-106,Systems architecture,TRUE,CAND-0316,TRUE,TRUE,FALSE,PRIOR_ART_COLLISION
Q-REPAIR-106,Systems architecture,TRUE,CAND-0317,TRUE,FALSE,FALSE,SEMANTIC_INVARIANT_DRIFT
Q-REPAIR-106,Systems architecture,TRUE,CAND-0318,TRUE,TRUE,TRUE,NONE
Q-REPAIR-106,Systems architecture,TRUE,CAND-0319,TRUE,TRUE,FALSE,PRIOR_ART_COLLISION
Q-REPAIR-107,Mechanical systems,TRUE,CAND-0320,TRUE,FALSE,FALSE,SYNTAX_PARSE_ERROR
Q-REPAIR-107,Mechanical systems,TRUE,CAND-0321,TRUE,TRUE,TRUE,NONE
Q-REPAIR-107,Mechanical systems,TRUE,CAND-0322,TRUE,TRUE,FALSE,PRIOR_ART_COLLISION
Q-REPAIR-108,Systems architecture,TRUE,CAND-0323,TRUE,TRUE,TRUE,NONE
Q-REPAIR-108,Systems architecture,TRUE,CAND-0324,TRUE,TRUE,FALSE,PRIOR_ART_COLLISION
Q-REPAIR-108,Systems architecture,TRUE,CAND-0325,TRUE,TRUE,FALSE,PRIOR_ART_COLLISION
Q-REPAIR-108,Systems architecture,TRUE,CAND-0326,TRUE,TRUE,FALSE,PRIOR_ART_COLLISION
Q-REPAIR-109,Mechanical systems,TRUE,CAND-0327,TRUE,FALSE,FALSE,SYNTAX_PARSE_ERROR
Q-REPAIR-109,Mechanical systems,TRUE,CAND-0328,TRUE,FALSE,FALSE,HARD_CONSTRAINT_VIOLATION_TIMEOUT
Q-REPAIR-109,Mechanical systems,TRUE,CAND-0329,TRUE,FALSE,FALSE,SYNTAX_PARSE_ERROR
Q-REPAIR-109,Mechanical systems,TRUE,CAND-0330,TRUE,TRUE,TRUE,NONE
Q-REPAIR-110,Mechanical systems,TRUE,CAND-0331,TRUE,FALSE,FALSE,HARD_CONSTRAINT_VIOLATION_TIMEOUT
Q-REPAIR-110,Mechanical systems,TRUE,CAND-0332,TRUE,FALSE,FALSE,SEMANTIC_INVARIANT_DRIFT
Q-REPAIR-111,Mechanical systems,TRUE,CAND-0333,TRUE,FALSE,FALSE,SEMANTIC_INVARIANT_DRIFT
Q-REPAIR-111,Mechanical systems,TRUE,CAND-0334,TRUE,FALSE,FALSE,HARD_CONSTRAINT_VIOLATION_TIMEOUT
Q-REPAIR-111,Mechanical systems,TRUE,CAND-0335,TRUE,TRUE,FALSE,PRIOR_ART_COLLISION
Q-REPAIR-111,Mechanical systems,TRUE,CAND-0336,TRUE,FALSE,FALSE,HARD_CONSTRAINT_VIOLATION_TIMEOUT
Q-REPAIR-112,Chemical process systems,TRUE,CAND-0337,TRUE,FALSE,FALSE,SEMANTIC_INVARIANT_DRIFT
Q-REPAIR-112,Chemical process systems,TRUE,CAND-0338,TRUE,TRUE,TRUE,NONE
Q-REPAIR-112,Chemical process systems,TRUE,CAND-0339,TRUE,TRUE,FALSE,PRIOR_ART_COLLISION
Q-REPAIR-113,Mechanical systems,TRUE,CAND-0340,TRUE,FALSE,FALSE,HARD_CONSTRAINT_VIOLATION_TIMEOUT
Q-REPAIR-113,Mechanical systems,TRUE,CAND-0341,TRUE,FALSE,FALSE,SYNTAX_PARSE_ERROR
Q-REPAIR-113,Mechanical systems,TRUE,CAND-0342,TRUE,FALSE,FALSE,SEMANTIC_INVARIANT_DRIFT
Q-REPAIR-114,Mechanical systems,TRUE,CAND-0343,TRUE,FALSE,FALSE,SEMANTIC_INVARIANT_DRIFT
Q-REPAIR-114,Mechanical systems,TRUE,CAND-0344,TRUE,TRUE,TRUE,NONE
Q-REPAIR-115,Chemical process systems,TRUE,CAND-0345,TRUE,FALSE,FALSE,HARD_CONSTRAINT_VIOLATION_TIMEOUT
Q-REPAIR-115,Chemical process systems,TRUE,CAND-0346,TRUE,FALSE,FALSE,SEMANTIC_INVARIANT_DRIFT
Q-REPAIR-116,Chemical process systems,TRUE,CAND-0347,TRUE,TRUE,TRUE,NONE
Q-REPAIR-116,Chemical process systems,TRUE,CAND-0348,TRUE,FALSE,FALSE,HARD_CONSTRAINT_VIOLATION_TIMEOUT
Q-REPAIR-116,Chemical process systems,TRUE,CAND-0349,TRUE,FALSE,FALSE,HARD_CONSTRAINT_VIOLATION_TIMEOUT
Q-REPAIR-117,Systems architecture,TRUE,CAND-0350,TRUE,FALSE,FALSE,HARD_CONSTRAINT_VIOLATION_TIMEOUT
Q-REPAIR-117,Systems architecture,TRUE,CAND-0351,TRUE,FALSE,FALSE,HARD_CONSTRAINT_VIOLATION_TIMEOUT
Q-REPAIR-118,Systems architecture,TRUE,CAND-0352,TRUE,FALSE,FALSE,SEMANTIC_INVARIANT_DRIFT
Q-REPAIR-118,Systems architecture,TRUE,CAND-0353,TRUE,FALSE,FALSE,SYNTAX_PARSE_ERROR
Q-REPAIR-119,Chemical process systems,TRUE,CAND-0354,TRUE,FALSE,FALSE,HARD_CONSTRAINT_VIOLATION_TIMEOUT
Q-REPAIR-119,Chemical process systems,TRUE,CAND-0355,TRUE,TRUE,TRUE,NONE
Q-REPAIR-119,Chemical process systems,TRUE,CAND-0356,TRUE,FALSE,FALSE,SEMANTIC_INVARIANT_DRIFT
Q-REPAIR-120,Chemical process systems,TRUE,CAND-0357,TRUE,FALSE,FALSE,SYNTAX_PARSE_ERROR
Q-REPAIR-120,Chemical process systems,TRUE,CAND-0358,TRUE,TRUE,TRUE,NONE
Q-REPAIR-120,Chemical process systems,TRUE,CAND-0359,TRUE,TRUE,TRUE,NONE
Q-REPAIR-121,Chemical process systems,TRUE,CAND-0360,TRUE,FALSE,FALSE,HARD_CONSTRAINT_VIOLATION_TIMEOUT
Q-REPAIR-121,Chemical process systems,TRUE,CAND-0361,TRUE,FALSE,FALSE,HARD_CONSTRAINT_VIOLATION_TIMEOUT
Q-REPAIR-122,Chemical process systems,TRUE,CAND-0362,TRUE,FALSE,FALSE,SEMANTIC_INVARIANT_DRIFT
Q-REPAIR-122,Chemical process systems,TRUE,CAND-0363,TRUE,TRUE,TRUE,NONE
Q-REPAIR-122,Chemical process systems,TRUE,CAND-0364,TRUE,TRUE,TRUE,NONE
Q-REPAIR-123,Chemical process systems,TRUE,CAND-0365,TRUE,FALSE,FALSE,SYNTAX_PARSE_ERROR
Q-REPAIR-123,Chemical process systems,TRUE,CAND-0366,TRUE,TRUE,FALSE,PRIOR_ART_COLLISION
Q-REPAIR-123,Chemical process systems,TRUE,CAND-0367,TRUE,TRUE,TRUE,NONE
Q-REPAIR-124,Systems architecture,TRUE,CAND-0368,TRUE,FALSE,FALSE,SYNTAX_PARSE_ERROR
Q-REPAIR-124,Systems architecture,TRUE,CAND-0369,TRUE,TRUE,FALSE,PRIOR_ART_COLLISION
Q-REPAIR-124,Systems architecture,TRUE,CAND-0370,TRUE,TRUE,FALSE,PRIOR_ART_COLLISION
Q-REPAIR-125,Systems architecture,TRUE,CAND-0371,TRUE,TRUE,FALSE,PRIOR_ART_COLLISION
Q-REPAIR-125,Systems architecture,TRUE,CAND-0372,TRUE,FALSE,FALSE,SYNTAX_PARSE_ERROR
Q-REPAIR-125,Systems architecture,TRUE,CAND-0373,TRUE,TRUE,FALSE,PRIOR_ART_COLLISION
Q-REPAIR-126,Chemical process systems,TRUE,CAND-0374,TRUE,TRUE,TRUE,NONE
Q-REPAIR-126,Chemical process systems,TRUE,CAND-0375,TRUE,TRUE,TRUE,NONE
Q-REPAIR-126,Chemical process systems,TRUE,CAND-0376,TRUE,FALSE,FALSE,SYNTAX_PARSE_ERROR
Q-REPAIR-127,Systems architecture,TRUE,CAND-0377,TRUE,TRUE,TRUE,NONE
Q-REPAIR-127,Systems architecture,TRUE,CAND-0378,TRUE,FALSE,FALSE,HARD_CONSTRAINT_VIOLATION_TIMEOUT
Q-REPAIR-127,Systems architecture,TRUE,CAND-0379,TRUE,FALSE,FALSE,SEMANTIC_INVARIANT_DRIFT
Q-REPAIR-127,Systems architecture,TRUE,CAND-0380,TRUE,TRUE,TRUE,NONE
Q-REPAIR-128,Systems architecture,TRUE,CAND-0381,TRUE,FALSE,FALSE,SEMANTIC_INVARIANT_DRIFT
Q-REPAIR-128,Systems architecture,TRUE,CAND-0382,TRUE,TRUE,FALSE,PRIOR_ART_COLLISION
Q-REPAIR-129,Systems architecture,TRUE,CAND-0383,TRUE,FALSE,FALSE,SYNTAX_PARSE_ERROR
Q-REPAIR-129,Systems architecture,TRUE,CAND-0384,TRUE,FALSE,FALSE,HARD_CONSTRAINT_VIOLATION_TIMEOUT
Q-REPAIR-130,Chemical process systems,TRUE,CAND-0385,TRUE,FALSE,FALSE,SEMANTIC_INVARIANT_DRIFT
Q-REPAIR-130,Chemical process systems,TRUE,CAND-0386,TRUE,FALSE,FALSE,HARD_CONSTRAINT_VIOLATION_TIMEOUT
Q-REPAIR-130,Chemical process systems,TRUE,CAND-0387,TRUE,TRUE,TRUE,NONE
Q-REPAIR-131,Mechanical systems,TRUE,CAND-0388,TRUE,TRUE,FALSE,PRIOR_ART_COLLISION
Q-REPAIR-131,Mechanical systems,TRUE,CAND-0389,TRUE,FALSE,FALSE,SYNTAX_PARSE_ERROR
Q-REPAIR-131,Mechanical systems,TRUE,CAND-0390,TRUE,TRUE,FALSE,PRIOR_ART_COLLISION
Q-REPAIR-131,Mechanical systems,TRUE,CAND-0391,TRUE,TRUE,FALSE,PRIOR_ART_COLLISION
Q-REPAIR-132,Chemical process systems,TRUE,CAND-0392,TRUE,FALSE,FALSE,SYNTAX_PARSE_ERROR
Q-REPAIR-132,Chemical process systems,TRUE,CAND-0393,TRUE,FALSE,FALSE,HARD_CONSTRAINT_VIOLATION_TIMEOUT
Q-REPAIR-132,Chemical process systems,TRUE,CAND-0394,TRUE,TRUE,FALSE,PRIOR_ART_COLLISION
Q-REPAIR-132,Chemical process systems,TRUE,CAND-0395,TRUE,TRUE,FALSE,PRIOR_ART_COLLISION
Q-REPAIR-133,Systems architecture,TRUE,CAND-0396,TRUE,TRUE,TRUE,NONE
Q-REPAIR-133,Systems architecture,TRUE,CAND-0397,TRUE,TRUE,FALSE,PRIOR_ART_COLLISION
Q-REPAIR-134,Systems architecture,TRUE,CAND-0398,TRUE,FALSE,FALSE,SEMANTIC_INVARIANT_DRIFT
Q-REPAIR-134,Systems architecture,TRUE,CAND-0399,TRUE,TRUE,FALSE,PRIOR_ART_COLLISION
Q-REPAIR-134,Systems architecture,TRUE,CAND-0400,TRUE,TRUE,FALSE,PRIOR_ART_COLLISION
Q-REPAIR-135,Mechanical systems,TRUE,CAND-0401,TRUE,TRUE,FALSE,PRIOR_ART_COLLISION
Q-REPAIR-135,Mechanical systems,TRUE,CAND-0402,TRUE,TRUE,FALSE,PRIOR_ART_COLLISION
Q-REPAIR-135,Mechanical systems,TRUE,CAND-0403,TRUE,FALSE,FALSE,HARD_CONSTRAINT_VIOLATION_TIMEOUT
Q-REPAIR-136,Systems architecture,TRUE,CAND-0404,TRUE,FALSE,FALSE,HARD_CONSTRAINT_VIOLATION_TIMEOUT
Q-REPAIR-136,Systems architecture,TRUE,CAND-0405,TRUE,TRUE,FALSE,PRIOR_ART_COLLISION
Q-REPAIR-136,Systems architecture,TRUE,CAND-0406,TRUE,FALSE,FALSE,HARD_CONSTRAINT_VIOLATION_TIMEOUT
Q-REPAIR-137,Mechanical systems,TRUE,CAND-0407,TRUE,FALSE,FALSE,SEMANTIC_INVARIANT_DRIFT
Q-REPAIR-137,Mechanical systems,TRUE,CAND-0408,TRUE,FALSE,FALSE,HARD_CONSTRAINT_VIOLATION_TIMEOUT
Q-REPAIR-138,Systems architecture,TRUE,CAND-0409,TRUE,FALSE,FALSE,SEMANTIC_INVARIANT_DRIFT
Q-REPAIR-138,Systems architecture,TRUE,CAND-0410,TRUE,TRUE,FALSE,PRIOR_ART_COLLISION
Q-REPAIR-138,Systems architecture,TRUE,CAND-0411,TRUE,FALSE,FALSE,HARD_CONSTRAINT_VIOLATION_TIMEOUT
Q-REPAIR-138,Systems architecture,TRUE,CAND-0412,TRUE,TRUE,TRUE,NONE
Q-REPAIR-139,Systems architecture,TRUE,CAND-0413,TRUE,FALSE,FALSE,SYNTAX_PARSE_ERROR
Q-REPAIR-139,Systems architecture,TRUE,CAND-0414,TRUE,TRUE,FALSE,PRIOR_ART_COLLISION
Q-REPAIR-139,Systems architecture,TRUE,CAND-0415,TRUE,FALSE,FALSE,HARD_CONSTRAINT_VIOLATION_TIMEOUT
Q-REPAIR-139,Systems architecture,TRUE,CAND-0416,TRUE,TRUE,TRUE,NONE
Q-REPAIR-140,Chemical process systems,TRUE,CAND-0417,TRUE,TRUE,TRUE,NONE
Q-REPAIR-140,Chemical process systems,TRUE,CAND-0418,TRUE,TRUE,FALSE,PRIOR_ART_COLLISION
Q-REPAIR-140,Chemical process systems,TRUE,CAND-0419,TRUE,TRUE,TRUE,NONE
Q-REPAIR-141,Mechanical systems,TRUE,CAND-0420,TRUE,TRUE,FALSE,PRIOR_ART_COLLISION
Q-REPAIR-141,Mechanical systems,TRUE,CAND-0421,TRUE,TRUE,FALSE,PRIOR_ART_COLLISION
Q-REPAIR-141,Mechanical systems,TRUE,CAND-0422,TRUE,TRUE,TRUE,NONE
Q-REPAIR-141,Mechanical systems,TRUE,CAND-0423,TRUE,TRUE,TRUE,NONE
Q-REPAIR-142,Mechanical systems,TRUE,CAND-0424,TRUE,TRUE,TRUE,NONE
Q-REPAIR-142,Mechanical systems,TRUE,CAND-0425,TRUE,FALSE,FALSE,SEMANTIC_INVARIANT_DRIFT
Q-REPAIR-142,Mechanical systems,TRUE,CAND-0426,TRUE,FALSE,FALSE,HARD_CONSTRAINT_VIOLATION_TIMEOUT
Q-REPAIR-142,Mechanical systems,TRUE,CAND-0427,TRUE,TRUE,TRUE,NONE
Q-REPAIR-143,Mechanical systems,TRUE,CAND-0428,TRUE,FALSE,FALSE,SEMANTIC_INVARIANT_DRIFT
Q-REPAIR-143,Mechanical systems,TRUE,CAND-0429,TRUE,FALSE,FALSE,SYNTAX_PARSE_ERROR
Q-REPAIR-144,Systems architecture,TRUE,CAND-0430,TRUE,FALSE,FALSE,SEMANTIC_INVARIANT_DRIFT
Q-REPAIR-144,Systems architecture,TRUE,CAND-0431,TRUE,TRUE,FALSE,PRIOR_ART_COLLISION
Q-REPAIR-144,Systems architecture,TRUE,CAND-0432,TRUE,FALSE,FALSE,SEMANTIC_INVARIANT_DRIFT
Q-REPAIR-145,Mechanical systems,TRUE,CAND-0433,TRUE,FALSE,FALSE,HARD_CONSTRAINT_VIOLATION_TIMEOUT
Q-REPAIR-145,Mechanical systems,TRUE,CAND-0434,TRUE,FALSE,FALSE,HARD_CONSTRAINT_VIOLATION_TIMEOUT
Q-REPAIR-145,Mechanical systems,TRUE,CAND-0435,TRUE,TRUE,TRUE,NONE
Q-REPAIR-146,Chemical process systems,TRUE,CAND-0436,TRUE,FALSE,FALSE,HARD_CONSTRAINT_VIOLATION_TIMEOUT
Q-REPAIR-146,Chemical process systems,TRUE,CAND-0437,TRUE,TRUE,TRUE,NONE
Q-REPAIR-146,Chemical process systems,TRUE,CAND-0438,TRUE,FALSE,FALSE,HARD_CONSTRAINT_VIOLATION_TIMEOUT
Q-REPAIR-147,Chemical process systems,TRUE,CAND-0439,TRUE,FALSE,FALSE,HARD_CONSTRAINT_VIOLATION_TIMEOUT
Q-REPAIR-147,Chemical process systems,TRUE,CAND-0440,TRUE,TRUE,TRUE,NONE
Q-REPAIR-147,Chemical process systems,TRUE,CAND-0441,TRUE,TRUE,TRUE,NONE
Q-REPAIR-147,Chemical process systems,TRUE,CAND-0442,TRUE,TRUE,FALSE,PRIOR_ART_COLLISION
Q-REPAIR-148,Chemical process systems,TRUE,CAND-0443,TRUE,TRUE,FALSE,PRIOR_ART_COLLISION
Q-REPAIR-148,Chemical process systems,TRUE,CAND-0444,TRUE,TRUE,TRUE,NONE
Q-REPAIR-148,Chemical process systems,TRUE,CAND-0445,TRUE,FALSE,FALSE,SYNTAX_PARSE_ERROR
Q-REPAIR-149,Systems architecture,TRUE,CAND-0446,TRUE,TRUE,TRUE,NONE
Q-REPAIR-149,Systems architecture,TRUE,CAND-0447,TRUE,TRUE,TRUE,NONE
Q-REPAIR-150,Mechanical systems,TRUE,CAND-0448,TRUE,FALSE,FALSE,SEMANTIC_INVARIANT_DRIFT
Q-REPAIR-150,Mechanical systems,TRUE,CAND-0449,TRUE,TRUE,TRUE,NONE
Q-REPAIR-150,Mechanical systems,TRUE,CAND-0450,TRUE,TRUE,TRUE,NONE
Q-REPAIR-151,Chemical process systems,TRUE,CAND-0451,TRUE,TRUE,FALSE,PRIOR_ART_COLLISION
Q-REPAIR-151,Chemical process systems,TRUE,CAND-0452,TRUE,FALSE,FALSE,HARD_CONSTRAINT_VIOLATION_TIMEOUT
Q-REPAIR-151,Chemical process systems,TRUE,CAND-0453,TRUE,FALSE,FALSE,SYNTAX_PARSE_ERROR
Q-REPAIR-151,Chemical process systems,TRUE,CAND-0454,TRUE,TRUE,TRUE,NONE
Q-REPAIR-152,Systems architecture,TRUE,CAND-0455,TRUE,TRUE,TRUE,NONE
Q-REPAIR-152,Systems architecture,TRUE,CAND-0456,TRUE,FALSE,FALSE,SEMANTIC_INVARIANT_DRIFT
Q-REPAIR-152,Systems architecture,TRUE,CAND-0457,TRUE,TRUE,TRUE,NONE
Q-REPAIR-153,Systems architecture,TRUE,CAND-0458,TRUE,FALSE,FALSE,SEMANTIC_INVARIANT_DRIFT
Q-REPAIR-153,Systems architecture,TRUE,CAND-0459,TRUE,FALSE,FALSE,HARD_CONSTRAINT_VIOLATION_TIMEOUT
Q-REPAIR-153,Systems architecture,TRUE,CAND-0460,TRUE,FALSE,FALSE,SYNTAX_PARSE_ERROR
Q-REPAIR-154,Systems architecture,TRUE,CAND-0461,TRUE,TRUE,FALSE,PRIOR_ART_COLLISION
Q-REPAIR-154,Systems architecture,TRUE,CAND-0462,TRUE,FALSE,FALSE,HARD_CONSTRAINT_VIOLATION_TIMEOUT
Q-REPAIR-154,Systems architecture,TRUE,CAND-0463,TRUE,FALSE,FALSE,HARD_CONSTRAINT_VIOLATION_TIMEOUT
Q-REPAIR-155,Chemical process systems,TRUE,CAND-0464,TRUE,TRUE,FALSE,PRIOR_ART_COLLISION
Q-REPAIR-155,Chemical process systems,TRUE,CAND-0465,TRUE,FALSE,FALSE,SYNTAX_PARSE_ERROR
Q-REPAIR-155,Chemical process systems,TRUE,CAND-0466,TRUE,FALSE,FALSE,SEMANTIC_INVARIANT_DRIFT
Q-REPAIR-155,Chemical process systems,TRUE,CAND-0467,TRUE,FALSE,FALSE,SYNTAX_PARSE_ERROR
Q-REPAIR-156,Systems architecture,TRUE,CAND-0468,TRUE,FALSE,FALSE,HARD_CONSTRAINT_VIOLATION_TIMEOUT
Q-REPAIR-156,Systems architecture,TRUE,CAND-0469,TRUE,TRUE,TRUE,NONE
Q-REPAIR-157,Chemical process systems,TRUE,CAND-0470,TRUE,FALSE,FALSE,SEMANTIC_INVARIANT_DRIFT
Q-REPAIR-157,Chemical process systems,TRUE,CAND-0471,TRUE,FALSE,FALSE,HARD_CONSTRAINT_VIOLATION_TIMEOUT
Q-REPAIR-158,Chemical process systems,TRUE,CAND-0472,TRUE,TRUE,TRUE,NONE
Q-REPAIR-158,Chemical process systems,TRUE,CAND-0473,TRUE,TRUE,FALSE,PRIOR_ART_COLLISION
Q-REPAIR-159,Chemical process systems,TRUE,CAND-0474,TRUE,FALSE,FALSE,SEMANTIC_INVARIANT_DRIFT
Q-REPAIR-159,Chemical process systems,TRUE,CAND-0475,TRUE,TRUE,TRUE,NONE
Q-REPAIR-160,Chemical process systems,TRUE,CAND-0476,TRUE,FALSE,FALSE,SEMANTIC_INVARIANT_DRIFT
Q-REPAIR-160,Chemical process systems,TRUE,CAND-0477,TRUE,FALSE,FALSE,SYNTAX_PARSE_ERROR
Q-REPAIR-160,Chemical process systems,TRUE,CAND-0478,TRUE,TRUE,FALSE,PRIOR_ART_COLLISION
Q-REPAIR-160,Chemical process systems,TRUE,CAND-0479,TRUE,FALSE,FALSE,SYNTAX_PARSE_ERROR
Q-REPAIR-161,Systems architecture,TRUE,CAND-0480,TRUE,TRUE,TRUE,NONE
Q-REPAIR-161,Systems architecture,TRUE,CAND-0481,TRUE,FALSE,FALSE,HARD_CONSTRAINT_VIOLATION_TIMEOUT
Q-REPAIR-161,Systems architecture,TRUE,CAND-0482,TRUE,TRUE,FALSE,PRIOR_ART_COLLISION
Q-REPAIR-162,Systems architecture,TRUE,CAND-0483,TRUE,TRUE,TRUE,NONE
Q-REPAIR-162,Systems architecture,TRUE,CAND-0484,TRUE,FALSE,FALSE,HARD_CONSTRAINT_VIOLATION_TIMEOUT
Q-REPAIR-162,Systems architecture,TRUE,CAND-0485,TRUE,TRUE,TRUE,NONE
Q-REPAIR-162,Systems architecture,TRUE,CAND-0486,TRUE,TRUE,TRUE,NONE
Q-REPAIR-163,Systems architecture,TRUE,CAND-0487,TRUE,TRUE,TRUE,NONE
Q-REPAIR-163,Systems architecture,TRUE,CAND-0488,TRUE,FALSE,FALSE,HARD_CONSTRAINT_VIOLATION_TIMEOUT
Q-REPAIR-163,Systems architecture,TRUE,CAND-0489,TRUE,FALSE,FALSE,HARD_CONSTRAINT_VIOLATION_TIMEOUT
Q-REPAIR-164,Mechanical systems,TRUE,CAND-0490,TRUE,TRUE,TRUE,NONE
Q-REPAIR-164,Mechanical systems,TRUE,CAND-0491,TRUE,TRUE,FALSE,PRIOR_ART_COLLISION
Q-REPAIR-165,Systems architecture,TRUE,CAND-0492,TRUE,TRUE,TRUE,NONE
Q-REPAIR-165,Systems architecture,TRUE,CAND-0493,TRUE,FALSE,FALSE,SYNTAX_PARSE_ERROR
Q-REPAIR-166,Chemical process systems,TRUE,CAND-0494,TRUE,FALSE,FALSE,HARD_CONSTRAINT_VIOLATION_TIMEOUT
Q-REPAIR-166,Chemical process systems,TRUE,CAND-0495,TRUE,TRUE,FALSE,PRIOR_ART_COLLISION
Q-REPAIR-167,Chemical process systems,TRUE,CAND-0496,TRUE,TRUE,TRUE,NONE
Q-REPAIR-167,Chemical process systems,TRUE,CAND-0497,TRUE,TRUE,TRUE,NONE
Q-REPAIR-167,Chemical process systems,TRUE,CAND-0498,TRUE,FALSE,FALSE,SEMANTIC_INVARIANT_DRIFT
Q-REPAIR-168,Chemical process systems,TRUE,CAND-0499,TRUE,TRUE,FALSE,PRIOR_ART_COLLISION
Q-REPAIR-168,Chemical process systems,TRUE,CAND-0500,TRUE,TRUE,FALSE,PRIOR_ART_COLLISION
Q-REPAIR-168,Chemical process systems,TRUE,CAND-0501,TRUE,FALSE,FALSE,SEMANTIC_INVARIANT_DRIFT
Q-REPAIR-169,Chemical process systems,TRUE,CAND-0502,TRUE,FALSE,FALSE,HARD_CONSTRAINT_VIOLATION_TIMEOUT
Q-REPAIR-169,Chemical process systems,TRUE,CAND-0503,TRUE,TRUE,FALSE,PRIOR_ART_COLLISION
Q-REPAIR-169,Chemical process systems,TRUE,CAND-0504,TRUE,FALSE,FALSE,SEMANTIC_INVARIANT_DRIFT
Q-REPAIR-170,Mechanical systems,TRUE,CAND-0505,TRUE,FALSE,FALSE,HARD_CONSTRAINT_VIOLATION_TIMEOUT
Q-REPAIR-170,Mechanical systems,TRUE,CAND-0506,TRUE,FALSE,FALSE,SEMANTIC_INVARIANT_DRIFT
Q-REPAIR-170,Mechanical systems,TRUE,CAND-0507,TRUE,TRUE,FALSE,PRIOR_ART_COLLISION
Q-REPAIR-171,Chemical process systems,TRUE,CAND-0508,TRUE,TRUE,FALSE,PRIOR_ART_COLLISION
Q-REPAIR-171,Chemical process systems,TRUE,CAND-0509,TRUE,FALSE,FALSE,HARD_CONSTRAINT_VIOLATION_TIMEOUT
Q-REPAIR-171,Chemical process systems,TRUE,CAND-0510,TRUE,FALSE,FALSE,SEMANTIC_INVARIANT_DRIFT
Q-REPAIR-171,Chemical process systems,TRUE,CAND-0511,TRUE,TRUE,FALSE,PRIOR_ART_COLLISION
Q-REPAIR-172,Systems architecture,TRUE,CAND-0512,TRUE,TRUE,TRUE,NONE
Q-REPAIR-172,Systems architecture,TRUE,CAND-0513,TRUE,FALSE,FALSE,SYNTAX_PARSE_ERROR
Q-REPAIR-173,Systems architecture,TRUE,CAND-0514,TRUE,FALSE,FALSE,HARD_CONSTRAINT_VIOLATION_TIMEOUT
Q-REPAIR-173,Systems architecture,TRUE,CAND-0515,TRUE,TRUE,TRUE,NONE
Q-REPAIR-173,Systems architecture,TRUE,CAND-0516,TRUE,FALSE,FALSE,HARD_CONSTRAINT_VIOLATION_TIMEOUT
Q-REPAIR-173,Systems architecture,TRUE,CAND-0517,TRUE,FALSE,FALSE,SYNTAX_PARSE_ERROR
Q-REPAIR-174,Mechanical systems,TRUE,CAND-0518,TRUE,TRUE,TRUE,NONE
Q-REPAIR-174,Mechanical systems,TRUE,CAND-0519,TRUE,FALSE,FALSE,SEMANTIC_INVARIANT_DRIFT
Q-REPAIR-174,Mechanical systems,TRUE,CAND-0520,TRUE,TRUE,TRUE,NONE
Q-REPAIR-174,Mechanical systems,TRUE,CAND-0521,TRUE,TRUE,TRUE,NONE
Q-REPAIR-175,Chemical process systems,TRUE,CAND-0522,TRUE,FALSE,FALSE,HARD_CONSTRAINT_VIOLATION_TIMEOUT
Q-REPAIR-175,Chemical process systems,TRUE,CAND-0523,TRUE,TRUE,FALSE,PRIOR_ART_COLLISION
Q-REPAIR-175,Chemical process systems,TRUE,CAND-0524,TRUE,FALSE,FALSE,HARD_CONSTRAINT_VIOLATION_TIMEOUT
Q-REPAIR-176,Systems architecture,TRUE,CAND-0525,TRUE,FALSE,FALSE,HARD_CONSTRAINT_VIOLATION_TIMEOUT
Q-REPAIR-176,Systems architecture,TRUE,CAND-0526,TRUE,TRUE,TRUE,NONE
Q-REPAIR-176,Systems architecture,TRUE,CAND-0527,TRUE,TRUE,FALSE,PRIOR_ART_COLLISION
Q-REPAIR-177,Chemical process systems,TRUE,CAND-0528,TRUE,TRUE,TRUE,NONE
Q-REPAIR-177,Chemical process systems,TRUE,CAND-0529,TRUE,TRUE,TRUE,NONE
Q-REPAIR-178,Systems architecture,TRUE,CAND-0530,TRUE,FALSE,FALSE,HARD_CONSTRAINT_VIOLATION_TIMEOUT
Q-REPAIR-178,Systems architecture,TRUE,CAND-0531,TRUE,TRUE,TRUE,NONE
Q-REPAIR-178,Systems architecture,TRUE,CAND-0532,TRUE,FALSE,FALSE,HARD_CONSTRAINT_VIOLATION_TIMEOUT
Q-REPAIR-178,Systems architecture,TRUE,CAND-0533,TRUE,FALSE,FALSE,HARD_CONSTRAINT_VIOLATION_TIMEOUT
Q-REPAIR-179,Chemical process systems,TRUE,CAND-0534,TRUE,FALSE,FALSE,HARD_CONSTRAINT_VIOLATION_TIMEOUT
Q-REPAIR-179,Chemical process systems,TRUE,CAND-0535,TRUE,TRUE,TRUE,NONE
Q-REPAIR-180,Chemical process systems,TRUE,CAND-0536,TRUE,TRUE,TRUE,NONE
Q-REPAIR-180,Chemical process systems,TRUE,CAND-0537,TRUE,TRUE,FALSE,PRIOR_ART_COLLISION
Q-REPAIR-180,Chemical process systems,TRUE,CAND-0538,TRUE,TRUE,FALSE,PRIOR_ART_COLLISION
Q-REPAIR-181,Chemical process systems,TRUE,CAND-0539,TRUE,TRUE,TRUE,NONE
Q-REPAIR-181,Chemical process systems,TRUE,CAND-0540,TRUE,FALSE,FALSE,SYNTAX_PARSE_ERROR
Q-REPAIR-181,Chemical process systems,TRUE,CAND-0541,TRUE,TRUE,FALSE,PRIOR_ART_COLLISION
Q-REPAIR-182,Systems architecture,TRUE,CAND-0542,TRUE,FALSE,FALSE,SEMANTIC_INVARIANT_DRIFT
Q-REPAIR-182,Systems architecture,TRUE,CAND-0543,TRUE,FALSE,FALSE,SYNTAX_PARSE_ERROR
Q-REPAIR-182,Systems architecture,TRUE,CAND-0544,TRUE,TRUE,TRUE,NONE
Q-REPAIR-183,Systems architecture,TRUE,CAND-0545,TRUE,TRUE,TRUE,NONE
Q-REPAIR-183,Systems architecture,TRUE,CAND-0546,TRUE,FALSE,FALSE,SYNTAX_PARSE_ERROR
Q-REPAIR-184,Mechanical systems,TRUE,CAND-0547,TRUE,TRUE,FALSE,PRIOR_ART_COLLISION
Q-REPAIR-184,Mechanical systems,TRUE,CAND-0548,TRUE,FALSE,FALSE,SYNTAX_PARSE_ERROR
Q-REPAIR-184,Mechanical systems,TRUE,CAND-0549,TRUE,FALSE,FALSE,SEMANTIC_INVARIANT_DRIFT
Q-REPAIR-184,Mechanical systems,TRUE,CAND-0550,TRUE,TRUE,FALSE,PRIOR_ART_COLLISION
Q-REPAIR-185,Mechanical systems,TRUE,CAND-0551,TRUE,FALSE,FALSE,SEMANTIC_INVARIANT_DRIFT
Q-REPAIR-185,Mechanical systems,TRUE,CAND-0552,TRUE,TRUE,TRUE,NONE
Q-REPAIR-185,Mechanical systems,TRUE,CAND-0553,TRUE,TRUE,TRUE,NONE
Q-REPAIR-186,Chemical process systems,TRUE,CAND-0554,TRUE,FALSE,FALSE,HARD_CONSTRAINT_VIOLATION_TIMEOUT
Q-REPAIR-186,Chemical process systems,TRUE,CAND-0555,TRUE,FALSE,FALSE,HARD_CONSTRAINT_VIOLATION_TIMEOUT
Q-REPAIR-186,Chemical process systems,TRUE,CAND-0556,TRUE,FALSE,FALSE,HARD_CONSTRAINT_VIOLATION_TIMEOUT
Q-REPAIR-187,Systems architecture,TRUE,CAND-0557,TRUE,FALSE,FALSE,HARD_CONSTRAINT_VIOLATION_TIMEOUT
Q-REPAIR-187,Systems architecture,TRUE,CAND-0558,TRUE,TRUE,FALSE,PRIOR_ART_COLLISION
Q-REPAIR-187,Systems architecture,TRUE,CAND-0559,TRUE,TRUE,FALSE,PRIOR_ART_COLLISION
Q-REPAIR-187,Systems architecture,TRUE,CAND-0560,TRUE,FALSE,FALSE,HARD_CONSTRAINT_VIOLATION_TIMEOUT
Q-REPAIR-188,Systems architecture,TRUE,CAND-0561,TRUE,TRUE,TRUE,NONE
Q-REPAIR-188,Systems architecture,TRUE,CAND-0562,TRUE,FALSE,FALSE,SYNTAX_PARSE_ERROR
Q-REPAIR-188,Systems architecture,TRUE,CAND-0563,TRUE,FALSE,FALSE,HARD_CONSTRAINT_VIOLATION_TIMEOUT
Q-REPAIR-188,Systems architecture,TRUE,CAND-0564,TRUE,TRUE,FALSE,PRIOR_ART_COLLISION
Q-REPAIR-189,Mechanical systems,TRUE,CAND-0565,TRUE,TRUE,TRUE,NONE
Q-REPAIR-189,Mechanical systems,TRUE,CAND-0566,TRUE,TRUE,TRUE,NONE
Q-REPAIR-189,Mechanical systems,TRUE,CAND-0567,TRUE,FALSE,FALSE,SEMANTIC_INVARIANT_DRIFT
Q-REPAIR-189,Mechanical systems,TRUE,CAND-0568,TRUE,TRUE,TRUE,NONE
Q-REPAIR-190,Systems architecture,TRUE,CAND-0569,TRUE,TRUE,TRUE,NONE
Q-REPAIR-190,Systems architecture,TRUE,CAND-0570,TRUE,FALSE,FALSE,SYNTAX_PARSE_ERROR
Q-REPAIR-190,Systems architecture,TRUE,CAND-0571,TRUE,TRUE,TRUE,NONE
Q-REPAIR-190,Systems architecture,TRUE,CAND-0572,TRUE,FALSE,FALSE,SYNTAX_PARSE_ERROR
Q-REPAIR-191,Systems architecture,TRUE,CAND-0573,TRUE,TRUE,TRUE,NONE
Q-REPAIR-191,Systems architecture,TRUE,CAND-0574,TRUE,TRUE,TRUE,NONE
Q-REPAIR-191,Systems architecture,TRUE,CAND-0575,TRUE,FALSE,FALSE,SYNTAX_PARSE_ERROR
Q-REPAIR-192,Mechanical systems,TRUE,CAND-0576,TRUE,TRUE,FALSE,PRIOR_ART_COLLISION
Q-REPAIR-192,Mechanical systems,TRUE,CAND-0577,TRUE,TRUE,TRUE,NONE
Q-REPAIR-192,Mechanical systems,TRUE,CAND-0578,TRUE,TRUE,FALSE,PRIOR_ART_COLLISION
Q-REPAIR-193,Systems architecture,TRUE,CAND-0579,TRUE,TRUE,TRUE,NONE
Q-REPAIR-193,Systems architecture,TRUE,CAND-0580,TRUE,TRUE,FALSE,PRIOR_ART_COLLISION
Q-REPAIR-193,Systems architecture,TRUE,CAND-0581,TRUE,FALSE,FALSE,HARD_CONSTRAINT_VIOLATION_TIMEOUT
Q-REPAIR-194,Mechanical systems,TRUE,CAND-0582,TRUE,TRUE,TRUE,NONE
Q-REPAIR-194,Mechanical systems,TRUE,CAND-0583,TRUE,FALSE,FALSE,HARD_CONSTRAINT_VIOLATION_TIMEOUT
Q-REPAIR-195,Chemical process systems,TRUE,CAND-0584,TRUE,FALSE,FALSE,SEMANTIC_INVARIANT_DRIFT
Q-REPAIR-195,Chemical process systems,TRUE,CAND-0585,TRUE,TRUE,TRUE,NONE
Q-REPAIR-195,Chemical process systems,TRUE,CAND-0586,TRUE,FALSE,FALSE,HARD_CONSTRAINT_VIOLATION_TIMEOUT
Q-REPAIR-196,Mechanical systems,TRUE,CAND-0587,TRUE,FALSE,FALSE,SYNTAX_PARSE_ERROR
Q-REPAIR-196,Mechanical systems,TRUE,CAND-0588,TRUE,FALSE,FALSE,SYNTAX_PARSE_ERROR
Q-REPAIR-196,Mechanical systems,TRUE,CAND-0589,TRUE,TRUE,TRUE,NONE
Q-REPAIR-197,Chemical process systems,TRUE,CAND-0590,TRUE,FALSE,FALSE,HARD_CONSTRAINT_VIOLATION_TIMEOUT
Q-REPAIR-197,Chemical process systems,TRUE,CAND-0591,TRUE,TRUE,FALSE,PRIOR_ART_COLLISION
Q-REPAIR-197,Chemical process systems,TRUE,CAND-0592,TRUE,TRUE,FALSE,PRIOR_ART_COLLISION
Q-REPAIR-198,Chemical process systems,TRUE,CAND-0593,TRUE,FALSE,FALSE,SYNTAX_PARSE_ERROR
Q-REPAIR-198,Chemical process systems,TRUE,CAND-0594,TRUE,TRUE,TRUE,NONE
Q-REPAIR-199,Chemical process systems,TRUE,CAND-0595,TRUE,FALSE,FALSE,HARD_CONSTRAINT_VIOLATION_TIMEOUT
Q-REPAIR-199,Chemical process systems,TRUE,CAND-0596,TRUE,TRUE,FALSE,PRIOR_ART_COLLISION
Q-REPAIR-200,Chemical process systems,TRUE,CAND-0597,TRUE,TRUE,FALSE,PRIOR_ART_COLLISION
Q-REPAIR-200,Chemical process systems,TRUE,CAND-0598,TRUE,FALSE,FALSE,HARD_CONSTRAINT_VIOLATION_TIMEOUT
Q-REPAIR-200,Chemical process systems,TRUE,CAND-0599,TRUE,TRUE,TRUE,NONE
Q-REPAIR-201,Mechanical systems,TRUE,CAND-0600,TRUE,TRUE,TRUE,NONE
Q-REPAIR-201,Mechanical systems,TRUE,CAND-0601,TRUE,FALSE,FALSE,SYNTAX_PARSE_ERROR
Q-REPAIR-201,Mechanical systems,TRUE,CAND-0602,TRUE,FALSE,FALSE,SYNTAX_PARSE_ERROR
Q-REPAIR-202,Systems architecture,TRUE,CAND-0603,TRUE,FALSE,FALSE,SYNTAX_PARSE_ERROR
Q-REPAIR-202,Systems architecture,TRUE,CAND-0604,TRUE,FALSE,FALSE,SEMANTIC_INVARIANT_DRIFT
Q-REPAIR-203,Chemical process systems,TRUE,CAND-0605,TRUE,FALSE,FALSE,SEMANTIC_INVARIANT_DRIFT
Q-REPAIR-203,Chemical process systems,TRUE,CAND-0606,TRUE,FALSE,FALSE,SYNTAX_PARSE_ERROR
Q-REPAIR-203,Chemical process systems,TRUE,CAND-0607,TRUE,FALSE,FALSE,SEMANTIC_INVARIANT_DRIFT
Q-REPAIR-203,Chemical process systems,TRUE,CAND-0608,TRUE,TRUE,TRUE,NONE
Q-REPAIR-204,Systems architecture,TRUE,CAND-0609,TRUE,TRUE,TRUE,NONE
Q-REPAIR-204,Systems architecture,TRUE,CAND-0610,TRUE,FALSE,FALSE,SYNTAX_PARSE_ERROR
Q-REPAIR-204,Systems architecture,TRUE,CAND-0611,TRUE,TRUE,FALSE,PRIOR_ART_COLLISION
Q-REPAIR-205,Mechanical systems,TRUE,CAND-0612,TRUE,FALSE,FALSE,SYNTAX_PARSE_ERROR
Q-REPAIR-205,Mechanical systems,TRUE,CAND-0613,TRUE,TRUE,TRUE,NONE
Q-REPAIR-205,Mechanical systems,TRUE,CAND-0614,TRUE,TRUE,FALSE,PRIOR_ART_COLLISION
Q-REPAIR-206,Systems architecture,TRUE,CAND-0615,TRUE,FALSE,FALSE,SYNTAX_PARSE_ERROR
Q-REPAIR-206,Systems architecture,TRUE,CAND-0616,TRUE,TRUE,FALSE,PRIOR_ART_COLLISION
Q-REPAIR-206,Systems architecture,TRUE,CAND-0617,TRUE,TRUE,FALSE,PRIOR_ART_COLLISION
Q-REPAIR-206,Systems architecture,TRUE,CAND-0618,TRUE,TRUE,TRUE,NONE
Q-REPAIR-207,Systems architecture,TRUE,CAND-0619,TRUE,FALSE,FALSE,SEMANTIC_INVARIANT_DRIFT
Q-REPAIR-207,Systems architecture,TRUE,CAND-0620,TRUE,TRUE,FALSE,PRIOR_ART_COLLISION
Q-REPAIR-207,Systems architecture,TRUE,CAND-0621,TRUE,TRUE,FALSE,PRIOR_ART_COLLISION
Q-REPAIR-207,Systems architecture,TRUE,CAND-0622,TRUE,TRUE,FALSE,PRIOR_ART_COLLISION
Q-REPAIR-208,Chemical process systems,TRUE,CAND-0623,TRUE,TRUE,FALSE,PRIOR_ART_COLLISION
Q-REPAIR-208,Chemical process systems,TRUE,CAND-0624,TRUE,FALSE,FALSE,SYNTAX_PARSE_ERROR
Q-REPAIR-208,Chemical process systems,TRUE,CAND-0625,TRUE,FALSE,FALSE,SYNTAX_PARSE_ERROR
Q-REPAIR-209,Chemical process systems,TRUE,CAND-0626,TRUE,TRUE,TRUE,NONE
Q-REPAIR-209,Chemical process systems,TRUE,CAND-0627,TRUE,FALSE,FALSE,HARD_CONSTRAINT_VIOLATION_TIMEOUT
Q-REPAIR-209,Chemical process systems,TRUE,CAND-0628,TRUE,FALSE,FALSE,HARD_CONSTRAINT_VIOLATION_TIMEOUT
Q-REPAIR-210,Chemical process systems,TRUE,CAND-0629,TRUE,FALSE,FALSE,SYNTAX_PARSE_ERROR
Q-REPAIR-210,Chemical process systems,TRUE,CAND-0630,TRUE,FALSE,FALSE,SYNTAX_PARSE_ERROR
Q-REPAIR-211,Chemical process systems,TRUE,CAND-0631,TRUE,TRUE,FALSE,PRIOR_ART_COLLISION
Q-REPAIR-211,Chemical process systems,TRUE,CAND-0632,TRUE,TRUE,FALSE,PRIOR_ART_COLLISION
Q-REPAIR-211,Chemical process systems,TRUE,CAND-0633,TRUE,FALSE,FALSE,HARD_CONSTRAINT_VIOLATION_TIMEOUT
Q-REPAIR-211,Chemical process systems,TRUE,CAND-0634,TRUE,FALSE,FALSE,SEMANTIC_INVARIANT_DRIFT
Q-REPAIR-212,Chemical process systems,TRUE,CAND-0635,TRUE,FALSE,FALSE,HARD_CONSTRAINT_VIOLATION_TIMEOUT
Q-REPAIR-212,Chemical process systems,TRUE,CAND-0636,TRUE,TRUE,TRUE,NONE
Q-REPAIR-212,Chemical process systems,TRUE,CAND-0637,TRUE,FALSE,FALSE,HARD_CONSTRAINT_VIOLATION_TIMEOUT
Q-REPAIR-213,Chemical process systems,TRUE,CAND-0638,TRUE,TRUE,TRUE,NONE
Q-REPAIR-213,Chemical process systems,TRUE,CAND-0639,TRUE,FALSE,FALSE,HARD_CONSTRAINT_VIOLATION_TIMEOUT
Q-REPAIR-213,Chemical process systems,TRUE,CAND-0640,TRUE,TRUE,FALSE,PRIOR_ART_COLLISION
Q-REPAIR-213,Chemical process systems,TRUE,CAND-0641,TRUE,FALSE,FALSE,SEMANTIC_INVARIANT_DRIFT
Q-REPAIR-214,Systems architecture,TRUE,CAND-0642,TRUE,TRUE,TRUE,NONE
Q-REPAIR-214,Systems architecture,TRUE,CAND-0643,TRUE,FALSE,FALSE,SEMANTIC_INVARIANT_DRIFT
Q-REPAIR-215,Systems architecture,TRUE,CAND-0644,TRUE,FALSE,FALSE,SEMANTIC_INVARIANT_DRIFT
Q-REPAIR-215,Systems architecture,TRUE,CAND-0645,TRUE,TRUE,FALSE,PRIOR_ART_COLLISION
Q-REPAIR-215,Systems architecture,TRUE,CAND-0646,TRUE,TRUE,TRUE,NONE
Q-REPAIR-216,Systems architecture,TRUE,CAND-0647,TRUE,FALSE,FALSE,HARD_CONSTRAINT_VIOLATION_TIMEOUT
Q-REPAIR-216,Systems architecture,TRUE,CAND-0648,TRUE,FALSE,FALSE,SEMANTIC_INVARIANT_DRIFT
Q-REPAIR-216,Systems architecture,TRUE,CAND-0649,TRUE,TRUE,FALSE,PRIOR_ART_COLLISION
Q-REPAIR-217,Chemical process systems,TRUE,CAND-0650,TRUE,TRUE,TRUE,NONE
Q-REPAIR-217,Chemical process systems,TRUE,CAND-0651,TRUE,TRUE,FALSE,PRIOR_ART_COLLISION
Q-REPAIR-218,Mechanical systems,TRUE,CAND-0652,TRUE,FALSE,FALSE,HARD_CONSTRAINT_VIOLATION_TIMEOUT
Q-REPAIR-218,Mechanical systems,TRUE,CAND-0653,TRUE,FALSE,FALSE,SYNTAX_PARSE_ERROR
Q-REPAIR-218,Mechanical systems,TRUE,CAND-0654,TRUE,FALSE,FALSE,HARD_CONSTRAINT_VIOLATION_TIMEOUT
Q-REPAIR-219,Mechanical systems,TRUE,CAND-0655,TRUE,FALSE,FALSE,HARD_CONSTRAINT_VIOLATION_TIMEOUT
Q-REPAIR-219,Mechanical systems,TRUE,CAND-0656,TRUE,FALSE,FALSE,SYNTAX_PARSE_ERROR
Q-REPAIR-219,Mechanical systems,TRUE,CAND-0657,TRUE,TRUE,TRUE,NONE
Q-REPAIR-220,Systems architecture,TRUE,CAND-0658,TRUE,FALSE,FALSE,SYNTAX_PARSE_ERROR
Q-REPAIR-220,Systems architecture,TRUE,CAND-0659,TRUE,FALSE,FALSE,SEMANTIC_INVARIANT_DRIFT
Q-REPAIR-221,Chemical process systems,TRUE,CAND-0660,TRUE,FALSE,FALSE,SYNTAX_PARSE_ERROR
Q-REPAIR-221,Chemical process systems,TRUE,CAND-0661,TRUE,TRUE,FALSE,PRIOR_ART_COLLISION
Q-REPAIR-221,Chemical process systems,TRUE,CAND-0662,TRUE,TRUE,FALSE,PRIOR_ART_COLLISION
Q-REPAIR-221,Chemical process systems,TRUE,CAND-0663,TRUE,FALSE,FALSE,HARD_CONSTRAINT_VIOLATION_TIMEOUT
Q-REPAIR-222,Systems architecture,TRUE,CAND-0664,TRUE,TRUE,FALSE,PRIOR_ART_COLLISION
Q-REPAIR-222,Systems architecture,TRUE,CAND-0665,TRUE,FALSE,FALSE,SYNTAX_PARSE_ERROR
Q-REPAIR-222,Systems architecture,TRUE,CAND-0666,TRUE,FALSE,FALSE,HARD_CONSTRAINT_VIOLATION_TIMEOUT
Q-REPAIR-223,Chemical process systems,TRUE,CAND-0667,TRUE,TRUE,TRUE,NONE
Q-REPAIR-223,Chemical process systems,TRUE,CAND-0668,TRUE,FALSE,FALSE,SEMANTIC_INVARIANT_DRIFT
Q-REPAIR-224,Mechanical systems,TRUE,CAND-0669,TRUE,FALSE,FALSE,SYNTAX_PARSE_ERROR
Q-REPAIR-224,Mechanical systems,TRUE,CAND-0670,TRUE,TRUE,TRUE,NONE
Q-REPAIR-224,Mechanical systems,TRUE,CAND-0671,TRUE,FALSE,FALSE,SYNTAX_PARSE_ERROR
Q-REPAIR-225,Chemical process systems,TRUE,CAND-0672,TRUE,FALSE,FALSE,HARD_CONSTRAINT_VIOLATION_TIMEOUT
Q-REPAIR-225,Chemical process systems,TRUE,CAND-0673,TRUE,FALSE,FALSE,HARD_CONSTRAINT_VIOLATION_TIMEOUT
Q-REPAIR-226,Systems architecture,TRUE,CAND-0674,TRUE,FALSE,FALSE,SYNTAX_PARSE_ERROR
Q-REPAIR-226,Systems architecture,TRUE,CAND-0675,TRUE,TRUE,TRUE,NONE
Q-REPAIR-226,Systems architecture,TRUE,CAND-0676,TRUE,TRUE,FALSE,PRIOR_ART_COLLISION
Q-REPAIR-227,Mechanical systems,TRUE,CAND-0677,TRUE,TRUE,TRUE,NONE
Q-REPAIR-227,Mechanical systems,TRUE,CAND-0678,TRUE,FALSE,FALSE,SEMANTIC_INVARIANT_DRIFT
Q-REPAIR-228,Mechanical systems,TRUE,CAND-0679,TRUE,TRUE,FALSE,PRIOR_ART_COLLISION
Q-REPAIR-228,Mechanical systems,TRUE,CAND-0680,TRUE,FALSE,FALSE,SEMANTIC_INVARIANT_DRIFT
Q-REPAIR-228,Mechanical systems,TRUE,CAND-0681,TRUE,FALSE,FALSE,SEMANTIC_INVARIANT_DRIFT
Q-REPAIR-229,Chemical process systems,TRUE,CAND-0682,TRUE,FALSE,FALSE,SYNTAX_PARSE_ERROR
Q-REPAIR-229,Chemical process systems,TRUE,CAND-0683,TRUE,FALSE,FALSE,SEMANTIC_INVARIANT_DRIFT
Q-REPAIR-229,Chemical process systems,TRUE,CAND-0684,TRUE,TRUE,TRUE,NONE
Q-REPAIR-230,Chemical process systems,TRUE,CAND-0685,TRUE,TRUE,FALSE,PRIOR_ART_COLLISION
Q-REPAIR-230,Chemical process systems,TRUE,CAND-0686,TRUE,TRUE,TRUE,NONE
Q-REPAIR-230,Chemical process systems,TRUE,CAND-0687,TRUE,FALSE,FALSE,SYNTAX_PARSE_ERROR
Q-REPAIR-230,Chemical process systems,TRUE,CAND-0688,TRUE,TRUE,FALSE,PRIOR_ART_COLLISION
Q-REPAIR-231,Mechanical systems,TRUE,CAND-0689,TRUE,FALSE,FALSE,SYNTAX_PARSE_ERROR
Q-REPAIR-231,Mechanical systems,TRUE,CAND-0690,TRUE,FALSE,FALSE,HARD_CONSTRAINT_VIOLATION_TIMEOUT
Q-REPAIR-231,Mechanical systems,TRUE,CAND-0691,TRUE,TRUE,TRUE,NONE
Q-REPAIR-231,Mechanical systems,TRUE,CAND-0692,TRUE,FALSE,FALSE,HARD_CONSTRAINT_VIOLATION_TIMEOUT
Q-REPAIR-232,Systems architecture,TRUE,CAND-0693,TRUE,FALSE,FALSE,HARD_CONSTRAINT_VIOLATION_TIMEOUT
Q-REPAIR-232,Systems architecture,TRUE,CAND-0694,TRUE,TRUE,FALSE,PRIOR_ART_COLLISION
Q-REPAIR-233,Mechanical systems,TRUE,CAND-0695,TRUE,TRUE,FALSE,PRIOR_ART_COLLISION
Q-REPAIR-233,Mechanical systems,TRUE,CAND-0696,TRUE,FALSE,FALSE,SEMANTIC_INVARIANT_DRIFT
Q-REPAIR-233,Mechanical systems,TRUE,CAND-0697,TRUE,TRUE,TRUE,NONE
Q-REPAIR-233,Mechanical systems,TRUE,CAND-0698,TRUE,FALSE,FALSE,HARD_CONSTRAINT_VIOLATION_TIMEOUT
Q-REPAIR-234,Systems architecture,TRUE,CAND-0699,TRUE,TRUE,TRUE,NONE
Q-REPAIR-234,Systems architecture,TRUE,CAND-0700,TRUE,TRUE,TRUE,NONE
Q-REPAIR-235,Chemical process systems,TRUE,CAND-0701,TRUE,FALSE,FALSE,SEMANTIC_INVARIANT_DRIFT
Q-REPAIR-235,Chemical process systems,TRUE,CAND-0702,TRUE,FALSE,FALSE,SEMANTIC_INVARIANT_DRIFT
Q-REPAIR-236,Chemical process systems,TRUE,CAND-0703,TRUE,FALSE,FALSE,HARD_CONSTRAINT_VIOLATION_TIMEOUT
Q-REPAIR-236,Chemical process systems,TRUE,CAND-0704,TRUE,TRUE,FALSE,PRIOR_ART_COLLISION
Q-REPAIR-237,Systems architecture,TRUE,CAND-0705,TRUE,TRUE,TRUE,NONE
Q-REPAIR-237,Systems architecture,TRUE,CAND-0706,TRUE,FALSE,FALSE,HARD_CONSTRAINT_VIOLATION_TIMEOUT
Q-REPAIR-237,Systems architecture,TRUE,CAND-0707,TRUE,FALSE,FALSE,SYNTAX_PARSE_ERROR
Q-REPAIR-238,Systems architecture,TRUE,CAND-0708,TRUE,FALSE,FALSE,HARD_CONSTRAINT_VIOLATION_TIMEOUT
Q-REPAIR-238,Systems architecture,TRUE,CAND-0709,TRUE,FALSE,FALSE,SEMANTIC_INVARIANT_DRIFT
Q-REPAIR-238,Systems architecture,TRUE,CAND-0710,TRUE,FALSE,FALSE,HARD_CONSTRAINT_VIOLATION_TIMEOUT
Q-REPAIR-239,Systems architecture,TRUE,CAND-0711,TRUE,FALSE,FALSE,HARD_CONSTRAINT_VIOLATION_TIMEOUT
Q-REPAIR-239,Systems architecture,TRUE,CAND-0712,TRUE,FALSE,FALSE,HARD_CONSTRAINT_VIOLATION_TIMEOUT
Q-REPAIR-240,Systems architecture,TRUE,CAND-0713,TRUE,TRUE,TRUE,NONE
Q-REPAIR-240,Systems architecture,TRUE,CAND-0714,TRUE,FALSE,FALSE,HARD_CONSTRAINT_VIOLATION_TIMEOUT
Q-REPAIR-241,Systems architecture,TRUE,CAND-0715,TRUE,FALSE,FALSE,SYNTAX_PARSE_ERROR
Q-REPAIR-241,Systems architecture,TRUE,CAND-0716,TRUE,TRUE,TRUE,NONE
Q-REPAIR-242,Chemical process systems,TRUE,CAND-0717,TRUE,TRUE,FALSE,PRIOR_ART_COLLISION
Q-REPAIR-242,Chemical process systems,TRUE,CAND-0718,TRUE,FALSE,FALSE,SEMANTIC_INVARIANT_DRIFT
Q-REPAIR-243,Chemical process systems,TRUE,CAND-0719,TRUE,TRUE,FALSE,PRIOR_ART_COLLISION
Q-REPAIR-243,Chemical process systems,TRUE,CAND-0720,TRUE,FALSE,FALSE,SYNTAX_PARSE_ERROR
Q-REPAIR-243,Chemical process systems,TRUE,CAND-0721,TRUE,FALSE,FALSE,HARD_CONSTRAINT_VIOLATION_TIMEOUT
Q-REPAIR-244,Systems architecture,TRUE,CAND-0722,TRUE,TRUE,FALSE,PRIOR_ART_COLLISION
Q-REPAIR-244,Systems architecture,TRUE,CAND-0723,TRUE,TRUE,TRUE,NONE
Q-REPAIR-244,Systems architecture,TRUE,CAND-0724,TRUE,FALSE,FALSE,HARD_CONSTRAINT_VIOLATION_TIMEOUT
Q-REPAIR-245,Mechanical systems,TRUE,CAND-0725,TRUE,TRUE,TRUE,NONE
Q-REPAIR-245,Mechanical systems,TRUE,CAND-0726,TRUE,FALSE,FALSE,HARD_CONSTRAINT_VIOLATION_TIMEOUT
Q-REPAIR-245,Mechanical systems,TRUE,CAND-0727,TRUE,TRUE,TRUE,NONE
Q-REPAIR-246,Mechanical systems,TRUE,CAND-0728,TRUE,FALSE,FALSE,SEMANTIC_INVARIANT_DRIFT
Q-REPAIR-246,Mechanical systems,TRUE,CAND-0729,TRUE,TRUE,TRUE,NONE
Q-REPAIR-246,Mechanical systems,TRUE,CAND-0730,TRUE,FALSE,FALSE,SEMANTIC_INVARIANT_DRIFT
Q-REPAIR-246,Mechanical systems,TRUE,CAND-0731,TRUE,FALSE,FALSE,HARD_CONSTRAINT_VIOLATION_TIMEOUT
Q-REPAIR-247,Chemical process systems,TRUE,CAND-0732,TRUE,TRUE,TRUE,NONE
Q-REPAIR-247,Chemical process systems,TRUE,CAND-0733,TRUE,TRUE,TRUE,NONE
Q-REPAIR-248,Mechanical systems,TRUE,CAND-0734,TRUE,FALSE,FALSE,SEMANTIC_INVARIANT_DRIFT
Q-REPAIR-248,Mechanical systems,TRUE,CAND-0735,TRUE,FALSE,FALSE,SEMANTIC_INVARIANT_DRIFT
Q-REPAIR-248,Mechanical systems,TRUE,CAND-0736,TRUE,FALSE,FALSE,SEMANTIC_INVARIANT_DRIFT
Q-REPAIR-249,Mechanical systems,TRUE,CAND-0737,TRUE,TRUE,TRUE,NONE
Q-REPAIR-249,Mechanical systems,TRUE,CAND-0738,TRUE,TRUE,FALSE,PRIOR_ART_COLLISION
Q-REPAIR-249,Mechanical systems,TRUE,CAND-0739,TRUE,FALSE,FALSE,SEMANTIC_INVARIANT_DRIFT
Q-REPAIR-250,Chemical process systems,TRUE,CAND-0740,TRUE,FALSE,FALSE,SEMANTIC_INVARIANT_DRIFT
Q-REPAIR-250,Chemical process systems,TRUE,CAND-0741,TRUE,FALSE,FALSE,SEMANTIC_INVARIANT_DRIFT
Q-REPAIR-250,Chemical process systems,TRUE,CAND-0742,TRUE,FALSE,FALSE,SYNTAX_PARSE_ERROR
Q-REPAIR-250,Chemical process systems,TRUE,CAND-0743,TRUE,TRUE,FALSE,PRIOR_ART_COLLISION
Q-REPAIR-251,Systems architecture,TRUE,CAND-0744,TRUE,FALSE,FALSE,SEMANTIC_INVARIANT_DRIFT
Q-REPAIR-251,Systems architecture,TRUE,CAND-0745,TRUE,FALSE,FALSE,SYNTAX_PARSE_ERROR
Q-REPAIR-252,Mechanical systems,TRUE,CAND-0746,TRUE,FALSE,FALSE,SYNTAX_PARSE_ERROR
Q-REPAIR-252,Mechanical systems,TRUE,CAND-0747,TRUE,TRUE,TRUE,NONE
Q-REPAIR-252,Mechanical systems,TRUE,CAND-0748,TRUE,TRUE,TRUE,NONE
Q-REPAIR-253,Chemical process systems,TRUE,CAND-0749,TRUE,TRUE,TRUE,NONE
Q-REPAIR-253,Chemical process systems,TRUE,CAND-0750,TRUE,FALSE,FALSE,SEMANTIC_INVARIANT_DRIFT
Q-REPAIR-253,Chemical process systems,TRUE,CAND-0751,TRUE,FALSE,FALSE,SYNTAX_PARSE_ERROR
Q-REPAIR-254,Chemical process systems,TRUE,CAND-0752,TRUE,TRUE,TRUE,NONE
Q-REPAIR-254,Chemical process systems,TRUE,CAND-0753,TRUE,FALSE,FALSE,HARD_CONSTRAINT_VIOLATION_TIMEOUT
Q-REPAIR-254,Chemical process systems,TRUE,CAND-0754,TRUE,FALSE,FALSE,SYNTAX_PARSE_ERROR
Q-REPAIR-255,Chemical process systems,TRUE,CAND-0755,TRUE,TRUE,FALSE,PRIOR_ART_COLLISION
Q-REPAIR-255,Chemical process systems,TRUE,CAND-0756,TRUE,FALSE,FALSE,SEMANTIC_INVARIANT_DRIFT
Q-REPAIR-255,Chemical process systems,TRUE,CAND-0757,TRUE,TRUE,FALSE,PRIOR_ART_COLLISION
Q-REPAIR-256,Chemical process systems,TRUE,CAND-0758,TRUE,FALSE,FALSE,SYNTAX_PARSE_ERROR
Q-REPAIR-256,Chemical process systems,TRUE,CAND-0759,TRUE,FALSE,FALSE,HARD_CONSTRAINT_VIOLATION_TIMEOUT
Q-REPAIR-257,Systems architecture,TRUE,CAND-0760,TRUE,FALSE,FALSE,SYNTAX_PARSE_ERROR
Q-REPAIR-257,Systems architecture,TRUE,CAND-0761,TRUE,TRUE,FALSE,PRIOR_ART_COLLISION
Q-REPAIR-258,Chemical process systems,TRUE,CAND-0762,TRUE,TRUE,FALSE,PRIOR_ART_COLLISION
Q-REPAIR-258,Chemical process systems,TRUE,CAND-0763,TRUE,TRUE,TRUE,NONE
Q-REPAIR-258,Chemical process systems,TRUE,CAND-0764,TRUE,FALSE,FALSE,HARD_CONSTRAINT_VIOLATION_TIMEOUT
Q-REPAIR-259,Systems architecture,TRUE,CAND-0765,TRUE,FALSE,FALSE,SYNTAX_PARSE_ERROR
Q-REPAIR-259,Systems architecture,TRUE,CAND-0766,TRUE,FALSE,FALSE,SYNTAX_PARSE_ERROR
Q-REPAIR-260,Systems architecture,TRUE,CAND-0767,TRUE,FALSE,FALSE,HARD_CONSTRAINT_VIOLATION_TIMEOUT
Q-REPAIR-260,Systems architecture,TRUE,CAND-0768,TRUE,TRUE,TRUE,NONE
Q-REPAIR-260,Systems architecture,TRUE,CAND-0769,TRUE,FALSE,FALSE,SYNTAX_PARSE_ERROR
Q-REPAIR-261,Mechanical systems,TRUE,CAND-0770,TRUE,TRUE,TRUE,NONE
Q-REPAIR-261,Mechanical systems,TRUE,CAND-0771,TRUE,FALSE,FALSE,SYNTAX_PARSE_ERROR
Q-REPAIR-262,Mechanical systems,TRUE,CAND-0772,TRUE,FALSE,FALSE,HARD_CONSTRAINT_VIOLATION_TIMEOUT
Q-REPAIR-262,Mechanical systems,TRUE,CAND-0773,TRUE,TRUE,TRUE,NONE
Q-REPAIR-262,Mechanical systems,TRUE,CAND-0774,TRUE,TRUE,TRUE,NONE
Q-REPAIR-262,Mechanical systems,TRUE,CAND-0775,TRUE,TRUE,TRUE,NONE
Q-REPAIR-263,Systems architecture,TRUE,CAND-0776,TRUE,FALSE,FALSE,HARD_CONSTRAINT_VIOLATION_TIMEOUT
Q-REPAIR-263,Systems architecture,TRUE,CAND-0777,TRUE,TRUE,TRUE,NONE
Q-REPAIR-264,Systems architecture,TRUE,CAND-0778,TRUE,FALSE,FALSE,HARD_CONSTRAINT_VIOLATION_TIMEOUT
Q-REPAIR-264,Systems architecture,TRUE,CAND-0779,TRUE,FALSE,FALSE,HARD_CONSTRAINT_VIOLATION_TIMEOUT
Q-REPAIR-264,Systems architecture,TRUE,CAND-0780,TRUE,FALSE,FALSE,HARD_CONSTRAINT_VIOLATION_TIMEOUT
Q-REPAIR-265,Chemical process systems,TRUE,CAND-0781,TRUE,FALSE,FALSE,SEMANTIC_INVARIANT_DRIFT
Q-REPAIR-265,Chemical process systems,TRUE,CAND-0782,TRUE,TRUE,FALSE,PRIOR_ART_COLLISION
Q-REPAIR-265,Chemical process systems,TRUE,CAND-0783,TRUE,TRUE,FALSE,PRIOR_ART_COLLISION
Q-REPAIR-266,Systems architecture,TRUE,CAND-0784,TRUE,FALSE,FALSE,SYNTAX_PARSE_ERROR
Q-REPAIR-266,Systems architecture,TRUE,CAND-0785,TRUE,FALSE,FALSE,SEMANTIC_INVARIANT_DRIFT
Q-REPAIR-266,Systems architecture,TRUE,CAND-0786,TRUE,TRUE,TRUE,NONE
Q-REPAIR-266,Systems architecture,TRUE,CAND-0787,TRUE,TRUE,TRUE,NONE
Q-REPAIR-267,Chemical process systems,TRUE,CAND-0788,TRUE,FALSE,FALSE,HARD_CONSTRAINT_VIOLATION_TIMEOUT
Q-REPAIR-267,Chemical process systems,TRUE,CAND-0789,TRUE,FALSE,FALSE,SEMANTIC_INVARIANT_DRIFT
Q-REPAIR-267,Chemical process systems,TRUE,CAND-0790,TRUE,TRUE,TRUE,NONE
Q-REPAIR-268,Mechanical systems,TRUE,CAND-0791,TRUE,TRUE,TRUE,NONE
Q-REPAIR-268,Mechanical systems,TRUE,CAND-0792,TRUE,TRUE,FALSE,PRIOR_ART_COLLISION
Q-REPAIR-269,Chemical process systems,TRUE,CAND-0793,TRUE,TRUE,TRUE,NONE
Q-REPAIR-269,Chemical process systems,TRUE,CAND-0794,TRUE,FALSE,FALSE,HARD_CONSTRAINT_VIOLATION_TIMEOUT
Q-REPAIR-269,Chemical process systems,TRUE,CAND-0795,TRUE,FALSE,FALSE,SEMANTIC_INVARIANT_DRIFT
Q-REPAIR-270,Mechanical systems,TRUE,CAND-0796,TRUE,TRUE,FALSE,PRIOR_ART_COLLISION
Q-REPAIR-270,Mechanical systems,TRUE,CAND-0797,TRUE,FALSE,FALSE,SEMANTIC_INVARIANT_DRIFT
Q-REPAIR-270,Mechanical systems,TRUE,CAND-0798,TRUE,FALSE,FALSE,HARD_CONSTRAINT_VIOLATION_TIMEOUT
Q-REPAIR-271,Chemical process systems,TRUE,CAND-0799,TRUE,TRUE,TRUE,NONE
Q-REPAIR-271,Chemical process systems,TRUE,CAND-0800,TRUE,FALSE,FALSE,SEMANTIC_INVARIANT_DRIFT
Q-REPAIR-272,Mechanical systems,TRUE,CAND-0801,TRUE,FALSE,FALSE,SEMANTIC_INVARIANT_DRIFT
Q-REPAIR-272,Mechanical systems,TRUE,CAND-0802,TRUE,TRUE,TRUE,NONE
Q-REPAIR-272,Mechanical systems,TRUE,CAND-0803,TRUE,FALSE,FALSE,SYNTAX_PARSE_ERROR
Q-REPAIR-272,Mechanical systems,TRUE,CAND-0804,TRUE,FALSE,FALSE,SYNTAX_PARSE_ERROR
Q-REPAIR-273,Chemical process systems,TRUE,CAND-0805,TRUE,TRUE,TRUE,NONE
Q-REPAIR-273,Chemical process systems,TRUE,CAND-0806,TRUE,FALSE,FALSE,SEMANTIC_INVARIANT_DRIFT
Q-REPAIR-273,Chemical process systems,TRUE,CAND-0807,TRUE,TRUE,FALSE,PRIOR_ART_COLLISION
Q-REPAIR-273,Chemical process systems,TRUE,CAND-0808,TRUE,FALSE,FALSE,SEMANTIC_INVARIANT_DRIFT
Q-REPAIR-274,Chemical process systems,TRUE,CAND-0809,TRUE,TRUE,FALSE,PRIOR_ART_COLLISION
Q-REPAIR-274,Chemical process systems,TRUE,CAND-0810,TRUE,TRUE,TRUE,NONE
Q-REPAIR-275,Systems architecture,TRUE,CAND-0811,TRUE,TRUE,TRUE,NONE
Q-REPAIR-275,Systems architecture,TRUE,CAND-0812,TRUE,TRUE,TRUE,NONE
Q-REPAIR-275,Systems architecture,TRUE,CAND-0813,TRUE,FALSE,FALSE,HARD_CONSTRAINT_VIOLATION_TIMEOUT
Q-REPAIR-275,Systems architecture,TRUE,CAND-0814,TRUE,TRUE,TRUE,NONE
Q-REPAIR-276,Systems architecture,TRUE,CAND-0815,TRUE,TRUE,FALSE,PRIOR_ART_COLLISION
Q-REPAIR-276,Systems architecture,TRUE,CAND-0816,TRUE,FALSE,FALSE,SEMANTIC_INVARIANT_DRIFT
Q-REPAIR-276,Systems architecture,TRUE,CAND-0817,TRUE,TRUE,TRUE,NONE
Q-REPAIR-277,Mechanical systems,TRUE,CAND-0818,TRUE,FALSE,FALSE,SEMANTIC_INVARIANT_DRIFT
Q-REPAIR-277,Mechanical systems,TRUE,CAND-0819,TRUE,FALSE,FALSE,SEMANTIC_INVARIANT_DRIFT
Q-REPAIR-278,Mechanical systems,TRUE,CAND-0820,TRUE,FALSE,FALSE,SYNTAX_PARSE_ERROR
Q-REPAIR-278,Mechanical systems,TRUE,CAND-0821,TRUE,TRUE,FALSE,PRIOR_ART_COLLISION
Q-REPAIR-278,Mechanical systems,TRUE,CAND-0822,TRUE,TRUE,TRUE,NONE
Q-REPAIR-278,Mechanical systems,TRUE,CAND-0823,TRUE,FALSE,FALSE,HARD_CONSTRAINT_VIOLATION_TIMEOUT
Q-REPAIR-279,Chemical process systems,TRUE,CAND-0824,TRUE,FALSE,FALSE,HARD_CONSTRAINT_VIOLATION_TIMEOUT
Q-REPAIR-279,Chemical process systems,TRUE,CAND-0825,TRUE,TRUE,TRUE,NONE
Q-REPAIR-279,Chemical process systems,TRUE,CAND-0826,TRUE,TRUE,TRUE,NONE
Q-REPAIR-280,Systems architecture,TRUE,CAND-0827,TRUE,FALSE,FALSE,SEMANTIC_INVARIANT_DRIFT
Q-REPAIR-280,Systems architecture,TRUE,CAND-0828,TRUE,TRUE,TRUE,NONE
Q-REPAIR-280,Systems architecture,TRUE,CAND-0829,TRUE,TRUE,TRUE,NONE
Q-REPAIR-281,Systems architecture,TRUE,CAND-0830,TRUE,TRUE,TRUE,NONE
Q-REPAIR-281,Systems architecture,TRUE,CAND-0831,TRUE,FALSE,FALSE,SEMANTIC_INVARIANT_DRIFT
Q-REPAIR-281,Systems architecture,TRUE,CAND-0832,TRUE,FALSE,FALSE,SYNTAX_PARSE_ERROR
Q-REPAIR-282,Mechanical systems,TRUE,CAND-0833,TRUE,FALSE,FALSE,HARD_CONSTRAINT_VIOLATION_TIMEOUT
Q-REPAIR-282,Mechanical systems,TRUE,CAND-0834,TRUE,TRUE,TRUE,NONE
Q-REPAIR-282,Mechanical systems,TRUE,CAND-0835,TRUE,FALSE,FALSE,SYNTAX_PARSE_ERROR
Q-REPAIR-283,Chemical process systems,TRUE,CAND-0836,TRUE,FALSE,FALSE,SYNTAX_PARSE_ERROR
Q-REPAIR-283,Chemical process systems,TRUE,CAND-0837,TRUE,TRUE,TRUE,NONE
Q-REPAIR-284,Chemical process systems,TRUE,CAND-0838,TRUE,TRUE,FALSE,PRIOR_ART_COLLISION
Q-REPAIR-284,Chemical process systems,TRUE,CAND-0839,TRUE,TRUE,TRUE,NONE
Q-REPAIR-284,Chemical process systems,TRUE,CAND-0840,TRUE,TRUE,FALSE,PRIOR_ART_COLLISION
Q-REPAIR-285,Chemical process systems,TRUE,CAND-0841,TRUE,FALSE,FALSE,HARD_CONSTRAINT_VIOLATION_TIMEOUT
Q-REPAIR-285,Chemical process systems,TRUE,CAND-0842,TRUE,FALSE,FALSE,SYNTAX_PARSE_ERROR
Q-REPAIR-285,Chemical process systems,TRUE,CAND-0843,TRUE,FALSE,FALSE,SYNTAX_PARSE_ERROR
Q-REPAIR-286,Chemical process systems,TRUE,CAND-0844,TRUE,FALSE,FALSE,HARD_CONSTRAINT_VIOLATION_TIMEOUT
Q-REPAIR-286,Chemical process systems,TRUE,CAND-0845,TRUE,FALSE,FALSE,SEMANTIC_INVARIANT_DRIFT
Q-REPAIR-286,Chemical process systems,TRUE,CAND-0846,TRUE,TRUE,TRUE,NONE
Q-REPAIR-287,Mechanical systems,TRUE,CAND-0847,TRUE,TRUE,TRUE,NONE
Q-REPAIR-287,Mechanical systems,TRUE,CAND-0848,TRUE,FALSE,FALSE,HARD_CONSTRAINT_VIOLATION_TIMEOUT
Q-REPAIR-288,Chemical process systems,TRUE,CAND-0849,TRUE,TRUE,TRUE,NONE
Q-REPAIR-288,Chemical process systems,TRUE,CAND-0850,TRUE,TRUE,TRUE,NONE
Q-REPAIR-288,Chemical process systems,TRUE,CAND-0851,TRUE,TRUE,TRUE,NONE
Q-REPAIR-288,Chemical process systems,TRUE,CAND-0852,TRUE,TRUE,FALSE,PRIOR_ART_COLLISION
Q-REPAIR-289,Chemical process systems,TRUE,CAND-0853,TRUE,TRUE,TRUE,NONE
Q-REPAIR-289,Chemical process systems,TRUE,CAND-0854,TRUE,TRUE,TRUE,NONE
Q-REPAIR-289,Chemical process systems,TRUE,CAND-0855,TRUE,TRUE,FALSE,PRIOR_ART_COLLISION
Q-REPAIR-289,Chemical process systems,TRUE,CAND-0856,TRUE,FALSE,FALSE,SEMANTIC_INVARIANT_DRIFT
Q-REPAIR-290,Mechanical systems,TRUE,CAND-0857,TRUE,TRUE,FALSE,PRIOR_ART_COLLISION
Q-REPAIR-290,Mechanical systems,TRUE,CAND-0858,TRUE,TRUE,TRUE,NONE
Q-REPAIR-291,Mechanical systems,TRUE,CAND-0859,TRUE,TRUE,TRUE,NONE
Q-REPAIR-291,Mechanical systems,TRUE,CAND-0860,TRUE,TRUE,TRUE,NONE
Q-REPAIR-292,Mechanical systems,TRUE,CAND-0861,TRUE,FALSE,FALSE,HARD_CONSTRAINT_VIOLATION_TIMEOUT
Q-REPAIR-292,Mechanical systems,TRUE,CAND-0862,TRUE,TRUE,TRUE,NONE
Q-REPAIR-292,Mechanical systems,TRUE,CAND-0863,TRUE,TRUE,FALSE,PRIOR_ART_COLLISION
Q-REPAIR-293,Chemical process systems,TRUE,CAND-0864,TRUE,FALSE,FALSE,HARD_CONSTRAINT_VIOLATION_TIMEOUT
Q-REPAIR-293,Chemical process systems,TRUE,CAND-0865,TRUE,FALSE,FALSE,HARD_CONSTRAINT_VIOLATION_TIMEOUT
Q-REPAIR-293,Chemical process systems,TRUE,CAND-0866,TRUE,FALSE,FALSE,SEMANTIC_INVARIANT_DRIFT
Q-REPAIR-294,Mechanical systems,TRUE,CAND-0867,TRUE,FALSE,FALSE,SYNTAX_PARSE_ERROR
Q-REPAIR-294,Mechanical systems,TRUE,CAND-0868,TRUE,TRUE,FALSE,PRIOR_ART_COLLISION
Q-REPAIR-294,Mechanical systems,TRUE,CAND-0869,TRUE,TRUE,FALSE,PRIOR_ART_COLLISION
Q-REPAIR-294,Mechanical systems,TRUE,CAND-0870,TRUE,FALSE,FALSE,SEMANTIC_INVARIANT_DRIFT
Q-REPAIR-295,Chemical process systems,TRUE,CAND-0871,TRUE,TRUE,FALSE,PRIOR_ART_COLLISION
Q-REPAIR-295,Chemical process systems,TRUE,CAND-0872,TRUE,TRUE,FALSE,PRIOR_ART_COLLISION
Q-REPAIR-295,Chemical process systems,TRUE,CAND-0873,TRUE,TRUE,TRUE,NONE
Q-REPAIR-295,Chemical process systems,TRUE,CAND-0874,TRUE,FALSE,FALSE,SYNTAX_PARSE_ERROR
Q-REPAIR-296,Mechanical systems,TRUE,CAND-0875,TRUE,TRUE,TRUE,NONE
Q-REPAIR-296,Mechanical systems,TRUE,CAND-0876,TRUE,TRUE,FALSE,PRIOR_ART_COLLISION
Q-REPAIR-296,Mechanical systems,TRUE,CAND-0877,TRUE,FALSE,FALSE,SEMANTIC_INVARIANT_DRIFT
Q-REPAIR-297,Systems architecture,TRUE,CAND-0878,TRUE,FALSE,FALSE,SYNTAX_PARSE_ERROR
Q-REPAIR-297,Systems architecture,TRUE,CAND-0879,TRUE,FALSE,FALSE,HARD_CONSTRAINT_VIOLATION_TIMEOUT
Q-REPAIR-298,Chemical process systems,TRUE,CAND-0880,TRUE,FALSE,FALSE,HARD_CONSTRAINT_VIOLATION_TIMEOUT
Q-REPAIR-298,Chemical process systems,TRUE,CAND-0881,TRUE,FALSE,FALSE,HARD_CONSTRAINT_VIOLATION_TIMEOUT
Q-REPAIR-298,Chemical process systems,TRUE,CAND-0882,TRUE,FALSE,FALSE,HARD_CONSTRAINT_VIOLATION_TIMEOUT
Q-REPAIR-299,Chemical process systems,TRUE,CAND-0883,TRUE,FALSE,FALSE,HARD_CONSTRAINT_VIOLATION_TIMEOUT
Q-REPAIR-299,Chemical process systems,TRUE,CAND-0884,TRUE,FALSE,FALSE,HARD_CONSTRAINT_VIOLATION_TIMEOUT
Q-REPAIR-299,Chemical process systems,TRUE,CAND-0885,TRUE,FALSE,FALSE,SYNTAX_PARSE_ERROR
Q-REPAIR-299,Chemical process systems,TRUE,CAND-0886,TRUE,TRUE,FALSE,PRIOR_ART_COLLISION
Q-REPAIR-300,Systems architecture,TRUE,CAND-0887,TRUE,FALSE,FALSE,HARD_CONSTRAINT_VIOLATION_TIMEOUT
Q-REPAIR-300,Systems architecture,TRUE,CAND-0888,TRUE,FALSE,FALSE,SEMANTIC_INVARIANT_DRIFT
Q-REPAIR-300,Systems architecture,TRUE,CAND-0889,TRUE,TRUE,TRUE,NONE
Q-REPAIR-301,Chemical process systems,TRUE,CAND-0890,TRUE,TRUE,TRUE,NONE
Q-REPAIR-301,Chemical process systems,TRUE,CAND-0891,TRUE,FALSE,FALSE,HARD_CONSTRAINT_VIOLATION_TIMEOUT
Q-REPAIR-301,Chemical process systems,TRUE,CAND-0892,TRUE,FALSE,FALSE,HARD_CONSTRAINT_VIOLATION_TIMEOUT
Q-REPAIR-302,Chemical process systems,TRUE,CAND-0893,TRUE,FALSE,FALSE,HARD_CONSTRAINT_VIOLATION_TIMEOUT
Q-REPAIR-302,Chemical process systems,TRUE,CAND-0894,TRUE,FALSE,FALSE,SEMANTIC_INVARIANT_DRIFT
Q-REPAIR-302,Chemical process systems,TRUE,CAND-0895,TRUE,TRUE,TRUE,NONE
Q-REPAIR-303,Chemical process systems,TRUE,CAND-0896,TRUE,TRUE,TRUE,NONE
Q-REPAIR-303,Chemical process systems,TRUE,CAND-0897,TRUE,FALSE,FALSE,HARD_CONSTRAINT_VIOLATION_TIMEOUT
Q-REPAIR-303,Chemical process systems,TRUE,CAND-0898,TRUE,FALSE,FALSE,SEMANTIC_INVARIANT_DRIFT
Q-REPAIR-304,Chemical process systems,TRUE,CAND-0899,TRUE,FALSE,FALSE,HARD_CONSTRAINT_VIOLATION_TIMEOUT
Q-REPAIR-304,Chemical process systems,TRUE,CAND-0900,TRUE,FALSE,FALSE,SYNTAX_PARSE_ERROR
Q-REPAIR-304,Chemical process systems,TRUE,CAND-0901,TRUE,TRUE,TRUE,NONE
Q-REPAIR-305,Systems architecture,TRUE,CAND-0902,TRUE,TRUE,TRUE,NONE
Q-REPAIR-305,Systems architecture,TRUE,CAND-0903,TRUE,TRUE,TRUE,NONE
Q-REPAIR-306,Chemical process systems,TRUE,CAND-0904,TRUE,FALSE,FALSE,SEMANTIC_INVARIANT_DRIFT
Q-REPAIR-306,Chemical process systems,TRUE,CAND-0905,TRUE,TRUE,FALSE,PRIOR_ART_COLLISION
Q-REPAIR-306,Chemical process systems,TRUE,CAND-0906,TRUE,TRUE,TRUE,NONE
Q-REPAIR-307,Mechanical systems,TRUE,CAND-0907,TRUE,TRUE,FALSE,PRIOR_ART_COLLISION
Q-REPAIR-307,Mechanical systems,TRUE,CAND-0908,TRUE,FALSE,FALSE,HARD_CONSTRAINT_VIOLATION_TIMEOUT
Q-REPAIR-307,Mechanical systems,TRUE,CAND-0909,TRUE,TRUE,FALSE,PRIOR_ART_COLLISION
Q-REPAIR-307,Mechanical systems,TRUE,CAND-0910,TRUE,TRUE,TRUE,NONE
Q-REPAIR-308,Mechanical systems,TRUE,CAND-0911,TRUE,TRUE,TRUE,NONE
Q-REPAIR-308,Mechanical systems,TRUE,CAND-0912,TRUE,FALSE,FALSE,HARD_CONSTRAINT_VIOLATION_TIMEOUT
Q-REPAIR-308,Mechanical systems,TRUE,CAND-0913,TRUE,TRUE,TRUE,NONE
Q-REPAIR-309,Mechanical systems,TRUE,CAND-0914,TRUE,TRUE,FALSE,PRIOR_ART_COLLISION
Q-REPAIR-309,Mechanical systems,TRUE,CAND-0915,TRUE,TRUE,FALSE,PRIOR_ART_COLLISION
Q-REPAIR-309,Mechanical systems,TRUE,CAND-0916,TRUE,TRUE,FALSE,PRIOR_ART_COLLISION
Q-REPAIR-309,Mechanical systems,TRUE,CAND-0917,TRUE,TRUE,TRUE,NONE
Q-REPAIR-310,Chemical process systems,TRUE,CAND-0918,TRUE,TRUE,TRUE,NONE
Q-REPAIR-310,Chemical process systems,TRUE,CAND-0919,TRUE,TRUE,FALSE,PRIOR_ART_COLLISION
Q-REPAIR-310,Chemical process systems,TRUE,CAND-0920,TRUE,TRUE,FALSE,PRIOR_ART_COLLISION
Q-REPAIR-311,Chemical process systems,TRUE,CAND-0921,TRUE,TRUE,FALSE,PRIOR_ART_COLLISION
Q-REPAIR-311,Chemical process systems,TRUE,CAND-0922,TRUE,TRUE,FALSE,PRIOR_ART_COLLISION
Q-REPAIR-312,Chemical process systems,TRUE,CAND-0923,TRUE,FALSE,FALSE,SEMANTIC_INVARIANT_DRIFT
Q-REPAIR-312,Chemical process systems,TRUE,CAND-0924,TRUE,TRUE,TRUE,NONE
Q-REPAIR-312,Chemical process systems,TRUE,CAND-0925,TRUE,FALSE,FALSE,HARD_CONSTRAINT_VIOLATION_TIMEOUT
Q-REPAIR-312,Chemical process systems,TRUE,CAND-0926,TRUE,FALSE,FALSE,SYNTAX_PARSE_ERROR
Q-REPAIR-313,Chemical process systems,TRUE,CAND-0927,TRUE,TRUE,FALSE,PRIOR_ART_COLLISION
Q-REPAIR-313,Chemical process systems,TRUE,CAND-0928,TRUE,TRUE,TRUE,NONE
Q-REPAIR-314,Chemical process systems,TRUE,CAND-0929,TRUE,TRUE,TRUE,NONE
Q-REPAIR-314,Chemical process systems,TRUE,CAND-0930,TRUE,FALSE,FALSE,HARD_CONSTRAINT_VIOLATION_TIMEOUT
Q-REPAIR-314,Chemical process systems,TRUE,CAND-0931,TRUE,TRUE,FALSE,PRIOR_ART_COLLISION
Q-REPAIR-315,Chemical process systems,TRUE,CAND-0932,TRUE,FALSE,FALSE,HARD_CONSTRAINT_VIOLATION_TIMEOUT
Q-REPAIR-315,Chemical process systems,TRUE,CAND-0933,TRUE,FALSE,FALSE,HARD_CONSTRAINT_VIOLATION_TIMEOUT
Q-REPAIR-315,Chemical process systems,TRUE,CAND-0934,TRUE,TRUE,TRUE,NONE
Q-REPAIR-316,Chemical process systems,TRUE,CAND-0935,TRUE,TRUE,TRUE,NONE
Q-REPAIR-316,Chemical process systems,TRUE,CAND-0936,TRUE,TRUE,TRUE,NONE
Q-REPAIR-316,Chemical process systems,TRUE,CAND-0937,TRUE,TRUE,FALSE,PRIOR_ART_COLLISION
Q-REPAIR-316,Chemical process systems,TRUE,CAND-0938,TRUE,TRUE,FALSE,PRIOR_ART_COLLISION
Q-REPAIR-317,Chemical process systems,TRUE,CAND-0939,TRUE,FALSE,FALSE,SEMANTIC_INVARIANT_DRIFT
Q-REPAIR-317,Chemical process systems,TRUE,CAND-0940,TRUE,TRUE,TRUE,NONE
Q-REPAIR-317,Chemical process systems,TRUE,CAND-0941,TRUE,FALSE,FALSE,HARD_CONSTRAINT_VIOLATION_TIMEOUT
Q-REPAIR-318,Systems architecture,TRUE,CAND-0942,TRUE,FALSE,FALSE,HARD_CONSTRAINT_VIOLATION_TIMEOUT
Q-REPAIR-318,Systems architecture,TRUE,CAND-0943,TRUE,TRUE,TRUE,NONE
Q-REPAIR-318,Systems architecture,TRUE,CAND-0944,TRUE,FALSE,FALSE,HARD_CONSTRAINT_VIOLATION_TIMEOUT
Q-REPAIR-319,Chemical process systems,TRUE,CAND-0945,TRUE,FALSE,FALSE,HARD_CONSTRAINT_VIOLATION_TIMEOUT
Q-REPAIR-319,Chemical process systems,TRUE,CAND-0946,TRUE,TRUE,FALSE,PRIOR_ART_COLLISION
Q-REPAIR-320,Mechanical systems,TRUE,CAND-0947,TRUE,FALSE,FALSE,SYNTAX_PARSE_ERROR
Q-REPAIR-320,Mechanical systems,TRUE,CAND-0948,TRUE,TRUE,TRUE,NONE
Q-REPAIR-320,Mechanical systems,TRUE,CAND-0949,TRUE,TRUE,TRUE,NONE
Q-REPAIR-320,Mechanical systems,TRUE,CAND-0950,TRUE,FALSE,FALSE,SEMANTIC_INVARIANT_DRIFT
Q-REPAIR-321,Mechanical systems,TRUE,CAND-0951,TRUE,TRUE,TRUE,NONE
Q-REPAIR-321,Mechanical systems,TRUE,CAND-0952,TRUE,FALSE,FALSE,SYNTAX_PARSE_ERROR
Q-REPAIR-321,Mechanical systems,TRUE,CAND-0953,TRUE,TRUE,FALSE,PRIOR_ART_COLLISION
Q-REPAIR-322,Mechanical systems,TRUE,CAND-0954,TRUE,FALSE,FALSE,SEMANTIC_INVARIANT_DRIFT
Q-REPAIR-322,Mechanical systems,TRUE,CAND-0955,TRUE,FALSE,FALSE,SEMANTIC_INVARIANT_DRIFT
Q-REPAIR-322,Mechanical systems,TRUE,CAND-0956,TRUE,TRUE,TRUE,NONE
Q-REPAIR-323,Systems architecture,TRUE,CAND-0957,TRUE,FALSE,FALSE,SEMANTIC_INVARIANT_DRIFT
Q-REPAIR-323,Systems architecture,TRUE,CAND-0958,TRUE,TRUE,FALSE,PRIOR_ART_COLLISION
Q-REPAIR-323,Systems architecture,TRUE,CAND-0959,TRUE,FALSE,FALSE,SEMANTIC_INVARIANT_DRIFT
Q-REPAIR-324,Chemical process systems,TRUE,CAND-0960,TRUE,FALSE,FALSE,SEMANTIC_INVARIANT_DRIFT
Q-REPAIR-324,Chemical process systems,TRUE,CAND-0961,TRUE,FALSE,FALSE,SYNTAX_PARSE_ERROR
Q-REPAIR-324,Chemical process systems,TRUE,CAND-0962,TRUE,TRUE,TRUE,NONE
Q-REPAIR-325,Mechanical systems,TRUE,CAND-0963,TRUE,FALSE,FALSE,HARD_CONSTRAINT_VIOLATION_TIMEOUT
Q-REPAIR-325,Mechanical systems,TRUE,CAND-0964,TRUE,TRUE,FALSE,PRIOR_ART_COLLISION
Q-REPAIR-325,Mechanical systems,TRUE,CAND-0965,TRUE,TRUE,TRUE,NONE
Q-REPAIR-326,Systems architecture,TRUE,CAND-0966,TRUE,FALSE,FALSE,SYNTAX_PARSE_ERROR
Q-REPAIR-326,Systems architecture,TRUE,CAND-0967,TRUE,FALSE,FALSE,SEMANTIC_INVARIANT_DRIFT
Q-REPAIR-326,Systems architecture,TRUE,CAND-0968,TRUE,TRUE,FALSE,PRIOR_ART_COLLISION
Q-REPAIR-327,Mechanical systems,TRUE,CAND-0969,TRUE,TRUE,TRUE,NONE
Q-REPAIR-327,Mechanical systems,TRUE,CAND-0970,TRUE,TRUE,FALSE,PRIOR_ART_COLLISION
Q-REPAIR-327,Mechanical systems,TRUE,CAND-0971,TRUE,FALSE,FALSE,SEMANTIC_INVARIANT_DRIFT
Q-REPAIR-328,Systems architecture,TRUE,CAND-0972,TRUE,TRUE,TRUE,NONE
Q-REPAIR-328,Systems architecture,TRUE,CAND-0973,TRUE,TRUE,TRUE,NONE
Q-REPAIR-328,Systems architecture,TRUE,CAND-0974,TRUE,TRUE,TRUE,NONE
Q-REPAIR-329,Mechanical systems,TRUE,CAND-0975,TRUE,FALSE,FALSE,SEMANTIC_INVARIANT_DRIFT
Q-REPAIR-329,Mechanical systems,TRUE,CAND-0976,TRUE,FALSE,FALSE,HARD_CONSTRAINT_VIOLATION_TIMEOUT
Q-REPAIR-329,Mechanical systems,TRUE,CAND-0977,TRUE,TRUE,TRUE,NONE
Q-REPAIR-330,Chemical process systems,TRUE,CAND-0978,TRUE,TRUE,FALSE,PRIOR_ART_COLLISION
Q-REPAIR-330,Chemical process systems,TRUE,CAND-0979,TRUE,TRUE,TRUE,NONE
Q-REPAIR-331,Mechanical systems,TRUE,CAND-0980,TRUE,FALSE,FALSE,SYNTAX_PARSE_ERROR
Q-REPAIR-331,Mechanical systems,TRUE,CAND-0981,TRUE,TRUE,TRUE,NONE
Q-REPAIR-331,Mechanical systems,TRUE,CAND-0982,TRUE,FALSE,FALSE,SYNTAX_PARSE_ERROR
Q-REPAIR-332,Systems architecture,TRUE,CAND-0983,TRUE,TRUE,FALSE,PRIOR_ART_COLLISION
Q-REPAIR-332,Systems architecture,TRUE,CAND-0984,TRUE,FALSE,FALSE,SYNTAX_PARSE_ERROR
Q-REPAIR-332,Systems architecture,TRUE,CAND-0985,TRUE,TRUE,TRUE,NONE
Q-REPAIR-333,Chemical process systems,TRUE,CAND-0986,TRUE,TRUE,TRUE,NONE
Q-REPAIR-333,Chemical process systems,TRUE,CAND-0987,TRUE,FALSE,FALSE,SYNTAX_PARSE_ERROR
Q-REPAIR-333,Chemical process systems,TRUE,CAND-0988,TRUE,FALSE,FALSE,HARD_CONSTRAINT_VIOLATION_TIMEOUT
Q-REPAIR-333,Chemical process systems,TRUE,CAND-0989,TRUE,FALSE,FALSE,HARD_CONSTRAINT_VIOLATION_TIMEOUT
Q-REPAIR-334,Mechanical systems,TRUE,CAND-0990,TRUE,FALSE,FALSE,SEMANTIC_INVARIANT_DRIFT
Q-REPAIR-334,Mechanical systems,TRUE,CAND-0991,TRUE,TRUE,TRUE,NONE
Q-REPAIR-335,Chemical process systems,TRUE,CAND-0992,TRUE,FALSE,FALSE,SYNTAX_PARSE_ERROR
Q-REPAIR-335,Chemical process systems,TRUE,CAND-0993,TRUE,TRUE,TRUE,NONE
Q-REPAIR-335,Chemical process systems,TRUE,CAND-0994,TRUE,FALSE,FALSE,SYNTAX_PARSE_ERROR
Q-REPAIR-336,Mechanical systems,TRUE,CAND-0995,TRUE,FALSE,FALSE,SYNTAX_PARSE_ERROR
Q-REPAIR-336,Mechanical systems,TRUE,CAND-0996,TRUE,FALSE,FALSE,HARD_CONSTRAINT_VIOLATION_TIMEOUT
Q-REPAIR-336,Mechanical systems,TRUE,CAND-0997,TRUE,TRUE,FALSE,PRIOR_ART_COLLISION
Q-REPAIR-336,Mechanical systems,TRUE,CAND-0998,TRUE,FALSE,FALSE,HARD_CONSTRAINT_VIOLATION_TIMEOUT
Q-REPAIR-337,Chemical process systems,TRUE,CAND-0999,TRUE,TRUE,FALSE,PRIOR_ART_COLLISION
Q-REPAIR-337,Chemical process systems,TRUE,CAND-1000,TRUE,FALSE,FALSE,HARD_CONSTRAINT_VIOLATION_TIMEOUT
Q-REPAIR-337,Chemical process systems,TRUE,CAND-1001,TRUE,TRUE,FALSE,PRIOR_ART_COLLISION
Q-REPAIR-338,Chemical process systems,TRUE,CAND-1002,TRUE,FALSE,FALSE,SYNTAX_PARSE_ERROR
Q-REPAIR-338,Chemical process systems,TRUE,CAND-1003,TRUE,TRUE,TRUE,NONE
Q-REPAIR-338,Chemical process systems,TRUE,CAND-1004,TRUE,TRUE,TRUE,NONE
Q-REPAIR-339,Mechanical systems,TRUE,CAND-1005,TRUE,TRUE,TRUE,NONE
Q-REPAIR-339,Mechanical systems,TRUE,CAND-1006,TRUE,FALSE,FALSE,HARD_CONSTRAINT_VIOLATION_TIMEOUT
Q-REPAIR-340,Systems architecture,TRUE,CAND-1007,TRUE,TRUE,FALSE,PRIOR_ART_COLLISION
Q-REPAIR-340,Systems architecture,TRUE,CAND-1008,TRUE,TRUE,FALSE,PRIOR_ART_COLLISION
Q-REPAIR-340,Systems architecture,TRUE,CAND-1009,TRUE,TRUE,FALSE,PRIOR_ART_COLLISION
Q-REPAIR-340,Systems architecture,TRUE,CAND-1010,TRUE,TRUE,TRUE,NONE
Q-REPAIR-341,Chemical process systems,TRUE,CAND-1011,TRUE,FALSE,FALSE,HARD_CONSTRAINT_VIOLATION_TIMEOUT
Q-REPAIR-341,Chemical process systems,TRUE,CAND-1012,TRUE,TRUE,FALSE,PRIOR_ART_COLLISION
Q-REPAIR-341,Chemical process systems,TRUE,CAND-1013,TRUE,TRUE,TRUE,NONE
Q-REPAIR-341,Chemical process systems,TRUE,CAND-1014,TRUE,FALSE,FALSE,SEMANTIC_INVARIANT_DRIFT
Q-REPAIR-342,Mechanical systems,TRUE,CAND-1015,TRUE,FALSE,FALSE,SYNTAX_PARSE_ERROR
Q-REPAIR-342,Mechanical systems,TRUE,CAND-1016,TRUE,FALSE,FALSE,HARD_CONSTRAINT_VIOLATION_TIMEOUT
Q-REPAIR-342,Mechanical systems,TRUE,CAND-1017,TRUE,TRUE,FALSE,PRIOR_ART_COLLISION
Q-REPAIR-343,Systems architecture,TRUE,CAND-1018,TRUE,TRUE,FALSE,PRIOR_ART_COLLISION
Q-REPAIR-343,Systems architecture,TRUE,CAND-1019,TRUE,FALSE,FALSE,HARD_CONSTRAINT_VIOLATION_TIMEOUT
Q-REPAIR-344,Chemical process systems,TRUE,CAND-1020,TRUE,TRUE,FALSE,PRIOR_ART_COLLISION
Q-REPAIR-344,Chemical process systems,TRUE,CAND-1021,TRUE,TRUE,TRUE,NONE
Q-REPAIR-344,Chemical process systems,TRUE,CAND-1022,TRUE,TRUE,TRUE,NONE
Q-REPAIR-345,Systems architecture,TRUE,CAND-1023,TRUE,FALSE,FALSE,SEMANTIC_INVARIANT_DRIFT
Q-REPAIR-345,Systems architecture,TRUE,CAND-1024,TRUE,FALSE,FALSE,SYNTAX_PARSE_ERROR
Q-REPAIR-346,Chemical process systems,TRUE,CAND-1025,TRUE,TRUE,FALSE,PRIOR_ART_COLLISION
Q-REPAIR-346,Chemical process systems,TRUE,CAND-1026,TRUE,FALSE,FALSE,HARD_CONSTRAINT_VIOLATION_TIMEOUT
Q-REPAIR-346,Chemical process systems,TRUE,CAND-1027,TRUE,TRUE,FALSE,PRIOR_ART_COLLISION
Q-REPAIR-347,Systems architecture,TRUE,CAND-1028,TRUE,FALSE,FALSE,SEMANTIC_INVARIANT_DRIFT
Q-REPAIR-347,Systems architecture,TRUE,CAND-1029,TRUE,FALSE,FALSE,SEMANTIC_INVARIANT_DRIFT
Q-REPAIR-347,Systems architecture,TRUE,CAND-1030,TRUE,FALSE,FALSE,SEMANTIC_INVARIANT_DRIFT
Q-REPAIR-348,Systems architecture,TRUE,CAND-1031,TRUE,FALSE,FALSE,SEMANTIC_INVARIANT_DRIFT
Q-REPAIR-348,Systems architecture,TRUE,CAND-1032,TRUE,FALSE,FALSE,SEMANTIC_INVARIANT_DRIFT
Q-REPAIR-348,Systems architecture,TRUE,CAND-1033,TRUE,FALSE,FALSE,HARD_CONSTRAINT_VIOLATION_TIMEOUT
Q-REPAIR-348,Systems architecture,TRUE,CAND-1034,TRUE,TRUE,TRUE,NONE
Q-REPAIR-349,Chemical process systems,TRUE,CAND-1035,TRUE,TRUE,TRUE,NONE
Q-REPAIR-349,Chemical process systems,TRUE,CAND-1036,TRUE,FALSE,FALSE,HARD_CONSTRAINT_VIOLATION_TIMEOUT
Q-REPAIR-349,Chemical process systems,TRUE,CAND-1037,TRUE,FALSE,FALSE,SYNTAX_PARSE_ERROR
Q-REPAIR-350,Systems architecture,TRUE,CAND-1038,TRUE,FALSE,FALSE,SEMANTIC_INVARIANT_DRIFT
Q-REPAIR-350,Systems architecture,TRUE,CAND-1039,TRUE,TRUE,TRUE,NONE
Q-REPAIR-350,Systems architecture,TRUE,CAND-1040,TRUE,TRUE,TRUE,NONE
Q-REPAIR-351,Systems architecture,TRUE,CAND-1041,TRUE,TRUE,FALSE,PRIOR_ART_COLLISION
Q-REPAIR-351,Systems architecture,TRUE,CAND-1042,TRUE,FALSE,FALSE,SYNTAX_PARSE_ERROR
Q-REPAIR-352,Systems architecture,TRUE,CAND-1043,TRUE,TRUE,FALSE,PRIOR_ART_COLLISION
Q-REPAIR-352,Systems architecture,TRUE,CAND-1044,TRUE,FALSE,FALSE,SEMANTIC_INVARIANT_DRIFT
Q-REPAIR-352,Systems architecture,TRUE,CAND-1045,TRUE,TRUE,TRUE,NONE
Q-REPAIR-352,Systems architecture,TRUE,CAND-1046,TRUE,TRUE,FALSE,PRIOR_ART_COLLISION
Q-REPAIR-353,Systems architecture,TRUE,CAND-1047,TRUE,TRUE,TRUE,NONE
Q-REPAIR-353,Systems architecture,TRUE,CAND-1048,TRUE,TRUE,FALSE,PRIOR_ART_COLLISION
Q-REPAIR-353,Systems architecture,TRUE,CAND-1049,TRUE,TRUE,TRUE,NONE
Q-REPAIR-353,Systems architecture,TRUE,CAND-1050,TRUE,FALSE,FALSE,SEMANTIC_INVARIANT_DRIFT
Q-REPAIR-354,Systems architecture,TRUE,CAND-1051,TRUE,TRUE,FALSE,PRIOR_ART_COLLISION
Q-REPAIR-354,Systems architecture,TRUE,CAND-1052,TRUE,TRUE,FALSE,PRIOR_ART_COLLISION
Q-REPAIR-354,Systems architecture,TRUE,CAND-1053,TRUE,TRUE,FALSE,PRIOR_ART_COLLISION
Q-REPAIR-355,Chemical process systems,TRUE,CAND-1054,TRUE,FALSE,FALSE,SEMANTIC_INVARIANT_DRIFT
Q-REPAIR-355,Chemical process systems,TRUE,CAND-1055,TRUE,TRUE,FALSE,PRIOR_ART_COLLISION
Q-REPAIR-356,Systems architecture,TRUE,CAND-1056,TRUE,FALSE,FALSE,HARD_CONSTRAINT_VIOLATION_TIMEOUT
Q-REPAIR-356,Systems architecture,TRUE,CAND-1057,TRUE,FALSE,FALSE,HARD_CONSTRAINT_VIOLATION_TIMEOUT
Q-REPAIR-356,Systems architecture,TRUE,CAND-1058,TRUE,FALSE,FALSE,HARD_CONSTRAINT_VIOLATION_TIMEOUT
Q-REPAIR-356,Systems architecture,TRUE,CAND-1059,TRUE,FALSE,FALSE,HARD_CONSTRAINT_VIOLATION_TIMEOUT
Q-REPAIR-357,Chemical process systems,TRUE,CAND-1060,TRUE,TRUE,TRUE,NONE
Q-REPAIR-357,Chemical process systems,TRUE,CAND-1061,TRUE,FALSE,FALSE,SYNTAX_PARSE_ERROR
Q-REPAIR-358,Systems architecture,TRUE,CAND-1062,TRUE,FALSE,FALSE,SYNTAX_PARSE_ERROR
Q-REPAIR-358,Systems architecture,TRUE,CAND-1063,TRUE,TRUE,TRUE,NONE
Q-REPAIR-359,Chemical process systems,TRUE,CAND-1064,TRUE,TRUE,FALSE,PRIOR_ART_COLLISION
Q-REPAIR-359,Chemical process systems,TRUE,CAND-1065,TRUE,FALSE,FALSE,SEMANTIC_INVARIANT_DRIFT
Q-REPAIR-359,Chemical process systems,TRUE,CAND-1066,TRUE,FALSE,FALSE,SEMANTIC_INVARIANT_DRIFT
Q-REPAIR-359,Chemical process systems,TRUE,CAND-1067,TRUE,TRUE,TRUE,NONE
Q-REPAIR-360,Chemical process systems,TRUE,CAND-1068,TRUE,FALSE,FALSE,SYNTAX_PARSE_ERROR
Q-REPAIR-360,Chemical process systems,TRUE,CAND-1069,TRUE,FALSE,FALSE,HARD_CONSTRAINT_VIOLATION_TIMEOUT
Q-REPAIR-361,Mechanical systems,TRUE,CAND-1070,TRUE,FALSE,FALSE,HARD_CONSTRAINT_VIOLATION_TIMEOUT
Q-REPAIR-361,Mechanical systems,TRUE,CAND-1071,TRUE,FALSE,FALSE,HARD_CONSTRAINT_VIOLATION_TIMEOUT
Q-REPAIR-361,Mechanical systems,TRUE,CAND-1072,TRUE,TRUE,TRUE,NONE
Q-REPAIR-362,Chemical process systems,TRUE,CAND-1073,TRUE,TRUE,TRUE,NONE
Q-REPAIR-362,Chemical process systems,TRUE,CAND-1074,TRUE,TRUE,FALSE,PRIOR_ART_COLLISION
Q-REPAIR-362,Chemical process systems,TRUE,CAND-1075,TRUE,FALSE,FALSE,HARD_CONSTRAINT_VIOLATION_TIMEOUT
Q-REPAIR-362,Chemical process systems,TRUE,CAND-1076,TRUE,TRUE,FALSE,PRIOR_ART_COLLISION
Q-REPAIR-363,Chemical process systems,TRUE,CAND-1077,TRUE,FALSE,FALSE,SEMANTIC_INVARIANT_DRIFT
Q-REPAIR-363,Chemical process systems,TRUE,CAND-1078,TRUE,TRUE,FALSE,PRIOR_ART_COLLISION
Q-REPAIR-363,Chemical process systems,TRUE,CAND-1079,TRUE,TRUE,FALSE,PRIOR_ART_COLLISION
Q-REPAIR-364,Chemical process systems,TRUE,CAND-1080,TRUE,TRUE,FALSE,PRIOR_ART_COLLISION
Q-REPAIR-364,Chemical process systems,TRUE,CAND-1081,TRUE,TRUE,FALSE,PRIOR_ART_COLLISION
Q-REPAIR-365,Chemical process systems,TRUE,CAND-1082,TRUE,TRUE,FALSE,PRIOR_ART_COLLISION
Q-REPAIR-365,Chemical process systems,TRUE,CAND-1083,TRUE,FALSE,FALSE,SEMANTIC_INVARIANT_DRIFT
Q-REPAIR-366,Systems architecture,TRUE,CAND-1084,TRUE,TRUE,FALSE,PRIOR_ART_COLLISION
Q-REPAIR-366,Systems architecture,TRUE,CAND-1085,TRUE,TRUE,TRUE,NONE
Q-REPAIR-366,Systems architecture,TRUE,CAND-1086,TRUE,FALSE,FALSE,HARD_CONSTRAINT_VIOLATION_TIMEOUT
Q-REPAIR-367,Systems architecture,TRUE,CAND-1087,TRUE,FALSE,FALSE,SEMANTIC_INVARIANT_DRIFT
Q-REPAIR-367,Systems architecture,TRUE,CAND-1088,TRUE,FALSE,FALSE,SEMANTIC_INVARIANT_DRIFT
Q-REPAIR-367,Systems architecture,TRUE,CAND-1089,TRUE,FALSE,FALSE,HARD_CONSTRAINT_VIOLATION_TIMEOUT
Q-REPAIR-368,Mechanical systems,TRUE,CAND-1090,TRUE,TRUE,TRUE,NONE
Q-REPAIR-368,Mechanical systems,TRUE,CAND-1091,TRUE,TRUE,TRUE,NONE
Q-REPAIR-369,Mechanical systems,TRUE,CAND-1092,TRUE,FALSE,FALSE,HARD_CONSTRAINT_VIOLATION_TIMEOUT
Q-REPAIR-369,Mechanical systems,TRUE,CAND-1093,TRUE,TRUE,TRUE,NONE
Q-REPAIR-370,Systems architecture,TRUE,CAND-1094,TRUE,FALSE,FALSE,HARD_CONSTRAINT_VIOLATION_TIMEOUT
Q-REPAIR-370,Systems architecture,TRUE,CAND-1095,TRUE,FALSE,FALSE,SEMANTIC_INVARIANT_DRIFT
Q-REPAIR-370,Systems architecture,TRUE,CAND-1096,TRUE,TRUE,TRUE,NONE
Q-REPAIR-371,Mechanical systems,TRUE,CAND-1097,TRUE,TRUE,FALSE,PRIOR_ART_COLLISION
Q-REPAIR-371,Mechanical systems,TRUE,CAND-1098,TRUE,TRUE,FALSE,PRIOR_ART_COLLISION
Q-REPAIR-371,Mechanical systems,TRUE,CAND-1099,TRUE,FALSE,FALSE,HARD_CONSTRAINT_VIOLATION_TIMEOUT
Q-REPAIR-371,Mechanical systems,TRUE,CAND-1100,TRUE,TRUE,FALSE,PRIOR_ART_COLLISION
Q-REPAIR-372,Mechanical systems,TRUE,CAND-1101,TRUE,TRUE,FALSE,PRIOR_ART_COLLISION
Q-REPAIR-372,Mechanical systems,TRUE,CAND-1102,TRUE,FALSE,FALSE,HARD_CONSTRAINT_VIOLATION_TIMEOUT
Q-REPAIR-372,Mechanical systems,TRUE,CAND-1103,TRUE,FALSE,FALSE,SYNTAX_PARSE_ERROR
Q-REPAIR-373,Chemical process systems,TRUE,CAND-1104,TRUE,FALSE,FALSE,SYNTAX_PARSE_ERROR
Q-REPAIR-373,Chemical process systems,TRUE,CAND-1105,TRUE,TRUE,FALSE,PRIOR_ART_COLLISION
Q-REPAIR-373,Chemical process systems,TRUE,CAND-1106,TRUE,TRUE,TRUE,NONE
Q-REPAIR-374,Chemical process systems,TRUE,CAND-1107,TRUE,FALSE,FALSE,SYNTAX_PARSE_ERROR
Q-REPAIR-374,Chemical process systems,TRUE,CAND-1108,TRUE,FALSE,FALSE,SEMANTIC_INVARIANT_DRIFT
Q-REPAIR-375,Chemical process systems,TRUE,CAND-1109,TRUE,FALSE,FALSE,SYNTAX_PARSE_ERROR
Q-REPAIR-375,Chemical process systems,TRUE,CAND-1110,TRUE,FALSE,FALSE,SEMANTIC_INVARIANT_DRIFT
Q-REPAIR-375,Chemical process systems,TRUE,CAND-1111,TRUE,TRUE,TRUE,NONE
Q-REPAIR-375,Chemical process systems,TRUE,CAND-1112,TRUE,FALSE,FALSE,HARD_CONSTRAINT_VIOLATION_TIMEOUT
Q-REPAIR-376,Chemical process systems,TRUE,CAND-1113,TRUE,TRUE,FALSE,PRIOR_ART_COLLISION
Q-REPAIR-376,Chemical process systems,TRUE,CAND-1114,TRUE,TRUE,TRUE,NONE
Q-REPAIR-376,Chemical process systems,TRUE,CAND-1115,TRUE,TRUE,TRUE,NONE
Q-REPAIR-376,Chemical process systems,TRUE,CAND-1116,TRUE,FALSE,FALSE,SEMANTIC_INVARIANT_DRIFT
Q-REPAIR-377,Systems architecture,TRUE,CAND-1117,TRUE,FALSE,FALSE,SEMANTIC_INVARIANT_DRIFT
Q-REPAIR-377,Systems architecture,TRUE,CAND-1118,TRUE,TRUE,FALSE,PRIOR_ART_COLLISION
Q-REPAIR-377,Systems architecture,TRUE,CAND-1119,TRUE,FALSE,FALSE,HARD_CONSTRAINT_VIOLATION_TIMEOUT
Q-REPAIR-377,Systems architecture,TRUE,CAND-1120,TRUE,TRUE,FALSE,PRIOR_ART_COLLISION
Q-REPAIR-378,Mechanical systems,TRUE,CAND-1121,TRUE,TRUE,FALSE,PRIOR_ART_COLLISION
Q-REPAIR-378,Mechanical systems,TRUE,CAND-1122,TRUE,TRUE,TRUE,NONE
Q-REPAIR-378,Mechanical systems,TRUE,CAND-1123,TRUE,FALSE,FALSE,SYNTAX_PARSE_ERROR
Q-REPAIR-379,Chemical process systems,TRUE,CAND-1124,TRUE,TRUE,TRUE,NONE
Q-REPAIR-379,Chemical process systems,TRUE,CAND-1125,TRUE,FALSE,FALSE,HARD_CONSTRAINT_VIOLATION_TIMEOUT
Q-REPAIR-379,Chemical process systems,TRUE,CAND-1126,TRUE,FALSE,FALSE,SYNTAX_PARSE_ERROR
Q-REPAIR-380,Chemical process systems,TRUE,CAND-1127,TRUE,FALSE,FALSE,SYNTAX_PARSE_ERROR
Q-REPAIR-380,Chemical process systems,TRUE,CAND-1128,TRUE,TRUE,TRUE,NONE
Q-REPAIR-380,Chemical process systems,TRUE,CAND-1129,TRUE,TRUE,TRUE,NONE
Q-REPAIR-381,Chemical process systems,TRUE,CAND-1130,TRUE,TRUE,FALSE,PRIOR_ART_COLLISION
Q-REPAIR-381,Chemical process systems,TRUE,CAND-1131,TRUE,TRUE,TRUE,NONE
Q-REPAIR-381,Chemical process systems,TRUE,CAND-1132,TRUE,FALSE,FALSE,SEMANTIC_INVARIANT_DRIFT
Q-REPAIR-381,Chemical process systems,TRUE,CAND-1133,TRUE,FALSE,FALSE,HARD_CONSTRAINT_VIOLATION_TIMEOUT
Q-REPAIR-382,Chemical process systems,TRUE,CAND-1134,TRUE,TRUE,FALSE,PRIOR_ART_COLLISION
Q-REPAIR-382,Chemical process systems,TRUE,CAND-1135,TRUE,TRUE,TRUE,NONE
Q-REPAIR-382,Chemical process systems,TRUE,CAND-1136,TRUE,FALSE,FALSE,SYNTAX_PARSE_ERROR
Q-REPAIR-383,Chemical process systems,TRUE,CAND-1137,TRUE,FALSE,FALSE,HARD_CONSTRAINT_VIOLATION_TIMEOUT
Q-REPAIR-383,Chemical process systems,TRUE,CAND-1138,TRUE,TRUE,TRUE,NONE
Q-REPAIR-384,Chemical process systems,TRUE,CAND-1139,TRUE,FALSE,FALSE,SEMANTIC_INVARIANT_DRIFT
Q-REPAIR-384,Chemical process systems,TRUE,CAND-1140,TRUE,FALSE,FALSE,HARD_CONSTRAINT_VIOLATION_TIMEOUT
Q-REPAIR-385,Systems architecture,TRUE,CAND-1141,TRUE,FALSE,FALSE,HARD_CONSTRAINT_VIOLATION_TIMEOUT
Q-REPAIR-385,Systems architecture,TRUE,CAND-1142,TRUE,FALSE,FALSE,SYNTAX_PARSE_ERROR
Q-REPAIR-385,Systems architecture,TRUE,CAND-1143,TRUE,FALSE,FALSE,HARD_CONSTRAINT_VIOLATION_TIMEOUT
Q-REPAIR-386,Chemical process systems,TRUE,CAND-1144,TRUE,TRUE,TRUE,NONE
Q-REPAIR-386,Chemical process systems,TRUE,CAND-1145,TRUE,TRUE,TRUE,NONE
Q-REPAIR-386,Chemical process systems,TRUE,CAND-1146,TRUE,FALSE,FALSE,SYNTAX_PARSE_ERROR
Q-REPAIR-386,Chemical process systems,TRUE,CAND-1147,TRUE,FALSE,FALSE,HARD_CONSTRAINT_VIOLATION_TIMEOUT
Q-REPAIR-387,Systems architecture,TRUE,CAND-1148,TRUE,TRUE,TRUE,NONE
Q-REPAIR-387,Systems architecture,TRUE,CAND-1149,TRUE,TRUE,TRUE,NONE
Q-REPAIR-388,Chemical process systems,TRUE,CAND-1150,TRUE,FALSE,FALSE,SEMANTIC_INVARIANT_DRIFT
Q-REPAIR-388,Chemical process systems,TRUE,CAND-1151,TRUE,TRUE,FALSE,PRIOR_ART_COLLISION
Q-REPAIR-389,Mechanical systems,TRUE,CAND-1152,TRUE,FALSE,FALSE,SYNTAX_PARSE_ERROR
Q-REPAIR-389,Mechanical systems,TRUE,CAND-1153,TRUE,FALSE,FALSE,HARD_CONSTRAINT_VIOLATION_TIMEOUT
Q-REPAIR-389,Mechanical systems,TRUE,CAND-1154,TRUE,FALSE,FALSE,HARD_CONSTRAINT_VIOLATION_TIMEOUT
Q-REPAIR-390,Chemical process systems,TRUE,CAND-1155,TRUE,FALSE,FALSE,SYNTAX_PARSE_ERROR
Q-REPAIR-390,Chemical process systems,TRUE,CAND-1156,TRUE,FALSE,FALSE,SYNTAX_PARSE_ERROR
Q-REPAIR-390,Chemical process systems,TRUE,CAND-1157,TRUE,TRUE,TRUE,NONE
Q-REPAIR-390,Chemical process systems,TRUE,CAND-1158,TRUE,TRUE,TRUE,NONE
Q-REPAIR-391,Systems architecture,TRUE,CAND-1159,TRUE,FALSE,FALSE,HARD_CONSTRAINT_VIOLATION_TIMEOUT
Q-REPAIR-391,Systems architecture,TRUE,CAND-1160,TRUE,TRUE,FALSE,PRIOR_ART_COLLISION
Q-REPAIR-391,Systems architecture,TRUE,CAND-1161,TRUE,TRUE,TRUE,NONE
Q-REPAIR-392,Systems architecture,TRUE,CAND-1162,TRUE,TRUE,TRUE,NONE
Q-REPAIR-392,Systems architecture,TRUE,CAND-1163,TRUE,TRUE,FALSE,PRIOR_ART_COLLISION
Q-REPAIR-392,Systems architecture,TRUE,CAND-1164,TRUE,FALSE,FALSE,SYNTAX_PARSE_ERROR
Q-REPAIR-393,Systems architecture,TRUE,CAND-1165,TRUE,FALSE,FALSE,SEMANTIC_INVARIANT_DRIFT
Q-REPAIR-393,Systems architecture,TRUE,CAND-1166,TRUE,FALSE,FALSE,HARD_CONSTRAINT_VIOLATION_TIMEOUT
Q-REPAIR-393,Systems architecture,TRUE,CAND-1167,TRUE,TRUE,TRUE,NONE
Q-REPAIR-394,Chemical process systems,TRUE,CAND-1168,TRUE,TRUE,FALSE,PRIOR_ART_COLLISION
Q-REPAIR-394,Chemical process systems,TRUE,CAND-1169,TRUE,TRUE,FALSE,PRIOR_ART_COLLISION
Q-REPAIR-394,Chemical process systems,TRUE,CAND-1170,TRUE,FALSE,FALSE,SYNTAX_PARSE_ERROR
Q-REPAIR-394,Chemical process systems,TRUE,CAND-1171,TRUE,TRUE,FALSE,PRIOR_ART_COLLISION
Q-REPAIR-395,Chemical process systems,TRUE,CAND-1172,TRUE,FALSE,FALSE,HARD_CONSTRAINT_VIOLATION_TIMEOUT
Q-REPAIR-395,Chemical process systems,TRUE,CAND-1173,TRUE,FALSE,FALSE,SYNTAX_PARSE_ERROR
Q-REPAIR-396,Systems architecture,TRUE,CAND-1174,TRUE,FALSE,FALSE,SYNTAX_PARSE_ERROR
Q-REPAIR-396,Systems architecture,TRUE,CAND-1175,TRUE,TRUE,FALSE,PRIOR_ART_COLLISION
Q-REPAIR-396,Systems architecture,TRUE,CAND-1176,TRUE,TRUE,FALSE,PRIOR_ART_COLLISION
Q-REPAIR-397,Mechanical systems,TRUE,CAND-1177,TRUE,TRUE,FALSE,PRIOR_ART_COLLISION
Q-REPAIR-397,Mechanical systems,TRUE,CAND-1178,TRUE,TRUE,FALSE,PRIOR_ART_COLLISION
Q-REPAIR-397,Mechanical systems,TRUE,CAND-1179,TRUE,TRUE,TRUE,NONE
Q-REPAIR-398,Systems architecture,TRUE,CAND-1180,TRUE,TRUE,FALSE,PRIOR_ART_COLLISION
Q-REPAIR-398,Systems architecture,TRUE,CAND-1181,TRUE,TRUE,TRUE,NONE
Q-REPAIR-398,Systems architecture,TRUE,CAND-1182,TRUE,TRUE,FALSE,PRIOR_ART_COLLISION
Q-REPAIR-399,Systems architecture,TRUE,CAND-1183,TRUE,TRUE,TRUE,NONE
Q-REPAIR-399,Systems architecture,TRUE,CAND-1184,TRUE,TRUE,FALSE,PRIOR_ART_COLLISION
Q-REPAIR-399,Systems architecture,TRUE,CAND-1185,TRUE,FALSE,FALSE,SEMANTIC_INVARIANT_DRIFT
Q-REPAIR-400,Chemical process systems,TRUE,CAND-1186,TRUE,TRUE,TRUE,NONE
Q-REPAIR-400,Chemical process systems,TRUE,CAND-1187,TRUE,TRUE,FALSE,PRIOR_ART_COLLISION
Q-REPAIR-401,Systems architecture,TRUE,CAND-1188,TRUE,FALSE,FALSE,SYNTAX_PARSE_ERROR
Q-REPAIR-401,Systems architecture,TRUE,CAND-1189,TRUE,FALSE,FALSE,SYNTAX_PARSE_ERROR
Q-REPAIR-401,Systems architecture,TRUE,CAND-1190,TRUE,TRUE,TRUE,NONE
Q-REPAIR-402,Chemical process systems,TRUE,CAND-1191,TRUE,FALSE,FALSE,SEMANTIC_INVARIANT_DRIFT
Q-REPAIR-402,Chemical process systems,TRUE,CAND-1192,TRUE,TRUE,TRUE,NONE
Q-REPAIR-402,Chemical process systems,TRUE,CAND-1193,TRUE,TRUE,TRUE,NONE
Q-REPAIR-403,Systems architecture,TRUE,CAND-1194,TRUE,TRUE,FALSE,PRIOR_ART_COLLISION
Q-REPAIR-403,Systems architecture,TRUE,CAND-1195,TRUE,TRUE,TRUE,NONE
Q-REPAIR-404,Chemical process systems,TRUE,CAND-1196,TRUE,TRUE,FALSE,PRIOR_ART_COLLISION
Q-REPAIR-404,Chemical process systems,TRUE,CAND-1197,TRUE,TRUE,FALSE,PRIOR_ART_COLLISION
Q-REPAIR-404,Chemical process systems,TRUE,CAND-1198,TRUE,FALSE,FALSE,SEMANTIC_INVARIANT_DRIFT
Q-REPAIR-405,Systems architecture,TRUE,CAND-1199,TRUE,TRUE,TRUE,NONE
Q-REPAIR-405,Systems architecture,TRUE,CAND-1200,TRUE,FALSE,FALSE,HARD_CONSTRAINT_VIOLATION_TIMEOUT
Q-REPAIR-406,Chemical process systems,TRUE,CAND-1201,TRUE,TRUE,FALSE,PRIOR_ART_COLLISION
Q-REPAIR-406,Chemical process systems,TRUE,CAND-1202,TRUE,FALSE,FALSE,HARD_CONSTRAINT_VIOLATION_TIMEOUT
Q-REPAIR-407,Systems architecture,TRUE,CAND-1203,TRUE,TRUE,TRUE,NONE
Q-REPAIR-407,Systems architecture,TRUE,CAND-1204,TRUE,FALSE,FALSE,SEMANTIC_INVARIANT_DRIFT
Q-REPAIR-408,Chemical process systems,TRUE,CAND-1205,TRUE,FALSE,FALSE,HARD_CONSTRAINT_VIOLATION_TIMEOUT
Q-REPAIR-408,Chemical process systems,TRUE,CAND-1206,TRUE,FALSE,FALSE,HARD_CONSTRAINT_VIOLATION_TIMEOUT
Q-REPAIR-408,Chemical process systems,TRUE,CAND-1207,TRUE,TRUE,FALSE,PRIOR_ART_COLLISION
Q-REPAIR-409,Systems architecture,TRUE,CAND-1208,TRUE,TRUE,TRUE,NONE
Q-REPAIR-409,Systems architecture,TRUE,CAND-1209,TRUE,FALSE,FALSE,SEMANTIC_INVARIANT_DRIFT
Q-REPAIR-409,Systems architecture,TRUE,CAND-1210,TRUE,FALSE,FALSE,SEMANTIC_INVARIANT_DRIFT
Q-REPAIR-410,Mechanical systems,TRUE,CAND-1211,TRUE,TRUE,TRUE,NONE
Q-REPAIR-410,Mechanical systems,TRUE,CAND-1212,TRUE,FALSE,FALSE,HARD_CONSTRAINT_VIOLATION_TIMEOUT
Q-REPAIR-410,Mechanical systems,TRUE,CAND-1213,TRUE,FALSE,FALSE,HARD_CONSTRAINT_VIOLATION_TIMEOUT
Q-REPAIR-411,Chemical process systems,TRUE,CAND-1214,TRUE,TRUE,TRUE,NONE
Q-REPAIR-411,Chemical process systems,TRUE,CAND-1215,TRUE,TRUE,TRUE,NONE
Q-REPAIR-411,Chemical process systems,TRUE,CAND-1216,TRUE,TRUE,TRUE,NONE
Q-REPAIR-411,Chemical process systems,TRUE,CAND-1217,TRUE,TRUE,TRUE,NONE
Q-REPAIR-412,Systems architecture,TRUE,CAND-1218,TRUE,TRUE,FALSE,PRIOR_ART_COLLISION
Q-REPAIR-412,Systems architecture,TRUE,CAND-1219,TRUE,TRUE,FALSE,PRIOR_ART_COLLISION
Q-REPAIR-412,Systems architecture,TRUE,CAND-1220,TRUE,FALSE,FALSE,HARD_CONSTRAINT_VIOLATION_TIMEOUT
Q-REPAIR-412,Systems architecture,TRUE,CAND-1221,TRUE,TRUE,TRUE,NONE
Q-REPAIR-413,Chemical process systems,TRUE,CAND-1222,TRUE,FALSE,FALSE,SEMANTIC_INVARIANT_DRIFT
Q-REPAIR-413,Chemical process systems,TRUE,CAND-1223,TRUE,FALSE,FALSE,SEMANTIC_INVARIANT_DRIFT
Q-REPAIR-413,Chemical process systems,TRUE,CAND-1224,TRUE,TRUE,TRUE,NONE
Q-REPAIR-414,Mechanical systems,TRUE,CAND-1225,TRUE,FALSE,FALSE,SEMANTIC_INVARIANT_DRIFT
Q-REPAIR-414,Mechanical systems,TRUE,CAND-1226,TRUE,TRUE,TRUE,NONE
Q-REPAIR-414,Mechanical systems,TRUE,CAND-1227,TRUE,TRUE,TRUE,NONE
Q-REPAIR-414,Mechanical systems,TRUE,CAND-1228,TRUE,FALSE,FALSE,SEMANTIC_INVARIANT_DRIFT
Q-REPAIR-415,Chemical process systems,TRUE,CAND-1229,TRUE,FALSE,FALSE,HARD_CONSTRAINT_VIOLATION_TIMEOUT
Q-REPAIR-415,Chemical process systems,TRUE,CAND-1230,TRUE,TRUE,FALSE,PRIOR_ART_COLLISION
Q-REPAIR-415,Chemical process systems,TRUE,CAND-1231,TRUE,TRUE,TRUE,NONE
Q-REPAIR-415,Chemical process systems,TRUE,CAND-1232,TRUE,TRUE,FALSE,PRIOR_ART_COLLISION
Q-REPAIR-416,Mechanical systems,TRUE,CAND-1233,TRUE,TRUE,FALSE,PRIOR_ART_COLLISION
Q-REPAIR-416,Mechanical systems,TRUE,CAND-1234,TRUE,TRUE,TRUE,NONE
Q-REPAIR-416,Mechanical systems,TRUE,CAND-1235,TRUE,FALSE,FALSE,HARD_CONSTRAINT_VIOLATION_TIMEOUT
Q-REPAIR-417,Systems architecture,TRUE,CAND-1236,TRUE,TRUE,FALSE,PRIOR_ART_COLLISION
Q-REPAIR-417,Systems architecture,TRUE,CAND-1237,TRUE,FALSE,FALSE,SYNTAX_PARSE_ERROR
Q-REPAIR-418,Mechanical systems,TRUE,CAND-1238,TRUE,FALSE,FALSE,SEMANTIC_INVARIANT_DRIFT
Q-REPAIR-418,Mechanical systems,TRUE,CAND-1239,TRUE,TRUE,TRUE,NONE
Q-REPAIR-418,Mechanical systems,TRUE,CAND-1240,TRUE,TRUE,FALSE,PRIOR_ART_COLLISION
Q-REPAIR-419,Mechanical systems,TRUE,CAND-1241,TRUE,FALSE,FALSE,HARD_CONSTRAINT_VIOLATION_TIMEOUT
Q-REPAIR-419,Mechanical systems,TRUE,CAND-1242,TRUE,FALSE,FALSE,SEMANTIC_INVARIANT_DRIFT
Q-REPAIR-419,Mechanical systems,TRUE,CAND-1243,TRUE,TRUE,TRUE,NONE
Q-REPAIR-420,Chemical process systems,TRUE,CAND-1244,TRUE,TRUE,TRUE,NONE
Q-REPAIR-420,Chemical process systems,TRUE,CAND-1245,TRUE,TRUE,FALSE,PRIOR_ART_COLLISION
Q-REPAIR-420,Chemical process systems,TRUE,CAND-1246,TRUE,FALSE,FALSE,SYNTAX_PARSE_ERROR
Q-REPAIR-420,Chemical process systems,TRUE,CAND-1247,TRUE,TRUE,TRUE,NONE
Q-REPAIR-421,Systems architecture,TRUE,CAND-1248,TRUE,TRUE,TRUE,NONE
Q-REPAIR-421,Systems architecture,TRUE,CAND-1249,TRUE,FALSE,FALSE,SEMANTIC_INVARIANT_DRIFT
Q-REPAIR-422,Chemical process systems,TRUE,CAND-1250,TRUE,FALSE,FALSE,HARD_CONSTRAINT_VIOLATION_TIMEOUT
Q-REPAIR-422,Chemical process systems,TRUE,CAND-1251,TRUE,FALSE,FALSE,HARD_CONSTRAINT_VIOLATION_TIMEOUT
Q-REPAIR-422,Chemical process systems,TRUE,CAND-1252,TRUE,FALSE,FALSE,HARD_CONSTRAINT_VIOLATION_TIMEOUT
Q-REPAIR-422,Chemical process systems,TRUE,CAND-1253,TRUE,TRUE,TRUE,NONE
Q-REPAIR-423,Chemical process systems,TRUE,CAND-1254,TRUE,TRUE,TRUE,NONE
Q-REPAIR-423,Chemical process systems,TRUE,CAND-1255,TRUE,FALSE,FALSE,SYNTAX_PARSE_ERROR
Q-REPAIR-423,Chemical process systems,TRUE,CAND-1256,TRUE,TRUE,TRUE,NONE
Q-REPAIR-424,Chemical process systems,TRUE,CAND-1257,TRUE,TRUE,TRUE,NONE
Q-REPAIR-424,Chemical process systems,TRUE,CAND-1258,TRUE,TRUE,FALSE,PRIOR_ART_COLLISION
Q-REPAIR-424,Chemical process systems,TRUE,CAND-1259,TRUE,FALSE,FALSE,HARD_CONSTRAINT_VIOLATION_TIMEOUT
Q-REPAIR-425,Systems architecture,TRUE,CAND-1260,TRUE,FALSE,FALSE,SEMANTIC_INVARIANT_DRIFT
Q-REPAIR-425,Systems architecture,TRUE,CAND-1261,TRUE,TRUE,FALSE,PRIOR_ART_COLLISION
Q-REPAIR-426,Mechanical systems,TRUE,CAND-1262,TRUE,TRUE,FALSE,PRIOR_ART_COLLISION
Q-REPAIR-426,Mechanical systems,TRUE,CAND-1263,TRUE,FALSE,FALSE,SEMANTIC_INVARIANT_DRIFT
Q-REPAIR-426,Mechanical systems,TRUE,CAND-1264,TRUE,FALSE,FALSE,SEMANTIC_INVARIANT_DRIFT
Q-REPAIR-427,Mechanical systems,TRUE,CAND-1265,TRUE,TRUE,TRUE,NONE
Q-REPAIR-427,Mechanical systems,TRUE,CAND-1266,TRUE,FALSE,FALSE,SYNTAX_PARSE_ERROR
Q-REPAIR-427,Mechanical systems,TRUE,CAND-1267,TRUE,FALSE,FALSE,HARD_CONSTRAINT_VIOLATION_TIMEOUT
Q-REPAIR-427,Mechanical systems,TRUE,CAND-1268,TRUE,TRUE,TRUE,NONE
Q-REPAIR-428,Mechanical systems,TRUE,CAND-1269,TRUE,TRUE,FALSE,PRIOR_ART_COLLISION
Q-REPAIR-428,Mechanical systems,TRUE,CAND-1270,TRUE,FALSE,FALSE,SEMANTIC_INVARIANT_DRIFT
Q-REPAIR-428,Mechanical systems,TRUE,CAND-1271,TRUE,FALSE,FALSE,SEMANTIC_INVARIANT_DRIFT
Q-REPAIR-429,Systems architecture,TRUE,CAND-1272,TRUE,TRUE,TRUE,NONE
Q-REPAIR-429,Systems architecture,TRUE,CAND-1273,TRUE,TRUE,FALSE,PRIOR_ART_COLLISION
Q-REPAIR-429,Systems architecture,TRUE,CAND-1274,TRUE,FALSE,FALSE,SYNTAX_PARSE_ERROR
Q-REPAIR-429,Systems architecture,TRUE,CAND-1275,TRUE,TRUE,FALSE,PRIOR_ART_COLLISION
Q-REPAIR-430,Chemical process systems,TRUE,CAND-1276,TRUE,FALSE,FALSE,HARD_CONSTRAINT_VIOLATION_TIMEOUT
Q-REPAIR-430,Chemical process systems,TRUE,CAND-1277,TRUE,TRUE,TRUE,NONE
Q-REPAIR-430,Chemical process systems,TRUE,CAND-1278,TRUE,TRUE,TRUE,NONE
Q-REPAIR-430,Chemical process systems,TRUE,CAND-1279,TRUE,TRUE,FALSE,PRIOR_ART_COLLISION
Q-REPAIR-431,Mechanical systems,TRUE,CAND-1280,TRUE,FALSE,FALSE,SYNTAX_PARSE_ERROR
Q-REPAIR-431,Mechanical systems,TRUE,CAND-1281,TRUE,TRUE,FALSE,PRIOR_ART_COLLISION
Q-REPAIR-431,Mechanical systems,TRUE,CAND-1282,TRUE,FALSE,FALSE,HARD_CONSTRAINT_VIOLATION_TIMEOUT
Q-REPAIR-432,Systems architecture,TRUE,CAND-1283,TRUE,TRUE,FALSE,PRIOR_ART_COLLISION
Q-REPAIR-432,Systems architecture,TRUE,CAND-1284,TRUE,FALSE,FALSE,HARD_CONSTRAINT_VIOLATION_TIMEOUT
Q-REPAIR-432,Systems architecture,TRUE,CAND-1285,TRUE,FALSE,FALSE,SYNTAX_PARSE_ERROR
Q-REPAIR-432,Systems architecture,TRUE,CAND-1286,TRUE,TRUE,FALSE,PRIOR_ART_COLLISION
Q-REPAIR-433,Systems architecture,TRUE,CAND-1287,TRUE,FALSE,FALSE,SEMANTIC_INVARIANT_DRIFT
Q-REPAIR-433,Systems architecture,TRUE,CAND-1288,TRUE,FALSE,FALSE,SEMANTIC_INVARIANT_DRIFT
Q-REPAIR-433,Systems architecture,TRUE,CAND-1289,TRUE,TRUE,TRUE,NONE
Q-REPAIR-434,Chemical process systems,TRUE,CAND-1290,TRUE,TRUE,TRUE,NONE
Q-REPAIR-434,Chemical process systems,TRUE,CAND-1291,TRUE,FALSE,FALSE,SEMANTIC_INVARIANT_DRIFT
Q-REPAIR-435,Chemical process systems,TRUE,CAND-1292,TRUE,FALSE,FALSE,SYNTAX_PARSE_ERROR
Q-REPAIR-435,Chemical process systems,TRUE,CAND-1293,TRUE,TRUE,TRUE,NONE
Q-REPAIR-436,Mechanical systems,TRUE,CAND-1294,TRUE,TRUE,TRUE,NONE
Q-REPAIR-436,Mechanical systems,TRUE,CAND-1295,TRUE,FALSE,FALSE,SEMANTIC_INVARIANT_DRIFT
Q-REPAIR-436,Mechanical systems,TRUE,CAND-1296,TRUE,TRUE,FALSE,PRIOR_ART_COLLISION
Q-REPAIR-436,Mechanical systems,TRUE,CAND-1297,TRUE,TRUE,TRUE,NONE
Q-REPAIR-437,Systems architecture,TRUE,CAND-1298,TRUE,TRUE,TRUE,NONE
Q-REPAIR-437,Systems architecture,TRUE,CAND-1299,TRUE,FALSE,FALSE,HARD_CONSTRAINT_VIOLATION_TIMEOUT
Q-REPAIR-438,Chemical process systems,TRUE,CAND-1300,TRUE,FALSE,FALSE,HARD_CONSTRAINT_VIOLATION_TIMEOUT
Q-REPAIR-438,Chemical process systems,TRUE,CAND-1301,TRUE,TRUE,TRUE,NONE
Q-REPAIR-438,Chemical process systems,TRUE,CAND-1302,TRUE,FALSE,FALSE,HARD_CONSTRAINT_VIOLATION_TIMEOUT
Q-REPAIR-438,Chemical process systems,TRUE,CAND-1303,TRUE,TRUE,TRUE,NONE
Q-REPAIR-439,Chemical process systems,TRUE,CAND-1304,TRUE,FALSE,FALSE,SEMANTIC_INVARIANT_DRIFT
Q-REPAIR-439,Chemical process systems,TRUE,CAND-1305,TRUE,FALSE,FALSE,SYNTAX_PARSE_ERROR
Q-REPAIR-439,Chemical process systems,TRUE,CAND-1306,TRUE,FALSE,FALSE,SYNTAX_PARSE_ERROR
Q-REPAIR-440,Chemical process systems,TRUE,CAND-1307,TRUE,TRUE,FALSE,PRIOR_ART_COLLISION
Q-REPAIR-440,Chemical process systems,TRUE,CAND-1308,TRUE,FALSE,FALSE,HARD_CONSTRAINT_VIOLATION_TIMEOUT
Q-REPAIR-440,Chemical process systems,TRUE,CAND-1309,TRUE,TRUE,FALSE,PRIOR_ART_COLLISION
Q-REPAIR-440,Chemical process systems,TRUE,CAND-1310,TRUE,FALSE,FALSE,SEMANTIC_INVARIANT_DRIFT
Q-REPAIR-441,Chemical process systems,TRUE,CAND-1311,TRUE,FALSE,FALSE,SEMANTIC_INVARIANT_DRIFT
Q-REPAIR-441,Chemical process systems,TRUE,CAND-1312,TRUE,TRUE,FALSE,PRIOR_ART_COLLISION
Q-REPAIR-441,Chemical process systems,TRUE,CAND-1313,TRUE,TRUE,TRUE,NONE
Q-REPAIR-441,Chemical process systems,TRUE,CAND-1314,TRUE,TRUE,FALSE,PRIOR_ART_COLLISION
Q-REPAIR-442,Systems architecture,TRUE,CAND-1315,TRUE,FALSE,FALSE,HARD_CONSTRAINT_VIOLATION_TIMEOUT
Q-REPAIR-442,Systems architecture,TRUE,CAND-1316,TRUE,FALSE,FALSE,SEMANTIC_INVARIANT_DRIFT
Q-REPAIR-442,Systems architecture,TRUE,CAND-1317,TRUE,TRUE,FALSE,PRIOR_ART_COLLISION
Q-REPAIR-442,Systems architecture,TRUE,CAND-1318,TRUE,FALSE,FALSE,SYNTAX_PARSE_ERROR
Q-REPAIR-443,Chemical process systems,TRUE,CAND-1319,TRUE,TRUE,FALSE,PRIOR_ART_COLLISION
Q-REPAIR-443,Chemical process systems,TRUE,CAND-1320,TRUE,TRUE,TRUE,NONE
Q-REPAIR-443,Chemical process systems,TRUE,CAND-1321,TRUE,TRUE,FALSE,PRIOR_ART_COLLISION
Q-REPAIR-444,Chemical process systems,TRUE,CAND-1322,TRUE,FALSE,FALSE,SYNTAX_PARSE_ERROR
Q-REPAIR-444,Chemical process systems,TRUE,CAND-1323,TRUE,TRUE,TRUE,NONE
Q-REPAIR-444,Chemical process systems,TRUE,CAND-1324,TRUE,TRUE,TRUE,NONE
Q-REPAIR-444,Chemical process systems,TRUE,CAND-1325,TRUE,TRUE,TRUE,NONE
Q-REPAIR-445,Chemical process systems,TRUE,CAND-1326,TRUE,FALSE,FALSE,SYNTAX_PARSE_ERROR
Q-REPAIR-445,Chemical process systems,TRUE,CAND-1327,TRUE,FALSE,FALSE,SEMANTIC_INVARIANT_DRIFT
Q-REPAIR-445,Chemical process systems,TRUE,CAND-1328,TRUE,FALSE,FALSE,SYNTAX_PARSE_ERROR
Q-REPAIR-446,Chemical process systems,TRUE,CAND-1329,TRUE,TRUE,FALSE,PRIOR_ART_COLLISION
Q-REPAIR-446,Chemical process systems,TRUE,CAND-1330,TRUE,FALSE,FALSE,SEMANTIC_INVARIANT_DRIFT
Q-REPAIR-446,Chemical process systems,TRUE,CAND-1331,TRUE,FALSE,FALSE,SYNTAX_PARSE_ERROR
Q-REPAIR-447,Chemical process systems,TRUE,CAND-1332,TRUE,FALSE,FALSE,SYNTAX_PARSE_ERROR
Q-REPAIR-447,Chemical process systems,TRUE,CAND-1333,TRUE,TRUE,FALSE,PRIOR_ART_COLLISION
Q-REPAIR-447,Chemical process systems,TRUE,CAND-1334,TRUE,TRUE,TRUE,NONE
Q-REPAIR-448,Systems architecture,TRUE,CAND-1335,TRUE,TRUE,TRUE,NONE
Q-REPAIR-448,Systems architecture,TRUE,CAND-1336,TRUE,FALSE,FALSE,SYNTAX_PARSE_ERROR
Q-REPAIR-448,Systems architecture,TRUE,CAND-1337,TRUE,TRUE,TRUE,NONE
Q-REPAIR-448,Systems architecture,TRUE,CAND-1338,TRUE,FALSE,FALSE,SEMANTIC_INVARIANT_DRIFT
Q-REPAIR-449,Chemical process systems,TRUE,CAND-1339,TRUE,FALSE,FALSE,SYNTAX_PARSE_ERROR
Q-REPAIR-449,Chemical process systems,TRUE,CAND-1340,TRUE,FALSE,FALSE,SYNTAX_PARSE_ERROR
Q-REPAIR-449,Chemical process systems,TRUE,CAND-1341,TRUE,TRUE,TRUE,NONE
Q-REPAIR-450,Mechanical systems,TRUE,CAND-1342,TRUE,TRUE,TRUE,NONE
Q-REPAIR-450,Mechanical systems,TRUE,CAND-1343,TRUE,FALSE,FALSE,HARD_CONSTRAINT_VIOLATION_TIMEOUT
Q-REPAIR-450,Mechanical systems,TRUE,CAND-1344,TRUE,TRUE,TRUE,NONE
Q-REPAIR-451,Chemical process systems,TRUE,CAND-1345,TRUE,FALSE,FALSE,SEMANTIC_INVARIANT_DRIFT
Q-REPAIR-451,Chemical process systems,TRUE,CAND-1346,TRUE,TRUE,TRUE,NONE
Q-REPAIR-451,Chemical process systems,TRUE,CAND-1347,TRUE,TRUE,FALSE,PRIOR_ART_COLLISION
Q-REPAIR-452,Mechanical systems,TRUE,CAND-1348,TRUE,FALSE,FALSE,SEMANTIC_INVARIANT_DRIFT
Q-REPAIR-452,Mechanical systems,TRUE,CAND-1349,TRUE,FALSE,FALSE,SEMANTIC_INVARIANT_DRIFT
Q-REPAIR-452,Mechanical systems,TRUE,CAND-1350,TRUE,FALSE,FALSE,HARD_CONSTRAINT_VIOLATION_TIMEOUT
Q-REPAIR-453,Chemical process systems,TRUE,CAND-1351,TRUE,TRUE,FALSE,PRIOR_ART_COLLISION
Q-REPAIR-453,Chemical process systems,TRUE,CAND-1352,TRUE,TRUE,FALSE,PRIOR_ART_COLLISION
Q-REPAIR-454,Chemical process systems,TRUE,CAND-1353,TRUE,TRUE,TRUE,NONE
Q-REPAIR-454,Chemical process systems,TRUE,CAND-1354,TRUE,TRUE,FALSE,PRIOR_ART_COLLISION
Q-REPAIR-454,Chemical process systems,TRUE,CAND-1355,TRUE,TRUE,TRUE,NONE
Q-REPAIR-455,Mechanical systems,TRUE,CAND-1356,TRUE,FALSE,FALSE,HARD_CONSTRAINT_VIOLATION_TIMEOUT
Q-REPAIR-455,Mechanical systems,TRUE,CAND-1357,TRUE,FALSE,FALSE,SEMANTIC_INVARIANT_DRIFT
Q-REPAIR-456,Chemical process systems,TRUE,CAND-1358,TRUE,TRUE,FALSE,PRIOR_ART_COLLISION
Q-REPAIR-456,Chemical process systems,TRUE,CAND-1359,TRUE,FALSE,FALSE,HARD_CONSTRAINT_VIOLATION_TIMEOUT
Q-REPAIR-456,Chemical process systems,TRUE,CAND-1360,TRUE,FALSE,FALSE,SYNTAX_PARSE_ERROR
Q-REPAIR-457,Mechanical systems,TRUE,CAND-1361,TRUE,TRUE,FALSE,PRIOR_ART_COLLISION
Q-REPAIR-457,Mechanical systems,TRUE,CAND-1362,TRUE,FALSE,FALSE,SEMANTIC_INVARIANT_DRIFT
Q-REPAIR-457,Mechanical systems,TRUE,CAND-1363,TRUE,FALSE,FALSE,HARD_CONSTRAINT_VIOLATION_TIMEOUT
Q-REPAIR-457,Mechanical systems,TRUE,CAND-1364,TRUE,FALSE,FALSE,SEMANTIC_INVARIANT_DRIFT
Q-REPAIR-458,Mechanical systems,TRUE,CAND-1365,TRUE,FALSE,FALSE,SEMANTIC_INVARIANT_DRIFT
Q-REPAIR-458,Mechanical systems,TRUE,CAND-1366,TRUE,TRUE,TRUE,NONE
Q-REPAIR-458,Mechanical systems,TRUE,CAND-1367,TRUE,FALSE,FALSE,SYNTAX_PARSE_ERROR
Q-REPAIR-459,Chemical process systems,TRUE,CAND-1368,TRUE,FALSE,FALSE,SYNTAX_PARSE_ERROR
Q-REPAIR-459,Chemical process systems,TRUE,CAND-1369,TRUE,FALSE,FALSE,SYNTAX_PARSE_ERROR
Q-REPAIR-460,Chemical process systems,TRUE,CAND-1370,TRUE,FALSE,FALSE,SYNTAX_PARSE_ERROR
Q-REPAIR-460,Chemical process systems,TRUE,CAND-1371,TRUE,FALSE,FALSE,HARD_CONSTRAINT_VIOLATION_TIMEOUT
Q-REPAIR-460,Chemical process systems,TRUE,CAND-1372,TRUE,FALSE,FALSE,HARD_CONSTRAINT_VIOLATION_TIMEOUT
Q-REPAIR-461,Chemical process systems,TRUE,CAND-1373,TRUE,FALSE,FALSE,HARD_CONSTRAINT_VIOLATION_TIMEOUT
Q-REPAIR-461,Chemical process systems,TRUE,CAND-1374,TRUE,FALSE,FALSE,HARD_CONSTRAINT_VIOLATION_TIMEOUT
Q-REPAIR-461,Chemical process systems,TRUE,CAND-1375,TRUE,FALSE,FALSE,SYNTAX_PARSE_ERROR
Q-REPAIR-461,Chemical process systems,TRUE,CAND-1376,TRUE,TRUE,FALSE,PRIOR_ART_COLLISION
Q-REPAIR-462,Mechanical systems,TRUE,CAND-1377,TRUE,TRUE,FALSE,PRIOR_ART_COLLISION
Q-REPAIR-462,Mechanical systems,TRUE,CAND-1378,TRUE,FALSE,FALSE,SEMANTIC_INVARIANT_DRIFT
Q-REPAIR-462,Mechanical systems,TRUE,CAND-1379,TRUE,FALSE,FALSE,HARD_CONSTRAINT_VIOLATION_TIMEOUT
Q-REPAIR-462,Mechanical systems,TRUE,CAND-1380,TRUE,TRUE,TRUE,NONE
Q-REPAIR-463,Systems architecture,TRUE,CAND-1381,TRUE,FALSE,FALSE,HARD_CONSTRAINT_VIOLATION_TIMEOUT
Q-REPAIR-463,Systems architecture,TRUE,CAND-1382,TRUE,TRUE,TRUE,NONE
Q-REPAIR-463,Systems architecture,TRUE,CAND-1383,TRUE,TRUE,TRUE,NONE
Q-REPAIR-464,Chemical process systems,TRUE,CAND-1384,TRUE,FALSE,FALSE,SEMANTIC_INVARIANT_DRIFT
Q-REPAIR-464,Chemical process systems,TRUE,CAND-1385,TRUE,TRUE,FALSE,PRIOR_ART_COLLISION
Q-REPAIR-464,Chemical process systems,TRUE,CAND-1386,TRUE,FALSE,FALSE,HARD_CONSTRAINT_VIOLATION_TIMEOUT
Q-REPAIR-464,Chemical process systems,TRUE,CAND-1387,TRUE,FALSE,FALSE,SYNTAX_PARSE_ERROR
Q-REPAIR-465,Chemical process systems,TRUE,CAND-1388,TRUE,TRUE,TRUE,NONE
Q-REPAIR-465,Chemical process systems,TRUE,CAND-1389,TRUE,FALSE,FALSE,SEMANTIC_INVARIANT_DRIFT
Q-REPAIR-466,Chemical process systems,TRUE,CAND-1390,TRUE,FALSE,FALSE,SYNTAX_PARSE_ERROR
Q-REPAIR-466,Chemical process systems,TRUE,CAND-1391,TRUE,TRUE,TRUE,NONE
Q-REPAIR-467,Chemical process systems,TRUE,CAND-1392,TRUE,TRUE,FALSE,PRIOR_ART_COLLISION
Q-REPAIR-467,Chemical process systems,TRUE,CAND-1393,TRUE,FALSE,FALSE,HARD_CONSTRAINT_VIOLATION_TIMEOUT
Q-REPAIR-467,Chemical process systems,TRUE,CAND-1394,TRUE,TRUE,FALSE,PRIOR_ART_COLLISION
Q-REPAIR-467,Chemical process systems,TRUE,CAND-1395,TRUE,FALSE,FALSE,HARD_CONSTRAINT_VIOLATION_TIMEOUT
Q-REPAIR-468,Chemical process systems,TRUE,CAND-1396,TRUE,TRUE,TRUE,NONE
Q-REPAIR-468,Chemical process systems,TRUE,CAND-1397,TRUE,TRUE,FALSE,PRIOR_ART_COLLISION
Q-REPAIR-468,Chemical process systems,TRUE,CAND-1398,TRUE,TRUE,TRUE,NONE
Q-REPAIR-468,Chemical process systems,TRUE,CAND-1399,TRUE,FALSE,FALSE,HARD_CONSTRAINT_VIOLATION_TIMEOUT
Q-REPAIR-469,Systems architecture,TRUE,CAND-1400,TRUE,FALSE,FALSE,SYNTAX_PARSE_ERROR
Q-REPAIR-469,Systems architecture,TRUE,CAND-1401,TRUE,FALSE,FALSE,HARD_CONSTRAINT_VIOLATION_TIMEOUT
Q-REPAIR-469,Systems architecture,TRUE,CAND-1402,TRUE,TRUE,TRUE,NONE
Q-REPAIR-469,Systems architecture,TRUE,CAND-1403,TRUE,FALSE,FALSE,HARD_CONSTRAINT_VIOLATION_TIMEOUT
Q-REPAIR-470,Chemical process systems,TRUE,CAND-1404,TRUE,FALSE,FALSE,SYNTAX_PARSE_ERROR
Q-REPAIR-470,Chemical process systems,TRUE,CAND-1405,TRUE,TRUE,FALSE,PRIOR_ART_COLLISION
Q-REPAIR-470,Chemical process systems,TRUE,CAND-1406,TRUE,FALSE,FALSE,SYNTAX_PARSE_ERROR
Q-REPAIR-470,Chemical process systems,TRUE,CAND-1407,TRUE,TRUE,TRUE,NONE
Q-REPAIR-471,Chemical process systems,TRUE,CAND-1408,TRUE,TRUE,FALSE,PRIOR_ART_COLLISION
Q-REPAIR-471,Chemical process systems,TRUE,CAND-1409,TRUE,FALSE,FALSE,SYNTAX_PARSE_ERROR
Q-REPAIR-471,Chemical process systems,TRUE,CAND-1410,TRUE,TRUE,FALSE,PRIOR_ART_COLLISION
Q-REPAIR-472,Systems architecture,TRUE,CAND-1411,TRUE,TRUE,FALSE,PRIOR_ART_COLLISION
Q-REPAIR-472,Systems architecture,TRUE,CAND-1412,TRUE,TRUE,FALSE,PRIOR_ART_COLLISION
Q-REPAIR-472,Systems architecture,TRUE,CAND-1413,TRUE,TRUE,FALSE,PRIOR_ART_COLLISION
Q-REPAIR-473,Systems architecture,TRUE,CAND-1414,TRUE,FALSE,FALSE,HARD_CONSTRAINT_VIOLATION_TIMEOUT
Q-REPAIR-473,Systems architecture,TRUE,CAND-1415,TRUE,FALSE,FALSE,SYNTAX_PARSE_ERROR
Q-REPAIR-473,Systems architecture,TRUE,CAND-1416,TRUE,FALSE,FALSE,HARD_CONSTRAINT_VIOLATION_TIMEOUT
Q-REPAIR-474,Mechanical systems,TRUE,CAND-1417,TRUE,FALSE,FALSE,SEMANTIC_INVARIANT_DRIFT
Q-REPAIR-474,Mechanical systems,TRUE,CAND-1418,TRUE,FALSE,FALSE,SEMANTIC_INVARIANT_DRIFT
Q-REPAIR-474,Mechanical systems,TRUE,CAND-1419,TRUE,FALSE,FALSE,HARD_CONSTRAINT_VIOLATION_TIMEOUT
Q-REPAIR-475,Mechanical systems,TRUE,CAND-1420,TRUE,TRUE,TRUE,NONE
Q-REPAIR-475,Mechanical systems,TRUE,CAND-1421,TRUE,TRUE,FALSE,PRIOR_ART_COLLISION
Q-REPAIR-475,Mechanical systems,TRUE,CAND-1422,TRUE,FALSE,FALSE,HARD_CONSTRAINT_VIOLATION_TIMEOUT
Q-REPAIR-476,Mechanical systems,TRUE,CAND-1423,TRUE,FALSE,FALSE,SYNTAX_PARSE_ERROR
Q-REPAIR-476,Mechanical systems,TRUE,CAND-1424,TRUE,TRUE,FALSE,PRIOR_ART_COLLISION
Q-REPAIR-477,Chemical process systems,TRUE,CAND-1425,TRUE,TRUE,TRUE,NONE
Q-REPAIR-477,Chemical process systems,TRUE,CAND-1426,TRUE,TRUE,FALSE,PRIOR_ART_COLLISION
Q-REPAIR-478,Mechanical systems,TRUE,CAND-1427,TRUE,TRUE,FALSE,PRIOR_ART_COLLISION
Q-REPAIR-478,Mechanical systems,TRUE,CAND-1428,TRUE,FALSE,FALSE,SEMANTIC_INVARIANT_DRIFT
Q-REPAIR-478,Mechanical systems,TRUE,CAND-1429,TRUE,FALSE,FALSE,SEMANTIC_INVARIANT_DRIFT
Q-REPAIR-479,Mechanical systems,TRUE,CAND-1430,TRUE,TRUE,FALSE,PRIOR_ART_COLLISION
Q-REPAIR-479,Mechanical systems,TRUE,CAND-1431,TRUE,FALSE,FALSE,HARD_CONSTRAINT_VIOLATION_TIMEOUT
Q-REPAIR-480,Systems architecture,TRUE,CAND-1432,TRUE,TRUE,TRUE,NONE
Q-REPAIR-480,Systems architecture,TRUE,CAND-1433,TRUE,FALSE,FALSE,HARD_CONSTRAINT_VIOLATION_TIMEOUT
Q-REPAIR-481,Systems architecture,TRUE,CAND-1434,TRUE,TRUE,TRUE,NONE
Q-REPAIR-481,Systems architecture,TRUE,CAND-1435,TRUE,FALSE,FALSE,SYNTAX_PARSE_ERROR
Q-REPAIR-481,Systems architecture,TRUE,CAND-1436,TRUE,TRUE,TRUE,NONE
Q-REPAIR-482,Mechanical systems,TRUE,CAND-1437,TRUE,TRUE,FALSE,PRIOR_ART_COLLISION
Q-REPAIR-482,Mechanical systems,TRUE,CAND-1438,TRUE,FALSE,FALSE,SEMANTIC_INVARIANT_DRIFT
Q-REPAIR-483,Systems architecture,TRUE,CAND-1439,TRUE,TRUE,FALSE,PRIOR_ART_COLLISION
Q-REPAIR-483,Systems architecture,TRUE,CAND-1440,TRUE,FALSE,FALSE,HARD_CONSTRAINT_VIOLATION_TIMEOUT
Q-REPAIR-484,Mechanical systems,TRUE,CAND-1441,TRUE,TRUE,TRUE,NONE
Q-REPAIR-484,Mechanical systems,TRUE,CAND-1442,TRUE,TRUE,FALSE,PRIOR_ART_COLLISION
Q-REPAIR-485,Chemical process systems,TRUE,CAND-1443,TRUE,FALSE,FALSE,SEMANTIC_INVARIANT_DRIFT
Q-REPAIR-485,Chemical process systems,TRUE,CAND-1444,TRUE,TRUE,FALSE,PRIOR_ART_COLLISION
Q-REPAIR-485,Chemical process systems,TRUE,CAND-1445,TRUE,TRUE,TRUE,NONE
Q-REPAIR-486,Chemical process systems,TRUE,CAND-1446,TRUE,FALSE,FALSE,HARD_CONSTRAINT_VIOLATION_TIMEOUT
Q-REPAIR-486,Chemical process systems,TRUE,CAND-1447,TRUE,FALSE,FALSE,SEMANTIC_INVARIANT_DRIFT
Q-REPAIR-486,Chemical process systems,TRUE,CAND-1448,TRUE,TRUE,TRUE,NONE
Q-REPAIR-487,Chemical process systems,TRUE,CAND-1449,TRUE,FALSE,FALSE,SEMANTIC_INVARIANT_DRIFT
Q-REPAIR-487,Chemical process systems,TRUE,CAND-1450,TRUE,TRUE,TRUE,NONE
Q-REPAIR-487,Chemical process systems,TRUE,CAND-1451,TRUE,FALSE,FALSE,SYNTAX_PARSE_ERROR
Q-REPAIR-488,Mechanical systems,TRUE,CAND-1452,TRUE,FALSE,FALSE,SYNTAX_PARSE_ERROR
Q-REPAIR-488,Mechanical systems,TRUE,CAND-1453,TRUE,TRUE,FALSE,PRIOR_ART_COLLISION
Q-REPAIR-488,Mechanical systems,TRUE,CAND-1454,TRUE,TRUE,FALSE,PRIOR_ART_COLLISION
Q-REPAIR-489,Systems architecture,TRUE,CAND-1455,TRUE,FALSE,FALSE,HARD_CONSTRAINT_VIOLATION_TIMEOUT
Q-REPAIR-489,Systems architecture,TRUE,CAND-1456,TRUE,FALSE,FALSE,SEMANTIC_INVARIANT_DRIFT
Q-REPAIR-489,Systems architecture,TRUE,CAND-1457,TRUE,FALSE,FALSE,SEMANTIC_INVARIANT_DRIFT
Q-REPAIR-490,Systems architecture,TRUE,CAND-1458,TRUE,TRUE,FALSE,PRIOR_ART_COLLISION
Q-REPAIR-490,Systems architecture,TRUE,CAND-1459,TRUE,TRUE,TRUE,NONE
Q-REPAIR-490,Systems architecture,TRUE,CAND-1460,TRUE,FALSE,FALSE,SYNTAX_PARSE_ERROR
Q-REPAIR-491,Systems architecture,TRUE,CAND-1461,TRUE,FALSE,FALSE,SEMANTIC_INVARIANT_DRIFT
Q-REPAIR-491,Systems architecture,TRUE,CAND-1462,TRUE,FALSE,FALSE,SEMANTIC_INVARIANT_DRIFT
Q-REPAIR-491,Systems architecture,TRUE,CAND-1463,TRUE,FALSE,FALSE,SEMANTIC_INVARIANT_DRIFT
Q-REPAIR-491,Systems architecture,TRUE,CAND-1464,TRUE,FALSE,FALSE,HARD_CONSTRAINT_VIOLATION_TIMEOUT
Q-REPAIR-492,Mechanical systems,TRUE,CAND-1465,TRUE,FALSE,FALSE,HARD_CONSTRAINT_VIOLATION_TIMEOUT
Q-REPAIR-492,Mechanical systems,TRUE,CAND-1466,TRUE,TRUE,TRUE,NONE
Q-REPAIR-492,Mechanical systems,TRUE,CAND-1467,TRUE,TRUE,TRUE,NONE
Q-REPAIR-492,Mechanical systems,TRUE,CAND-1468,TRUE,TRUE,TRUE,NONE
Q-REPAIR-493,Chemical process systems,TRUE,CAND-1469,TRUE,FALSE,FALSE,SEMANTIC_INVARIANT_DRIFT
Q-REPAIR-493,Chemical process systems,TRUE,CAND-1470,TRUE,TRUE,TRUE,NONE
Q-REPAIR-494,Chemical process systems,TRUE,CAND-1471,TRUE,TRUE,TRUE,NONE
Q-REPAIR-494,Chemical process systems,TRUE,CAND-1472,TRUE,FALSE,FALSE,SEMANTIC_INVARIANT_DRIFT
Q-REPAIR-494,Chemical process systems,TRUE,CAND-1473,TRUE,TRUE,FALSE,PRIOR_ART_COLLISION
Q-REPAIR-495,Chemical process systems,TRUE,CAND-1474,TRUE,FALSE,FALSE,SEMANTIC_INVARIANT_DRIFT
Q-REPAIR-495,Chemical process systems,TRUE,CAND-1475,TRUE,FALSE,FALSE,HARD_CONSTRAINT_VIOLATION_TIMEOUT
Q-REPAIR-495,Chemical process systems,TRUE,CAND-1476,TRUE,FALSE,FALSE,SEMANTIC_INVARIANT_DRIFT
Q-REPAIR-496,Systems architecture,TRUE,CAND-1477,TRUE,TRUE,TRUE,NONE
Q-REPAIR-496,Systems architecture,TRUE,CAND-1478,TRUE,TRUE,FALSE,PRIOR_ART_COLLISION
Q-REPAIR-496,Systems architecture,TRUE,CAND-1479,TRUE,FALSE,FALSE,HARD_CONSTRAINT_VIOLATION_TIMEOUT
Q-REPAIR-496,Systems architecture,TRUE,CAND-1480,TRUE,TRUE,FALSE,PRIOR_ART_COLLISION
Q-REPAIR-497,Systems architecture,TRUE,CAND-1481,TRUE,FALSE,FALSE,SYNTAX_PARSE_ERROR
Q-REPAIR-497,Systems architecture,TRUE,CAND-1482,TRUE,FALSE,FALSE,HARD_CONSTRAINT_VIOLATION_TIMEOUT
Q-REPAIR-498,Systems architecture,TRUE,CAND-1483,TRUE,TRUE,FALSE,PRIOR_ART_COLLISION
Q-REPAIR-498,Systems architecture,TRUE,CAND-1484,TRUE,TRUE,FALSE,PRIOR_ART_COLLISION
Q-REPAIR-498,Systems architecture,TRUE,CAND-1485,TRUE,TRUE,TRUE,NONE
Q-REPAIR-498,Systems architecture,TRUE,CAND-1486,TRUE,TRUE,TRUE,NONE
Q-REPAIR-499,Systems architecture,TRUE,CAND-1487,TRUE,TRUE,FALSE,PRIOR_ART_COLLISION
Q-REPAIR-499,Systems architecture,TRUE,CAND-1488,TRUE,TRUE,FALSE,PRIOR_ART_COLLISION
Q-REPAIR-499,Systems architecture,TRUE,CAND-1489,TRUE,FALSE,FALSE,SYNTAX_PARSE_ERROR
Q-REPAIR-500,Mechanical systems,TRUE,CAND-1490,TRUE,TRUE,TRUE,NONE
Q-REPAIR-500,Mechanical systems,TRUE,CAND-1491,TRUE,TRUE,TRUE,NONE
Q-REPAIR-501,Mechanical systems,TRUE,CAND-1492,TRUE,TRUE,FALSE,PRIOR_ART_COLLISION
Q-REPAIR-501,Mechanical systems,TRUE,CAND-1493,TRUE,TRUE,FALSE,PRIOR_ART_COLLISION
Q-REPAIR-502,Chemical process systems,TRUE,CAND-1494,TRUE,TRUE,FALSE,PRIOR_ART_COLLISION
Q-REPAIR-502,Chemical process systems,TRUE,CAND-1495,TRUE,TRUE,TRUE,NONE
Q-REPAIR-503,Mechanical systems,TRUE,CAND-1496,TRUE,FALSE,FALSE,SYNTAX_PARSE_ERROR
Q-REPAIR-503,Mechanical systems,TRUE,CAND-1497,TRUE,TRUE,FALSE,PRIOR_ART_COLLISION
Q-REPAIR-503,Mechanical systems,TRUE,CAND-1498,TRUE,TRUE,TRUE,NONE
Q-REPAIR-503,Mechanical systems,TRUE,CAND-1499,TRUE,TRUE,TRUE,NONE
Q-REPAIR-504,Mechanical systems,TRUE,CAND-1500,TRUE,FALSE,FALSE,SEMANTIC_INVARIANT_DRIFT
Q-REPAIR-504,Mechanical systems,TRUE,CAND-1501,TRUE,TRUE,TRUE,NONE
Q-REPAIR-504,Mechanical systems,TRUE,CAND-1502,TRUE,TRUE,TRUE,NONE
Q-REPAIR-505,Mechanical systems,TRUE,CAND-1503,TRUE,FALSE,FALSE,HARD_CONSTRAINT_VIOLATION_TIMEOUT
Q-REPAIR-505,Mechanical systems,TRUE,CAND-1504,TRUE,TRUE,FALSE,PRIOR_ART_COLLISION
Q-REPAIR-505,Mechanical systems,TRUE,CAND-1505,TRUE,TRUE,TRUE,NONE
Q-REPAIR-506,Systems architecture,TRUE,CAND-1506,TRUE,FALSE,FALSE,SEMANTIC_INVARIANT_DRIFT
Q-REPAIR-506,Systems architecture,TRUE,CAND-1507,TRUE,TRUE,TRUE,NONE
Q-REPAIR-506,Systems architecture,TRUE,CAND-1508,TRUE,FALSE,FALSE,HARD_CONSTRAINT_VIOLATION_TIMEOUT
Q-REPAIR-507,Systems architecture,TRUE,CAND-1509,TRUE,FALSE,FALSE,SYNTAX_PARSE_ERROR
Q-REPAIR-507,Systems architecture,TRUE,CAND-1510,TRUE,FALSE,FALSE,HARD_CONSTRAINT_VIOLATION_TIMEOUT
Q-REPAIR-508,Chemical process systems,TRUE,CAND-1511,TRUE,FALSE,FALSE,HARD_CONSTRAINT_VIOLATION_TIMEOUT
Q-REPAIR-508,Chemical process systems,TRUE,CAND-1512,TRUE,FALSE,FALSE,HARD_CONSTRAINT_VIOLATION_TIMEOUT
Q-REPAIR-509,Mechanical systems,TRUE,CAND-1513,TRUE,FALSE,FALSE,HARD_CONSTRAINT_VIOLATION_TIMEOUT
Q-REPAIR-509,Mechanical systems,TRUE,CAND-1514,TRUE,TRUE,TRUE,NONE
Q-REPAIR-510,Systems architecture,TRUE,CAND-1515,TRUE,TRUE,TRUE,NONE
Q-REPAIR-510,Systems architecture,TRUE,CAND-1516,TRUE,TRUE,TRUE,NONE
Q-REPAIR-510,Systems architecture,TRUE,CAND-1517,TRUE,FALSE,FALSE,SYNTAX_PARSE_ERROR
Q-REPAIR-511,Chemical process systems,TRUE,CAND-1518,TRUE,TRUE,FALSE,PRIOR_ART_COLLISION
Q-REPAIR-511,Chemical process systems,TRUE,CAND-1519,TRUE,TRUE,FALSE,PRIOR_ART_COLLISION
Q-REPAIR-512,Mechanical systems,TRUE,CAND-1520,TRUE,TRUE,TRUE,NONE
Q-REPAIR-512,Mechanical systems,TRUE,CAND-1521,TRUE,FALSE,FALSE,SYNTAX_PARSE_ERROR
Q-REPAIR-512,Mechanical systems,TRUE,CAND-1522,TRUE,FALSE,FALSE,HARD_CONSTRAINT_VIOLATION_TIMEOUT
Q-REPAIR-513,Systems architecture,TRUE,CAND-1523,TRUE,TRUE,TRUE,NONE
Q-REPAIR-513,Systems architecture,TRUE,CAND-1524,TRUE,TRUE,FALSE,PRIOR_ART_COLLISION
Q-REPAIR-513,Systems architecture,TRUE,CAND-1525,TRUE,TRUE,FALSE,PRIOR_ART_COLLISION
Q-REPAIR-514,Chemical process systems,TRUE,CAND-1526,TRUE,FALSE,FALSE,SYNTAX_PARSE_ERROR
Q-REPAIR-514,Chemical process systems,TRUE,CAND-1527,TRUE,FALSE,FALSE,SEMANTIC_INVARIANT_DRIFT
Q-REPAIR-514,Chemical process systems,TRUE,CAND-1528,TRUE,TRUE,TRUE,NONE
Q-REPAIR-515,Chemical process systems,TRUE,CAND-1529,TRUE,TRUE,TRUE,NONE
Q-REPAIR-515,Chemical process systems,TRUE,CAND-1530,TRUE,TRUE,TRUE,NONE
Q-REPAIR-516,Chemical process systems,TRUE,CAND-1531,TRUE,TRUE,TRUE,NONE
Q-REPAIR-516,Chemical process systems,TRUE,CAND-1532,TRUE,TRUE,TRUE,NONE
Q-REPAIR-517,Mechanical systems,TRUE,CAND-1533,TRUE,TRUE,TRUE,NONE
Q-REPAIR-517,Mechanical systems,TRUE,CAND-1534,TRUE,TRUE,FALSE,PRIOR_ART_COLLISION
Q-REPAIR-517,Mechanical systems,TRUE,CAND-1535,TRUE,TRUE,TRUE,NONE
Q-REPAIR-518,Chemical process systems,TRUE,CAND-1536,TRUE,FALSE,FALSE,SEMANTIC_INVARIANT_DRIFT
Q-REPAIR-518,Chemical process systems,TRUE,CAND-1537,TRUE,FALSE,FALSE,HARD_CONSTRAINT_VIOLATION_TIMEOUT
Q-REPAIR-518,Chemical process systems,TRUE,CAND-1538,TRUE,TRUE,TRUE,NONE
Q-REPAIR-518,Chemical process systems,TRUE,CAND-1539,TRUE,FALSE,FALSE,SYNTAX_PARSE_ERROR
Q-REPAIR-519,Mechanical systems,TRUE,CAND-1540,TRUE,TRUE,TRUE,NONE
Q-REPAIR-519,Mechanical systems,TRUE,CAND-1541,TRUE,TRUE,TRUE,NONE
Q-REPAIR-520,Chemical process systems,TRUE,CAND-1542,TRUE,FALSE,FALSE,SEMANTIC_INVARIANT_DRIFT
Q-REPAIR-520,Chemical process systems,TRUE,CAND-1543,TRUE,FALSE,FALSE,SEMANTIC_INVARIANT_DRIFT
Q-REPAIR-520,Chemical process systems,TRUE,CAND-1544,TRUE,TRUE,TRUE,NONE
Q-REPAIR-520,Chemical process systems,TRUE,CAND-1545,TRUE,FALSE,FALSE,SEMANTIC_INVARIANT_DRIFT
Q-REPAIR-521,Chemical process systems,TRUE,CAND-1546,TRUE,FALSE,FALSE,HARD_CONSTRAINT_VIOLATION_TIMEOUT
Q-REPAIR-521,Chemical process systems,TRUE,CAND-1547,TRUE,TRUE,TRUE,NONE
Q-REPAIR-521,Chemical process systems,TRUE,CAND-1548,TRUE,FALSE,FALSE,SEMANTIC_INVARIANT_DRIFT
Q-REPAIR-522,Chemical process systems,TRUE,CAND-1549,TRUE,FALSE,FALSE,HARD_CONSTRAINT_VIOLATION_TIMEOUT
Q-REPAIR-522,Chemical process systems,TRUE,CAND-1550,TRUE,FALSE,FALSE,SYNTAX_PARSE_ERROR
Q-REPAIR-522,Chemical process systems,TRUE,CAND-1551,TRUE,TRUE,FALSE,PRIOR_ART_COLLISION
Q-REPAIR-523,Chemical process systems,TRUE,CAND-1552,TRUE,FALSE,FALSE,HARD_CONSTRAINT_VIOLATION_TIMEOUT
Q-REPAIR-523,Chemical process systems,TRUE,CAND-1553,TRUE,FALSE,FALSE,HARD_CONSTRAINT_VIOLATION_TIMEOUT
Q-REPAIR-523,Chemical process systems,TRUE,CAND-1554,TRUE,TRUE,TRUE,NONE
Q-REPAIR-524,Systems architecture,TRUE,CAND-1555,TRUE,TRUE,TRUE,NONE
Q-REPAIR-524,Systems architecture,TRUE,CAND-1556,TRUE,FALSE,FALSE,SYNTAX_PARSE_ERROR
Q-REPAIR-524,Systems architecture,TRUE,CAND-1557,TRUE,TRUE,TRUE,NONE
Q-REPAIR-525,Chemical process systems,TRUE,CAND-1558,TRUE,TRUE,TRUE,NONE
Q-REPAIR-525,Chemical process systems,TRUE,CAND-1559,TRUE,TRUE,TRUE,NONE
Q-REPAIR-525,Chemical process systems,TRUE,CAND-1560,TRUE,FALSE,FALSE,SYNTAX_PARSE_ERROR
Q-REPAIR-526,Mechanical systems,TRUE,CAND-1561,TRUE,FALSE,FALSE,HARD_CONSTRAINT_VIOLATION_TIMEOUT
Q-REPAIR-526,Mechanical systems,TRUE,CAND-1562,TRUE,FALSE,FALSE,HARD_CONSTRAINT_VIOLATION_TIMEOUT
Q-REPAIR-526,Mechanical systems,TRUE,CAND-1563,TRUE,FALSE,FALSE,HARD_CONSTRAINT_VIOLATION_TIMEOUT
Q-REPAIR-527,Systems architecture,TRUE,CAND-1564,TRUE,TRUE,TRUE,NONE
Q-REPAIR-527,Systems architecture,TRUE,CAND-1565,TRUE,FALSE,FALSE,HARD_CONSTRAINT_VIOLATION_TIMEOUT
Q-REPAIR-527,Systems architecture,TRUE,CAND-1566,TRUE,TRUE,FALSE,PRIOR_ART_COLLISION
Q-REPAIR-528,Systems architecture,TRUE,CAND-1567,TRUE,TRUE,FALSE,PRIOR_ART_COLLISION
Q-REPAIR-528,Systems architecture,TRUE,CAND-1568,TRUE,FALSE,FALSE,HARD_CONSTRAINT_VIOLATION_TIMEOUT
Q-REPAIR-528,Systems architecture,TRUE,CAND-1569,TRUE,FALSE,FALSE,SYNTAX_PARSE_ERROR
Q-REPAIR-529,Chemical process systems,TRUE,CAND-1570,TRUE,TRUE,TRUE,NONE
Q-REPAIR-529,Chemical process systems,TRUE,CAND-1571,TRUE,FALSE,FALSE,SYNTAX_PARSE_ERROR
Q-REPAIR-529,Chemical process systems,TRUE,CAND-1572,TRUE,TRUE,TRUE,NONE
Q-REPAIR-530,Chemical process systems,TRUE,CAND-1573,TRUE,TRUE,TRUE,NONE
Q-REPAIR-530,Chemical process systems,TRUE,CAND-1574,TRUE,FALSE,FALSE,HARD_CONSTRAINT_VIOLATION_TIMEOUT
Q-REPAIR-530,Chemical process systems,TRUE,CAND-1575,TRUE,TRUE,TRUE,NONE
Q-REPAIR-531,Chemical process systems,TRUE,CAND-1576,TRUE,FALSE,FALSE,SYNTAX_PARSE_ERROR
Q-REPAIR-531,Chemical process systems,TRUE,CAND-1577,TRUE,TRUE,FALSE,PRIOR_ART_COLLISION
Q-REPAIR-531,Chemical process systems,TRUE,CAND-1578,TRUE,FALSE,FALSE,SEMANTIC_INVARIANT_DRIFT
Q-REPAIR-532,Mechanical systems,TRUE,CAND-1579,TRUE,FALSE,FALSE,SYNTAX_PARSE_ERROR
Q-REPAIR-532,Mechanical systems,TRUE,CAND-1580,TRUE,FALSE,FALSE,SYNTAX_PARSE_ERROR
Q-REPAIR-532,Mechanical systems,TRUE,CAND-1581,TRUE,TRUE,FALSE,PRIOR_ART_COLLISION
Q-REPAIR-533,Chemical process systems,TRUE,CAND-1582,TRUE,TRUE,FALSE,PRIOR_ART_COLLISION
Q-REPAIR-533,Chemical process systems,TRUE,CAND-1583,TRUE,FALSE,FALSE,SYNTAX_PARSE_ERROR
Q-REPAIR-534,Systems architecture,TRUE,CAND-1584,TRUE,TRUE,TRUE,NONE
Q-REPAIR-534,Systems architecture,TRUE,CAND-1585,TRUE,FALSE,FALSE,SEMANTIC_INVARIANT_DRIFT
Q-REPAIR-535,Mechanical systems,TRUE,CAND-1586,TRUE,TRUE,TRUE,NONE
Q-REPAIR-535,Mechanical systems,TRUE,CAND-1587,TRUE,TRUE,FALSE,PRIOR_ART_COLLISION
Q-REPAIR-536,Chemical process systems,TRUE,CAND-1588,TRUE,FALSE,FALSE,SEMANTIC_INVARIANT_DRIFT
Q-REPAIR-536,Chemical process systems,TRUE,CAND-1589,TRUE,TRUE,FALSE,PRIOR_ART_COLLISION
Q-REPAIR-536,Chemical process systems,TRUE,CAND-1590,TRUE,FALSE,FALSE,SEMANTIC_INVARIANT_DRIFT
Q-REPAIR-537,Chemical process systems,TRUE,CAND-1591,TRUE,TRUE,FALSE,PRIOR_ART_COLLISION
Q-REPAIR-537,Chemical process systems,TRUE,CAND-1592,TRUE,TRUE,FALSE,PRIOR_ART_COLLISION
Q-REPAIR-537,Chemical process systems,TRUE,CAND-1593,TRUE,TRUE,FALSE,PRIOR_ART_COLLISION
Q-REPAIR-538,Mechanical systems,TRUE,CAND-1594,TRUE,FALSE,FALSE,HARD_CONSTRAINT_VIOLATION_TIMEOUT
Q-REPAIR-538,Mechanical systems,TRUE,CAND-1595,TRUE,FALSE,FALSE,SYNTAX_PARSE_ERROR
Q-REPAIR-538,Mechanical systems,TRUE,CAND-1596,TRUE,FALSE,FALSE,HARD_CONSTRAINT_VIOLATION_TIMEOUT
Q-REPAIR-539,Chemical process systems,TRUE,CAND-1597,TRUE,TRUE,FALSE,PRIOR_ART_COLLISION
Q-REPAIR-539,Chemical process systems,TRUE,CAND-1598,TRUE,TRUE,TRUE,NONE
Q-REPAIR-539,Chemical process systems,TRUE,CAND-1599,TRUE,FALSE,FALSE,SYNTAX_PARSE_ERROR
Q-REPAIR-539,Chemical process systems,TRUE,CAND-1600,TRUE,TRUE,FALSE,PRIOR_ART_COLLISION
Q-REPAIR-540,Systems architecture,TRUE,CAND-1601,TRUE,FALSE,FALSE,SEMANTIC_INVARIANT_DRIFT
Q-REPAIR-540,Systems architecture,TRUE,CAND-1602,TRUE,TRUE,FALSE,PRIOR_ART_COLLISION
Q-REPAIR-541,Mechanical systems,TRUE,CAND-1603,TRUE,TRUE,FALSE,PRIOR_ART_COLLISION
Q-REPAIR-541,Mechanical systems,TRUE,CAND-1604,TRUE,FALSE,FALSE,HARD_CONSTRAINT_VIOLATION_TIMEOUT
Q-REPAIR-542,Chemical process systems,TRUE,CAND-1605,TRUE,TRUE,FALSE,PRIOR_ART_COLLISION
Q-REPAIR-542,Chemical process systems,TRUE,CAND-1606,TRUE,FALSE,FALSE,HARD_CONSTRAINT_VIOLATION_TIMEOUT
Q-REPAIR-542,Chemical process systems,TRUE,CAND-1607,TRUE,FALSE,FALSE,SYNTAX_PARSE_ERROR
Q-REPAIR-543,Mechanical systems,TRUE,CAND-1608,TRUE,FALSE,FALSE,SYNTAX_PARSE_ERROR
Q-REPAIR-543,Mechanical systems,TRUE,CAND-1609,TRUE,FALSE,FALSE,SEMANTIC_INVARIANT_DRIFT
Q-REPAIR-543,Mechanical systems,TRUE,CAND-1610,TRUE,FALSE,FALSE,SYNTAX_PARSE_ERROR
Q-REPAIR-544,Mechanical systems,TRUE,CAND-1611,TRUE,FALSE,FALSE,SYNTAX_PARSE_ERROR
Q-REPAIR-544,Mechanical systems,TRUE,CAND-1612,TRUE,TRUE,FALSE,PRIOR_ART_COLLISION
Q-REPAIR-544,Mechanical systems,TRUE,CAND-1613,TRUE,TRUE,TRUE,NONE
Q-REPAIR-545,Mechanical systems,TRUE,CAND-1614,TRUE,TRUE,FALSE,PRIOR_ART_COLLISION
Q-REPAIR-545,Mechanical systems,TRUE,CAND-1615,TRUE,FALSE,FALSE,SYNTAX_PARSE_ERROR
Q-REPAIR-545,Mechanical systems,TRUE,CAND-1616,TRUE,FALSE,FALSE,SEMANTIC_INVARIANT_DRIFT
Q-REPAIR-546,Systems architecture,TRUE,CAND-1617,TRUE,FALSE,FALSE,HARD_CONSTRAINT_VIOLATION_TIMEOUT
Q-REPAIR-546,Systems architecture,TRUE,CAND-1618,TRUE,TRUE,FALSE,PRIOR_ART_COLLISION
Q-REPAIR-546,Systems architecture,TRUE,CAND-1619,TRUE,TRUE,TRUE,NONE
Q-REPAIR-547,Mechanical systems,TRUE,CAND-1620,TRUE,TRUE,TRUE,NONE
Q-REPAIR-547,Mechanical systems,TRUE,CAND-1621,TRUE,TRUE,FALSE,PRIOR_ART_COLLISION
Q-REPAIR-547,Mechanical systems,TRUE,CAND-1622,TRUE,FALSE,FALSE,SEMANTIC_INVARIANT_DRIFT
Q-REPAIR-548,Chemical process systems,TRUE,CAND-1623,TRUE,FALSE,FALSE,SEMANTIC_INVARIANT_DRIFT
Q-REPAIR-548,Chemical process systems,TRUE,CAND-1624,TRUE,TRUE,TRUE,NONE
Q-REPAIR-548,Chemical process systems,TRUE,CAND-1625,TRUE,FALSE,FALSE,SEMANTIC_INVARIANT_DRIFT
Q-REPAIR-548,Chemical process systems,TRUE,CAND-1626,TRUE,TRUE,FALSE,PRIOR_ART_COLLISION
Q-REPAIR-549,Chemical process systems,TRUE,CAND-1627,TRUE,TRUE,FALSE,PRIOR_ART_COLLISION
Q-REPAIR-549,Chemical process systems,TRUE,CAND-1628,TRUE,FALSE,FALSE,SYNTAX_PARSE_ERROR
Q-REPAIR-549,Chemical process systems,TRUE,CAND-1629,TRUE,FALSE,FALSE,HARD_CONSTRAINT_VIOLATION_TIMEOUT
Q-REPAIR-549,Chemical process systems,TRUE,CAND-1630,TRUE,FALSE,FALSE,HARD_CONSTRAINT_VIOLATION_TIMEOUT
Q-REPAIR-550,Chemical process systems,TRUE,CAND-1631,TRUE,FALSE,FALSE,SYNTAX_PARSE_ERROR
Q-REPAIR-550,Chemical process systems,TRUE,CAND-1632,TRUE,FALSE,FALSE,HARD_CONSTRAINT_VIOLATION_TIMEOUT
Q-REPAIR-550,Chemical process systems,TRUE,CAND-1633,TRUE,FALSE,FALSE,SEMANTIC_INVARIANT_DRIFT
Q-REPAIR-550,Chemical process systems,TRUE,CAND-1634,TRUE,FALSE,FALSE,HARD_CONSTRAINT_VIOLATION_TIMEOUT
Q-REPAIR-551,Systems architecture,TRUE,CAND-1635,TRUE,TRUE,FALSE,PRIOR_ART_COLLISION
Q-REPAIR-551,Systems architecture,TRUE,CAND-1636,TRUE,FALSE,FALSE,SYNTAX_PARSE_ERROR
Q-REPAIR-551,Systems architecture,TRUE,CAND-1637,TRUE,FALSE,FALSE,SYNTAX_PARSE_ERROR
Q-REPAIR-552,Systems architecture,TRUE,CAND-1638,TRUE,TRUE,FALSE,PRIOR_ART_COLLISION
Q-REPAIR-552,Systems architecture,TRUE,CAND-1639,TRUE,TRUE,FALSE,PRIOR_ART_COLLISION
Q-REPAIR-553,Systems architecture,TRUE,CAND-1640,TRUE,FALSE,FALSE,HARD_CONSTRAINT_VIOLATION_TIMEOUT
Q-REPAIR-553,Systems architecture,TRUE,CAND-1641,TRUE,FALSE,FALSE,HARD_CONSTRAINT_VIOLATION_TIMEOUT
Q-REPAIR-553,Systems architecture,TRUE,CAND-1642,TRUE,FALSE,FALSE,SYNTAX_PARSE_ERROR
Q-REPAIR-554,Mechanical systems,TRUE,CAND-1643,TRUE,FALSE,FALSE,HARD_CONSTRAINT_VIOLATION_TIMEOUT
Q-REPAIR-554,Mechanical systems,TRUE,CAND-1644,TRUE,FALSE,FALSE,SEMANTIC_INVARIANT_DRIFT
Q-REPAIR-554,Mechanical systems,TRUE,CAND-1645,TRUE,FALSE,FALSE,SYNTAX_PARSE_ERROR
Q-REPAIR-555,Mechanical systems,TRUE,CAND-1646,TRUE,TRUE,TRUE,NONE
Q-REPAIR-555,Mechanical systems,TRUE,CAND-1647,TRUE,FALSE,FALSE,SEMANTIC_INVARIANT_DRIFT
Q-REPAIR-555,Mechanical systems,TRUE,CAND-1648,TRUE,FALSE,FALSE,SYNTAX_PARSE_ERROR
Q-REPAIR-556,Systems architecture,TRUE,CAND-1649,TRUE,FALSE,FALSE,HARD_CONSTRAINT_VIOLATION_TIMEOUT
Q-REPAIR-556,Systems architecture,TRUE,CAND-1650,TRUE,FALSE,FALSE,HARD_CONSTRAINT_VIOLATION_TIMEOUT
Q-REPAIR-556,Systems architecture,TRUE,CAND-1651,TRUE,TRUE,TRUE,NONE
Q-REPAIR-557,Mechanical systems,TRUE,CAND-1652,TRUE,FALSE,FALSE,SYNTAX_PARSE_ERROR
Q-REPAIR-557,Mechanical systems,TRUE,CAND-1653,TRUE,FALSE,FALSE,SYNTAX_PARSE_ERROR
Q-REPAIR-558,Systems architecture,TRUE,CAND-1654,TRUE,FALSE,FALSE,SEMANTIC_INVARIANT_DRIFT
Q-REPAIR-558,Systems architecture,TRUE,CAND-1655,TRUE,TRUE,TRUE,NONE
Q-REPAIR-558,Systems architecture,TRUE,CAND-1656,TRUE,TRUE,FALSE,PRIOR_ART_COLLISION
Q-REPAIR-559,Chemical process systems,TRUE,CAND-1657,TRUE,TRUE,FALSE,PRIOR_ART_COLLISION
Q-REPAIR-559,Chemical process systems,TRUE,CAND-1658,TRUE,TRUE,TRUE,NONE
Q-REPAIR-560,Mechanical systems,TRUE,CAND-1659,TRUE,FALSE,FALSE,HARD_CONSTRAINT_VIOLATION_TIMEOUT
Q-REPAIR-560,Mechanical systems,TRUE,CAND-1660,TRUE,FALSE,FALSE,HARD_CONSTRAINT_VIOLATION_TIMEOUT
Q-REPAIR-560,Mechanical systems,TRUE,CAND-1661,TRUE,FALSE,FALSE,HARD_CONSTRAINT_VIOLATION_TIMEOUT
Q-REPAIR-560,Mechanical systems,TRUE,CAND-1662,TRUE,FALSE,FALSE,SYNTAX_PARSE_ERROR
Q-REPAIR-561,Chemical process systems,TRUE,CAND-1663,TRUE,FALSE,FALSE,SEMANTIC_INVARIANT_DRIFT
Q-REPAIR-561,Chemical process systems,TRUE,CAND-1664,TRUE,TRUE,FALSE,PRIOR_ART_COLLISION
Q-REPAIR-561,Chemical process systems,TRUE,CAND-1665,TRUE,TRUE,TRUE,NONE
Q-REPAIR-562,Mechanical systems,TRUE,CAND-1666,TRUE,FALSE,FALSE,HARD_CONSTRAINT_VIOLATION_TIMEOUT
Q-REPAIR-562,Mechanical systems,TRUE,CAND-1667,TRUE,TRUE,FALSE,PRIOR_ART_COLLISION
Q-REPAIR-562,Mechanical systems,TRUE,CAND-1668,TRUE,FALSE,FALSE,SYNTAX_PARSE_ERROR
Q-REPAIR-562,Mechanical systems,TRUE,CAND-1669,TRUE,TRUE,TRUE,NONE
Q-REPAIR-563,Chemical process systems,TRUE,CAND-1670,TRUE,TRUE,TRUE,NONE
Q-REPAIR-563,Chemical process systems,TRUE,CAND-1671,TRUE,TRUE,FALSE,PRIOR_ART_COLLISION
Q-REPAIR-563,Chemical process systems,TRUE,CAND-1672,TRUE,FALSE,FALSE,HARD_CONSTRAINT_VIOLATION_TIMEOUT
Q-REPAIR-564,Mechanical systems,TRUE,CAND-1673,TRUE,FALSE,FALSE,HARD_CONSTRAINT_VIOLATION_TIMEOUT
Q-REPAIR-564,Mechanical systems,TRUE,CAND-1674,TRUE,FALSE,FALSE,SYNTAX_PARSE_ERROR
Q-REPAIR-564,Mechanical systems,TRUE,CAND-1675,TRUE,FALSE,FALSE,SYNTAX_PARSE_ERROR
Q-REPAIR-565,Mechanical systems,TRUE,CAND-1676,TRUE,FALSE,FALSE,SEMANTIC_INVARIANT_DRIFT
Q-REPAIR-565,Mechanical systems,TRUE,CAND-1677,TRUE,TRUE,TRUE,NONE
Q-REPAIR-565,Mechanical systems,TRUE,CAND-1678,TRUE,FALSE,FALSE,HARD_CONSTRAINT_VIOLATION_TIMEOUT
Q-REPAIR-565,Mechanical systems,TRUE,CAND-1679,TRUE,TRUE,FALSE,PRIOR_ART_COLLISION
Q-REPAIR-566,Chemical process systems,TRUE,CAND-1680,TRUE,TRUE,FALSE,PRIOR_ART_COLLISION
Q-REPAIR-566,Chemical process systems,TRUE,CAND-1681,TRUE,FALSE,FALSE,HARD_CONSTRAINT_VIOLATION_TIMEOUT
Q-REPAIR-566,Chemical process systems,TRUE,CAND-1682,TRUE,TRUE,TRUE,NONE
Q-REPAIR-567,Systems architecture,TRUE,CAND-1683,TRUE,FALSE,FALSE,HARD_CONSTRAINT_VIOLATION_TIMEOUT
Q-REPAIR-567,Systems architecture,TRUE,CAND-1684,TRUE,FALSE,FALSE,SYNTAX_PARSE_ERROR
Q-REPAIR-567,Systems architecture,TRUE,CAND-1685,TRUE,FALSE,FALSE,SEMANTIC_INVARIANT_DRIFT
Q-REPAIR-567,Systems architecture,TRUE,CAND-1686,TRUE,FALSE,FALSE,SYNTAX_PARSE_ERROR
Q-REPAIR-568,Chemical process systems,TRUE,CAND-1687,TRUE,TRUE,FALSE,PRIOR_ART_COLLISION
Q-REPAIR-568,Chemical process systems,TRUE,CAND-1688,TRUE,TRUE,TRUE,NONE
Q-REPAIR-569,Systems architecture,TRUE,CAND-1689,TRUE,FALSE,FALSE,HARD_CONSTRAINT_VIOLATION_TIMEOUT
Q-REPAIR-569,Systems architecture,TRUE,CAND-1690,TRUE,TRUE,TRUE,NONE
Q-REPAIR-569,Systems architecture,TRUE,CAND-1691,TRUE,FALSE,FALSE,SEMANTIC_INVARIANT_DRIFT
Q-REPAIR-570,Chemical process systems,TRUE,CAND-1692,TRUE,TRUE,FALSE,PRIOR_ART_COLLISION
Q-REPAIR-570,Chemical process systems,TRUE,CAND-1693,TRUE,FALSE,FALSE,HARD_CONSTRAINT_VIOLATION_TIMEOUT
Q-REPAIR-570,Chemical process systems,TRUE,CAND-1694,TRUE,FALSE,FALSE,HARD_CONSTRAINT_VIOLATION_TIMEOUT
Q-REPAIR-571,Mechanical systems,TRUE,CAND-1695,TRUE,FALSE,FALSE,SEMANTIC_INVARIANT_DRIFT
Q-REPAIR-571,Mechanical systems,TRUE,CAND-1696,TRUE,FALSE,FALSE,SYNTAX_PARSE_ERROR
Q-REPAIR-572,Systems architecture,TRUE,CAND-1697,TRUE,FALSE,FALSE,SEMANTIC_INVARIANT_DRIFT
Q-REPAIR-572,Systems architecture,TRUE,CAND-1698,TRUE,FALSE,FALSE,SYNTAX_PARSE_ERROR
Q-REPAIR-573,Systems architecture,TRUE,CAND-1699,TRUE,TRUE,TRUE,NONE
Q-REPAIR-573,Systems architecture,TRUE,CAND-1700,TRUE,TRUE,TRUE,NONE
Q-REPAIR-574,Systems architecture,TRUE,CAND-1701,TRUE,TRUE,FALSE,PRIOR_ART_COLLISION
Q-REPAIR-574,Systems architecture,TRUE,CAND-1702,TRUE,FALSE,FALSE,SEMANTIC_INVARIANT_DRIFT
Q-REPAIR-574,Systems architecture,TRUE,CAND-1703,TRUE,TRUE,TRUE,NONE
Q-REPAIR-575,Mechanical systems,TRUE,CAND-1704,TRUE,TRUE,TRUE,NONE
Q-REPAIR-575,Mechanical systems,TRUE,CAND-1705,TRUE,TRUE,FALSE,PRIOR_ART_COLLISION
Q-REPAIR-575,Mechanical systems,TRUE,CAND-1706,TRUE,FALSE,FALSE,SEMANTIC_INVARIANT_DRIFT
Q-REPAIR-576,Mechanical systems,TRUE,CAND-1707,TRUE,FALSE,FALSE,SEMANTIC_INVARIANT_DRIFT
Q-REPAIR-576,Mechanical systems,TRUE,CAND-1708,TRUE,FALSE,FALSE,SYNTAX_PARSE_ERROR
Q-REPAIR-576,Mechanical systems,TRUE,CAND-1709,TRUE,FALSE,FALSE,SYNTAX_PARSE_ERROR
Q-REPAIR-577,Systems architecture,TRUE,CAND-1710,TRUE,FALSE,FALSE,SYNTAX_PARSE_ERROR
Q-REPAIR-577,Systems architecture,TRUE,CAND-1711,TRUE,TRUE,TRUE,NONE
Q-REPAIR-577,Systems architecture,TRUE,CAND-1712,TRUE,FALSE,FALSE,SEMANTIC_INVARIANT_DRIFT
Q-REPAIR-578,Systems architecture,TRUE,CAND-1713,TRUE,FALSE,FALSE,SYNTAX_PARSE_ERROR
Q-REPAIR-578,Systems architecture,TRUE,CAND-1714,TRUE,FALSE,FALSE,SYNTAX_PARSE_ERROR
Q-REPAIR-578,Systems architecture,TRUE,CAND-1715,TRUE,TRUE,FALSE,PRIOR_ART_COLLISION
Q-REPAIR-578,Systems architecture,TRUE,CAND-1716,TRUE,FALSE,FALSE,HARD_CONSTRAINT_VIOLATION_TIMEOUT
Q-REPAIR-579,Systems architecture,TRUE,CAND-1717,TRUE,FALSE,FALSE,SYNTAX_PARSE_ERROR
Q-REPAIR-579,Systems architecture,TRUE,CAND-1718,TRUE,TRUE,TRUE,NONE
Q-REPAIR-579,Systems architecture,TRUE,CAND-1719,TRUE,FALSE,FALSE,SEMANTIC_INVARIANT_DRIFT
Q-REPAIR-580,Chemical process systems,TRUE,CAND-1720,TRUE,FALSE,FALSE,SEMANTIC_INVARIANT_DRIFT
Q-REPAIR-580,Chemical process systems,TRUE,CAND-1721,TRUE,TRUE,TRUE,NONE
Q-REPAIR-581,Mechanical systems,TRUE,CAND-1722,TRUE,FALSE,FALSE,SEMANTIC_INVARIANT_DRIFT
Q-REPAIR-581,Mechanical systems,TRUE,CAND-1723,TRUE,FALSE,FALSE,SEMANTIC_INVARIANT_DRIFT
Q-REPAIR-581,Mechanical systems,TRUE,CAND-1724,TRUE,TRUE,TRUE,NONE
Q-REPAIR-582,Systems architecture,TRUE,CAND-1725,TRUE,TRUE,TRUE,NONE
Q-REPAIR-582,Systems architecture,TRUE,CAND-1726,TRUE,FALSE,FALSE,HARD_CONSTRAINT_VIOLATION_TIMEOUT
Q-REPAIR-582,Systems architecture,TRUE,CAND-1727,TRUE,FALSE,FALSE,HARD_CONSTRAINT_VIOLATION_TIMEOUT
Q-REPAIR-583,Systems architecture,TRUE,CAND-1728,TRUE,FALSE,FALSE,SYNTAX_PARSE_ERROR
Q-REPAIR-583,Systems architecture,TRUE,CAND-1729,TRUE,FALSE,FALSE,SEMANTIC_INVARIANT_DRIFT
Q-REPAIR-583,Systems architecture,TRUE,CAND-1730,TRUE,FALSE,FALSE,HARD_CONSTRAINT_VIOLATION_TIMEOUT
Q-REPAIR-584,Systems architecture,TRUE,CAND-1731,TRUE,FALSE,FALSE,SYNTAX_PARSE_ERROR
Q-REPAIR-584,Systems architecture,TRUE,CAND-1732,TRUE,FALSE,FALSE,SYNTAX_PARSE_ERROR
Q-REPAIR-584,Systems architecture,TRUE,CAND-1733,TRUE,TRUE,TRUE,NONE
Q-REPAIR-585,Chemical process systems,TRUE,CAND-1734,TRUE,FALSE,FALSE,HARD_CONSTRAINT_VIOLATION_TIMEOUT
Q-REPAIR-585,Chemical process systems,TRUE,CAND-1735,TRUE,FALSE,FALSE,SEMANTIC_INVARIANT_DRIFT
Q-REPAIR-586,Mechanical systems,TRUE,CAND-1736,TRUE,FALSE,FALSE,SEMANTIC_INVARIANT_DRIFT
Q-REPAIR-586,Mechanical systems,TRUE,CAND-1737,TRUE,TRUE,TRUE,NONE
Q-REPAIR-586,Mechanical systems,TRUE,CAND-1738,TRUE,FALSE,FALSE,SYNTAX_PARSE_ERROR
Q-REPAIR-586,Mechanical systems,TRUE,CAND-1739,TRUE,TRUE,TRUE,NONE
Q-REPAIR-587,Systems architecture,TRUE,CAND-1740,TRUE,FALSE,FALSE,HARD_CONSTRAINT_VIOLATION_TIMEOUT
Q-REPAIR-587,Systems architecture,TRUE,CAND-1741,TRUE,TRUE,FALSE,PRIOR_ART_COLLISION
Q-REPAIR-587,Systems architecture,TRUE,CAND-1742,TRUE,TRUE,TRUE,NONE
Q-REPAIR-588,Systems architecture,TRUE,CAND-1743,TRUE,FALSE,FALSE,SEMANTIC_INVARIANT_DRIFT
Q-REPAIR-588,Systems architecture,TRUE,CAND-1744,TRUE,TRUE,TRUE,NONE
Q-REPAIR-588,Systems architecture,TRUE,CAND-1745,TRUE,TRUE,FALSE,PRIOR_ART_COLLISION
Q-REPAIR-589,Chemical process systems,TRUE,CAND-1746,TRUE,FALSE,FALSE,SEMANTIC_INVARIANT_DRIFT
Q-REPAIR-589,Chemical process systems,TRUE,CAND-1747,TRUE,TRUE,TRUE,NONE
Q-REPAIR-590,Chemical process systems,TRUE,CAND-1748,TRUE,FALSE,FALSE,HARD_CONSTRAINT_VIOLATION_TIMEOUT
Q-REPAIR-590,Chemical process systems,TRUE,CAND-1749,TRUE,TRUE,TRUE,NONE
Q-REPAIR-590,Chemical process systems,TRUE,CAND-1750,TRUE,FALSE,FALSE,SEMANTIC_INVARIANT_DRIFT
Q-REPAIR-591,Mechanical systems,TRUE,CAND-1751,TRUE,FALSE,FALSE,HARD_CONSTRAINT_VIOLATION_TIMEOUT
Q-REPAIR-591,Mechanical systems,TRUE,CAND-1752,TRUE,FALSE,FALSE,SYNTAX_PARSE_ERROR
Q-REPAIR-591,Mechanical systems,TRUE,CAND-1753,TRUE,FALSE,FALSE,HARD_CONSTRAINT_VIOLATION_TIMEOUT
Q-REPAIR-591,Mechanical systems,TRUE,CAND-1754,TRUE,FALSE,FALSE,SYNTAX_PARSE_ERROR
Q-REPAIR-592,Mechanical systems,TRUE,CAND-1755,TRUE,TRUE,TRUE,NONE
Q-REPAIR-592,Mechanical systems,TRUE,CAND-1756,TRUE,FALSE,FALSE,HARD_CONSTRAINT_VIOLATION_TIMEOUT
Q-REPAIR-592,Mechanical systems,TRUE,CAND-1757,TRUE,FALSE,FALSE,SYNTAX_PARSE_ERROR
Q-REPAIR-593,Chemical process systems,TRUE,CAND-1758,TRUE,FALSE,FALSE,SEMANTIC_INVARIANT_DRIFT
Q-REPAIR-593,Chemical process systems,TRUE,CAND-1759,TRUE,FALSE,FALSE,HARD_CONSTRAINT_VIOLATION_TIMEOUT
Q-REPAIR-594,Systems architecture,TRUE,CAND-1760,TRUE,TRUE,FALSE,PRIOR_ART_COLLISION
Q-REPAIR-594,Systems architecture,TRUE,CAND-1761,TRUE,TRUE,FALSE,PRIOR_ART_COLLISION
Q-REPAIR-594,Systems architecture,TRUE,CAND-1762,TRUE,FALSE,FALSE,HARD_CONSTRAINT_VIOLATION_TIMEOUT
Q-REPAIR-595,Systems architecture,TRUE,CAND-1763,TRUE,FALSE,FALSE,SYNTAX_PARSE_ERROR
Q-REPAIR-595,Systems architecture,TRUE,CAND-1764,TRUE,TRUE,TRUE,NONE
Q-REPAIR-596,Systems architecture,TRUE,CAND-1765,TRUE,FALSE,FALSE,HARD_CONSTRAINT_VIOLATION_TIMEOUT
Q-REPAIR-596,Systems architecture,TRUE,CAND-1766,TRUE,TRUE,TRUE,NONE
Q-REPAIR-596,Systems architecture,TRUE,CAND-1767,TRUE,FALSE,FALSE,SEMANTIC_INVARIANT_DRIFT
Q-REPAIR-597,Chemical process systems,TRUE,CAND-1768,TRUE,FALSE,FALSE,SEMANTIC_INVARIANT_DRIFT
Q-REPAIR-597,Chemical process systems,TRUE,CAND-1769,TRUE,FALSE,FALSE,HARD_CONSTRAINT_VIOLATION_TIMEOUT
Q-REPAIR-597,Chemical process systems,TRUE,CAND-1770,TRUE,TRUE,FALSE,PRIOR_ART_COLLISION
Q-REPAIR-598,Systems architecture,TRUE,CAND-1771,TRUE,TRUE,TRUE,NONE
Q-REPAIR-598,Systems architecture,TRUE,CAND-1772,TRUE,TRUE,FALSE,PRIOR_ART_COLLISION
Q-REPAIR-599,Mechanical systems,TRUE,CAND-1773,TRUE,TRUE,FALSE,PRIOR_ART_COLLISION
Q-REPAIR-599,Mechanical systems,TRUE,CAND-1774,TRUE,TRUE,FALSE,PRIOR_ART_COLLISION
Q-REPAIR-600,Mechanical systems,TRUE,CAND-1775,TRUE,FALSE,FALSE,HARD_CONSTRAINT_VIOLATION_TIMEOUT
Q-REPAIR-600,Mechanical systems,TRUE,CAND-1776,TRUE,TRUE,TRUE,NONE
Q-REPAIR-600,Mechanical systems,TRUE,CAND-1777,TRUE,FALSE,FALSE,SEMANTIC_INVARIANT_DRIFT
Q-REPAIR-601,Mechanical systems,TRUE,CAND-1778,TRUE,FALSE,FALSE,HARD_CONSTRAINT_VIOLATION_TIMEOUT
Q-REPAIR-601,Mechanical systems,TRUE,CAND-1779,TRUE,TRUE,TRUE,NONE
Q-REPAIR-601,Mechanical systems,TRUE,CAND-1780,TRUE,FALSE,FALSE,HARD_CONSTRAINT_VIOLATION_TIMEOUT
Q-REPAIR-602,Chemical process systems,TRUE,CAND-1781,TRUE,TRUE,FALSE,PRIOR_ART_COLLISION
Q-REPAIR-602,Chemical process systems,TRUE,CAND-1782,TRUE,FALSE,FALSE,HARD_CONSTRAINT_VIOLATION_TIMEOUT
Q-REPAIR-602,Chemical process systems,TRUE,CAND-1783,TRUE,FALSE,FALSE,HARD_CONSTRAINT_VIOLATION_TIMEOUT
Q-REPAIR-602,Chemical process systems,TRUE,CAND-1784,TRUE,TRUE,FALSE,PRIOR_ART_COLLISION
Q-REPAIR-603,Mechanical systems,TRUE,CAND-1785,TRUE,FALSE,FALSE,SEMANTIC_INVARIANT_DRIFT
Q-REPAIR-603,Mechanical systems,TRUE,CAND-1786,TRUE,FALSE,FALSE,SYNTAX_PARSE_ERROR
Q-REPAIR-604,Chemical process systems,TRUE,CAND-1787,TRUE,FALSE,FALSE,SYNTAX_PARSE_ERROR
Q-REPAIR-604,Chemical process systems,TRUE,CAND-1788,TRUE,TRUE,FALSE,PRIOR_ART_COLLISION
Q-REPAIR-604,Chemical process systems,TRUE,CAND-1789,TRUE,TRUE,TRUE,NONE
Q-REPAIR-605,Chemical process systems,TRUE,CAND-1790,TRUE,FALSE,FALSE,SEMANTIC_INVARIANT_DRIFT
Q-REPAIR-605,Chemical process systems,TRUE,CAND-1791,TRUE,TRUE,FALSE,PRIOR_ART_COLLISION
Q-REPAIR-605,Chemical process systems,TRUE,CAND-1792,TRUE,TRUE,TRUE,NONE
Q-REPAIR-605,Chemical process systems,TRUE,CAND-1793,TRUE,TRUE,FALSE,PRIOR_ART_COLLISION
Q-REPAIR-606,Systems architecture,TRUE,CAND-1794,TRUE,FALSE,FALSE,SYNTAX_PARSE_ERROR
Q-REPAIR-606,Systems architecture,TRUE,CAND-1795,TRUE,TRUE,TRUE,NONE
Q-REPAIR-606,Systems architecture,TRUE,CAND-1796,TRUE,TRUE,TRUE,NONE
Q-REPAIR-607,Mechanical systems,TRUE,CAND-1797,TRUE,FALSE,FALSE,HARD_CONSTRAINT_VIOLATION_TIMEOUT
Q-REPAIR-607,Mechanical systems,TRUE,CAND-1798,TRUE,TRUE,TRUE,NONE
Q-REPAIR-607,Mechanical systems,TRUE,CAND-1799,TRUE,FALSE,FALSE,SEMANTIC_INVARIANT_DRIFT
Q-REPAIR-608,Chemical process systems,TRUE,CAND-1800,TRUE,TRUE,TRUE,NONE
Q-REPAIR-608,Chemical process systems,TRUE,CAND-1801,TRUE,TRUE,TRUE,NONE
Q-REPAIR-608,Chemical process systems,TRUE,CAND-1802,TRUE,FALSE,FALSE,HARD_CONSTRAINT_VIOLATION_TIMEOUT
Q-REPAIR-609,Mechanical systems,TRUE,CAND-1803,TRUE,FALSE,FALSE,HARD_CONSTRAINT_VIOLATION_TIMEOUT
Q-REPAIR-609,Mechanical systems,TRUE,CAND-1804,TRUE,FALSE,FALSE,HARD_CONSTRAINT_VIOLATION_TIMEOUT
Q-REPAIR-610,Systems architecture,TRUE,CAND-1805,TRUE,TRUE,TRUE,NONE
Q-REPAIR-610,Systems architecture,TRUE,CAND-1806,TRUE,FALSE,FALSE,HARD_CONSTRAINT_VIOLATION_TIMEOUT
Q-REPAIR-610,Systems architecture,TRUE,CAND-1807,TRUE,FALSE,FALSE,SEMANTIC_INVARIANT_DRIFT
Q-REPAIR-611,Chemical process systems,TRUE,CAND-1808,TRUE,TRUE,TRUE,NONE
Q-REPAIR-611,Chemical process systems,TRUE,CAND-1809,TRUE,FALSE,FALSE,HARD_CONSTRAINT_VIOLATION_TIMEOUT
Q-REPAIR-611,Chemical process systems,TRUE,CAND-1810,TRUE,TRUE,TRUE,NONE
Q-REPAIR-612,Mechanical systems,TRUE,CAND-1811,TRUE,FALSE,FALSE,SYNTAX_PARSE_ERROR
Q-REPAIR-612,Mechanical systems,TRUE,CAND-1812,TRUE,TRUE,FALSE,PRIOR_ART_COLLISION
Q-REPAIR-612,Mechanical systems,TRUE,CAND-1813,TRUE,FALSE,FALSE,SEMANTIC_INVARIANT_DRIFT
Q-REPAIR-613,Systems architecture,TRUE,CAND-1814,TRUE,TRUE,FALSE,PRIOR_ART_COLLISION
Q-REPAIR-613,Systems architecture,TRUE,CAND-1815,TRUE,TRUE,FALSE,PRIOR_ART_COLLISION
Q-REPAIR-613,Systems architecture,TRUE,CAND-1816,TRUE,TRUE,TRUE,NONE
Q-REPAIR-614,Mechanical systems,TRUE,CAND-1817,TRUE,FALSE,FALSE,SYNTAX_PARSE_ERROR
Q-REPAIR-614,Mechanical systems,TRUE,CAND-1818,TRUE,TRUE,TRUE,NONE
Q-REPAIR-615,Chemical process systems,TRUE,CAND-1819,TRUE,TRUE,FALSE,PRIOR_ART_COLLISION
Q-REPAIR-615,Chemical process systems,TRUE,CAND-1820,TRUE,FALSE,FALSE,HARD_CONSTRAINT_VIOLATION_TIMEOUT
Q-REPAIR-615,Chemical process systems,TRUE,CAND-1821,TRUE,FALSE,FALSE,HARD_CONSTRAINT_VIOLATION_TIMEOUT
Q-REPAIR-615,Chemical process systems,TRUE,CAND-1822,TRUE,TRUE,FALSE,PRIOR_ART_COLLISION
Q-REPAIR-616,Chemical process systems,TRUE,CAND-1823,TRUE,FALSE,FALSE,SEMANTIC_INVARIANT_DRIFT
Q-REPAIR-616,Chemical process systems,TRUE,CAND-1824,TRUE,TRUE,FALSE,PRIOR_ART_COLLISION
Q-REPAIR-616,Chemical process systems,TRUE,CAND-1825,TRUE,FALSE,FALSE,HARD_CONSTRAINT_VIOLATION_TIMEOUT
Q-REPAIR-617,Mechanical systems,TRUE,CAND-1826,TRUE,FALSE,FALSE,SYNTAX_PARSE_ERROR
Q-REPAIR-617,Mechanical systems,TRUE,CAND-1827,TRUE,FALSE,FALSE,HARD_CONSTRAINT_VIOLATION_TIMEOUT
Q-REPAIR-617,Mechanical systems,TRUE,CAND-1828,TRUE,TRUE,TRUE,NONE
Q-REPAIR-617,Mechanical systems,TRUE,CAND-1829,TRUE,FALSE,FALSE,SEMANTIC_INVARIANT_DRIFT
Q-REPAIR-618,Chemical process systems,TRUE,CAND-1830,TRUE,TRUE,TRUE,NONE
Q-REPAIR-618,Chemical process systems,TRUE,CAND-1831,TRUE,FALSE,FALSE,SEMANTIC_INVARIANT_DRIFT
Q-REPAIR-619,Chemical process systems,TRUE,CAND-1832,TRUE,TRUE,FALSE,PRIOR_ART_COLLISION
Q-REPAIR-619,Chemical process systems,TRUE,CAND-1833,TRUE,FALSE,FALSE,HARD_CONSTRAINT_VIOLATION_TIMEOUT
Q-REPAIR-620,Mechanical systems,TRUE,CAND-1834,TRUE,TRUE,FALSE,PRIOR_ART_COLLISION
Q-REPAIR-620,Mechanical systems,TRUE,CAND-1835,TRUE,FALSE,FALSE,SYNTAX_PARSE_ERROR
Q-REPAIR-620,Mechanical systems,TRUE,CAND-1836,TRUE,TRUE,FALSE,PRIOR_ART_COLLISION
Q-REPAIR-621,Chemical process systems,TRUE,CAND-1837,TRUE,FALSE,FALSE,SEMANTIC_INVARIANT_DRIFT
Q-REPAIR-621,Chemical process systems,TRUE,CAND-1838,TRUE,FALSE,FALSE,HARD_CONSTRAINT_VIOLATION_TIMEOUT
Q-REPAIR-621,Chemical process systems,TRUE,CAND-1839,TRUE,FALSE,FALSE,HARD_CONSTRAINT_VIOLATION_TIMEOUT
Q-REPAIR-621,Chemical process systems,TRUE,CAND-1840,TRUE,TRUE,FALSE,PRIOR_ART_COLLISION
Q-REPAIR-622,Chemical process systems,TRUE,CAND-1841,TRUE,TRUE,FALSE,PRIOR_ART_COLLISION
Q-REPAIR-622,Chemical process systems,TRUE,CAND-1842,TRUE,FALSE,FALSE,SYNTAX_PARSE_ERROR
Q-REPAIR-623,Systems architecture,TRUE,CAND-1843,TRUE,FALSE,FALSE,SEMANTIC_INVARIANT_DRIFT
Q-REPAIR-623,Systems architecture,TRUE,CAND-1844,TRUE,TRUE,TRUE,NONE
Q-REPAIR-624,Mechanical systems,TRUE,CAND-1845,TRUE,TRUE,FALSE,PRIOR_ART_COLLISION
