id,patient_complaint,diagnosis,reasoning_log,discourse_tree,hallucination_label
synthetic_00000,"I get chest tightness when climbing stairs, but sometimes it follows spicy food at night. Antacids help a little, but last week pain went to my left arm and I got sweaty. I am 58 and diabetic.",acute coronary syndrome,"Exertional chest pain with arm radiation and sweating is high-risk evidence for ischemia. Spicy food and partial antacid relief are preserved as reflux-like but weaker contrastive clues. Age and diabetes increase cardiac risk, so ACS should be prioritized.",Root: grounded conclusion. [Nucleus: high-information evidence] [Satellite-contrast: weaker alternative] [Nucleus-elaboration: risk factors] [Conclusion: integrated decision],0
synthetic_00001,For months I wake with stiff fingers that take over an hour to loosen. Both wrists hurt and I feel exhausted even after sleeping. Symptoms improve once I start moving.,rheumatoid arthritis,"Prolonged morning stiffness and bilateral wrist involvement support inflammatory arthritis. Improvement with movement further supports an inflammatory process. Fatigue is nonspecific but consistent with systemic inflammation, so rheumatoid arthritis is favored.",Root: grounded conclusion. [Nucleus: high-information evidence] [Satellite-contrast: weaker alternative] [Nucleus-elaboration: risk factors] [Conclusion: integrated decision],0
synthetic_00002,"I have fever and cough, but also severe neck stiffness and light hurts my eyes. I feel much worse than with my usual colds.",meningitis risk,"Fever and cough are compatible with a viral illness, but neck stiffness and photophobia are red flags. These red flags should remain central, so meningitis must be considered urgently.",Root: grounded conclusion. [Nucleus: high-information evidence] [Satellite-contrast: weaker alternative] [Nucleus-elaboration: risk factors] [Conclusion: integrated decision],0
synthetic_00003,"I get chest tightness when climbing stairs, but sometimes it follows spicy food at night. Antacids help a little, but last week pain went to my left arm and I got sweaty. I am 58 and diabetic.",GERD,Spicy food and antacid relief suggest reflux. Arm pain and sweating can be anxiety during discomfort. Therefore GERD explains the symptoms.,Root: hallucinated conclusion. [Nucleus: weak salient clue -> preferred diagnosis] [Satellite-downplay: contradictory red flag] [Conclusion: premature closure],1
synthetic_00004,For months I wake with stiff fingers that take over an hour to loosen. Both wrists hurt and I feel exhausted even after sleeping. Symptoms improve once I start moving.,osteoarthritis,Hand pain suggests a degenerative joint problem. Bilateral symptoms can be age-related. Therefore osteoarthritis explains the complaint.,Root: hallucinated conclusion. [Nucleus: weak salient clue -> preferred diagnosis] [Satellite-downplay: contradictory red flag] [Conclusion: premature closure],1
synthetic_00005,"I have fever and cough, but also severe neck stiffness and light hurts my eyes. I feel much worse than with my usual colds.",meningitis risk,"Fever and cough are compatible with a viral illness, but neck stiffness and photophobia are red flags. These red flags should remain central, so meningitis must be considered urgently.",Root: grounded conclusion. [Nucleus: high-information evidence] [Satellite-contrast: weaker alternative] [Nucleus-elaboration: risk factors] [Conclusion: integrated decision],0
synthetic_00006,"I get chest tightness when climbing stairs, but sometimes it follows spicy food at night. Antacids help a little, but last week pain went to my left arm and I got sweaty. I am 58 and diabetic.",acute coronary syndrome,"Exertional chest pain with arm radiation and sweating is high-risk evidence for ischemia. Spicy food and partial antacid relief are preserved as reflux-like but weaker contrastive clues. Age and diabetes increase cardiac risk, so ACS should be prioritized.",Root: grounded conclusion. [Nucleus: high-information evidence] [Satellite-contrast: weaker alternative] [Nucleus-elaboration: risk factors] [Conclusion: integrated decision],0
synthetic_00007,For months I wake with stiff fingers that take over an hour to loosen. Both wrists hurt and I feel exhausted even after sleeping. Symptoms improve once I start moving.,osteoarthritis,Hand pain suggests a degenerative joint problem. Bilateral symptoms can be age-related. Therefore osteoarthritis explains the complaint.,Root: hallucinated conclusion. [Nucleus: weak salient clue -> preferred diagnosis] [Satellite-downplay: contradictory red flag] [Conclusion: premature closure],1
synthetic_00008,"I have fever and cough, but also severe neck stiffness and light hurts my eyes. I feel much worse than with my usual colds.",meningitis risk,"Fever and cough are compatible with a viral illness, but neck stiffness and photophobia are red flags. These red flags should remain central, so meningitis must be considered urgently.",Root: grounded conclusion. [Nucleus: high-information evidence] [Satellite-contrast: weaker alternative] [Nucleus-elaboration: risk factors] [Conclusion: integrated decision],0
synthetic_00009,"I get chest tightness when climbing stairs, but sometimes it follows spicy food at night. Antacids help a little, but last week pain went to my left arm and I got sweaty. I am 58 and diabetic.",acute coronary syndrome,"Exertional chest pain with arm radiation and sweating is high-risk evidence for ischemia. Spicy food and partial antacid relief are preserved as reflux-like but weaker contrastive clues. Age and diabetes increase cardiac risk, so ACS should be prioritized.",Root: grounded conclusion. [Nucleus: high-information evidence] [Satellite-contrast: weaker alternative] [Nucleus-elaboration: risk factors] [Conclusion: integrated decision],0
synthetic_00010,For months I wake with stiff fingers that take over an hour to loosen. Both wrists hurt and I feel exhausted even after sleeping. Symptoms improve once I start moving.,osteoarthritis,Hand pain suggests a degenerative joint problem. Bilateral symptoms can be age-related. Therefore osteoarthritis explains the complaint.,Root: hallucinated conclusion. [Nucleus: weak salient clue -> preferred diagnosis] [Satellite-downplay: contradictory red flag] [Conclusion: premature closure],1
synthetic_00011,"I have fever and cough, but also severe neck stiffness and light hurts my eyes. I feel much worse than with my usual colds.",meningitis risk,"Fever and cough are compatible with a viral illness, but neck stiffness and photophobia are red flags. These red flags should remain central, so meningitis must be considered urgently.",Root: grounded conclusion. [Nucleus: high-information evidence] [Satellite-contrast: weaker alternative] [Nucleus-elaboration: risk factors] [Conclusion: integrated decision],0
synthetic_00012,"I get chest tightness when climbing stairs, but sometimes it follows spicy food at night. Antacids help a little, but last week pain went to my left arm and I got sweaty. I am 58 and diabetic.",GERD,Spicy food and antacid relief suggest reflux. Arm pain and sweating can be anxiety during discomfort. Therefore GERD explains the symptoms.,Root: hallucinated conclusion. [Nucleus: weak salient clue -> preferred diagnosis] [Satellite-downplay: contradictory red flag] [Conclusion: premature closure],1
synthetic_00013,For months I wake with stiff fingers that take over an hour to loosen. Both wrists hurt and I feel exhausted even after sleeping. Symptoms improve once I start moving.,osteoarthritis,Hand pain suggests a degenerative joint problem. Bilateral symptoms can be age-related. Therefore osteoarthritis explains the complaint.,Root: hallucinated conclusion. [Nucleus: weak salient clue -> preferred diagnosis] [Satellite-downplay: contradictory red flag] [Conclusion: premature closure],1
synthetic_00014,"I have fever and cough, but also severe neck stiffness and light hurts my eyes. I feel much worse than with my usual colds.",meningitis risk,"Fever and cough are compatible with a viral illness, but neck stiffness and photophobia are red flags. These red flags should remain central, so meningitis must be considered urgently.",Root: grounded conclusion. [Nucleus: high-information evidence] [Satellite-contrast: weaker alternative] [Nucleus-elaboration: risk factors] [Conclusion: integrated decision],0
synthetic_00015,"I get chest tightness when climbing stairs, but sometimes it follows spicy food at night. Antacids help a little, but last week pain went to my left arm and I got sweaty. I am 58 and diabetic.",GERD,Spicy food and antacid relief suggest reflux. Arm pain and sweating can be anxiety during discomfort. Therefore GERD explains the symptoms.,Root: hallucinated conclusion. [Nucleus: weak salient clue -> preferred diagnosis] [Satellite-downplay: contradictory red flag] [Conclusion: premature closure],1
synthetic_00016,For months I wake with stiff fingers that take over an hour to loosen. Both wrists hurt and I feel exhausted even after sleeping. Symptoms improve once I start moving.,rheumatoid arthritis,"Prolonged morning stiffness and bilateral wrist involvement support inflammatory arthritis. Improvement with movement further supports an inflammatory process. Fatigue is nonspecific but consistent with systemic inflammation, so rheumatoid arthritis is favored.",Root: grounded conclusion. [Nucleus: high-information evidence] [Satellite-contrast: weaker alternative] [Nucleus-elaboration: risk factors] [Conclusion: integrated decision],0
synthetic_00017,"I have fever and cough, but also severe neck stiffness and light hurts my eyes. I feel much worse than with my usual colds.",flu,Fever and cough usually indicate flu. Neck stiffness can happen with muscle aches during flu. Therefore this is likely flu.,Root: hallucinated conclusion. [Nucleus: weak salient clue -> preferred diagnosis] [Satellite-downplay: contradictory red flag] [Conclusion: premature closure],1
synthetic_00018,"I get chest tightness when climbing stairs, but sometimes it follows spicy food at night. Antacids help a little, but last week pain went to my left arm and I got sweaty. I am 58 and diabetic.",acute coronary syndrome,"Exertional chest pain with arm radiation and sweating is high-risk evidence for ischemia. Spicy food and partial antacid relief are preserved as reflux-like but weaker contrastive clues. Age and diabetes increase cardiac risk, so ACS should be prioritized.",Root: grounded conclusion. [Nucleus: high-information evidence] [Satellite-contrast: weaker alternative] [Nucleus-elaboration: risk factors] [Conclusion: integrated decision],0
synthetic_00019,For months I wake with stiff fingers that take over an hour to loosen. Both wrists hurt and I feel exhausted even after sleeping. Symptoms improve once I start moving.,osteoarthritis,Hand pain suggests a degenerative joint problem. Bilateral symptoms can be age-related. Therefore osteoarthritis explains the complaint.,Root: hallucinated conclusion. [Nucleus: weak salient clue -> preferred diagnosis] [Satellite-downplay: contradictory red flag] [Conclusion: premature closure],1
synthetic_00020,"I have fever and cough, but also severe neck stiffness and light hurts my eyes. I feel much worse than with my usual colds.",flu,Fever and cough usually indicate flu. Neck stiffness can happen with muscle aches during flu. Therefore this is likely flu.,Root: hallucinated conclusion. [Nucleus: weak salient clue -> preferred diagnosis] [Satellite-downplay: contradictory red flag] [Conclusion: premature closure],1
synthetic_00021,"I get chest tightness when climbing stairs, but sometimes it follows spicy food at night. Antacids help a little, but last week pain went to my left arm and I got sweaty. I am 58 and diabetic.",acute coronary syndrome,"Exertional chest pain with arm radiation and sweating is high-risk evidence for ischemia. Spicy food and partial antacid relief are preserved as reflux-like but weaker contrastive clues. Age and diabetes increase cardiac risk, so ACS should be prioritized.",Root: grounded conclusion. [Nucleus: high-information evidence] [Satellite-contrast: weaker alternative] [Nucleus-elaboration: risk factors] [Conclusion: integrated decision],0
synthetic_00022,For months I wake with stiff fingers that take over an hour to loosen. Both wrists hurt and I feel exhausted even after sleeping. Symptoms improve once I start moving.,rheumatoid arthritis,"Prolonged morning stiffness and bilateral wrist involvement support inflammatory arthritis. Improvement with movement further supports an inflammatory process. Fatigue is nonspecific but consistent with systemic inflammation, so rheumatoid arthritis is favored.",Root: grounded conclusion. [Nucleus: high-information evidence] [Satellite-contrast: weaker alternative] [Nucleus-elaboration: risk factors] [Conclusion: integrated decision],0
synthetic_00023,"I have fever and cough, but also severe neck stiffness and light hurts my eyes. I feel much worse than with my usual colds.",meningitis risk,"Fever and cough are compatible with a viral illness, but neck stiffness and photophobia are red flags. These red flags should remain central, so meningitis must be considered urgently.",Root: grounded conclusion. [Nucleus: high-information evidence] [Satellite-contrast: weaker alternative] [Nucleus-elaboration: risk factors] [Conclusion: integrated decision],0
synthetic_00024,"I get chest tightness when climbing stairs, but sometimes it follows spicy food at night. Antacids help a little, but last week pain went to my left arm and I got sweaty. I am 58 and diabetic.",acute coronary syndrome,"Exertional chest pain with arm radiation and sweating is high-risk evidence for ischemia. Spicy food and partial antacid relief are preserved as reflux-like but weaker contrastive clues. Age and diabetes increase cardiac risk, so ACS should be prioritized.",Root: grounded conclusion. [Nucleus: high-information evidence] [Satellite-contrast: weaker alternative] [Nucleus-elaboration: risk factors] [Conclusion: integrated decision],0
synthetic_00025,For months I wake with stiff fingers that take over an hour to loosen. Both wrists hurt and I feel exhausted even after sleeping. Symptoms improve once I start moving.,rheumatoid arthritis,"Prolonged morning stiffness and bilateral wrist involvement support inflammatory arthritis. Improvement with movement further supports an inflammatory process. Fatigue is nonspecific but consistent with systemic inflammation, so rheumatoid arthritis is favored.",Root: grounded conclusion. [Nucleus: high-information evidence] [Satellite-contrast: weaker alternative] [Nucleus-elaboration: risk factors] [Conclusion: integrated decision],0
synthetic_00026,"I have fever and cough, but also severe neck stiffness and light hurts my eyes. I feel much worse than with my usual colds.",flu,Fever and cough usually indicate flu. Neck stiffness can happen with muscle aches during flu. Therefore this is likely flu.,Root: hallucinated conclusion. [Nucleus: weak salient clue -> preferred diagnosis] [Satellite-downplay: contradictory red flag] [Conclusion: premature closure],1
synthetic_00027,"I get chest tightness when climbing stairs, but sometimes it follows spicy food at night. Antacids help a little, but last week pain went to my left arm and I got sweaty. I am 58 and diabetic.",acute coronary syndrome,"Exertional chest pain with arm radiation and sweating is high-risk evidence for ischemia. Spicy food and partial antacid relief are preserved as reflux-like but weaker contrastive clues. Age and diabetes increase cardiac risk, so ACS should be prioritized.",Root: grounded conclusion. [Nucleus: high-information evidence] [Satellite-contrast: weaker alternative] [Nucleus-elaboration: risk factors] [Conclusion: integrated decision],0
synthetic_00028,For months I wake with stiff fingers that take over an hour to loosen. Both wrists hurt and I feel exhausted even after sleeping. Symptoms improve once I start moving.,rheumatoid arthritis,"Prolonged morning stiffness and bilateral wrist involvement support inflammatory arthritis. Improvement with movement further supports an inflammatory process. Fatigue is nonspecific but consistent with systemic inflammation, so rheumatoid arthritis is favored.",Root: grounded conclusion. [Nucleus: high-information evidence] [Satellite-contrast: weaker alternative] [Nucleus-elaboration: risk factors] [Conclusion: integrated decision],0
synthetic_00029,"I have fever and cough, but also severe neck stiffness and light hurts my eyes. I feel much worse than with my usual colds.",flu,Fever and cough usually indicate flu. Neck stiffness can happen with muscle aches during flu. Therefore this is likely flu.,Root: hallucinated conclusion. [Nucleus: weak salient clue -> preferred diagnosis] [Satellite-downplay: contradictory red flag] [Conclusion: premature closure],1
synthetic_00030,"I get chest tightness when climbing stairs, but sometimes it follows spicy food at night. Antacids help a little, but last week pain went to my left arm and I got sweaty. I am 58 and diabetic.",GERD,Spicy food and antacid relief suggest reflux. Arm pain and sweating can be anxiety during discomfort. Therefore GERD explains the symptoms.,Root: hallucinated conclusion. [Nucleus: weak salient clue -> preferred diagnosis] [Satellite-downplay: contradictory red flag] [Conclusion: premature closure],1
synthetic_00031,For months I wake with stiff fingers that take over an hour to loosen. Both wrists hurt and I feel exhausted even after sleeping. Symptoms improve once I start moving.,rheumatoid arthritis,"Prolonged morning stiffness and bilateral wrist involvement support inflammatory arthritis. Improvement with movement further supports an inflammatory process. Fatigue is nonspecific but consistent with systemic inflammation, so rheumatoid arthritis is favored.",Root: grounded conclusion. [Nucleus: high-information evidence] [Satellite-contrast: weaker alternative] [Nucleus-elaboration: risk factors] [Conclusion: integrated decision],0
synthetic_00032,"I have fever and cough, but also severe neck stiffness and light hurts my eyes. I feel much worse than with my usual colds.",meningitis risk,"Fever and cough are compatible with a viral illness, but neck stiffness and photophobia are red flags. These red flags should remain central, so meningitis must be considered urgently.",Root: grounded conclusion. [Nucleus: high-information evidence] [Satellite-contrast: weaker alternative] [Nucleus-elaboration: risk factors] [Conclusion: integrated decision],0
synthetic_00033,"I get chest tightness when climbing stairs, but sometimes it follows spicy food at night. Antacids help a little, but last week pain went to my left arm and I got sweaty. I am 58 and diabetic.",acute coronary syndrome,"Exertional chest pain with arm radiation and sweating is high-risk evidence for ischemia. Spicy food and partial antacid relief are preserved as reflux-like but weaker contrastive clues. Age and diabetes increase cardiac risk, so ACS should be prioritized.",Root: grounded conclusion. [Nucleus: high-information evidence] [Satellite-contrast: weaker alternative] [Nucleus-elaboration: risk factors] [Conclusion: integrated decision],0
synthetic_00034,For months I wake with stiff fingers that take over an hour to loosen. Both wrists hurt and I feel exhausted even after sleeping. Symptoms improve once I start moving.,rheumatoid arthritis,"Prolonged morning stiffness and bilateral wrist involvement support inflammatory arthritis. Improvement with movement further supports an inflammatory process. Fatigue is nonspecific but consistent with systemic inflammation, so rheumatoid arthritis is favored.",Root: grounded conclusion. [Nucleus: high-information evidence] [Satellite-contrast: weaker alternative] [Nucleus-elaboration: risk factors] [Conclusion: integrated decision],0
synthetic_00035,"I have fever and cough, but also severe neck stiffness and light hurts my eyes. I feel much worse than with my usual colds.",flu,Fever and cough usually indicate flu. Neck stiffness can happen with muscle aches during flu. Therefore this is likely flu.,Root: hallucinated conclusion. [Nucleus: weak salient clue -> preferred diagnosis] [Satellite-downplay: contradictory red flag] [Conclusion: premature closure],1
synthetic_00036,"I get chest tightness when climbing stairs, but sometimes it follows spicy food at night. Antacids help a little, but last week pain went to my left arm and I got sweaty. I am 58 and diabetic.",acute coronary syndrome,"Exertional chest pain with arm radiation and sweating is high-risk evidence for ischemia. Spicy food and partial antacid relief are preserved as reflux-like but weaker contrastive clues. Age and diabetes increase cardiac risk, so ACS should be prioritized.",Root: grounded conclusion. [Nucleus: high-information evidence] [Satellite-contrast: weaker alternative] [Nucleus-elaboration: risk factors] [Conclusion: integrated decision],0
synthetic_00037,For months I wake with stiff fingers that take over an hour to loosen. Both wrists hurt and I feel exhausted even after sleeping. Symptoms improve once I start moving.,osteoarthritis,Hand pain suggests a degenerative joint problem. Bilateral symptoms can be age-related. Therefore osteoarthritis explains the complaint.,Root: hallucinated conclusion. [Nucleus: weak salient clue -> preferred diagnosis] [Satellite-downplay: contradictory red flag] [Conclusion: premature closure],1
synthetic_00038,"I have fever and cough, but also severe neck stiffness and light hurts my eyes. I feel much worse than with my usual colds.",flu,Fever and cough usually indicate flu. Neck stiffness can happen with muscle aches during flu. Therefore this is likely flu.,Root: hallucinated conclusion. [Nucleus: weak salient clue -> preferred diagnosis] [Satellite-downplay: contradictory red flag] [Conclusion: premature closure],1
synthetic_00039,"I get chest tightness when climbing stairs, but sometimes it follows spicy food at night. Antacids help a little, but last week pain went to my left arm and I got sweaty. I am 58 and diabetic.",acute coronary syndrome,"Exertional chest pain with arm radiation and sweating is high-risk evidence for ischemia. Spicy food and partial antacid relief are preserved as reflux-like but weaker contrastive clues. Age and diabetes increase cardiac risk, so ACS should be prioritized.",Root: grounded conclusion. [Nucleus: high-information evidence] [Satellite-contrast: weaker alternative] [Nucleus-elaboration: risk factors] [Conclusion: integrated decision],0
synthetic_00040,For months I wake with stiff fingers that take over an hour to loosen. Both wrists hurt and I feel exhausted even after sleeping. Symptoms improve once I start moving.,rheumatoid arthritis,"Prolonged morning stiffness and bilateral wrist involvement support inflammatory arthritis. Improvement with movement further supports an inflammatory process. Fatigue is nonspecific but consistent with systemic inflammation, so rheumatoid arthritis is favored.",Root: grounded conclusion. [Nucleus: high-information evidence] [Satellite-contrast: weaker alternative] [Nucleus-elaboration: risk factors] [Conclusion: integrated decision],0
synthetic_00041,"I have fever and cough, but also severe neck stiffness and light hurts my eyes. I feel much worse than with my usual colds.",flu,Fever and cough usually indicate flu. Neck stiffness can happen with muscle aches during flu. Therefore this is likely flu.,Root: hallucinated conclusion. [Nucleus: weak salient clue -> preferred diagnosis] [Satellite-downplay: contradictory red flag] [Conclusion: premature closure],1
synthetic_00042,"I get chest tightness when climbing stairs, but sometimes it follows spicy food at night. Antacids help a little, but last week pain went to my left arm and I got sweaty. I am 58 and diabetic.",acute coronary syndrome,"Exertional chest pain with arm radiation and sweating is high-risk evidence for ischemia. Spicy food and partial antacid relief are preserved as reflux-like but weaker contrastive clues. Age and diabetes increase cardiac risk, so ACS should be prioritized.",Root: grounded conclusion. [Nucleus: high-information evidence] [Satellite-contrast: weaker alternative] [Nucleus-elaboration: risk factors] [Conclusion: integrated decision],0
synthetic_00043,For months I wake with stiff fingers that take over an hour to loosen. Both wrists hurt and I feel exhausted even after sleeping. Symptoms improve once I start moving.,osteoarthritis,Hand pain suggests a degenerative joint problem. Bilateral symptoms can be age-related. Therefore osteoarthritis explains the complaint.,Root: hallucinated conclusion. [Nucleus: weak salient clue -> preferred diagnosis] [Satellite-downplay: contradictory red flag] [Conclusion: premature closure],1
synthetic_00044,"I have fever and cough, but also severe neck stiffness and light hurts my eyes. I feel much worse than with my usual colds.",flu,Fever and cough usually indicate flu. Neck stiffness can happen with muscle aches during flu. Therefore this is likely flu.,Root: hallucinated conclusion. [Nucleus: weak salient clue -> preferred diagnosis] [Satellite-downplay: contradictory red flag] [Conclusion: premature closure],1
synthetic_00045,"I get chest tightness when climbing stairs, but sometimes it follows spicy food at night. Antacids help a little, but last week pain went to my left arm and I got sweaty. I am 58 and diabetic.",acute coronary syndrome,"Exertional chest pain with arm radiation and sweating is high-risk evidence for ischemia. Spicy food and partial antacid relief are preserved as reflux-like but weaker contrastive clues. Age and diabetes increase cardiac risk, so ACS should be prioritized.",Root: grounded conclusion. [Nucleus: high-information evidence] [Satellite-contrast: weaker alternative] [Nucleus-elaboration: risk factors] [Conclusion: integrated decision],0
synthetic_00046,For months I wake with stiff fingers that take over an hour to loosen. Both wrists hurt and I feel exhausted even after sleeping. Symptoms improve once I start moving.,rheumatoid arthritis,"Prolonged morning stiffness and bilateral wrist involvement support inflammatory arthritis. Improvement with movement further supports an inflammatory process. Fatigue is nonspecific but consistent with systemic inflammation, so rheumatoid arthritis is favored.",Root: grounded conclusion. [Nucleus: high-information evidence] [Satellite-contrast: weaker alternative] [Nucleus-elaboration: risk factors] [Conclusion: integrated decision],0
synthetic_00047,"I have fever and cough, but also severe neck stiffness and light hurts my eyes. I feel much worse than with my usual colds.",meningitis risk,"Fever and cough are compatible with a viral illness, but neck stiffness and photophobia are red flags. These red flags should remain central, so meningitis must be considered urgently.",Root: grounded conclusion. [Nucleus: high-information evidence] [Satellite-contrast: weaker alternative] [Nucleus-elaboration: risk factors] [Conclusion: integrated decision],0
synthetic_00048,"I get chest tightness when climbing stairs, but sometimes it follows spicy food at night. Antacids help a little, but last week pain went to my left arm and I got sweaty. I am 58 and diabetic.",acute coronary syndrome,"Exertional chest pain with arm radiation and sweating is high-risk evidence for ischemia. Spicy food and partial antacid relief are preserved as reflux-like but weaker contrastive clues. Age and diabetes increase cardiac risk, so ACS should be prioritized.",Root: grounded conclusion. [Nucleus: high-information evidence] [Satellite-contrast: weaker alternative] [Nucleus-elaboration: risk factors] [Conclusion: integrated decision],0
synthetic_00049,For months I wake with stiff fingers that take over an hour to loosen. Both wrists hurt and I feel exhausted even after sleeping. Symptoms improve once I start moving.,rheumatoid arthritis,"Prolonged morning stiffness and bilateral wrist involvement support inflammatory arthritis. Improvement with movement further supports an inflammatory process. Fatigue is nonspecific but consistent with systemic inflammation, so rheumatoid arthritis is favored.",Root: grounded conclusion. [Nucleus: high-information evidence] [Satellite-contrast: weaker alternative] [Nucleus-elaboration: risk factors] [Conclusion: integrated decision],0
synthetic_00050,"I have fever and cough, but also severe neck stiffness and light hurts my eyes. I feel much worse than with my usual colds.",meningitis risk,"Fever and cough are compatible with a viral illness, but neck stiffness and photophobia are red flags. These red flags should remain central, so meningitis must be considered urgently.",Root: grounded conclusion. [Nucleus: high-information evidence] [Satellite-contrast: weaker alternative] [Nucleus-elaboration: risk factors] [Conclusion: integrated decision],0
synthetic_00051,"I get chest tightness when climbing stairs, but sometimes it follows spicy food at night. Antacids help a little, but last week pain went to my left arm and I got sweaty. I am 58 and diabetic.",acute coronary syndrome,"Exertional chest pain with arm radiation and sweating is high-risk evidence for ischemia. Spicy food and partial antacid relief are preserved as reflux-like but weaker contrastive clues. Age and diabetes increase cardiac risk, so ACS should be prioritized.",Root: grounded conclusion. [Nucleus: high-information evidence] [Satellite-contrast: weaker alternative] [Nucleus-elaboration: risk factors] [Conclusion: integrated decision],0
synthetic_00052,For months I wake with stiff fingers that take over an hour to loosen. Both wrists hurt and I feel exhausted even after sleeping. Symptoms improve once I start moving.,osteoarthritis,Hand pain suggests a degenerative joint problem. Bilateral symptoms can be age-related. Therefore osteoarthritis explains the complaint.,Root: hallucinated conclusion. [Nucleus: weak salient clue -> preferred diagnosis] [Satellite-downplay: contradictory red flag] [Conclusion: premature closure],1
synthetic_00053,"I have fever and cough, but also severe neck stiffness and light hurts my eyes. I feel much worse than with my usual colds.",flu,Fever and cough usually indicate flu. Neck stiffness can happen with muscle aches during flu. Therefore this is likely flu.,Root: hallucinated conclusion. [Nucleus: weak salient clue -> preferred diagnosis] [Satellite-downplay: contradictory red flag] [Conclusion: premature closure],1
synthetic_00054,"I get chest tightness when climbing stairs, but sometimes it follows spicy food at night. Antacids help a little, but last week pain went to my left arm and I got sweaty. I am 58 and diabetic.",acute coronary syndrome,"Exertional chest pain with arm radiation and sweating is high-risk evidence for ischemia. Spicy food and partial antacid relief are preserved as reflux-like but weaker contrastive clues. Age and diabetes increase cardiac risk, so ACS should be prioritized.",Root: grounded conclusion. [Nucleus: high-information evidence] [Satellite-contrast: weaker alternative] [Nucleus-elaboration: risk factors] [Conclusion: integrated decision],0
synthetic_00055,For months I wake with stiff fingers that take over an hour to loosen. Both wrists hurt and I feel exhausted even after sleeping. Symptoms improve once I start moving.,rheumatoid arthritis,"Prolonged morning stiffness and bilateral wrist involvement support inflammatory arthritis. Improvement with movement further supports an inflammatory process. Fatigue is nonspecific but consistent with systemic inflammation, so rheumatoid arthritis is favored.",Root: grounded conclusion. [Nucleus: high-information evidence] [Satellite-contrast: weaker alternative] [Nucleus-elaboration: risk factors] [Conclusion: integrated decision],0
synthetic_00056,"I have fever and cough, but also severe neck stiffness and light hurts my eyes. I feel much worse than with my usual colds.",flu,Fever and cough usually indicate flu. Neck stiffness can happen with muscle aches during flu. Therefore this is likely flu.,Root: hallucinated conclusion. [Nucleus: weak salient clue -> preferred diagnosis] [Satellite-downplay: contradictory red flag] [Conclusion: premature closure],1
synthetic_00057,"I get chest tightness when climbing stairs, but sometimes it follows spicy food at night. Antacids help a little, but last week pain went to my left arm and I got sweaty. I am 58 and diabetic.",acute coronary syndrome,"Exertional chest pain with arm radiation and sweating is high-risk evidence for ischemia. Spicy food and partial antacid relief are preserved as reflux-like but weaker contrastive clues. Age and diabetes increase cardiac risk, so ACS should be prioritized.",Root: grounded conclusion. [Nucleus: high-information evidence] [Satellite-contrast: weaker alternative] [Nucleus-elaboration: risk factors] [Conclusion: integrated decision],0
synthetic_00058,For months I wake with stiff fingers that take over an hour to loosen. Both wrists hurt and I feel exhausted even after sleeping. Symptoms improve once I start moving.,osteoarthritis,Hand pain suggests a degenerative joint problem. Bilateral symptoms can be age-related. Therefore osteoarthritis explains the complaint.,Root: hallucinated conclusion. [Nucleus: weak salient clue -> preferred diagnosis] [Satellite-downplay: contradictory red flag] [Conclusion: premature closure],1
synthetic_00059,"I have fever and cough, but also severe neck stiffness and light hurts my eyes. I feel much worse than with my usual colds.",flu,Fever and cough usually indicate flu. Neck stiffness can happen with muscle aches during flu. Therefore this is likely flu.,Root: hallucinated conclusion. [Nucleus: weak salient clue -> preferred diagnosis] [Satellite-downplay: contradictory red flag] [Conclusion: premature closure],1
synthetic_00060,"I get chest tightness when climbing stairs, but sometimes it follows spicy food at night. Antacids help a little, but last week pain went to my left arm and I got sweaty. I am 58 and diabetic.",GERD,Spicy food and antacid relief suggest reflux. Arm pain and sweating can be anxiety during discomfort. Therefore GERD explains the symptoms.,Root: hallucinated conclusion. [Nucleus: weak salient clue -> preferred diagnosis] [Satellite-downplay: contradictory red flag] [Conclusion: premature closure],1
synthetic_00061,For months I wake with stiff fingers that take over an hour to loosen. Both wrists hurt and I feel exhausted even after sleeping. Symptoms improve once I start moving.,osteoarthritis,Hand pain suggests a degenerative joint problem. Bilateral symptoms can be age-related. Therefore osteoarthritis explains the complaint.,Root: hallucinated conclusion. [Nucleus: weak salient clue -> preferred diagnosis] [Satellite-downplay: contradictory red flag] [Conclusion: premature closure],1
synthetic_00062,"I have fever and cough, but also severe neck stiffness and light hurts my eyes. I feel much worse than with my usual colds.",meningitis risk,"Fever and cough are compatible with a viral illness, but neck stiffness and photophobia are red flags. These red flags should remain central, so meningitis must be considered urgently.",Root: grounded conclusion. [Nucleus: high-information evidence] [Satellite-contrast: weaker alternative] [Nucleus-elaboration: risk factors] [Conclusion: integrated decision],0
synthetic_00063,"I get chest tightness when climbing stairs, but sometimes it follows spicy food at night. Antacids help a little, but last week pain went to my left arm and I got sweaty. I am 58 and diabetic.",GERD,Spicy food and antacid relief suggest reflux. Arm pain and sweating can be anxiety during discomfort. Therefore GERD explains the symptoms.,Root: hallucinated conclusion. [Nucleus: weak salient clue -> preferred diagnosis] [Satellite-downplay: contradictory red flag] [Conclusion: premature closure],1
synthetic_00064,For months I wake with stiff fingers that take over an hour to loosen. Both wrists hurt and I feel exhausted even after sleeping. Symptoms improve once I start moving.,rheumatoid arthritis,"Prolonged morning stiffness and bilateral wrist involvement support inflammatory arthritis. Improvement with movement further supports an inflammatory process. Fatigue is nonspecific but consistent with systemic inflammation, so rheumatoid arthritis is favored.",Root: grounded conclusion. [Nucleus: high-information evidence] [Satellite-contrast: weaker alternative] [Nucleus-elaboration: risk factors] [Conclusion: integrated decision],0
synthetic_00065,"I have fever and cough, but also severe neck stiffness and light hurts my eyes. I feel much worse than with my usual colds.",meningitis risk,"Fever and cough are compatible with a viral illness, but neck stiffness and photophobia are red flags. These red flags should remain central, so meningitis must be considered urgently.",Root: grounded conclusion. [Nucleus: high-information evidence] [Satellite-contrast: weaker alternative] [Nucleus-elaboration: risk factors] [Conclusion: integrated decision],0
synthetic_00066,"I get chest tightness when climbing stairs, but sometimes it follows spicy food at night. Antacids help a little, but last week pain went to my left arm and I got sweaty. I am 58 and diabetic.",acute coronary syndrome,"Exertional chest pain with arm radiation and sweating is high-risk evidence for ischemia. Spicy food and partial antacid relief are preserved as reflux-like but weaker contrastive clues. Age and diabetes increase cardiac risk, so ACS should be prioritized.",Root: grounded conclusion. [Nucleus: high-information evidence] [Satellite-contrast: weaker alternative] [Nucleus-elaboration: risk factors] [Conclusion: integrated decision],0
synthetic_00067,For months I wake with stiff fingers that take over an hour to loosen. Both wrists hurt and I feel exhausted even after sleeping. Symptoms improve once I start moving.,osteoarthritis,Hand pain suggests a degenerative joint problem. Bilateral symptoms can be age-related. Therefore osteoarthritis explains the complaint.,Root: hallucinated conclusion. [Nucleus: weak salient clue -> preferred diagnosis] [Satellite-downplay: contradictory red flag] [Conclusion: premature closure],1
synthetic_00068,"I have fever and cough, but also severe neck stiffness and light hurts my eyes. I feel much worse than with my usual colds.",meningitis risk,"Fever and cough are compatible with a viral illness, but neck stiffness and photophobia are red flags. These red flags should remain central, so meningitis must be considered urgently.",Root: grounded conclusion. [Nucleus: high-information evidence] [Satellite-contrast: weaker alternative] [Nucleus-elaboration: risk factors] [Conclusion: integrated decision],0
synthetic_00069,"I get chest tightness when climbing stairs, but sometimes it follows spicy food at night. Antacids help a little, but last week pain went to my left arm and I got sweaty. I am 58 and diabetic.",GERD,Spicy food and antacid relief suggest reflux. Arm pain and sweating can be anxiety during discomfort. Therefore GERD explains the symptoms.,Root: hallucinated conclusion. [Nucleus: weak salient clue -> preferred diagnosis] [Satellite-downplay: contradictory red flag] [Conclusion: premature closure],1
synthetic_00070,For months I wake with stiff fingers that take over an hour to loosen. Both wrists hurt and I feel exhausted even after sleeping. Symptoms improve once I start moving.,osteoarthritis,Hand pain suggests a degenerative joint problem. Bilateral symptoms can be age-related. Therefore osteoarthritis explains the complaint.,Root: hallucinated conclusion. [Nucleus: weak salient clue -> preferred diagnosis] [Satellite-downplay: contradictory red flag] [Conclusion: premature closure],1
synthetic_00071,"I have fever and cough, but also severe neck stiffness and light hurts my eyes. I feel much worse than with my usual colds.",meningitis risk,"Fever and cough are compatible with a viral illness, but neck stiffness and photophobia are red flags. These red flags should remain central, so meningitis must be considered urgently.",Root: grounded conclusion. [Nucleus: high-information evidence] [Satellite-contrast: weaker alternative] [Nucleus-elaboration: risk factors] [Conclusion: integrated decision],0
synthetic_00072,"I get chest tightness when climbing stairs, but sometimes it follows spicy food at night. Antacids help a little, but last week pain went to my left arm and I got sweaty. I am 58 and diabetic.",GERD,Spicy food and antacid relief suggest reflux. Arm pain and sweating can be anxiety during discomfort. Therefore GERD explains the symptoms.,Root: hallucinated conclusion. [Nucleus: weak salient clue -> preferred diagnosis] [Satellite-downplay: contradictory red flag] [Conclusion: premature closure],1
synthetic_00073,For months I wake with stiff fingers that take over an hour to loosen. Both wrists hurt and I feel exhausted even after sleeping. Symptoms improve once I start moving.,osteoarthritis,Hand pain suggests a degenerative joint problem. Bilateral symptoms can be age-related. Therefore osteoarthritis explains the complaint.,Root: hallucinated conclusion. [Nucleus: weak salient clue -> preferred diagnosis] [Satellite-downplay: contradictory red flag] [Conclusion: premature closure],1
synthetic_00074,"I have fever and cough, but also severe neck stiffness and light hurts my eyes. I feel much worse than with my usual colds.",flu,Fever and cough usually indicate flu. Neck stiffness can happen with muscle aches during flu. Therefore this is likely flu.,Root: hallucinated conclusion. [Nucleus: weak salient clue -> preferred diagnosis] [Satellite-downplay: contradictory red flag] [Conclusion: premature closure],1
synthetic_00075,"I get chest tightness when climbing stairs, but sometimes it follows spicy food at night. Antacids help a little, but last week pain went to my left arm and I got sweaty. I am 58 and diabetic.",GERD,Spicy food and antacid relief suggest reflux. Arm pain and sweating can be anxiety during discomfort. Therefore GERD explains the symptoms.,Root: hallucinated conclusion. [Nucleus: weak salient clue -> preferred diagnosis] [Satellite-downplay: contradictory red flag] [Conclusion: premature closure],1
synthetic_00076,For months I wake with stiff fingers that take over an hour to loosen. Both wrists hurt and I feel exhausted even after sleeping. Symptoms improve once I start moving.,osteoarthritis,Hand pain suggests a degenerative joint problem. Bilateral symptoms can be age-related. Therefore osteoarthritis explains the complaint.,Root: hallucinated conclusion. [Nucleus: weak salient clue -> preferred diagnosis] [Satellite-downplay: contradictory red flag] [Conclusion: premature closure],1
synthetic_00077,"I have fever and cough, but also severe neck stiffness and light hurts my eyes. I feel much worse than with my usual colds.",meningitis risk,"Fever and cough are compatible with a viral illness, but neck stiffness and photophobia are red flags. These red flags should remain central, so meningitis must be considered urgently.",Root: grounded conclusion. [Nucleus: high-information evidence] [Satellite-contrast: weaker alternative] [Nucleus-elaboration: risk factors] [Conclusion: integrated decision],0
synthetic_00078,"I get chest tightness when climbing stairs, but sometimes it follows spicy food at night. Antacids help a little, but last week pain went to my left arm and I got sweaty. I am 58 and diabetic.",acute coronary syndrome,"Exertional chest pain with arm radiation and sweating is high-risk evidence for ischemia. Spicy food and partial antacid relief are preserved as reflux-like but weaker contrastive clues. Age and diabetes increase cardiac risk, so ACS should be prioritized.",Root: grounded conclusion. [Nucleus: high-information evidence] [Satellite-contrast: weaker alternative] [Nucleus-elaboration: risk factors] [Conclusion: integrated decision],0
synthetic_00079,For months I wake with stiff fingers that take over an hour to loosen. Both wrists hurt and I feel exhausted even after sleeping. Symptoms improve once I start moving.,osteoarthritis,Hand pain suggests a degenerative joint problem. Bilateral symptoms can be age-related. Therefore osteoarthritis explains the complaint.,Root: hallucinated conclusion. [Nucleus: weak salient clue -> preferred diagnosis] [Satellite-downplay: contradictory red flag] [Conclusion: premature closure],1
synthetic_00080,"I have fever and cough, but also severe neck stiffness and light hurts my eyes. I feel much worse than with my usual colds.",meningitis risk,"Fever and cough are compatible with a viral illness, but neck stiffness and photophobia are red flags. These red flags should remain central, so meningitis must be considered urgently.",Root: grounded conclusion. [Nucleus: high-information evidence] [Satellite-contrast: weaker alternative] [Nucleus-elaboration: risk factors] [Conclusion: integrated decision],0
synthetic_00081,"I get chest tightness when climbing stairs, but sometimes it follows spicy food at night. Antacids help a little, but last week pain went to my left arm and I got sweaty. I am 58 and diabetic.",GERD,Spicy food and antacid relief suggest reflux. Arm pain and sweating can be anxiety during discomfort. Therefore GERD explains the symptoms.,Root: hallucinated conclusion. [Nucleus: weak salient clue -> preferred diagnosis] [Satellite-downplay: contradictory red flag] [Conclusion: premature closure],1
synthetic_00082,For months I wake with stiff fingers that take over an hour to loosen. Both wrists hurt and I feel exhausted even after sleeping. Symptoms improve once I start moving.,osteoarthritis,Hand pain suggests a degenerative joint problem. Bilateral symptoms can be age-related. Therefore osteoarthritis explains the complaint.,Root: hallucinated conclusion. [Nucleus: weak salient clue -> preferred diagnosis] [Satellite-downplay: contradictory red flag] [Conclusion: premature closure],1
synthetic_00083,"I have fever and cough, but also severe neck stiffness and light hurts my eyes. I feel much worse than with my usual colds.",meningitis risk,"Fever and cough are compatible with a viral illness, but neck stiffness and photophobia are red flags. These red flags should remain central, so meningitis must be considered urgently.",Root: grounded conclusion. [Nucleus: high-information evidence] [Satellite-contrast: weaker alternative] [Nucleus-elaboration: risk factors] [Conclusion: integrated decision],0
synthetic_00084,"I get chest tightness when climbing stairs, but sometimes it follows spicy food at night. Antacids help a little, but last week pain went to my left arm and I got sweaty. I am 58 and diabetic.",acute coronary syndrome,"Exertional chest pain with arm radiation and sweating is high-risk evidence for ischemia. Spicy food and partial antacid relief are preserved as reflux-like but weaker contrastive clues. Age and diabetes increase cardiac risk, so ACS should be prioritized.",Root: grounded conclusion. [Nucleus: high-information evidence] [Satellite-contrast: weaker alternative] [Nucleus-elaboration: risk factors] [Conclusion: integrated decision],0
synthetic_00085,For months I wake with stiff fingers that take over an hour to loosen. Both wrists hurt and I feel exhausted even after sleeping. Symptoms improve once I start moving.,rheumatoid arthritis,"Prolonged morning stiffness and bilateral wrist involvement support inflammatory arthritis. Improvement with movement further supports an inflammatory process. Fatigue is nonspecific but consistent with systemic inflammation, so rheumatoid arthritis is favored.",Root: grounded conclusion. [Nucleus: high-information evidence] [Satellite-contrast: weaker alternative] [Nucleus-elaboration: risk factors] [Conclusion: integrated decision],0
synthetic_00086,"I have fever and cough, but also severe neck stiffness and light hurts my eyes. I feel much worse than with my usual colds.",meningitis risk,"Fever and cough are compatible with a viral illness, but neck stiffness and photophobia are red flags. These red flags should remain central, so meningitis must be considered urgently.",Root: grounded conclusion. [Nucleus: high-information evidence] [Satellite-contrast: weaker alternative] [Nucleus-elaboration: risk factors] [Conclusion: integrated decision],0
synthetic_00087,"I get chest tightness when climbing stairs, but sometimes it follows spicy food at night. Antacids help a little, but last week pain went to my left arm and I got sweaty. I am 58 and diabetic.",acute coronary syndrome,"Exertional chest pain with arm radiation and sweating is high-risk evidence for ischemia. Spicy food and partial antacid relief are preserved as reflux-like but weaker contrastive clues. Age and diabetes increase cardiac risk, so ACS should be prioritized.",Root: grounded conclusion. [Nucleus: high-information evidence] [Satellite-contrast: weaker alternative] [Nucleus-elaboration: risk factors] [Conclusion: integrated decision],0
synthetic_00088,For months I wake with stiff fingers that take over an hour to loosen. Both wrists hurt and I feel exhausted even after sleeping. Symptoms improve once I start moving.,osteoarthritis,Hand pain suggests a degenerative joint problem. Bilateral symptoms can be age-related. Therefore osteoarthritis explains the complaint.,Root: hallucinated conclusion. [Nucleus: weak salient clue -> preferred diagnosis] [Satellite-downplay: contradictory red flag] [Conclusion: premature closure],1
synthetic_00089,"I have fever and cough, but also severe neck stiffness and light hurts my eyes. I feel much worse than with my usual colds.",meningitis risk,"Fever and cough are compatible with a viral illness, but neck stiffness and photophobia are red flags. These red flags should remain central, so meningitis must be considered urgently.",Root: grounded conclusion. [Nucleus: high-information evidence] [Satellite-contrast: weaker alternative] [Nucleus-elaboration: risk factors] [Conclusion: integrated decision],0
synthetic_00090,"I get chest tightness when climbing stairs, but sometimes it follows spicy food at night. Antacids help a little, but last week pain went to my left arm and I got sweaty. I am 58 and diabetic.",acute coronary syndrome,"Exertional chest pain with arm radiation and sweating is high-risk evidence for ischemia. Spicy food and partial antacid relief are preserved as reflux-like but weaker contrastive clues. Age and diabetes increase cardiac risk, so ACS should be prioritized.",Root: grounded conclusion. [Nucleus: high-information evidence] [Satellite-contrast: weaker alternative] [Nucleus-elaboration: risk factors] [Conclusion: integrated decision],0
synthetic_00091,For months I wake with stiff fingers that take over an hour to loosen. Both wrists hurt and I feel exhausted even after sleeping. Symptoms improve once I start moving.,rheumatoid arthritis,"Prolonged morning stiffness and bilateral wrist involvement support inflammatory arthritis. Improvement with movement further supports an inflammatory process. Fatigue is nonspecific but consistent with systemic inflammation, so rheumatoid arthritis is favored.",Root: grounded conclusion. [Nucleus: high-information evidence] [Satellite-contrast: weaker alternative] [Nucleus-elaboration: risk factors] [Conclusion: integrated decision],0
synthetic_00092,"I have fever and cough, but also severe neck stiffness and light hurts my eyes. I feel much worse than with my usual colds.",flu,Fever and cough usually indicate flu. Neck stiffness can happen with muscle aches during flu. Therefore this is likely flu.,Root: hallucinated conclusion. [Nucleus: weak salient clue -> preferred diagnosis] [Satellite-downplay: contradictory red flag] [Conclusion: premature closure],1
synthetic_00093,"I get chest tightness when climbing stairs, but sometimes it follows spicy food at night. Antacids help a little, but last week pain went to my left arm and I got sweaty. I am 58 and diabetic.",acute coronary syndrome,"Exertional chest pain with arm radiation and sweating is high-risk evidence for ischemia. Spicy food and partial antacid relief are preserved as reflux-like but weaker contrastive clues. Age and diabetes increase cardiac risk, so ACS should be prioritized.",Root: grounded conclusion. [Nucleus: high-information evidence] [Satellite-contrast: weaker alternative] [Nucleus-elaboration: risk factors] [Conclusion: integrated decision],0
synthetic_00094,For months I wake with stiff fingers that take over an hour to loosen. Both wrists hurt and I feel exhausted even after sleeping. Symptoms improve once I start moving.,rheumatoid arthritis,"Prolonged morning stiffness and bilateral wrist involvement support inflammatory arthritis. Improvement with movement further supports an inflammatory process. Fatigue is nonspecific but consistent with systemic inflammation, so rheumatoid arthritis is favored.",Root: grounded conclusion. [Nucleus: high-information evidence] [Satellite-contrast: weaker alternative] [Nucleus-elaboration: risk factors] [Conclusion: integrated decision],0
synthetic_00095,"I have fever and cough, but also severe neck stiffness and light hurts my eyes. I feel much worse than with my usual colds.",flu,Fever and cough usually indicate flu. Neck stiffness can happen with muscle aches during flu. Therefore this is likely flu.,Root: hallucinated conclusion. [Nucleus: weak salient clue -> preferred diagnosis] [Satellite-downplay: contradictory red flag] [Conclusion: premature closure],1
synthetic_00096,"I get chest tightness when climbing stairs, but sometimes it follows spicy food at night. Antacids help a little, but last week pain went to my left arm and I got sweaty. I am 58 and diabetic.",acute coronary syndrome,"Exertional chest pain with arm radiation and sweating is high-risk evidence for ischemia. Spicy food and partial antacid relief are preserved as reflux-like but weaker contrastive clues. Age and diabetes increase cardiac risk, so ACS should be prioritized.",Root: grounded conclusion. [Nucleus: high-information evidence] [Satellite-contrast: weaker alternative] [Nucleus-elaboration: risk factors] [Conclusion: integrated decision],0
synthetic_00097,For months I wake with stiff fingers that take over an hour to loosen. Both wrists hurt and I feel exhausted even after sleeping. Symptoms improve once I start moving.,osteoarthritis,Hand pain suggests a degenerative joint problem. Bilateral symptoms can be age-related. Therefore osteoarthritis explains the complaint.,Root: hallucinated conclusion. [Nucleus: weak salient clue -> preferred diagnosis] [Satellite-downplay: contradictory red flag] [Conclusion: premature closure],1
synthetic_00098,"I have fever and cough, but also severe neck stiffness and light hurts my eyes. I feel much worse than with my usual colds.",meningitis risk,"Fever and cough are compatible with a viral illness, but neck stiffness and photophobia are red flags. These red flags should remain central, so meningitis must be considered urgently.",Root: grounded conclusion. [Nucleus: high-information evidence] [Satellite-contrast: weaker alternative] [Nucleus-elaboration: risk factors] [Conclusion: integrated decision],0
synthetic_00099,"I get chest tightness when climbing stairs, but sometimes it follows spicy food at night. Antacids help a little, but last week pain went to my left arm and I got sweaty. I am 58 and diabetic.",GERD,Spicy food and antacid relief suggest reflux. Arm pain and sweating can be anxiety during discomfort. Therefore GERD explains the symptoms.,Root: hallucinated conclusion. [Nucleus: weak salient clue -> preferred diagnosis] [Satellite-downplay: contradictory red flag] [Conclusion: premature closure],1
synthetic_00100,For months I wake with stiff fingers that take over an hour to loosen. Both wrists hurt and I feel exhausted even after sleeping. Symptoms improve once I start moving.,osteoarthritis,Hand pain suggests a degenerative joint problem. Bilateral symptoms can be age-related. Therefore osteoarthritis explains the complaint.,Root: hallucinated conclusion. [Nucleus: weak salient clue -> preferred diagnosis] [Satellite-downplay: contradictory red flag] [Conclusion: premature closure],1
synthetic_00101,"I have fever and cough, but also severe neck stiffness and light hurts my eyes. I feel much worse than with my usual colds.",meningitis risk,"Fever and cough are compatible with a viral illness, but neck stiffness and photophobia are red flags. These red flags should remain central, so meningitis must be considered urgently.",Root: grounded conclusion. [Nucleus: high-information evidence] [Satellite-contrast: weaker alternative] [Nucleus-elaboration: risk factors] [Conclusion: integrated decision],0
synthetic_00102,"I get chest tightness when climbing stairs, but sometimes it follows spicy food at night. Antacids help a little, but last week pain went to my left arm and I got sweaty. I am 58 and diabetic.",GERD,Spicy food and antacid relief suggest reflux. Arm pain and sweating can be anxiety during discomfort. Therefore GERD explains the symptoms.,Root: hallucinated conclusion. [Nucleus: weak salient clue -> preferred diagnosis] [Satellite-downplay: contradictory red flag] [Conclusion: premature closure],1
synthetic_00103,For months I wake with stiff fingers that take over an hour to loosen. Both wrists hurt and I feel exhausted even after sleeping. Symptoms improve once I start moving.,osteoarthritis,Hand pain suggests a degenerative joint problem. Bilateral symptoms can be age-related. Therefore osteoarthritis explains the complaint.,Root: hallucinated conclusion. [Nucleus: weak salient clue -> preferred diagnosis] [Satellite-downplay: contradictory red flag] [Conclusion: premature closure],1
synthetic_00104,"I have fever and cough, but also severe neck stiffness and light hurts my eyes. I feel much worse than with my usual colds.",meningitis risk,"Fever and cough are compatible with a viral illness, but neck stiffness and photophobia are red flags. These red flags should remain central, so meningitis must be considered urgently.",Root: grounded conclusion. [Nucleus: high-information evidence] [Satellite-contrast: weaker alternative] [Nucleus-elaboration: risk factors] [Conclusion: integrated decision],0
synthetic_00105,"I get chest tightness when climbing stairs, but sometimes it follows spicy food at night. Antacids help a little, but last week pain went to my left arm and I got sweaty. I am 58 and diabetic.",GERD,Spicy food and antacid relief suggest reflux. Arm pain and sweating can be anxiety during discomfort. Therefore GERD explains the symptoms.,Root: hallucinated conclusion. [Nucleus: weak salient clue -> preferred diagnosis] [Satellite-downplay: contradictory red flag] [Conclusion: premature closure],1
synthetic_00106,For months I wake with stiff fingers that take over an hour to loosen. Both wrists hurt and I feel exhausted even after sleeping. Symptoms improve once I start moving.,rheumatoid arthritis,"Prolonged morning stiffness and bilateral wrist involvement support inflammatory arthritis. Improvement with movement further supports an inflammatory process. Fatigue is nonspecific but consistent with systemic inflammation, so rheumatoid arthritis is favored.",Root: grounded conclusion. [Nucleus: high-information evidence] [Satellite-contrast: weaker alternative] [Nucleus-elaboration: risk factors] [Conclusion: integrated decision],0
synthetic_00107,"I have fever and cough, but also severe neck stiffness and light hurts my eyes. I feel much worse than with my usual colds.",meningitis risk,"Fever and cough are compatible with a viral illness, but neck stiffness and photophobia are red flags. These red flags should remain central, so meningitis must be considered urgently.",Root: grounded conclusion. [Nucleus: high-information evidence] [Satellite-contrast: weaker alternative] [Nucleus-elaboration: risk factors] [Conclusion: integrated decision],0
synthetic_00108,"I get chest tightness when climbing stairs, but sometimes it follows spicy food at night. Antacids help a little, but last week pain went to my left arm and I got sweaty. I am 58 and diabetic.",acute coronary syndrome,"Exertional chest pain with arm radiation and sweating is high-risk evidence for ischemia. Spicy food and partial antacid relief are preserved as reflux-like but weaker contrastive clues. Age and diabetes increase cardiac risk, so ACS should be prioritized.",Root: grounded conclusion. [Nucleus: high-information evidence] [Satellite-contrast: weaker alternative] [Nucleus-elaboration: risk factors] [Conclusion: integrated decision],0
synthetic_00109,For months I wake with stiff fingers that take over an hour to loosen. Both wrists hurt and I feel exhausted even after sleeping. Symptoms improve once I start moving.,rheumatoid arthritis,"Prolonged morning stiffness and bilateral wrist involvement support inflammatory arthritis. Improvement with movement further supports an inflammatory process. Fatigue is nonspecific but consistent with systemic inflammation, so rheumatoid arthritis is favored.",Root: grounded conclusion. [Nucleus: high-information evidence] [Satellite-contrast: weaker alternative] [Nucleus-elaboration: risk factors] [Conclusion: integrated decision],0
synthetic_00110,"I have fever and cough, but also severe neck stiffness and light hurts my eyes. I feel much worse than with my usual colds.",flu,Fever and cough usually indicate flu. Neck stiffness can happen with muscle aches during flu. Therefore this is likely flu.,Root: hallucinated conclusion. [Nucleus: weak salient clue -> preferred diagnosis] [Satellite-downplay: contradictory red flag] [Conclusion: premature closure],1
synthetic_00111,"I get chest tightness when climbing stairs, but sometimes it follows spicy food at night. Antacids help a little, but last week pain went to my left arm and I got sweaty. I am 58 and diabetic.",acute coronary syndrome,"Exertional chest pain with arm radiation and sweating is high-risk evidence for ischemia. Spicy food and partial antacid relief are preserved as reflux-like but weaker contrastive clues. Age and diabetes increase cardiac risk, so ACS should be prioritized.",Root: grounded conclusion. [Nucleus: high-information evidence] [Satellite-contrast: weaker alternative] [Nucleus-elaboration: risk factors] [Conclusion: integrated decision],0
synthetic_00112,For months I wake with stiff fingers that take over an hour to loosen. Both wrists hurt and I feel exhausted even after sleeping. Symptoms improve once I start moving.,rheumatoid arthritis,"Prolonged morning stiffness and bilateral wrist involvement support inflammatory arthritis. Improvement with movement further supports an inflammatory process. Fatigue is nonspecific but consistent with systemic inflammation, so rheumatoid arthritis is favored.",Root: grounded conclusion. [Nucleus: high-information evidence] [Satellite-contrast: weaker alternative] [Nucleus-elaboration: risk factors] [Conclusion: integrated decision],0
synthetic_00113,"I have fever and cough, but also severe neck stiffness and light hurts my eyes. I feel much worse than with my usual colds.",meningitis risk,"Fever and cough are compatible with a viral illness, but neck stiffness and photophobia are red flags. These red flags should remain central, so meningitis must be considered urgently.",Root: grounded conclusion. [Nucleus: high-information evidence] [Satellite-contrast: weaker alternative] [Nucleus-elaboration: risk factors] [Conclusion: integrated decision],0
synthetic_00114,"I get chest tightness when climbing stairs, but sometimes it follows spicy food at night. Antacids help a little, but last week pain went to my left arm and I got sweaty. I am 58 and diabetic.",acute coronary syndrome,"Exertional chest pain with arm radiation and sweating is high-risk evidence for ischemia. Spicy food and partial antacid relief are preserved as reflux-like but weaker contrastive clues. Age and diabetes increase cardiac risk, so ACS should be prioritized.",Root: grounded conclusion. [Nucleus: high-information evidence] [Satellite-contrast: weaker alternative] [Nucleus-elaboration: risk factors] [Conclusion: integrated decision],0
synthetic_00115,For months I wake with stiff fingers that take over an hour to loosen. Both wrists hurt and I feel exhausted even after sleeping. Symptoms improve once I start moving.,osteoarthritis,Hand pain suggests a degenerative joint problem. Bilateral symptoms can be age-related. Therefore osteoarthritis explains the complaint.,Root: hallucinated conclusion. [Nucleus: weak salient clue -> preferred diagnosis] [Satellite-downplay: contradictory red flag] [Conclusion: premature closure],1
synthetic_00116,"I have fever and cough, but also severe neck stiffness and light hurts my eyes. I feel much worse than with my usual colds.",flu,Fever and cough usually indicate flu. Neck stiffness can happen with muscle aches during flu. Therefore this is likely flu.,Root: hallucinated conclusion. [Nucleus: weak salient clue -> preferred diagnosis] [Satellite-downplay: contradictory red flag] [Conclusion: premature closure],1
synthetic_00117,"I get chest tightness when climbing stairs, but sometimes it follows spicy food at night. Antacids help a little, but last week pain went to my left arm and I got sweaty. I am 58 and diabetic.",GERD,Spicy food and antacid relief suggest reflux. Arm pain and sweating can be anxiety during discomfort. Therefore GERD explains the symptoms.,Root: hallucinated conclusion. [Nucleus: weak salient clue -> preferred diagnosis] [Satellite-downplay: contradictory red flag] [Conclusion: premature closure],1
synthetic_00118,For months I wake with stiff fingers that take over an hour to loosen. Both wrists hurt and I feel exhausted even after sleeping. Symptoms improve once I start moving.,osteoarthritis,Hand pain suggests a degenerative joint problem. Bilateral symptoms can be age-related. Therefore osteoarthritis explains the complaint.,Root: hallucinated conclusion. [Nucleus: weak salient clue -> preferred diagnosis] [Satellite-downplay: contradictory red flag] [Conclusion: premature closure],1
synthetic_00119,"I have fever and cough, but also severe neck stiffness and light hurts my eyes. I feel much worse than with my usual colds.",meningitis risk,"Fever and cough are compatible with a viral illness, but neck stiffness and photophobia are red flags. These red flags should remain central, so meningitis must be considered urgently.",Root: grounded conclusion. [Nucleus: high-information evidence] [Satellite-contrast: weaker alternative] [Nucleus-elaboration: risk factors] [Conclusion: integrated decision],0
synthetic_00120,"I get chest tightness when climbing stairs, but sometimes it follows spicy food at night. Antacids help a little, but last week pain went to my left arm and I got sweaty. I am 58 and diabetic.",GERD,Spicy food and antacid relief suggest reflux. Arm pain and sweating can be anxiety during discomfort. Therefore GERD explains the symptoms.,Root: hallucinated conclusion. [Nucleus: weak salient clue -> preferred diagnosis] [Satellite-downplay: contradictory red flag] [Conclusion: premature closure],1
synthetic_00121,For months I wake with stiff fingers that take over an hour to loosen. Both wrists hurt and I feel exhausted even after sleeping. Symptoms improve once I start moving.,osteoarthritis,Hand pain suggests a degenerative joint problem. Bilateral symptoms can be age-related. Therefore osteoarthritis explains the complaint.,Root: hallucinated conclusion. [Nucleus: weak salient clue -> preferred diagnosis] [Satellite-downplay: contradictory red flag] [Conclusion: premature closure],1
synthetic_00122,"I have fever and cough, but also severe neck stiffness and light hurts my eyes. I feel much worse than with my usual colds.",meningitis risk,"Fever and cough are compatible with a viral illness, but neck stiffness and photophobia are red flags. These red flags should remain central, so meningitis must be considered urgently.",Root: grounded conclusion. [Nucleus: high-information evidence] [Satellite-contrast: weaker alternative] [Nucleus-elaboration: risk factors] [Conclusion: integrated decision],0
synthetic_00123,"I get chest tightness when climbing stairs, but sometimes it follows spicy food at night. Antacids help a little, but last week pain went to my left arm and I got sweaty. I am 58 and diabetic.",GERD,Spicy food and antacid relief suggest reflux. Arm pain and sweating can be anxiety during discomfort. Therefore GERD explains the symptoms.,Root: hallucinated conclusion. [Nucleus: weak salient clue -> preferred diagnosis] [Satellite-downplay: contradictory red flag] [Conclusion: premature closure],1
synthetic_00124,For months I wake with stiff fingers that take over an hour to loosen. Both wrists hurt and I feel exhausted even after sleeping. Symptoms improve once I start moving.,rheumatoid arthritis,"Prolonged morning stiffness and bilateral wrist involvement support inflammatory arthritis. Improvement with movement further supports an inflammatory process. Fatigue is nonspecific but consistent with systemic inflammation, so rheumatoid arthritis is favored.",Root: grounded conclusion. [Nucleus: high-information evidence] [Satellite-contrast: weaker alternative] [Nucleus-elaboration: risk factors] [Conclusion: integrated decision],0
synthetic_00125,"I have fever and cough, but also severe neck stiffness and light hurts my eyes. I feel much worse than with my usual colds.",flu,Fever and cough usually indicate flu. Neck stiffness can happen with muscle aches during flu. Therefore this is likely flu.,Root: hallucinated conclusion. [Nucleus: weak salient clue -> preferred diagnosis] [Satellite-downplay: contradictory red flag] [Conclusion: premature closure],1
synthetic_00126,"I get chest tightness when climbing stairs, but sometimes it follows spicy food at night. Antacids help a little, but last week pain went to my left arm and I got sweaty. I am 58 and diabetic.",acute coronary syndrome,"Exertional chest pain with arm radiation and sweating is high-risk evidence for ischemia. Spicy food and partial antacid relief are preserved as reflux-like but weaker contrastive clues. Age and diabetes increase cardiac risk, so ACS should be prioritized.",Root: grounded conclusion. [Nucleus: high-information evidence] [Satellite-contrast: weaker alternative] [Nucleus-elaboration: risk factors] [Conclusion: integrated decision],0
synthetic_00127,For months I wake with stiff fingers that take over an hour to loosen. Both wrists hurt and I feel exhausted even after sleeping. Symptoms improve once I start moving.,osteoarthritis,Hand pain suggests a degenerative joint problem. Bilateral symptoms can be age-related. Therefore osteoarthritis explains the complaint.,Root: hallucinated conclusion. [Nucleus: weak salient clue -> preferred diagnosis] [Satellite-downplay: contradictory red flag] [Conclusion: premature closure],1
synthetic_00128,"I have fever and cough, but also severe neck stiffness and light hurts my eyes. I feel much worse than with my usual colds.",meningitis risk,"Fever and cough are compatible with a viral illness, but neck stiffness and photophobia are red flags. These red flags should remain central, so meningitis must be considered urgently.",Root: grounded conclusion. [Nucleus: high-information evidence] [Satellite-contrast: weaker alternative] [Nucleus-elaboration: risk factors] [Conclusion: integrated decision],0
synthetic_00129,"I get chest tightness when climbing stairs, but sometimes it follows spicy food at night. Antacids help a little, but last week pain went to my left arm and I got sweaty. I am 58 and diabetic.",acute coronary syndrome,"Exertional chest pain with arm radiation and sweating is high-risk evidence for ischemia. Spicy food and partial antacid relief are preserved as reflux-like but weaker contrastive clues. Age and diabetes increase cardiac risk, so ACS should be prioritized.",Root: grounded conclusion. [Nucleus: high-information evidence] [Satellite-contrast: weaker alternative] [Nucleus-elaboration: risk factors] [Conclusion: integrated decision],0
synthetic_00130,For months I wake with stiff fingers that take over an hour to loosen. Both wrists hurt and I feel exhausted even after sleeping. Symptoms improve once I start moving.,osteoarthritis,Hand pain suggests a degenerative joint problem. Bilateral symptoms can be age-related. Therefore osteoarthritis explains the complaint.,Root: hallucinated conclusion. [Nucleus: weak salient clue -> preferred diagnosis] [Satellite-downplay: contradictory red flag] [Conclusion: premature closure],1
synthetic_00131,"I have fever and cough, but also severe neck stiffness and light hurts my eyes. I feel much worse than with my usual colds.",meningitis risk,"Fever and cough are compatible with a viral illness, but neck stiffness and photophobia are red flags. These red flags should remain central, so meningitis must be considered urgently.",Root: grounded conclusion. [Nucleus: high-information evidence] [Satellite-contrast: weaker alternative] [Nucleus-elaboration: risk factors] [Conclusion: integrated decision],0
synthetic_00132,"I get chest tightness when climbing stairs, but sometimes it follows spicy food at night. Antacids help a little, but last week pain went to my left arm and I got sweaty. I am 58 and diabetic.",GERD,Spicy food and antacid relief suggest reflux. Arm pain and sweating can be anxiety during discomfort. Therefore GERD explains the symptoms.,Root: hallucinated conclusion. [Nucleus: weak salient clue -> preferred diagnosis] [Satellite-downplay: contradictory red flag] [Conclusion: premature closure],1
synthetic_00133,For months I wake with stiff fingers that take over an hour to loosen. Both wrists hurt and I feel exhausted even after sleeping. Symptoms improve once I start moving.,rheumatoid arthritis,"Prolonged morning stiffness and bilateral wrist involvement support inflammatory arthritis. Improvement with movement further supports an inflammatory process. Fatigue is nonspecific but consistent with systemic inflammation, so rheumatoid arthritis is favored.",Root: grounded conclusion. [Nucleus: high-information evidence] [Satellite-contrast: weaker alternative] [Nucleus-elaboration: risk factors] [Conclusion: integrated decision],0
synthetic_00134,"I have fever and cough, but also severe neck stiffness and light hurts my eyes. I feel much worse than with my usual colds.",flu,Fever and cough usually indicate flu. Neck stiffness can happen with muscle aches during flu. Therefore this is likely flu.,Root: hallucinated conclusion. [Nucleus: weak salient clue -> preferred diagnosis] [Satellite-downplay: contradictory red flag] [Conclusion: premature closure],1
synthetic_00135,"I get chest tightness when climbing stairs, but sometimes it follows spicy food at night. Antacids help a little, but last week pain went to my left arm and I got sweaty. I am 58 and diabetic.",GERD,Spicy food and antacid relief suggest reflux. Arm pain and sweating can be anxiety during discomfort. Therefore GERD explains the symptoms.,Root: hallucinated conclusion. [Nucleus: weak salient clue -> preferred diagnosis] [Satellite-downplay: contradictory red flag] [Conclusion: premature closure],1
synthetic_00136,For months I wake with stiff fingers that take over an hour to loosen. Both wrists hurt and I feel exhausted even after sleeping. Symptoms improve once I start moving.,osteoarthritis,Hand pain suggests a degenerative joint problem. Bilateral symptoms can be age-related. Therefore osteoarthritis explains the complaint.,Root: hallucinated conclusion. [Nucleus: weak salient clue -> preferred diagnosis] [Satellite-downplay: contradictory red flag] [Conclusion: premature closure],1
synthetic_00137,"I have fever and cough, but also severe neck stiffness and light hurts my eyes. I feel much worse than with my usual colds.",meningitis risk,"Fever and cough are compatible with a viral illness, but neck stiffness and photophobia are red flags. These red flags should remain central, so meningitis must be considered urgently.",Root: grounded conclusion. [Nucleus: high-information evidence] [Satellite-contrast: weaker alternative] [Nucleus-elaboration: risk factors] [Conclusion: integrated decision],0
synthetic_00138,"I get chest tightness when climbing stairs, but sometimes it follows spicy food at night. Antacids help a little, but last week pain went to my left arm and I got sweaty. I am 58 and diabetic.",acute coronary syndrome,"Exertional chest pain with arm radiation and sweating is high-risk evidence for ischemia. Spicy food and partial antacid relief are preserved as reflux-like but weaker contrastive clues. Age and diabetes increase cardiac risk, so ACS should be prioritized.",Root: grounded conclusion. [Nucleus: high-information evidence] [Satellite-contrast: weaker alternative] [Nucleus-elaboration: risk factors] [Conclusion: integrated decision],0
synthetic_00139,For months I wake with stiff fingers that take over an hour to loosen. Both wrists hurt and I feel exhausted even after sleeping. Symptoms improve once I start moving.,rheumatoid arthritis,"Prolonged morning stiffness and bilateral wrist involvement support inflammatory arthritis. Improvement with movement further supports an inflammatory process. Fatigue is nonspecific but consistent with systemic inflammation, so rheumatoid arthritis is favored.",Root: grounded conclusion. [Nucleus: high-information evidence] [Satellite-contrast: weaker alternative] [Nucleus-elaboration: risk factors] [Conclusion: integrated decision],0
synthetic_00140,"I have fever and cough, but also severe neck stiffness and light hurts my eyes. I feel much worse than with my usual colds.",flu,Fever and cough usually indicate flu. Neck stiffness can happen with muscle aches during flu. Therefore this is likely flu.,Root: hallucinated conclusion. [Nucleus: weak salient clue -> preferred diagnosis] [Satellite-downplay: contradictory red flag] [Conclusion: premature closure],1
synthetic_00141,"I get chest tightness when climbing stairs, but sometimes it follows spicy food at night. Antacids help a little, but last week pain went to my left arm and I got sweaty. I am 58 and diabetic.",GERD,Spicy food and antacid relief suggest reflux. Arm pain and sweating can be anxiety during discomfort. Therefore GERD explains the symptoms.,Root: hallucinated conclusion. [Nucleus: weak salient clue -> preferred diagnosis] [Satellite-downplay: contradictory red flag] [Conclusion: premature closure],1
synthetic_00142,For months I wake with stiff fingers that take over an hour to loosen. Both wrists hurt and I feel exhausted even after sleeping. Symptoms improve once I start moving.,osteoarthritis,Hand pain suggests a degenerative joint problem. Bilateral symptoms can be age-related. Therefore osteoarthritis explains the complaint.,Root: hallucinated conclusion. [Nucleus: weak salient clue -> preferred diagnosis] [Satellite-downplay: contradictory red flag] [Conclusion: premature closure],1
synthetic_00143,"I have fever and cough, but also severe neck stiffness and light hurts my eyes. I feel much worse than with my usual colds.",flu,Fever and cough usually indicate flu. Neck stiffness can happen with muscle aches during flu. Therefore this is likely flu.,Root: hallucinated conclusion. [Nucleus: weak salient clue -> preferred diagnosis] [Satellite-downplay: contradictory red flag] [Conclusion: premature closure],1
synthetic_00144,"I get chest tightness when climbing stairs, but sometimes it follows spicy food at night. Antacids help a little, but last week pain went to my left arm and I got sweaty. I am 58 and diabetic.",GERD,Spicy food and antacid relief suggest reflux. Arm pain and sweating can be anxiety during discomfort. Therefore GERD explains the symptoms.,Root: hallucinated conclusion. [Nucleus: weak salient clue -> preferred diagnosis] [Satellite-downplay: contradictory red flag] [Conclusion: premature closure],1
synthetic_00145,For months I wake with stiff fingers that take over an hour to loosen. Both wrists hurt and I feel exhausted even after sleeping. Symptoms improve once I start moving.,osteoarthritis,Hand pain suggests a degenerative joint problem. Bilateral symptoms can be age-related. Therefore osteoarthritis explains the complaint.,Root: hallucinated conclusion. [Nucleus: weak salient clue -> preferred diagnosis] [Satellite-downplay: contradictory red flag] [Conclusion: premature closure],1
synthetic_00146,"I have fever and cough, but also severe neck stiffness and light hurts my eyes. I feel much worse than with my usual colds.",flu,Fever and cough usually indicate flu. Neck stiffness can happen with muscle aches during flu. Therefore this is likely flu.,Root: hallucinated conclusion. [Nucleus: weak salient clue -> preferred diagnosis] [Satellite-downplay: contradictory red flag] [Conclusion: premature closure],1
synthetic_00147,"I get chest tightness when climbing stairs, but sometimes it follows spicy food at night. Antacids help a little, but last week pain went to my left arm and I got sweaty. I am 58 and diabetic.",acute coronary syndrome,"Exertional chest pain with arm radiation and sweating is high-risk evidence for ischemia. Spicy food and partial antacid relief are preserved as reflux-like but weaker contrastive clues. Age and diabetes increase cardiac risk, so ACS should be prioritized.",Root: grounded conclusion. [Nucleus: high-information evidence] [Satellite-contrast: weaker alternative] [Nucleus-elaboration: risk factors] [Conclusion: integrated decision],0
synthetic_00148,For months I wake with stiff fingers that take over an hour to loosen. Both wrists hurt and I feel exhausted even after sleeping. Symptoms improve once I start moving.,rheumatoid arthritis,"Prolonged morning stiffness and bilateral wrist involvement support inflammatory arthritis. Improvement with movement further supports an inflammatory process. Fatigue is nonspecific but consistent with systemic inflammation, so rheumatoid arthritis is favored.",Root: grounded conclusion. [Nucleus: high-information evidence] [Satellite-contrast: weaker alternative] [Nucleus-elaboration: risk factors] [Conclusion: integrated decision],0
synthetic_00149,"I have fever and cough, but also severe neck stiffness and light hurts my eyes. I feel much worse than with my usual colds.",flu,Fever and cough usually indicate flu. Neck stiffness can happen with muscle aches during flu. Therefore this is likely flu.,Root: hallucinated conclusion. [Nucleus: weak salient clue -> preferred diagnosis] [Satellite-downplay: contradictory red flag] [Conclusion: premature closure],1
synthetic_00150,"I get chest tightness when climbing stairs, but sometimes it follows spicy food at night. Antacids help a little, but last week pain went to my left arm and I got sweaty. I am 58 and diabetic.",GERD,Spicy food and antacid relief suggest reflux. Arm pain and sweating can be anxiety during discomfort. Therefore GERD explains the symptoms.,Root: hallucinated conclusion. [Nucleus: weak salient clue -> preferred diagnosis] [Satellite-downplay: contradictory red flag] [Conclusion: premature closure],1
synthetic_00151,For months I wake with stiff fingers that take over an hour to loosen. Both wrists hurt and I feel exhausted even after sleeping. Symptoms improve once I start moving.,rheumatoid arthritis,"Prolonged morning stiffness and bilateral wrist involvement support inflammatory arthritis. Improvement with movement further supports an inflammatory process. Fatigue is nonspecific but consistent with systemic inflammation, so rheumatoid arthritis is favored.",Root: grounded conclusion. [Nucleus: high-information evidence] [Satellite-contrast: weaker alternative] [Nucleus-elaboration: risk factors] [Conclusion: integrated decision],0
synthetic_00152,"I have fever and cough, but also severe neck stiffness and light hurts my eyes. I feel much worse than with my usual colds.",flu,Fever and cough usually indicate flu. Neck stiffness can happen with muscle aches during flu. Therefore this is likely flu.,Root: hallucinated conclusion. [Nucleus: weak salient clue -> preferred diagnosis] [Satellite-downplay: contradictory red flag] [Conclusion: premature closure],1
synthetic_00153,"I get chest tightness when climbing stairs, but sometimes it follows spicy food at night. Antacids help a little, but last week pain went to my left arm and I got sweaty. I am 58 and diabetic.",GERD,Spicy food and antacid relief suggest reflux. Arm pain and sweating can be anxiety during discomfort. Therefore GERD explains the symptoms.,Root: hallucinated conclusion. [Nucleus: weak salient clue -> preferred diagnosis] [Satellite-downplay: contradictory red flag] [Conclusion: premature closure],1
synthetic_00154,For months I wake with stiff fingers that take over an hour to loosen. Both wrists hurt and I feel exhausted even after sleeping. Symptoms improve once I start moving.,osteoarthritis,Hand pain suggests a degenerative joint problem. Bilateral symptoms can be age-related. Therefore osteoarthritis explains the complaint.,Root: hallucinated conclusion. [Nucleus: weak salient clue -> preferred diagnosis] [Satellite-downplay: contradictory red flag] [Conclusion: premature closure],1
synthetic_00155,"I have fever and cough, but also severe neck stiffness and light hurts my eyes. I feel much worse than with my usual colds.",meningitis risk,"Fever and cough are compatible with a viral illness, but neck stiffness and photophobia are red flags. These red flags should remain central, so meningitis must be considered urgently.",Root: grounded conclusion. [Nucleus: high-information evidence] [Satellite-contrast: weaker alternative] [Nucleus-elaboration: risk factors] [Conclusion: integrated decision],0
synthetic_00156,"I get chest tightness when climbing stairs, but sometimes it follows spicy food at night. Antacids help a little, but last week pain went to my left arm and I got sweaty. I am 58 and diabetic.",acute coronary syndrome,"Exertional chest pain with arm radiation and sweating is high-risk evidence for ischemia. Spicy food and partial antacid relief are preserved as reflux-like but weaker contrastive clues. Age and diabetes increase cardiac risk, so ACS should be prioritized.",Root: grounded conclusion. [Nucleus: high-information evidence] [Satellite-contrast: weaker alternative] [Nucleus-elaboration: risk factors] [Conclusion: integrated decision],0
synthetic_00157,For months I wake with stiff fingers that take over an hour to loosen. Both wrists hurt and I feel exhausted even after sleeping. Symptoms improve once I start moving.,osteoarthritis,Hand pain suggests a degenerative joint problem. Bilateral symptoms can be age-related. Therefore osteoarthritis explains the complaint.,Root: hallucinated conclusion. [Nucleus: weak salient clue -> preferred diagnosis] [Satellite-downplay: contradictory red flag] [Conclusion: premature closure],1
synthetic_00158,"I have fever and cough, but also severe neck stiffness and light hurts my eyes. I feel much worse than with my usual colds.",meningitis risk,"Fever and cough are compatible with a viral illness, but neck stiffness and photophobia are red flags. These red flags should remain central, so meningitis must be considered urgently.",Root: grounded conclusion. [Nucleus: high-information evidence] [Satellite-contrast: weaker alternative] [Nucleus-elaboration: risk factors] [Conclusion: integrated decision],0
synthetic_00159,"I get chest tightness when climbing stairs, but sometimes it follows spicy food at night. Antacids help a little, but last week pain went to my left arm and I got sweaty. I am 58 and diabetic.",acute coronary syndrome,"Exertional chest pain with arm radiation and sweating is high-risk evidence for ischemia. Spicy food and partial antacid relief are preserved as reflux-like but weaker contrastive clues. Age and diabetes increase cardiac risk, so ACS should be prioritized.",Root: grounded conclusion. [Nucleus: high-information evidence] [Satellite-contrast: weaker alternative] [Nucleus-elaboration: risk factors] [Conclusion: integrated decision],0
synthetic_00160,For months I wake with stiff fingers that take over an hour to loosen. Both wrists hurt and I feel exhausted even after sleeping. Symptoms improve once I start moving.,rheumatoid arthritis,"Prolonged morning stiffness and bilateral wrist involvement support inflammatory arthritis. Improvement with movement further supports an inflammatory process. Fatigue is nonspecific but consistent with systemic inflammation, so rheumatoid arthritis is favored.",Root: grounded conclusion. [Nucleus: high-information evidence] [Satellite-contrast: weaker alternative] [Nucleus-elaboration: risk factors] [Conclusion: integrated decision],0
synthetic_00161,"I have fever and cough, but also severe neck stiffness and light hurts my eyes. I feel much worse than with my usual colds.",flu,Fever and cough usually indicate flu. Neck stiffness can happen with muscle aches during flu. Therefore this is likely flu.,Root: hallucinated conclusion. [Nucleus: weak salient clue -> preferred diagnosis] [Satellite-downplay: contradictory red flag] [Conclusion: premature closure],1
synthetic_00162,"I get chest tightness when climbing stairs, but sometimes it follows spicy food at night. Antacids help a little, but last week pain went to my left arm and I got sweaty. I am 58 and diabetic.",acute coronary syndrome,"Exertional chest pain with arm radiation and sweating is high-risk evidence for ischemia. Spicy food and partial antacid relief are preserved as reflux-like but weaker contrastive clues. Age and diabetes increase cardiac risk, so ACS should be prioritized.",Root: grounded conclusion. [Nucleus: high-information evidence] [Satellite-contrast: weaker alternative] [Nucleus-elaboration: risk factors] [Conclusion: integrated decision],0
synthetic_00163,For months I wake with stiff fingers that take over an hour to loosen. Both wrists hurt and I feel exhausted even after sleeping. Symptoms improve once I start moving.,osteoarthritis,Hand pain suggests a degenerative joint problem. Bilateral symptoms can be age-related. Therefore osteoarthritis explains the complaint.,Root: hallucinated conclusion. [Nucleus: weak salient clue -> preferred diagnosis] [Satellite-downplay: contradictory red flag] [Conclusion: premature closure],1
synthetic_00164,"I have fever and cough, but also severe neck stiffness and light hurts my eyes. I feel much worse than with my usual colds.",meningitis risk,"Fever and cough are compatible with a viral illness, but neck stiffness and photophobia are red flags. These red flags should remain central, so meningitis must be considered urgently.",Root: grounded conclusion. [Nucleus: high-information evidence] [Satellite-contrast: weaker alternative] [Nucleus-elaboration: risk factors] [Conclusion: integrated decision],0
synthetic_00165,"I get chest tightness when climbing stairs, but sometimes it follows spicy food at night. Antacids help a little, but last week pain went to my left arm and I got sweaty. I am 58 and diabetic.",acute coronary syndrome,"Exertional chest pain with arm radiation and sweating is high-risk evidence for ischemia. Spicy food and partial antacid relief are preserved as reflux-like but weaker contrastive clues. Age and diabetes increase cardiac risk, so ACS should be prioritized.",Root: grounded conclusion. [Nucleus: high-information evidence] [Satellite-contrast: weaker alternative] [Nucleus-elaboration: risk factors] [Conclusion: integrated decision],0
synthetic_00166,For months I wake with stiff fingers that take over an hour to loosen. Both wrists hurt and I feel exhausted even after sleeping. Symptoms improve once I start moving.,rheumatoid arthritis,"Prolonged morning stiffness and bilateral wrist involvement support inflammatory arthritis. Improvement with movement further supports an inflammatory process. Fatigue is nonspecific but consistent with systemic inflammation, so rheumatoid arthritis is favored.",Root: grounded conclusion. [Nucleus: high-information evidence] [Satellite-contrast: weaker alternative] [Nucleus-elaboration: risk factors] [Conclusion: integrated decision],0
synthetic_00167,"I have fever and cough, but also severe neck stiffness and light hurts my eyes. I feel much worse than with my usual colds.",flu,Fever and cough usually indicate flu. Neck stiffness can happen with muscle aches during flu. Therefore this is likely flu.,Root: hallucinated conclusion. [Nucleus: weak salient clue -> preferred diagnosis] [Satellite-downplay: contradictory red flag] [Conclusion: premature closure],1
synthetic_00168,"I get chest tightness when climbing stairs, but sometimes it follows spicy food at night. Antacids help a little, but last week pain went to my left arm and I got sweaty. I am 58 and diabetic.",GERD,Spicy food and antacid relief suggest reflux. Arm pain and sweating can be anxiety during discomfort. Therefore GERD explains the symptoms.,Root: hallucinated conclusion. [Nucleus: weak salient clue -> preferred diagnosis] [Satellite-downplay: contradictory red flag] [Conclusion: premature closure],1
synthetic_00169,For months I wake with stiff fingers that take over an hour to loosen. Both wrists hurt and I feel exhausted even after sleeping. Symptoms improve once I start moving.,rheumatoid arthritis,"Prolonged morning stiffness and bilateral wrist involvement support inflammatory arthritis. Improvement with movement further supports an inflammatory process. Fatigue is nonspecific but consistent with systemic inflammation, so rheumatoid arthritis is favored.",Root: grounded conclusion. [Nucleus: high-information evidence] [Satellite-contrast: weaker alternative] [Nucleus-elaboration: risk factors] [Conclusion: integrated decision],0
synthetic_00170,"I have fever and cough, but also severe neck stiffness and light hurts my eyes. I feel much worse than with my usual colds.",meningitis risk,"Fever and cough are compatible with a viral illness, but neck stiffness and photophobia are red flags. These red flags should remain central, so meningitis must be considered urgently.",Root: grounded conclusion. [Nucleus: high-information evidence] [Satellite-contrast: weaker alternative] [Nucleus-elaboration: risk factors] [Conclusion: integrated decision],0
synthetic_00171,"I get chest tightness when climbing stairs, but sometimes it follows spicy food at night. Antacids help a little, but last week pain went to my left arm and I got sweaty. I am 58 and diabetic.",GERD,Spicy food and antacid relief suggest reflux. Arm pain and sweating can be anxiety during discomfort. Therefore GERD explains the symptoms.,Root: hallucinated conclusion. [Nucleus: weak salient clue -> preferred diagnosis] [Satellite-downplay: contradictory red flag] [Conclusion: premature closure],1
synthetic_00172,For months I wake with stiff fingers that take over an hour to loosen. Both wrists hurt and I feel exhausted even after sleeping. Symptoms improve once I start moving.,osteoarthritis,Hand pain suggests a degenerative joint problem. Bilateral symptoms can be age-related. Therefore osteoarthritis explains the complaint.,Root: hallucinated conclusion. [Nucleus: weak salient clue -> preferred diagnosis] [Satellite-downplay: contradictory red flag] [Conclusion: premature closure],1
synthetic_00173,"I have fever and cough, but also severe neck stiffness and light hurts my eyes. I feel much worse than with my usual colds.",meningitis risk,"Fever and cough are compatible with a viral illness, but neck stiffness and photophobia are red flags. These red flags should remain central, so meningitis must be considered urgently.",Root: grounded conclusion. [Nucleus: high-information evidence] [Satellite-contrast: weaker alternative] [Nucleus-elaboration: risk factors] [Conclusion: integrated decision],0
synthetic_00174,"I get chest tightness when climbing stairs, but sometimes it follows spicy food at night. Antacids help a little, but last week pain went to my left arm and I got sweaty. I am 58 and diabetic.",acute coronary syndrome,"Exertional chest pain with arm radiation and sweating is high-risk evidence for ischemia. Spicy food and partial antacid relief are preserved as reflux-like but weaker contrastive clues. Age and diabetes increase cardiac risk, so ACS should be prioritized.",Root: grounded conclusion. [Nucleus: high-information evidence] [Satellite-contrast: weaker alternative] [Nucleus-elaboration: risk factors] [Conclusion: integrated decision],0
synthetic_00175,For months I wake with stiff fingers that take over an hour to loosen. Both wrists hurt and I feel exhausted even after sleeping. Symptoms improve once I start moving.,osteoarthritis,Hand pain suggests a degenerative joint problem. Bilateral symptoms can be age-related. Therefore osteoarthritis explains the complaint.,Root: hallucinated conclusion. [Nucleus: weak salient clue -> preferred diagnosis] [Satellite-downplay: contradictory red flag] [Conclusion: premature closure],1
synthetic_00176,"I have fever and cough, but also severe neck stiffness and light hurts my eyes. I feel much worse than with my usual colds.",meningitis risk,"Fever and cough are compatible with a viral illness, but neck stiffness and photophobia are red flags. These red flags should remain central, so meningitis must be considered urgently.",Root: grounded conclusion. [Nucleus: high-information evidence] [Satellite-contrast: weaker alternative] [Nucleus-elaboration: risk factors] [Conclusion: integrated decision],0
synthetic_00177,"I get chest tightness when climbing stairs, but sometimes it follows spicy food at night. Antacids help a little, but last week pain went to my left arm and I got sweaty. I am 58 and diabetic.",acute coronary syndrome,"Exertional chest pain with arm radiation and sweating is high-risk evidence for ischemia. Spicy food and partial antacid relief are preserved as reflux-like but weaker contrastive clues. Age and diabetes increase cardiac risk, so ACS should be prioritized.",Root: grounded conclusion. [Nucleus: high-information evidence] [Satellite-contrast: weaker alternative] [Nucleus-elaboration: risk factors] [Conclusion: integrated decision],0
synthetic_00178,For months I wake with stiff fingers that take over an hour to loosen. Both wrists hurt and I feel exhausted even after sleeping. Symptoms improve once I start moving.,osteoarthritis,Hand pain suggests a degenerative joint problem. Bilateral symptoms can be age-related. Therefore osteoarthritis explains the complaint.,Root: hallucinated conclusion. [Nucleus: weak salient clue -> preferred diagnosis] [Satellite-downplay: contradictory red flag] [Conclusion: premature closure],1
synthetic_00179,"I have fever and cough, but also severe neck stiffness and light hurts my eyes. I feel much worse than with my usual colds.",flu,Fever and cough usually indicate flu. Neck stiffness can happen with muscle aches during flu. Therefore this is likely flu.,Root: hallucinated conclusion. [Nucleus: weak salient clue -> preferred diagnosis] [Satellite-downplay: contradictory red flag] [Conclusion: premature closure],1
synthetic_00180,"I get chest tightness when climbing stairs, but sometimes it follows spicy food at night. Antacids help a little, but last week pain went to my left arm and I got sweaty. I am 58 and diabetic.",acute coronary syndrome,"Exertional chest pain with arm radiation and sweating is high-risk evidence for ischemia. Spicy food and partial antacid relief are preserved as reflux-like but weaker contrastive clues. Age and diabetes increase cardiac risk, so ACS should be prioritized.",Root: grounded conclusion. [Nucleus: high-information evidence] [Satellite-contrast: weaker alternative] [Nucleus-elaboration: risk factors] [Conclusion: integrated decision],0
synthetic_00181,For months I wake with stiff fingers that take over an hour to loosen. Both wrists hurt and I feel exhausted even after sleeping. Symptoms improve once I start moving.,rheumatoid arthritis,"Prolonged morning stiffness and bilateral wrist involvement support inflammatory arthritis. Improvement with movement further supports an inflammatory process. Fatigue is nonspecific but consistent with systemic inflammation, so rheumatoid arthritis is favored.",Root: grounded conclusion. [Nucleus: high-information evidence] [Satellite-contrast: weaker alternative] [Nucleus-elaboration: risk factors] [Conclusion: integrated decision],0
synthetic_00182,"I have fever and cough, but also severe neck stiffness and light hurts my eyes. I feel much worse than with my usual colds.",flu,Fever and cough usually indicate flu. Neck stiffness can happen with muscle aches during flu. Therefore this is likely flu.,Root: hallucinated conclusion. [Nucleus: weak salient clue -> preferred diagnosis] [Satellite-downplay: contradictory red flag] [Conclusion: premature closure],1
synthetic_00183,"I get chest tightness when climbing stairs, but sometimes it follows spicy food at night. Antacids help a little, but last week pain went to my left arm and I got sweaty. I am 58 and diabetic.",GERD,Spicy food and antacid relief suggest reflux. Arm pain and sweating can be anxiety during discomfort. Therefore GERD explains the symptoms.,Root: hallucinated conclusion. [Nucleus: weak salient clue -> preferred diagnosis] [Satellite-downplay: contradictory red flag] [Conclusion: premature closure],1
synthetic_00184,For months I wake with stiff fingers that take over an hour to loosen. Both wrists hurt and I feel exhausted even after sleeping. Symptoms improve once I start moving.,osteoarthritis,Hand pain suggests a degenerative joint problem. Bilateral symptoms can be age-related. Therefore osteoarthritis explains the complaint.,Root: hallucinated conclusion. [Nucleus: weak salient clue -> preferred diagnosis] [Satellite-downplay: contradictory red flag] [Conclusion: premature closure],1
synthetic_00185,"I have fever and cough, but also severe neck stiffness and light hurts my eyes. I feel much worse than with my usual colds.",flu,Fever and cough usually indicate flu. Neck stiffness can happen with muscle aches during flu. Therefore this is likely flu.,Root: hallucinated conclusion. [Nucleus: weak salient clue -> preferred diagnosis] [Satellite-downplay: contradictory red flag] [Conclusion: premature closure],1
synthetic_00186,"I get chest tightness when climbing stairs, but sometimes it follows spicy food at night. Antacids help a little, but last week pain went to my left arm and I got sweaty. I am 58 and diabetic.",GERD,Spicy food and antacid relief suggest reflux. Arm pain and sweating can be anxiety during discomfort. Therefore GERD explains the symptoms.,Root: hallucinated conclusion. [Nucleus: weak salient clue -> preferred diagnosis] [Satellite-downplay: contradictory red flag] [Conclusion: premature closure],1
synthetic_00187,For months I wake with stiff fingers that take over an hour to loosen. Both wrists hurt and I feel exhausted even after sleeping. Symptoms improve once I start moving.,osteoarthritis,Hand pain suggests a degenerative joint problem. Bilateral symptoms can be age-related. Therefore osteoarthritis explains the complaint.,Root: hallucinated conclusion. [Nucleus: weak salient clue -> preferred diagnosis] [Satellite-downplay: contradictory red flag] [Conclusion: premature closure],1
synthetic_00188,"I have fever and cough, but also severe neck stiffness and light hurts my eyes. I feel much worse than with my usual colds.",meningitis risk,"Fever and cough are compatible with a viral illness, but neck stiffness and photophobia are red flags. These red flags should remain central, so meningitis must be considered urgently.",Root: grounded conclusion. [Nucleus: high-information evidence] [Satellite-contrast: weaker alternative] [Nucleus-elaboration: risk factors] [Conclusion: integrated decision],0
synthetic_00189,"I get chest tightness when climbing stairs, but sometimes it follows spicy food at night. Antacids help a little, but last week pain went to my left arm and I got sweaty. I am 58 and diabetic.",acute coronary syndrome,"Exertional chest pain with arm radiation and sweating is high-risk evidence for ischemia. Spicy food and partial antacid relief are preserved as reflux-like but weaker contrastive clues. Age and diabetes increase cardiac risk, so ACS should be prioritized.",Root: grounded conclusion. [Nucleus: high-information evidence] [Satellite-contrast: weaker alternative] [Nucleus-elaboration: risk factors] [Conclusion: integrated decision],0
synthetic_00190,For months I wake with stiff fingers that take over an hour to loosen. Both wrists hurt and I feel exhausted even after sleeping. Symptoms improve once I start moving.,rheumatoid arthritis,"Prolonged morning stiffness and bilateral wrist involvement support inflammatory arthritis. Improvement with movement further supports an inflammatory process. Fatigue is nonspecific but consistent with systemic inflammation, so rheumatoid arthritis is favored.",Root: grounded conclusion. [Nucleus: high-information evidence] [Satellite-contrast: weaker alternative] [Nucleus-elaboration: risk factors] [Conclusion: integrated decision],0
synthetic_00191,"I have fever and cough, but also severe neck stiffness and light hurts my eyes. I feel much worse than with my usual colds.",meningitis risk,"Fever and cough are compatible with a viral illness, but neck stiffness and photophobia are red flags. These red flags should remain central, so meningitis must be considered urgently.",Root: grounded conclusion. [Nucleus: high-information evidence] [Satellite-contrast: weaker alternative] [Nucleus-elaboration: risk factors] [Conclusion: integrated decision],0
synthetic_00192,"I get chest tightness when climbing stairs, but sometimes it follows spicy food at night. Antacids help a little, but last week pain went to my left arm and I got sweaty. I am 58 and diabetic.",GERD,Spicy food and antacid relief suggest reflux. Arm pain and sweating can be anxiety during discomfort. Therefore GERD explains the symptoms.,Root: hallucinated conclusion. [Nucleus: weak salient clue -> preferred diagnosis] [Satellite-downplay: contradictory red flag] [Conclusion: premature closure],1
synthetic_00193,For months I wake with stiff fingers that take over an hour to loosen. Both wrists hurt and I feel exhausted even after sleeping. Symptoms improve once I start moving.,rheumatoid arthritis,"Prolonged morning stiffness and bilateral wrist involvement support inflammatory arthritis. Improvement with movement further supports an inflammatory process. Fatigue is nonspecific but consistent with systemic inflammation, so rheumatoid arthritis is favored.",Root: grounded conclusion. [Nucleus: high-information evidence] [Satellite-contrast: weaker alternative] [Nucleus-elaboration: risk factors] [Conclusion: integrated decision],0
synthetic_00194,"I have fever and cough, but also severe neck stiffness and light hurts my eyes. I feel much worse than with my usual colds.",meningitis risk,"Fever and cough are compatible with a viral illness, but neck stiffness and photophobia are red flags. These red flags should remain central, so meningitis must be considered urgently.",Root: grounded conclusion. [Nucleus: high-information evidence] [Satellite-contrast: weaker alternative] [Nucleus-elaboration: risk factors] [Conclusion: integrated decision],0
synthetic_00195,"I get chest tightness when climbing stairs, but sometimes it follows spicy food at night. Antacids help a little, but last week pain went to my left arm and I got sweaty. I am 58 and diabetic.",acute coronary syndrome,"Exertional chest pain with arm radiation and sweating is high-risk evidence for ischemia. Spicy food and partial antacid relief are preserved as reflux-like but weaker contrastive clues. Age and diabetes increase cardiac risk, so ACS should be prioritized.",Root: grounded conclusion. [Nucleus: high-information evidence] [Satellite-contrast: weaker alternative] [Nucleus-elaboration: risk factors] [Conclusion: integrated decision],0
synthetic_00196,For months I wake with stiff fingers that take over an hour to loosen. Both wrists hurt and I feel exhausted even after sleeping. Symptoms improve once I start moving.,rheumatoid arthritis,"Prolonged morning stiffness and bilateral wrist involvement support inflammatory arthritis. Improvement with movement further supports an inflammatory process. Fatigue is nonspecific but consistent with systemic inflammation, so rheumatoid arthritis is favored.",Root: grounded conclusion. [Nucleus: high-information evidence] [Satellite-contrast: weaker alternative] [Nucleus-elaboration: risk factors] [Conclusion: integrated decision],0
synthetic_00197,"I have fever and cough, but also severe neck stiffness and light hurts my eyes. I feel much worse than with my usual colds.",meningitis risk,"Fever and cough are compatible with a viral illness, but neck stiffness and photophobia are red flags. These red flags should remain central, so meningitis must be considered urgently.",Root: grounded conclusion. [Nucleus: high-information evidence] [Satellite-contrast: weaker alternative] [Nucleus-elaboration: risk factors] [Conclusion: integrated decision],0
synthetic_00198,"I get chest tightness when climbing stairs, but sometimes it follows spicy food at night. Antacids help a little, but last week pain went to my left arm and I got sweaty. I am 58 and diabetic.",acute coronary syndrome,"Exertional chest pain with arm radiation and sweating is high-risk evidence for ischemia. Spicy food and partial antacid relief are preserved as reflux-like but weaker contrastive clues. Age and diabetes increase cardiac risk, so ACS should be prioritized.",Root: grounded conclusion. [Nucleus: high-information evidence] [Satellite-contrast: weaker alternative] [Nucleus-elaboration: risk factors] [Conclusion: integrated decision],0
synthetic_00199,For months I wake with stiff fingers that take over an hour to loosen. Both wrists hurt and I feel exhausted even after sleeping. Symptoms improve once I start moving.,rheumatoid arthritis,"Prolonged morning stiffness and bilateral wrist involvement support inflammatory arthritis. Improvement with movement further supports an inflammatory process. Fatigue is nonspecific but consistent with systemic inflammation, so rheumatoid arthritis is favored.",Root: grounded conclusion. [Nucleus: high-information evidence] [Satellite-contrast: weaker alternative] [Nucleus-elaboration: risk factors] [Conclusion: integrated decision],0
synthetic_00200,"I have fever and cough, but also severe neck stiffness and light hurts my eyes. I feel much worse than with my usual colds.",flu,Fever and cough usually indicate flu. Neck stiffness can happen with muscle aches during flu. Therefore this is likely flu.,Root: hallucinated conclusion. [Nucleus: weak salient clue -> preferred diagnosis] [Satellite-downplay: contradictory red flag] [Conclusion: premature closure],1
synthetic_00201,"I get chest tightness when climbing stairs, but sometimes it follows spicy food at night. Antacids help a little, but last week pain went to my left arm and I got sweaty. I am 58 and diabetic.",GERD,Spicy food and antacid relief suggest reflux. Arm pain and sweating can be anxiety during discomfort. Therefore GERD explains the symptoms.,Root: hallucinated conclusion. [Nucleus: weak salient clue -> preferred diagnosis] [Satellite-downplay: contradictory red flag] [Conclusion: premature closure],1
synthetic_00202,For months I wake with stiff fingers that take over an hour to loosen. Both wrists hurt and I feel exhausted even after sleeping. Symptoms improve once I start moving.,osteoarthritis,Hand pain suggests a degenerative joint problem. Bilateral symptoms can be age-related. Therefore osteoarthritis explains the complaint.,Root: hallucinated conclusion. [Nucleus: weak salient clue -> preferred diagnosis] [Satellite-downplay: contradictory red flag] [Conclusion: premature closure],1
synthetic_00203,"I have fever and cough, but also severe neck stiffness and light hurts my eyes. I feel much worse than with my usual colds.",meningitis risk,"Fever and cough are compatible with a viral illness, but neck stiffness and photophobia are red flags. These red flags should remain central, so meningitis must be considered urgently.",Root: grounded conclusion. [Nucleus: high-information evidence] [Satellite-contrast: weaker alternative] [Nucleus-elaboration: risk factors] [Conclusion: integrated decision],0
synthetic_00204,"I get chest tightness when climbing stairs, but sometimes it follows spicy food at night. Antacids help a little, but last week pain went to my left arm and I got sweaty. I am 58 and diabetic.",GERD,Spicy food and antacid relief suggest reflux. Arm pain and sweating can be anxiety during discomfort. Therefore GERD explains the symptoms.,Root: hallucinated conclusion. [Nucleus: weak salient clue -> preferred diagnosis] [Satellite-downplay: contradictory red flag] [Conclusion: premature closure],1
synthetic_00205,For months I wake with stiff fingers that take over an hour to loosen. Both wrists hurt and I feel exhausted even after sleeping. Symptoms improve once I start moving.,rheumatoid arthritis,"Prolonged morning stiffness and bilateral wrist involvement support inflammatory arthritis. Improvement with movement further supports an inflammatory process. Fatigue is nonspecific but consistent with systemic inflammation, so rheumatoid arthritis is favored.",Root: grounded conclusion. [Nucleus: high-information evidence] [Satellite-contrast: weaker alternative] [Nucleus-elaboration: risk factors] [Conclusion: integrated decision],0
synthetic_00206,"I have fever and cough, but also severe neck stiffness and light hurts my eyes. I feel much worse than with my usual colds.",meningitis risk,"Fever and cough are compatible with a viral illness, but neck stiffness and photophobia are red flags. These red flags should remain central, so meningitis must be considered urgently.",Root: grounded conclusion. [Nucleus: high-information evidence] [Satellite-contrast: weaker alternative] [Nucleus-elaboration: risk factors] [Conclusion: integrated decision],0
synthetic_00207,"I get chest tightness when climbing stairs, but sometimes it follows spicy food at night. Antacids help a little, but last week pain went to my left arm and I got sweaty. I am 58 and diabetic.",acute coronary syndrome,"Exertional chest pain with arm radiation and sweating is high-risk evidence for ischemia. Spicy food and partial antacid relief are preserved as reflux-like but weaker contrastive clues. Age and diabetes increase cardiac risk, so ACS should be prioritized.",Root: grounded conclusion. [Nucleus: high-information evidence] [Satellite-contrast: weaker alternative] [Nucleus-elaboration: risk factors] [Conclusion: integrated decision],0
synthetic_00208,For months I wake with stiff fingers that take over an hour to loosen. Both wrists hurt and I feel exhausted even after sleeping. Symptoms improve once I start moving.,osteoarthritis,Hand pain suggests a degenerative joint problem. Bilateral symptoms can be age-related. Therefore osteoarthritis explains the complaint.,Root: hallucinated conclusion. [Nucleus: weak salient clue -> preferred diagnosis] [Satellite-downplay: contradictory red flag] [Conclusion: premature closure],1
synthetic_00209,"I have fever and cough, but also severe neck stiffness and light hurts my eyes. I feel much worse than with my usual colds.",meningitis risk,"Fever and cough are compatible with a viral illness, but neck stiffness and photophobia are red flags. These red flags should remain central, so meningitis must be considered urgently.",Root: grounded conclusion. [Nucleus: high-information evidence] [Satellite-contrast: weaker alternative] [Nucleus-elaboration: risk factors] [Conclusion: integrated decision],0
synthetic_00210,"I get chest tightness when climbing stairs, but sometimes it follows spicy food at night. Antacids help a little, but last week pain went to my left arm and I got sweaty. I am 58 and diabetic.",GERD,Spicy food and antacid relief suggest reflux. Arm pain and sweating can be anxiety during discomfort. Therefore GERD explains the symptoms.,Root: hallucinated conclusion. [Nucleus: weak salient clue -> preferred diagnosis] [Satellite-downplay: contradictory red flag] [Conclusion: premature closure],1
synthetic_00211,For months I wake with stiff fingers that take over an hour to loosen. Both wrists hurt and I feel exhausted even after sleeping. Symptoms improve once I start moving.,rheumatoid arthritis,"Prolonged morning stiffness and bilateral wrist involvement support inflammatory arthritis. Improvement with movement further supports an inflammatory process. Fatigue is nonspecific but consistent with systemic inflammation, so rheumatoid arthritis is favored.",Root: grounded conclusion. [Nucleus: high-information evidence] [Satellite-contrast: weaker alternative] [Nucleus-elaboration: risk factors] [Conclusion: integrated decision],0
synthetic_00212,"I have fever and cough, but also severe neck stiffness and light hurts my eyes. I feel much worse than with my usual colds.",meningitis risk,"Fever and cough are compatible with a viral illness, but neck stiffness and photophobia are red flags. These red flags should remain central, so meningitis must be considered urgently.",Root: grounded conclusion. [Nucleus: high-information evidence] [Satellite-contrast: weaker alternative] [Nucleus-elaboration: risk factors] [Conclusion: integrated decision],0
synthetic_00213,"I get chest tightness when climbing stairs, but sometimes it follows spicy food at night. Antacids help a little, but last week pain went to my left arm and I got sweaty. I am 58 and diabetic.",GERD,Spicy food and antacid relief suggest reflux. Arm pain and sweating can be anxiety during discomfort. Therefore GERD explains the symptoms.,Root: hallucinated conclusion. [Nucleus: weak salient clue -> preferred diagnosis] [Satellite-downplay: contradictory red flag] [Conclusion: premature closure],1
synthetic_00214,For months I wake with stiff fingers that take over an hour to loosen. Both wrists hurt and I feel exhausted even after sleeping. Symptoms improve once I start moving.,osteoarthritis,Hand pain suggests a degenerative joint problem. Bilateral symptoms can be age-related. Therefore osteoarthritis explains the complaint.,Root: hallucinated conclusion. [Nucleus: weak salient clue -> preferred diagnosis] [Satellite-downplay: contradictory red flag] [Conclusion: premature closure],1
synthetic_00215,"I have fever and cough, but also severe neck stiffness and light hurts my eyes. I feel much worse than with my usual colds.",flu,Fever and cough usually indicate flu. Neck stiffness can happen with muscle aches during flu. Therefore this is likely flu.,Root: hallucinated conclusion. [Nucleus: weak salient clue -> preferred diagnosis] [Satellite-downplay: contradictory red flag] [Conclusion: premature closure],1
synthetic_00216,"I get chest tightness when climbing stairs, but sometimes it follows spicy food at night. Antacids help a little, but last week pain went to my left arm and I got sweaty. I am 58 and diabetic.",GERD,Spicy food and antacid relief suggest reflux. Arm pain and sweating can be anxiety during discomfort. Therefore GERD explains the symptoms.,Root: hallucinated conclusion. [Nucleus: weak salient clue -> preferred diagnosis] [Satellite-downplay: contradictory red flag] [Conclusion: premature closure],1
synthetic_00217,For months I wake with stiff fingers that take over an hour to loosen. Both wrists hurt and I feel exhausted even after sleeping. Symptoms improve once I start moving.,osteoarthritis,Hand pain suggests a degenerative joint problem. Bilateral symptoms can be age-related. Therefore osteoarthritis explains the complaint.,Root: hallucinated conclusion. [Nucleus: weak salient clue -> preferred diagnosis] [Satellite-downplay: contradictory red flag] [Conclusion: premature closure],1
synthetic_00218,"I have fever and cough, but also severe neck stiffness and light hurts my eyes. I feel much worse than with my usual colds.",flu,Fever and cough usually indicate flu. Neck stiffness can happen with muscle aches during flu. Therefore this is likely flu.,Root: hallucinated conclusion. [Nucleus: weak salient clue -> preferred diagnosis] [Satellite-downplay: contradictory red flag] [Conclusion: premature closure],1
synthetic_00219,"I get chest tightness when climbing stairs, but sometimes it follows spicy food at night. Antacids help a little, but last week pain went to my left arm and I got sweaty. I am 58 and diabetic.",GERD,Spicy food and antacid relief suggest reflux. Arm pain and sweating can be anxiety during discomfort. Therefore GERD explains the symptoms.,Root: hallucinated conclusion. [Nucleus: weak salient clue -> preferred diagnosis] [Satellite-downplay: contradictory red flag] [Conclusion: premature closure],1
synthetic_00220,For months I wake with stiff fingers that take over an hour to loosen. Both wrists hurt and I feel exhausted even after sleeping. Symptoms improve once I start moving.,osteoarthritis,Hand pain suggests a degenerative joint problem. Bilateral symptoms can be age-related. Therefore osteoarthritis explains the complaint.,Root: hallucinated conclusion. [Nucleus: weak salient clue -> preferred diagnosis] [Satellite-downplay: contradictory red flag] [Conclusion: premature closure],1
synthetic_00221,"I have fever and cough, but also severe neck stiffness and light hurts my eyes. I feel much worse than with my usual colds.",meningitis risk,"Fever and cough are compatible with a viral illness, but neck stiffness and photophobia are red flags. These red flags should remain central, so meningitis must be considered urgently.",Root: grounded conclusion. [Nucleus: high-information evidence] [Satellite-contrast: weaker alternative] [Nucleus-elaboration: risk factors] [Conclusion: integrated decision],0
synthetic_00222,"I get chest tightness when climbing stairs, but sometimes it follows spicy food at night. Antacids help a little, but last week pain went to my left arm and I got sweaty. I am 58 and diabetic.",GERD,Spicy food and antacid relief suggest reflux. Arm pain and sweating can be anxiety during discomfort. Therefore GERD explains the symptoms.,Root: hallucinated conclusion. [Nucleus: weak salient clue -> preferred diagnosis] [Satellite-downplay: contradictory red flag] [Conclusion: premature closure],1
synthetic_00223,For months I wake with stiff fingers that take over an hour to loosen. Both wrists hurt and I feel exhausted even after sleeping. Symptoms improve once I start moving.,osteoarthritis,Hand pain suggests a degenerative joint problem. Bilateral symptoms can be age-related. Therefore osteoarthritis explains the complaint.,Root: hallucinated conclusion. [Nucleus: weak salient clue -> preferred diagnosis] [Satellite-downplay: contradictory red flag] [Conclusion: premature closure],1
synthetic_00224,"I have fever and cough, but also severe neck stiffness and light hurts my eyes. I feel much worse than with my usual colds.",meningitis risk,"Fever and cough are compatible with a viral illness, but neck stiffness and photophobia are red flags. These red flags should remain central, so meningitis must be considered urgently.",Root: grounded conclusion. [Nucleus: high-information evidence] [Satellite-contrast: weaker alternative] [Nucleus-elaboration: risk factors] [Conclusion: integrated decision],0
synthetic_00225,"I get chest tightness when climbing stairs, but sometimes it follows spicy food at night. Antacids help a little, but last week pain went to my left arm and I got sweaty. I am 58 and diabetic.",acute coronary syndrome,"Exertional chest pain with arm radiation and sweating is high-risk evidence for ischemia. Spicy food and partial antacid relief are preserved as reflux-like but weaker contrastive clues. Age and diabetes increase cardiac risk, so ACS should be prioritized.",Root: grounded conclusion. [Nucleus: high-information evidence] [Satellite-contrast: weaker alternative] [Nucleus-elaboration: risk factors] [Conclusion: integrated decision],0
synthetic_00226,For months I wake with stiff fingers that take over an hour to loosen. Both wrists hurt and I feel exhausted even after sleeping. Symptoms improve once I start moving.,osteoarthritis,Hand pain suggests a degenerative joint problem. Bilateral symptoms can be age-related. Therefore osteoarthritis explains the complaint.,Root: hallucinated conclusion. [Nucleus: weak salient clue -> preferred diagnosis] [Satellite-downplay: contradictory red flag] [Conclusion: premature closure],1
synthetic_00227,"I have fever and cough, but also severe neck stiffness and light hurts my eyes. I feel much worse than with my usual colds.",flu,Fever and cough usually indicate flu. Neck stiffness can happen with muscle aches during flu. Therefore this is likely flu.,Root: hallucinated conclusion. [Nucleus: weak salient clue -> preferred diagnosis] [Satellite-downplay: contradictory red flag] [Conclusion: premature closure],1
synthetic_00228,"I get chest tightness when climbing stairs, but sometimes it follows spicy food at night. Antacids help a little, but last week pain went to my left arm and I got sweaty. I am 58 and diabetic.",GERD,Spicy food and antacid relief suggest reflux. Arm pain and sweating can be anxiety during discomfort. Therefore GERD explains the symptoms.,Root: hallucinated conclusion. [Nucleus: weak salient clue -> preferred diagnosis] [Satellite-downplay: contradictory red flag] [Conclusion: premature closure],1
synthetic_00229,For months I wake with stiff fingers that take over an hour to loosen. Both wrists hurt and I feel exhausted even after sleeping. Symptoms improve once I start moving.,rheumatoid arthritis,"Prolonged morning stiffness and bilateral wrist involvement support inflammatory arthritis. Improvement with movement further supports an inflammatory process. Fatigue is nonspecific but consistent with systemic inflammation, so rheumatoid arthritis is favored.",Root: grounded conclusion. [Nucleus: high-information evidence] [Satellite-contrast: weaker alternative] [Nucleus-elaboration: risk factors] [Conclusion: integrated decision],0
synthetic_00230,"I have fever and cough, but also severe neck stiffness and light hurts my eyes. I feel much worse than with my usual colds.",meningitis risk,"Fever and cough are compatible with a viral illness, but neck stiffness and photophobia are red flags. These red flags should remain central, so meningitis must be considered urgently.",Root: grounded conclusion. [Nucleus: high-information evidence] [Satellite-contrast: weaker alternative] [Nucleus-elaboration: risk factors] [Conclusion: integrated decision],0
synthetic_00231,"I get chest tightness when climbing stairs, but sometimes it follows spicy food at night. Antacids help a little, but last week pain went to my left arm and I got sweaty. I am 58 and diabetic.",acute coronary syndrome,"Exertional chest pain with arm radiation and sweating is high-risk evidence for ischemia. Spicy food and partial antacid relief are preserved as reflux-like but weaker contrastive clues. Age and diabetes increase cardiac risk, so ACS should be prioritized.",Root: grounded conclusion. [Nucleus: high-information evidence] [Satellite-contrast: weaker alternative] [Nucleus-elaboration: risk factors] [Conclusion: integrated decision],0
synthetic_00232,For months I wake with stiff fingers that take over an hour to loosen. Both wrists hurt and I feel exhausted even after sleeping. Symptoms improve once I start moving.,osteoarthritis,Hand pain suggests a degenerative joint problem. Bilateral symptoms can be age-related. Therefore osteoarthritis explains the complaint.,Root: hallucinated conclusion. [Nucleus: weak salient clue -> preferred diagnosis] [Satellite-downplay: contradictory red flag] [Conclusion: premature closure],1
synthetic_00233,"I have fever and cough, but also severe neck stiffness and light hurts my eyes. I feel much worse than with my usual colds.",meningitis risk,"Fever and cough are compatible with a viral illness, but neck stiffness and photophobia are red flags. These red flags should remain central, so meningitis must be considered urgently.",Root: grounded conclusion. [Nucleus: high-information evidence] [Satellite-contrast: weaker alternative] [Nucleus-elaboration: risk factors] [Conclusion: integrated decision],0
synthetic_00234,"I get chest tightness when climbing stairs, but sometimes it follows spicy food at night. Antacids help a little, but last week pain went to my left arm and I got sweaty. I am 58 and diabetic.",GERD,Spicy food and antacid relief suggest reflux. Arm pain and sweating can be anxiety during discomfort. Therefore GERD explains the symptoms.,Root: hallucinated conclusion. [Nucleus: weak salient clue -> preferred diagnosis] [Satellite-downplay: contradictory red flag] [Conclusion: premature closure],1
synthetic_00235,For months I wake with stiff fingers that take over an hour to loosen. Both wrists hurt and I feel exhausted even after sleeping. Symptoms improve once I start moving.,osteoarthritis,Hand pain suggests a degenerative joint problem. Bilateral symptoms can be age-related. Therefore osteoarthritis explains the complaint.,Root: hallucinated conclusion. [Nucleus: weak salient clue -> preferred diagnosis] [Satellite-downplay: contradictory red flag] [Conclusion: premature closure],1
synthetic_00236,"I have fever and cough, but also severe neck stiffness and light hurts my eyes. I feel much worse than with my usual colds.",flu,Fever and cough usually indicate flu. Neck stiffness can happen with muscle aches during flu. Therefore this is likely flu.,Root: hallucinated conclusion. [Nucleus: weak salient clue -> preferred diagnosis] [Satellite-downplay: contradictory red flag] [Conclusion: premature closure],1
synthetic_00237,"I get chest tightness when climbing stairs, but sometimes it follows spicy food at night. Antacids help a little, but last week pain went to my left arm and I got sweaty. I am 58 and diabetic.",GERD,Spicy food and antacid relief suggest reflux. Arm pain and sweating can be anxiety during discomfort. Therefore GERD explains the symptoms.,Root: hallucinated conclusion. [Nucleus: weak salient clue -> preferred diagnosis] [Satellite-downplay: contradictory red flag] [Conclusion: premature closure],1
synthetic_00238,For months I wake with stiff fingers that take over an hour to loosen. Both wrists hurt and I feel exhausted even after sleeping. Symptoms improve once I start moving.,rheumatoid arthritis,"Prolonged morning stiffness and bilateral wrist involvement support inflammatory arthritis. Improvement with movement further supports an inflammatory process. Fatigue is nonspecific but consistent with systemic inflammation, so rheumatoid arthritis is favored.",Root: grounded conclusion. [Nucleus: high-information evidence] [Satellite-contrast: weaker alternative] [Nucleus-elaboration: risk factors] [Conclusion: integrated decision],0
synthetic_00239,"I have fever and cough, but also severe neck stiffness and light hurts my eyes. I feel much worse than with my usual colds.",meningitis risk,"Fever and cough are compatible with a viral illness, but neck stiffness and photophobia are red flags. These red flags should remain central, so meningitis must be considered urgently.",Root: grounded conclusion. [Nucleus: high-information evidence] [Satellite-contrast: weaker alternative] [Nucleus-elaboration: risk factors] [Conclusion: integrated decision],0
synthetic_00240,"I get chest tightness when climbing stairs, but sometimes it follows spicy food at night. Antacids help a little, but last week pain went to my left arm and I got sweaty. I am 58 and diabetic.",acute coronary syndrome,"Exertional chest pain with arm radiation and sweating is high-risk evidence for ischemia. Spicy food and partial antacid relief are preserved as reflux-like but weaker contrastive clues. Age and diabetes increase cardiac risk, so ACS should be prioritized.",Root: grounded conclusion. [Nucleus: high-information evidence] [Satellite-contrast: weaker alternative] [Nucleus-elaboration: risk factors] [Conclusion: integrated decision],0
synthetic_00241,For months I wake with stiff fingers that take over an hour to loosen. Both wrists hurt and I feel exhausted even after sleeping. Symptoms improve once I start moving.,osteoarthritis,Hand pain suggests a degenerative joint problem. Bilateral symptoms can be age-related. Therefore osteoarthritis explains the complaint.,Root: hallucinated conclusion. [Nucleus: weak salient clue -> preferred diagnosis] [Satellite-downplay: contradictory red flag] [Conclusion: premature closure],1
synthetic_00242,"I have fever and cough, but also severe neck stiffness and light hurts my eyes. I feel much worse than with my usual colds.",meningitis risk,"Fever and cough are compatible with a viral illness, but neck stiffness and photophobia are red flags. These red flags should remain central, so meningitis must be considered urgently.",Root: grounded conclusion. [Nucleus: high-information evidence] [Satellite-contrast: weaker alternative] [Nucleus-elaboration: risk factors] [Conclusion: integrated decision],0
synthetic_00243,"I get chest tightness when climbing stairs, but sometimes it follows spicy food at night. Antacids help a little, but last week pain went to my left arm and I got sweaty. I am 58 and diabetic.",acute coronary syndrome,"Exertional chest pain with arm radiation and sweating is high-risk evidence for ischemia. Spicy food and partial antacid relief are preserved as reflux-like but weaker contrastive clues. Age and diabetes increase cardiac risk, so ACS should be prioritized.",Root: grounded conclusion. [Nucleus: high-information evidence] [Satellite-contrast: weaker alternative] [Nucleus-elaboration: risk factors] [Conclusion: integrated decision],0
synthetic_00244,For months I wake with stiff fingers that take over an hour to loosen. Both wrists hurt and I feel exhausted even after sleeping. Symptoms improve once I start moving.,rheumatoid arthritis,"Prolonged morning stiffness and bilateral wrist involvement support inflammatory arthritis. Improvement with movement further supports an inflammatory process. Fatigue is nonspecific but consistent with systemic inflammation, so rheumatoid arthritis is favored.",Root: grounded conclusion. [Nucleus: high-information evidence] [Satellite-contrast: weaker alternative] [Nucleus-elaboration: risk factors] [Conclusion: integrated decision],0
synthetic_00245,"I have fever and cough, but also severe neck stiffness and light hurts my eyes. I feel much worse than with my usual colds.",meningitis risk,"Fever and cough are compatible with a viral illness, but neck stiffness and photophobia are red flags. These red flags should remain central, so meningitis must be considered urgently.",Root: grounded conclusion. [Nucleus: high-information evidence] [Satellite-contrast: weaker alternative] [Nucleus-elaboration: risk factors] [Conclusion: integrated decision],0
synthetic_00246,"I get chest tightness when climbing stairs, but sometimes it follows spicy food at night. Antacids help a little, but last week pain went to my left arm and I got sweaty. I am 58 and diabetic.",GERD,Spicy food and antacid relief suggest reflux. Arm pain and sweating can be anxiety during discomfort. Therefore GERD explains the symptoms.,Root: hallucinated conclusion. [Nucleus: weak salient clue -> preferred diagnosis] [Satellite-downplay: contradictory red flag] [Conclusion: premature closure],1
synthetic_00247,For months I wake with stiff fingers that take over an hour to loosen. Both wrists hurt and I feel exhausted even after sleeping. Symptoms improve once I start moving.,rheumatoid arthritis,"Prolonged morning stiffness and bilateral wrist involvement support inflammatory arthritis. Improvement with movement further supports an inflammatory process. Fatigue is nonspecific but consistent with systemic inflammation, so rheumatoid arthritis is favored.",Root: grounded conclusion. [Nucleus: high-information evidence] [Satellite-contrast: weaker alternative] [Nucleus-elaboration: risk factors] [Conclusion: integrated decision],0
synthetic_00248,"I have fever and cough, but also severe neck stiffness and light hurts my eyes. I feel much worse than with my usual colds.",flu,Fever and cough usually indicate flu. Neck stiffness can happen with muscle aches during flu. Therefore this is likely flu.,Root: hallucinated conclusion. [Nucleus: weak salient clue -> preferred diagnosis] [Satellite-downplay: contradictory red flag] [Conclusion: premature closure],1
synthetic_00249,"I get chest tightness when climbing stairs, but sometimes it follows spicy food at night. Antacids help a little, but last week pain went to my left arm and I got sweaty. I am 58 and diabetic.",acute coronary syndrome,"Exertional chest pain with arm radiation and sweating is high-risk evidence for ischemia. Spicy food and partial antacid relief are preserved as reflux-like but weaker contrastive clues. Age and diabetes increase cardiac risk, so ACS should be prioritized.",Root: grounded conclusion. [Nucleus: high-information evidence] [Satellite-contrast: weaker alternative] [Nucleus-elaboration: risk factors] [Conclusion: integrated decision],0
synthetic_00250,For months I wake with stiff fingers that take over an hour to loosen. Both wrists hurt and I feel exhausted even after sleeping. Symptoms improve once I start moving.,osteoarthritis,Hand pain suggests a degenerative joint problem. Bilateral symptoms can be age-related. Therefore osteoarthritis explains the complaint.,Root: hallucinated conclusion. [Nucleus: weak salient clue -> preferred diagnosis] [Satellite-downplay: contradictory red flag] [Conclusion: premature closure],1
synthetic_00251,"I have fever and cough, but also severe neck stiffness and light hurts my eyes. I feel much worse than with my usual colds.",flu,Fever and cough usually indicate flu. Neck stiffness can happen with muscle aches during flu. Therefore this is likely flu.,Root: hallucinated conclusion. [Nucleus: weak salient clue -> preferred diagnosis] [Satellite-downplay: contradictory red flag] [Conclusion: premature closure],1
synthetic_00252,"I get chest tightness when climbing stairs, but sometimes it follows spicy food at night. Antacids help a little, but last week pain went to my left arm and I got sweaty. I am 58 and diabetic.",acute coronary syndrome,"Exertional chest pain with arm radiation and sweating is high-risk evidence for ischemia. Spicy food and partial antacid relief are preserved as reflux-like but weaker contrastive clues. Age and diabetes increase cardiac risk, so ACS should be prioritized.",Root: grounded conclusion. [Nucleus: high-information evidence] [Satellite-contrast: weaker alternative] [Nucleus-elaboration: risk factors] [Conclusion: integrated decision],0
synthetic_00253,For months I wake with stiff fingers that take over an hour to loosen. Both wrists hurt and I feel exhausted even after sleeping. Symptoms improve once I start moving.,osteoarthritis,Hand pain suggests a degenerative joint problem. Bilateral symptoms can be age-related. Therefore osteoarthritis explains the complaint.,Root: hallucinated conclusion. [Nucleus: weak salient clue -> preferred diagnosis] [Satellite-downplay: contradictory red flag] [Conclusion: premature closure],1
synthetic_00254,"I have fever and cough, but also severe neck stiffness and light hurts my eyes. I feel much worse than with my usual colds.",flu,Fever and cough usually indicate flu. Neck stiffness can happen with muscle aches during flu. Therefore this is likely flu.,Root: hallucinated conclusion. [Nucleus: weak salient clue -> preferred diagnosis] [Satellite-downplay: contradictory red flag] [Conclusion: premature closure],1
synthetic_00255,"I get chest tightness when climbing stairs, but sometimes it follows spicy food at night. Antacids help a little, but last week pain went to my left arm and I got sweaty. I am 58 and diabetic.",acute coronary syndrome,"Exertional chest pain with arm radiation and sweating is high-risk evidence for ischemia. Spicy food and partial antacid relief are preserved as reflux-like but weaker contrastive clues. Age and diabetes increase cardiac risk, so ACS should be prioritized.",Root: grounded conclusion. [Nucleus: high-information evidence] [Satellite-contrast: weaker alternative] [Nucleus-elaboration: risk factors] [Conclusion: integrated decision],0
synthetic_00256,For months I wake with stiff fingers that take over an hour to loosen. Both wrists hurt and I feel exhausted even after sleeping. Symptoms improve once I start moving.,osteoarthritis,Hand pain suggests a degenerative joint problem. Bilateral symptoms can be age-related. Therefore osteoarthritis explains the complaint.,Root: hallucinated conclusion. [Nucleus: weak salient clue -> preferred diagnosis] [Satellite-downplay: contradictory red flag] [Conclusion: premature closure],1
synthetic_00257,"I have fever and cough, but also severe neck stiffness and light hurts my eyes. I feel much worse than with my usual colds.",flu,Fever and cough usually indicate flu. Neck stiffness can happen with muscle aches during flu. Therefore this is likely flu.,Root: hallucinated conclusion. [Nucleus: weak salient clue -> preferred diagnosis] [Satellite-downplay: contradictory red flag] [Conclusion: premature closure],1
synthetic_00258,"I get chest tightness when climbing stairs, but sometimes it follows spicy food at night. Antacids help a little, but last week pain went to my left arm and I got sweaty. I am 58 and diabetic.",GERD,Spicy food and antacid relief suggest reflux. Arm pain and sweating can be anxiety during discomfort. Therefore GERD explains the symptoms.,Root: hallucinated conclusion. [Nucleus: weak salient clue -> preferred diagnosis] [Satellite-downplay: contradictory red flag] [Conclusion: premature closure],1
synthetic_00259,For months I wake with stiff fingers that take over an hour to loosen. Both wrists hurt and I feel exhausted even after sleeping. Symptoms improve once I start moving.,rheumatoid arthritis,"Prolonged morning stiffness and bilateral wrist involvement support inflammatory arthritis. Improvement with movement further supports an inflammatory process. Fatigue is nonspecific but consistent with systemic inflammation, so rheumatoid arthritis is favored.",Root: grounded conclusion. [Nucleus: high-information evidence] [Satellite-contrast: weaker alternative] [Nucleus-elaboration: risk factors] [Conclusion: integrated decision],0
synthetic_00260,"I have fever and cough, but also severe neck stiffness and light hurts my eyes. I feel much worse than with my usual colds.",meningitis risk,"Fever and cough are compatible with a viral illness, but neck stiffness and photophobia are red flags. These red flags should remain central, so meningitis must be considered urgently.",Root: grounded conclusion. [Nucleus: high-information evidence] [Satellite-contrast: weaker alternative] [Nucleus-elaboration: risk factors] [Conclusion: integrated decision],0
synthetic_00261,"I get chest tightness when climbing stairs, but sometimes it follows spicy food at night. Antacids help a little, but last week pain went to my left arm and I got sweaty. I am 58 and diabetic.",acute coronary syndrome,"Exertional chest pain with arm radiation and sweating is high-risk evidence for ischemia. Spicy food and partial antacid relief are preserved as reflux-like but weaker contrastive clues. Age and diabetes increase cardiac risk, so ACS should be prioritized.",Root: grounded conclusion. [Nucleus: high-information evidence] [Satellite-contrast: weaker alternative] [Nucleus-elaboration: risk factors] [Conclusion: integrated decision],0
synthetic_00262,For months I wake with stiff fingers that take over an hour to loosen. Both wrists hurt and I feel exhausted even after sleeping. Symptoms improve once I start moving.,osteoarthritis,Hand pain suggests a degenerative joint problem. Bilateral symptoms can be age-related. Therefore osteoarthritis explains the complaint.,Root: hallucinated conclusion. [Nucleus: weak salient clue -> preferred diagnosis] [Satellite-downplay: contradictory red flag] [Conclusion: premature closure],1
synthetic_00263,"I have fever and cough, but also severe neck stiffness and light hurts my eyes. I feel much worse than with my usual colds.",flu,Fever and cough usually indicate flu. Neck stiffness can happen with muscle aches during flu. Therefore this is likely flu.,Root: hallucinated conclusion. [Nucleus: weak salient clue -> preferred diagnosis] [Satellite-downplay: contradictory red flag] [Conclusion: premature closure],1
synthetic_00264,"I get chest tightness when climbing stairs, but sometimes it follows spicy food at night. Antacids help a little, but last week pain went to my left arm and I got sweaty. I am 58 and diabetic.",acute coronary syndrome,"Exertional chest pain with arm radiation and sweating is high-risk evidence for ischemia. Spicy food and partial antacid relief are preserved as reflux-like but weaker contrastive clues. Age and diabetes increase cardiac risk, so ACS should be prioritized.",Root: grounded conclusion. [Nucleus: high-information evidence] [Satellite-contrast: weaker alternative] [Nucleus-elaboration: risk factors] [Conclusion: integrated decision],0
synthetic_00265,For months I wake with stiff fingers that take over an hour to loosen. Both wrists hurt and I feel exhausted even after sleeping. Symptoms improve once I start moving.,osteoarthritis,Hand pain suggests a degenerative joint problem. Bilateral symptoms can be age-related. Therefore osteoarthritis explains the complaint.,Root: hallucinated conclusion. [Nucleus: weak salient clue -> preferred diagnosis] [Satellite-downplay: contradictory red flag] [Conclusion: premature closure],1
synthetic_00266,"I have fever and cough, but also severe neck stiffness and light hurts my eyes. I feel much worse than with my usual colds.",meningitis risk,"Fever and cough are compatible with a viral illness, but neck stiffness and photophobia are red flags. These red flags should remain central, so meningitis must be considered urgently.",Root: grounded conclusion. [Nucleus: high-information evidence] [Satellite-contrast: weaker alternative] [Nucleus-elaboration: risk factors] [Conclusion: integrated decision],0
synthetic_00267,"I get chest tightness when climbing stairs, but sometimes it follows spicy food at night. Antacids help a little, but last week pain went to my left arm and I got sweaty. I am 58 and diabetic.",acute coronary syndrome,"Exertional chest pain with arm radiation and sweating is high-risk evidence for ischemia. Spicy food and partial antacid relief are preserved as reflux-like but weaker contrastive clues. Age and diabetes increase cardiac risk, so ACS should be prioritized.",Root: grounded conclusion. [Nucleus: high-information evidence] [Satellite-contrast: weaker alternative] [Nucleus-elaboration: risk factors] [Conclusion: integrated decision],0
synthetic_00268,For months I wake with stiff fingers that take over an hour to loosen. Both wrists hurt and I feel exhausted even after sleeping. Symptoms improve once I start moving.,rheumatoid arthritis,"Prolonged morning stiffness and bilateral wrist involvement support inflammatory arthritis. Improvement with movement further supports an inflammatory process. Fatigue is nonspecific but consistent with systemic inflammation, so rheumatoid arthritis is favored.",Root: grounded conclusion. [Nucleus: high-information evidence] [Satellite-contrast: weaker alternative] [Nucleus-elaboration: risk factors] [Conclusion: integrated decision],0
synthetic_00269,"I have fever and cough, but also severe neck stiffness and light hurts my eyes. I feel much worse than with my usual colds.",flu,Fever and cough usually indicate flu. Neck stiffness can happen with muscle aches during flu. Therefore this is likely flu.,Root: hallucinated conclusion. [Nucleus: weak salient clue -> preferred diagnosis] [Satellite-downplay: contradictory red flag] [Conclusion: premature closure],1
synthetic_00270,"I get chest tightness when climbing stairs, but sometimes it follows spicy food at night. Antacids help a little, but last week pain went to my left arm and I got sweaty. I am 58 and diabetic.",GERD,Spicy food and antacid relief suggest reflux. Arm pain and sweating can be anxiety during discomfort. Therefore GERD explains the symptoms.,Root: hallucinated conclusion. [Nucleus: weak salient clue -> preferred diagnosis] [Satellite-downplay: contradictory red flag] [Conclusion: premature closure],1
synthetic_00271,For months I wake with stiff fingers that take over an hour to loosen. Both wrists hurt and I feel exhausted even after sleeping. Symptoms improve once I start moving.,osteoarthritis,Hand pain suggests a degenerative joint problem. Bilateral symptoms can be age-related. Therefore osteoarthritis explains the complaint.,Root: hallucinated conclusion. [Nucleus: weak salient clue -> preferred diagnosis] [Satellite-downplay: contradictory red flag] [Conclusion: premature closure],1
synthetic_00272,"I have fever and cough, but also severe neck stiffness and light hurts my eyes. I feel much worse than with my usual colds.",meningitis risk,"Fever and cough are compatible with a viral illness, but neck stiffness and photophobia are red flags. These red flags should remain central, so meningitis must be considered urgently.",Root: grounded conclusion. [Nucleus: high-information evidence] [Satellite-contrast: weaker alternative] [Nucleus-elaboration: risk factors] [Conclusion: integrated decision],0
synthetic_00273,"I get chest tightness when climbing stairs, but sometimes it follows spicy food at night. Antacids help a little, but last week pain went to my left arm and I got sweaty. I am 58 and diabetic.",GERD,Spicy food and antacid relief suggest reflux. Arm pain and sweating can be anxiety during discomfort. Therefore GERD explains the symptoms.,Root: hallucinated conclusion. [Nucleus: weak salient clue -> preferred diagnosis] [Satellite-downplay: contradictory red flag] [Conclusion: premature closure],1
synthetic_00274,For months I wake with stiff fingers that take over an hour to loosen. Both wrists hurt and I feel exhausted even after sleeping. Symptoms improve once I start moving.,osteoarthritis,Hand pain suggests a degenerative joint problem. Bilateral symptoms can be age-related. Therefore osteoarthritis explains the complaint.,Root: hallucinated conclusion. [Nucleus: weak salient clue -> preferred diagnosis] [Satellite-downplay: contradictory red flag] [Conclusion: premature closure],1
synthetic_00275,"I have fever and cough, but also severe neck stiffness and light hurts my eyes. I feel much worse than with my usual colds.",meningitis risk,"Fever and cough are compatible with a viral illness, but neck stiffness and photophobia are red flags. These red flags should remain central, so meningitis must be considered urgently.",Root: grounded conclusion. [Nucleus: high-information evidence] [Satellite-contrast: weaker alternative] [Nucleus-elaboration: risk factors] [Conclusion: integrated decision],0
synthetic_00276,"I get chest tightness when climbing stairs, but sometimes it follows spicy food at night. Antacids help a little, but last week pain went to my left arm and I got sweaty. I am 58 and diabetic.",GERD,Spicy food and antacid relief suggest reflux. Arm pain and sweating can be anxiety during discomfort. Therefore GERD explains the symptoms.,Root: hallucinated conclusion. [Nucleus: weak salient clue -> preferred diagnosis] [Satellite-downplay: contradictory red flag] [Conclusion: premature closure],1
synthetic_00277,For months I wake with stiff fingers that take over an hour to loosen. Both wrists hurt and I feel exhausted even after sleeping. Symptoms improve once I start moving.,osteoarthritis,Hand pain suggests a degenerative joint problem. Bilateral symptoms can be age-related. Therefore osteoarthritis explains the complaint.,Root: hallucinated conclusion. [Nucleus: weak salient clue -> preferred diagnosis] [Satellite-downplay: contradictory red flag] [Conclusion: premature closure],1
synthetic_00278,"I have fever and cough, but also severe neck stiffness and light hurts my eyes. I feel much worse than with my usual colds.",flu,Fever and cough usually indicate flu. Neck stiffness can happen with muscle aches during flu. Therefore this is likely flu.,Root: hallucinated conclusion. [Nucleus: weak salient clue -> preferred diagnosis] [Satellite-downplay: contradictory red flag] [Conclusion: premature closure],1
synthetic_00279,"I get chest tightness when climbing stairs, but sometimes it follows spicy food at night. Antacids help a little, but last week pain went to my left arm and I got sweaty. I am 58 and diabetic.",acute coronary syndrome,"Exertional chest pain with arm radiation and sweating is high-risk evidence for ischemia. Spicy food and partial antacid relief are preserved as reflux-like but weaker contrastive clues. Age and diabetes increase cardiac risk, so ACS should be prioritized.",Root: grounded conclusion. [Nucleus: high-information evidence] [Satellite-contrast: weaker alternative] [Nucleus-elaboration: risk factors] [Conclusion: integrated decision],0
synthetic_00280,For months I wake with stiff fingers that take over an hour to loosen. Both wrists hurt and I feel exhausted even after sleeping. Symptoms improve once I start moving.,osteoarthritis,Hand pain suggests a degenerative joint problem. Bilateral symptoms can be age-related. Therefore osteoarthritis explains the complaint.,Root: hallucinated conclusion. [Nucleus: weak salient clue -> preferred diagnosis] [Satellite-downplay: contradictory red flag] [Conclusion: premature closure],1
synthetic_00281,"I have fever and cough, but also severe neck stiffness and light hurts my eyes. I feel much worse than with my usual colds.",flu,Fever and cough usually indicate flu. Neck stiffness can happen with muscle aches during flu. Therefore this is likely flu.,Root: hallucinated conclusion. [Nucleus: weak salient clue -> preferred diagnosis] [Satellite-downplay: contradictory red flag] [Conclusion: premature closure],1
synthetic_00282,"I get chest tightness when climbing stairs, but sometimes it follows spicy food at night. Antacids help a little, but last week pain went to my left arm and I got sweaty. I am 58 and diabetic.",GERD,Spicy food and antacid relief suggest reflux. Arm pain and sweating can be anxiety during discomfort. Therefore GERD explains the symptoms.,Root: hallucinated conclusion. [Nucleus: weak salient clue -> preferred diagnosis] [Satellite-downplay: contradictory red flag] [Conclusion: premature closure],1
synthetic_00283,For months I wake with stiff fingers that take over an hour to loosen. Both wrists hurt and I feel exhausted even after sleeping. Symptoms improve once I start moving.,rheumatoid arthritis,"Prolonged morning stiffness and bilateral wrist involvement support inflammatory arthritis. Improvement with movement further supports an inflammatory process. Fatigue is nonspecific but consistent with systemic inflammation, so rheumatoid arthritis is favored.",Root: grounded conclusion. [Nucleus: high-information evidence] [Satellite-contrast: weaker alternative] [Nucleus-elaboration: risk factors] [Conclusion: integrated decision],0
synthetic_00284,"I have fever and cough, but also severe neck stiffness and light hurts my eyes. I feel much worse than with my usual colds.",flu,Fever and cough usually indicate flu. Neck stiffness can happen with muscle aches during flu. Therefore this is likely flu.,Root: hallucinated conclusion. [Nucleus: weak salient clue -> preferred diagnosis] [Satellite-downplay: contradictory red flag] [Conclusion: premature closure],1
synthetic_00285,"I get chest tightness when climbing stairs, but sometimes it follows spicy food at night. Antacids help a little, but last week pain went to my left arm and I got sweaty. I am 58 and diabetic.",GERD,Spicy food and antacid relief suggest reflux. Arm pain and sweating can be anxiety during discomfort. Therefore GERD explains the symptoms.,Root: hallucinated conclusion. [Nucleus: weak salient clue -> preferred diagnosis] [Satellite-downplay: contradictory red flag] [Conclusion: premature closure],1
synthetic_00286,For months I wake with stiff fingers that take over an hour to loosen. Both wrists hurt and I feel exhausted even after sleeping. Symptoms improve once I start moving.,rheumatoid arthritis,"Prolonged morning stiffness and bilateral wrist involvement support inflammatory arthritis. Improvement with movement further supports an inflammatory process. Fatigue is nonspecific but consistent with systemic inflammation, so rheumatoid arthritis is favored.",Root: grounded conclusion. [Nucleus: high-information evidence] [Satellite-contrast: weaker alternative] [Nucleus-elaboration: risk factors] [Conclusion: integrated decision],0
synthetic_00287,"I have fever and cough, but also severe neck stiffness and light hurts my eyes. I feel much worse than with my usual colds.",meningitis risk,"Fever and cough are compatible with a viral illness, but neck stiffness and photophobia are red flags. These red flags should remain central, so meningitis must be considered urgently.",Root: grounded conclusion. [Nucleus: high-information evidence] [Satellite-contrast: weaker alternative] [Nucleus-elaboration: risk factors] [Conclusion: integrated decision],0
synthetic_00288,"I get chest tightness when climbing stairs, but sometimes it follows spicy food at night. Antacids help a little, but last week pain went to my left arm and I got sweaty. I am 58 and diabetic.",acute coronary syndrome,"Exertional chest pain with arm radiation and sweating is high-risk evidence for ischemia. Spicy food and partial antacid relief are preserved as reflux-like but weaker contrastive clues. Age and diabetes increase cardiac risk, so ACS should be prioritized.",Root: grounded conclusion. [Nucleus: high-information evidence] [Satellite-contrast: weaker alternative] [Nucleus-elaboration: risk factors] [Conclusion: integrated decision],0
synthetic_00289,For months I wake with stiff fingers that take over an hour to loosen. Both wrists hurt and I feel exhausted even after sleeping. Symptoms improve once I start moving.,osteoarthritis,Hand pain suggests a degenerative joint problem. Bilateral symptoms can be age-related. Therefore osteoarthritis explains the complaint.,Root: hallucinated conclusion. [Nucleus: weak salient clue -> preferred diagnosis] [Satellite-downplay: contradictory red flag] [Conclusion: premature closure],1
synthetic_00290,"I have fever and cough, but also severe neck stiffness and light hurts my eyes. I feel much worse than with my usual colds.",meningitis risk,"Fever and cough are compatible with a viral illness, but neck stiffness and photophobia are red flags. These red flags should remain central, so meningitis must be considered urgently.",Root: grounded conclusion. [Nucleus: high-information evidence] [Satellite-contrast: weaker alternative] [Nucleus-elaboration: risk factors] [Conclusion: integrated decision],0
synthetic_00291,"I get chest tightness when climbing stairs, but sometimes it follows spicy food at night. Antacids help a little, but last week pain went to my left arm and I got sweaty. I am 58 and diabetic.",GERD,Spicy food and antacid relief suggest reflux. Arm pain and sweating can be anxiety during discomfort. Therefore GERD explains the symptoms.,Root: hallucinated conclusion. [Nucleus: weak salient clue -> preferred diagnosis] [Satellite-downplay: contradictory red flag] [Conclusion: premature closure],1
synthetic_00292,For months I wake with stiff fingers that take over an hour to loosen. Both wrists hurt and I feel exhausted even after sleeping. Symptoms improve once I start moving.,rheumatoid arthritis,"Prolonged morning stiffness and bilateral wrist involvement support inflammatory arthritis. Improvement with movement further supports an inflammatory process. Fatigue is nonspecific but consistent with systemic inflammation, so rheumatoid arthritis is favored.",Root: grounded conclusion. [Nucleus: high-information evidence] [Satellite-contrast: weaker alternative] [Nucleus-elaboration: risk factors] [Conclusion: integrated decision],0
synthetic_00293,"I have fever and cough, but also severe neck stiffness and light hurts my eyes. I feel much worse than with my usual colds.",meningitis risk,"Fever and cough are compatible with a viral illness, but neck stiffness and photophobia are red flags. These red flags should remain central, so meningitis must be considered urgently.",Root: grounded conclusion. [Nucleus: high-information evidence] [Satellite-contrast: weaker alternative] [Nucleus-elaboration: risk factors] [Conclusion: integrated decision],0
synthetic_00294,"I get chest tightness when climbing stairs, but sometimes it follows spicy food at night. Antacids help a little, but last week pain went to my left arm and I got sweaty. I am 58 and diabetic.",GERD,Spicy food and antacid relief suggest reflux. Arm pain and sweating can be anxiety during discomfort. Therefore GERD explains the symptoms.,Root: hallucinated conclusion. [Nucleus: weak salient clue -> preferred diagnosis] [Satellite-downplay: contradictory red flag] [Conclusion: premature closure],1
synthetic_00295,For months I wake with stiff fingers that take over an hour to loosen. Both wrists hurt and I feel exhausted even after sleeping. Symptoms improve once I start moving.,rheumatoid arthritis,"Prolonged morning stiffness and bilateral wrist involvement support inflammatory arthritis. Improvement with movement further supports an inflammatory process. Fatigue is nonspecific but consistent with systemic inflammation, so rheumatoid arthritis is favored.",Root: grounded conclusion. [Nucleus: high-information evidence] [Satellite-contrast: weaker alternative] [Nucleus-elaboration: risk factors] [Conclusion: integrated decision],0
synthetic_00296,"I have fever and cough, but also severe neck stiffness and light hurts my eyes. I feel much worse than with my usual colds.",meningitis risk,"Fever and cough are compatible with a viral illness, but neck stiffness and photophobia are red flags. These red flags should remain central, so meningitis must be considered urgently.",Root: grounded conclusion. [Nucleus: high-information evidence] [Satellite-contrast: weaker alternative] [Nucleus-elaboration: risk factors] [Conclusion: integrated decision],0
synthetic_00297,"I get chest tightness when climbing stairs, but sometimes it follows spicy food at night. Antacids help a little, but last week pain went to my left arm and I got sweaty. I am 58 and diabetic.",GERD,Spicy food and antacid relief suggest reflux. Arm pain and sweating can be anxiety during discomfort. Therefore GERD explains the symptoms.,Root: hallucinated conclusion. [Nucleus: weak salient clue -> preferred diagnosis] [Satellite-downplay: contradictory red flag] [Conclusion: premature closure],1
synthetic_00298,For months I wake with stiff fingers that take over an hour to loosen. Both wrists hurt and I feel exhausted even after sleeping. Symptoms improve once I start moving.,osteoarthritis,Hand pain suggests a degenerative joint problem. Bilateral symptoms can be age-related. Therefore osteoarthritis explains the complaint.,Root: hallucinated conclusion. [Nucleus: weak salient clue -> preferred diagnosis] [Satellite-downplay: contradictory red flag] [Conclusion: premature closure],1
synthetic_00299,"I have fever and cough, but also severe neck stiffness and light hurts my eyes. I feel much worse than with my usual colds.",meningitis risk,"Fever and cough are compatible with a viral illness, but neck stiffness and photophobia are red flags. These red flags should remain central, so meningitis must be considered urgently.",Root: grounded conclusion. [Nucleus: high-information evidence] [Satellite-contrast: weaker alternative] [Nucleus-elaboration: risk factors] [Conclusion: integrated decision],0
synthetic_00300,"I get chest tightness when climbing stairs, but sometimes it follows spicy food at night. Antacids help a little, but last week pain went to my left arm and I got sweaty. I am 58 and diabetic.",acute coronary syndrome,"Exertional chest pain with arm radiation and sweating is high-risk evidence for ischemia. Spicy food and partial antacid relief are preserved as reflux-like but weaker contrastive clues. Age and diabetes increase cardiac risk, so ACS should be prioritized.",Root: grounded conclusion. [Nucleus: high-information evidence] [Satellite-contrast: weaker alternative] [Nucleus-elaboration: risk factors] [Conclusion: integrated decision],0
synthetic_00301,For months I wake with stiff fingers that take over an hour to loosen. Both wrists hurt and I feel exhausted even after sleeping. Symptoms improve once I start moving.,osteoarthritis,Hand pain suggests a degenerative joint problem. Bilateral symptoms can be age-related. Therefore osteoarthritis explains the complaint.,Root: hallucinated conclusion. [Nucleus: weak salient clue -> preferred diagnosis] [Satellite-downplay: contradictory red flag] [Conclusion: premature closure],1
synthetic_00302,"I have fever and cough, but also severe neck stiffness and light hurts my eyes. I feel much worse than with my usual colds.",flu,Fever and cough usually indicate flu. Neck stiffness can happen with muscle aches during flu. Therefore this is likely flu.,Root: hallucinated conclusion. [Nucleus: weak salient clue -> preferred diagnosis] [Satellite-downplay: contradictory red flag] [Conclusion: premature closure],1
synthetic_00303,"I get chest tightness when climbing stairs, but sometimes it follows spicy food at night. Antacids help a little, but last week pain went to my left arm and I got sweaty. I am 58 and diabetic.",acute coronary syndrome,"Exertional chest pain with arm radiation and sweating is high-risk evidence for ischemia. Spicy food and partial antacid relief are preserved as reflux-like but weaker contrastive clues. Age and diabetes increase cardiac risk, so ACS should be prioritized.",Root: grounded conclusion. [Nucleus: high-information evidence] [Satellite-contrast: weaker alternative] [Nucleus-elaboration: risk factors] [Conclusion: integrated decision],0
synthetic_00304,For months I wake with stiff fingers that take over an hour to loosen. Both wrists hurt and I feel exhausted even after sleeping. Symptoms improve once I start moving.,osteoarthritis,Hand pain suggests a degenerative joint problem. Bilateral symptoms can be age-related. Therefore osteoarthritis explains the complaint.,Root: hallucinated conclusion. [Nucleus: weak salient clue -> preferred diagnosis] [Satellite-downplay: contradictory red flag] [Conclusion: premature closure],1
synthetic_00305,"I have fever and cough, but also severe neck stiffness and light hurts my eyes. I feel much worse than with my usual colds.",meningitis risk,"Fever and cough are compatible with a viral illness, but neck stiffness and photophobia are red flags. These red flags should remain central, so meningitis must be considered urgently.",Root: grounded conclusion. [Nucleus: high-information evidence] [Satellite-contrast: weaker alternative] [Nucleus-elaboration: risk factors] [Conclusion: integrated decision],0
synthetic_00306,"I get chest tightness when climbing stairs, but sometimes it follows spicy food at night. Antacids help a little, but last week pain went to my left arm and I got sweaty. I am 58 and diabetic.",acute coronary syndrome,"Exertional chest pain with arm radiation and sweating is high-risk evidence for ischemia. Spicy food and partial antacid relief are preserved as reflux-like but weaker contrastive clues. Age and diabetes increase cardiac risk, so ACS should be prioritized.",Root: grounded conclusion. [Nucleus: high-information evidence] [Satellite-contrast: weaker alternative] [Nucleus-elaboration: risk factors] [Conclusion: integrated decision],0
synthetic_00307,For months I wake with stiff fingers that take over an hour to loosen. Both wrists hurt and I feel exhausted even after sleeping. Symptoms improve once I start moving.,osteoarthritis,Hand pain suggests a degenerative joint problem. Bilateral symptoms can be age-related. Therefore osteoarthritis explains the complaint.,Root: hallucinated conclusion. [Nucleus: weak salient clue -> preferred diagnosis] [Satellite-downplay: contradictory red flag] [Conclusion: premature closure],1
synthetic_00308,"I have fever and cough, but also severe neck stiffness and light hurts my eyes. I feel much worse than with my usual colds.",flu,Fever and cough usually indicate flu. Neck stiffness can happen with muscle aches during flu. Therefore this is likely flu.,Root: hallucinated conclusion. [Nucleus: weak salient clue -> preferred diagnosis] [Satellite-downplay: contradictory red flag] [Conclusion: premature closure],1
synthetic_00309,"I get chest tightness when climbing stairs, but sometimes it follows spicy food at night. Antacids help a little, but last week pain went to my left arm and I got sweaty. I am 58 and diabetic.",GERD,Spicy food and antacid relief suggest reflux. Arm pain and sweating can be anxiety during discomfort. Therefore GERD explains the symptoms.,Root: hallucinated conclusion. [Nucleus: weak salient clue -> preferred diagnosis] [Satellite-downplay: contradictory red flag] [Conclusion: premature closure],1
synthetic_00310,For months I wake with stiff fingers that take over an hour to loosen. Both wrists hurt and I feel exhausted even after sleeping. Symptoms improve once I start moving.,osteoarthritis,Hand pain suggests a degenerative joint problem. Bilateral symptoms can be age-related. Therefore osteoarthritis explains the complaint.,Root: hallucinated conclusion. [Nucleus: weak salient clue -> preferred diagnosis] [Satellite-downplay: contradictory red flag] [Conclusion: premature closure],1
synthetic_00311,"I have fever and cough, but also severe neck stiffness and light hurts my eyes. I feel much worse than with my usual colds.",meningitis risk,"Fever and cough are compatible with a viral illness, but neck stiffness and photophobia are red flags. These red flags should remain central, so meningitis must be considered urgently.",Root: grounded conclusion. [Nucleus: high-information evidence] [Satellite-contrast: weaker alternative] [Nucleus-elaboration: risk factors] [Conclusion: integrated decision],0
synthetic_00312,"I get chest tightness when climbing stairs, but sometimes it follows spicy food at night. Antacids help a little, but last week pain went to my left arm and I got sweaty. I am 58 and diabetic.",GERD,Spicy food and antacid relief suggest reflux. Arm pain and sweating can be anxiety during discomfort. Therefore GERD explains the symptoms.,Root: hallucinated conclusion. [Nucleus: weak salient clue -> preferred diagnosis] [Satellite-downplay: contradictory red flag] [Conclusion: premature closure],1
synthetic_00313,For months I wake with stiff fingers that take over an hour to loosen. Both wrists hurt and I feel exhausted even after sleeping. Symptoms improve once I start moving.,rheumatoid arthritis,"Prolonged morning stiffness and bilateral wrist involvement support inflammatory arthritis. Improvement with movement further supports an inflammatory process. Fatigue is nonspecific but consistent with systemic inflammation, so rheumatoid arthritis is favored.",Root: grounded conclusion. [Nucleus: high-information evidence] [Satellite-contrast: weaker alternative] [Nucleus-elaboration: risk factors] [Conclusion: integrated decision],0
synthetic_00314,"I have fever and cough, but also severe neck stiffness and light hurts my eyes. I feel much worse than with my usual colds.",flu,Fever and cough usually indicate flu. Neck stiffness can happen with muscle aches during flu. Therefore this is likely flu.,Root: hallucinated conclusion. [Nucleus: weak salient clue -> preferred diagnosis] [Satellite-downplay: contradictory red flag] [Conclusion: premature closure],1
synthetic_00315,"I get chest tightness when climbing stairs, but sometimes it follows spicy food at night. Antacids help a little, but last week pain went to my left arm and I got sweaty. I am 58 and diabetic.",acute coronary syndrome,"Exertional chest pain with arm radiation and sweating is high-risk evidence for ischemia. Spicy food and partial antacid relief are preserved as reflux-like but weaker contrastive clues. Age and diabetes increase cardiac risk, so ACS should be prioritized.",Root: grounded conclusion. [Nucleus: high-information evidence] [Satellite-contrast: weaker alternative] [Nucleus-elaboration: risk factors] [Conclusion: integrated decision],0
synthetic_00316,For months I wake with stiff fingers that take over an hour to loosen. Both wrists hurt and I feel exhausted even after sleeping. Symptoms improve once I start moving.,rheumatoid arthritis,"Prolonged morning stiffness and bilateral wrist involvement support inflammatory arthritis. Improvement with movement further supports an inflammatory process. Fatigue is nonspecific but consistent with systemic inflammation, so rheumatoid arthritis is favored.",Root: grounded conclusion. [Nucleus: high-information evidence] [Satellite-contrast: weaker alternative] [Nucleus-elaboration: risk factors] [Conclusion: integrated decision],0
synthetic_00317,"I have fever and cough, but also severe neck stiffness and light hurts my eyes. I feel much worse than with my usual colds.",flu,Fever and cough usually indicate flu. Neck stiffness can happen with muscle aches during flu. Therefore this is likely flu.,Root: hallucinated conclusion. [Nucleus: weak salient clue -> preferred diagnosis] [Satellite-downplay: contradictory red flag] [Conclusion: premature closure],1
synthetic_00318,"I get chest tightness when climbing stairs, but sometimes it follows spicy food at night. Antacids help a little, but last week pain went to my left arm and I got sweaty. I am 58 and diabetic.",acute coronary syndrome,"Exertional chest pain with arm radiation and sweating is high-risk evidence for ischemia. Spicy food and partial antacid relief are preserved as reflux-like but weaker contrastive clues. Age and diabetes increase cardiac risk, so ACS should be prioritized.",Root: grounded conclusion. [Nucleus: high-information evidence] [Satellite-contrast: weaker alternative] [Nucleus-elaboration: risk factors] [Conclusion: integrated decision],0
synthetic_00319,For months I wake with stiff fingers that take over an hour to loosen. Both wrists hurt and I feel exhausted even after sleeping. Symptoms improve once I start moving.,rheumatoid arthritis,"Prolonged morning stiffness and bilateral wrist involvement support inflammatory arthritis. Improvement with movement further supports an inflammatory process. Fatigue is nonspecific but consistent with systemic inflammation, so rheumatoid arthritis is favored.",Root: grounded conclusion. [Nucleus: high-information evidence] [Satellite-contrast: weaker alternative] [Nucleus-elaboration: risk factors] [Conclusion: integrated decision],0
synthetic_00320,"I have fever and cough, but also severe neck stiffness and light hurts my eyes. I feel much worse than with my usual colds.",flu,Fever and cough usually indicate flu. Neck stiffness can happen with muscle aches during flu. Therefore this is likely flu.,Root: hallucinated conclusion. [Nucleus: weak salient clue -> preferred diagnosis] [Satellite-downplay: contradictory red flag] [Conclusion: premature closure],1
synthetic_00321,"I get chest tightness when climbing stairs, but sometimes it follows spicy food at night. Antacids help a little, but last week pain went to my left arm and I got sweaty. I am 58 and diabetic.",GERD,Spicy food and antacid relief suggest reflux. Arm pain and sweating can be anxiety during discomfort. Therefore GERD explains the symptoms.,Root: hallucinated conclusion. [Nucleus: weak salient clue -> preferred diagnosis] [Satellite-downplay: contradictory red flag] [Conclusion: premature closure],1
synthetic_00322,For months I wake with stiff fingers that take over an hour to loosen. Both wrists hurt and I feel exhausted even after sleeping. Symptoms improve once I start moving.,rheumatoid arthritis,"Prolonged morning stiffness and bilateral wrist involvement support inflammatory arthritis. Improvement with movement further supports an inflammatory process. Fatigue is nonspecific but consistent with systemic inflammation, so rheumatoid arthritis is favored.",Root: grounded conclusion. [Nucleus: high-information evidence] [Satellite-contrast: weaker alternative] [Nucleus-elaboration: risk factors] [Conclusion: integrated decision],0
synthetic_00323,"I have fever and cough, but also severe neck stiffness and light hurts my eyes. I feel much worse than with my usual colds.",flu,Fever and cough usually indicate flu. Neck stiffness can happen with muscle aches during flu. Therefore this is likely flu.,Root: hallucinated conclusion. [Nucleus: weak salient clue -> preferred diagnosis] [Satellite-downplay: contradictory red flag] [Conclusion: premature closure],1
synthetic_00324,"I get chest tightness when climbing stairs, but sometimes it follows spicy food at night. Antacids help a little, but last week pain went to my left arm and I got sweaty. I am 58 and diabetic.",acute coronary syndrome,"Exertional chest pain with arm radiation and sweating is high-risk evidence for ischemia. Spicy food and partial antacid relief are preserved as reflux-like but weaker contrastive clues. Age and diabetes increase cardiac risk, so ACS should be prioritized.",Root: grounded conclusion. [Nucleus: high-information evidence] [Satellite-contrast: weaker alternative] [Nucleus-elaboration: risk factors] [Conclusion: integrated decision],0
synthetic_00325,For months I wake with stiff fingers that take over an hour to loosen. Both wrists hurt and I feel exhausted even after sleeping. Symptoms improve once I start moving.,rheumatoid arthritis,"Prolonged morning stiffness and bilateral wrist involvement support inflammatory arthritis. Improvement with movement further supports an inflammatory process. Fatigue is nonspecific but consistent with systemic inflammation, so rheumatoid arthritis is favored.",Root: grounded conclusion. [Nucleus: high-information evidence] [Satellite-contrast: weaker alternative] [Nucleus-elaboration: risk factors] [Conclusion: integrated decision],0
synthetic_00326,"I have fever and cough, but also severe neck stiffness and light hurts my eyes. I feel much worse than with my usual colds.",flu,Fever and cough usually indicate flu. Neck stiffness can happen with muscle aches during flu. Therefore this is likely flu.,Root: hallucinated conclusion. [Nucleus: weak salient clue -> preferred diagnosis] [Satellite-downplay: contradictory red flag] [Conclusion: premature closure],1
synthetic_00327,"I get chest tightness when climbing stairs, but sometimes it follows spicy food at night. Antacids help a little, but last week pain went to my left arm and I got sweaty. I am 58 and diabetic.",acute coronary syndrome,"Exertional chest pain with arm radiation and sweating is high-risk evidence for ischemia. Spicy food and partial antacid relief are preserved as reflux-like but weaker contrastive clues. Age and diabetes increase cardiac risk, so ACS should be prioritized.",Root: grounded conclusion. [Nucleus: high-information evidence] [Satellite-contrast: weaker alternative] [Nucleus-elaboration: risk factors] [Conclusion: integrated decision],0
synthetic_00328,For months I wake with stiff fingers that take over an hour to loosen. Both wrists hurt and I feel exhausted even after sleeping. Symptoms improve once I start moving.,osteoarthritis,Hand pain suggests a degenerative joint problem. Bilateral symptoms can be age-related. Therefore osteoarthritis explains the complaint.,Root: hallucinated conclusion. [Nucleus: weak salient clue -> preferred diagnosis] [Satellite-downplay: contradictory red flag] [Conclusion: premature closure],1
synthetic_00329,"I have fever and cough, but also severe neck stiffness and light hurts my eyes. I feel much worse than with my usual colds.",meningitis risk,"Fever and cough are compatible with a viral illness, but neck stiffness and photophobia are red flags. These red flags should remain central, so meningitis must be considered urgently.",Root: grounded conclusion. [Nucleus: high-information evidence] [Satellite-contrast: weaker alternative] [Nucleus-elaboration: risk factors] [Conclusion: integrated decision],0
synthetic_00330,"I get chest tightness when climbing stairs, but sometimes it follows spicy food at night. Antacids help a little, but last week pain went to my left arm and I got sweaty. I am 58 and diabetic.",acute coronary syndrome,"Exertional chest pain with arm radiation and sweating is high-risk evidence for ischemia. Spicy food and partial antacid relief are preserved as reflux-like but weaker contrastive clues. Age and diabetes increase cardiac risk, so ACS should be prioritized.",Root: grounded conclusion. [Nucleus: high-information evidence] [Satellite-contrast: weaker alternative] [Nucleus-elaboration: risk factors] [Conclusion: integrated decision],0
synthetic_00331,For months I wake with stiff fingers that take over an hour to loosen. Both wrists hurt and I feel exhausted even after sleeping. Symptoms improve once I start moving.,osteoarthritis,Hand pain suggests a degenerative joint problem. Bilateral symptoms can be age-related. Therefore osteoarthritis explains the complaint.,Root: hallucinated conclusion. [Nucleus: weak salient clue -> preferred diagnosis] [Satellite-downplay: contradictory red flag] [Conclusion: premature closure],1
synthetic_00332,"I have fever and cough, but also severe neck stiffness and light hurts my eyes. I feel much worse than with my usual colds.",flu,Fever and cough usually indicate flu. Neck stiffness can happen with muscle aches during flu. Therefore this is likely flu.,Root: hallucinated conclusion. [Nucleus: weak salient clue -> preferred diagnosis] [Satellite-downplay: contradictory red flag] [Conclusion: premature closure],1
synthetic_00333,"I get chest tightness when climbing stairs, but sometimes it follows spicy food at night. Antacids help a little, but last week pain went to my left arm and I got sweaty. I am 58 and diabetic.",acute coronary syndrome,"Exertional chest pain with arm radiation and sweating is high-risk evidence for ischemia. Spicy food and partial antacid relief are preserved as reflux-like but weaker contrastive clues. Age and diabetes increase cardiac risk, so ACS should be prioritized.",Root: grounded conclusion. [Nucleus: high-information evidence] [Satellite-contrast: weaker alternative] [Nucleus-elaboration: risk factors] [Conclusion: integrated decision],0
synthetic_00334,For months I wake with stiff fingers that take over an hour to loosen. Both wrists hurt and I feel exhausted even after sleeping. Symptoms improve once I start moving.,rheumatoid arthritis,"Prolonged morning stiffness and bilateral wrist involvement support inflammatory arthritis. Improvement with movement further supports an inflammatory process. Fatigue is nonspecific but consistent with systemic inflammation, so rheumatoid arthritis is favored.",Root: grounded conclusion. [Nucleus: high-information evidence] [Satellite-contrast: weaker alternative] [Nucleus-elaboration: risk factors] [Conclusion: integrated decision],0
synthetic_00335,"I have fever and cough, but also severe neck stiffness and light hurts my eyes. I feel much worse than with my usual colds.",meningitis risk,"Fever and cough are compatible with a viral illness, but neck stiffness and photophobia are red flags. These red flags should remain central, so meningitis must be considered urgently.",Root: grounded conclusion. [Nucleus: high-information evidence] [Satellite-contrast: weaker alternative] [Nucleus-elaboration: risk factors] [Conclusion: integrated decision],0
synthetic_00336,"I get chest tightness when climbing stairs, but sometimes it follows spicy food at night. Antacids help a little, but last week pain went to my left arm and I got sweaty. I am 58 and diabetic.",GERD,Spicy food and antacid relief suggest reflux. Arm pain and sweating can be anxiety during discomfort. Therefore GERD explains the symptoms.,Root: hallucinated conclusion. [Nucleus: weak salient clue -> preferred diagnosis] [Satellite-downplay: contradictory red flag] [Conclusion: premature closure],1
synthetic_00337,For months I wake with stiff fingers that take over an hour to loosen. Both wrists hurt and I feel exhausted even after sleeping. Symptoms improve once I start moving.,rheumatoid arthritis,"Prolonged morning stiffness and bilateral wrist involvement support inflammatory arthritis. Improvement with movement further supports an inflammatory process. Fatigue is nonspecific but consistent with systemic inflammation, so rheumatoid arthritis is favored.",Root: grounded conclusion. [Nucleus: high-information evidence] [Satellite-contrast: weaker alternative] [Nucleus-elaboration: risk factors] [Conclusion: integrated decision],0
synthetic_00338,"I have fever and cough, but also severe neck stiffness and light hurts my eyes. I feel much worse than with my usual colds.",flu,Fever and cough usually indicate flu. Neck stiffness can happen with muscle aches during flu. Therefore this is likely flu.,Root: hallucinated conclusion. [Nucleus: weak salient clue -> preferred diagnosis] [Satellite-downplay: contradictory red flag] [Conclusion: premature closure],1
synthetic_00339,"I get chest tightness when climbing stairs, but sometimes it follows spicy food at night. Antacids help a little, but last week pain went to my left arm and I got sweaty. I am 58 and diabetic.",GERD,Spicy food and antacid relief suggest reflux. Arm pain and sweating can be anxiety during discomfort. Therefore GERD explains the symptoms.,Root: hallucinated conclusion. [Nucleus: weak salient clue -> preferred diagnosis] [Satellite-downplay: contradictory red flag] [Conclusion: premature closure],1
synthetic_00340,For months I wake with stiff fingers that take over an hour to loosen. Both wrists hurt and I feel exhausted even after sleeping. Symptoms improve once I start moving.,osteoarthritis,Hand pain suggests a degenerative joint problem. Bilateral symptoms can be age-related. Therefore osteoarthritis explains the complaint.,Root: hallucinated conclusion. [Nucleus: weak salient clue -> preferred diagnosis] [Satellite-downplay: contradictory red flag] [Conclusion: premature closure],1
synthetic_00341,"I have fever and cough, but also severe neck stiffness and light hurts my eyes. I feel much worse than with my usual colds.",flu,Fever and cough usually indicate flu. Neck stiffness can happen with muscle aches during flu. Therefore this is likely flu.,Root: hallucinated conclusion. [Nucleus: weak salient clue -> preferred diagnosis] [Satellite-downplay: contradictory red flag] [Conclusion: premature closure],1
synthetic_00342,"I get chest tightness when climbing stairs, but sometimes it follows spicy food at night. Antacids help a little, but last week pain went to my left arm and I got sweaty. I am 58 and diabetic.",GERD,Spicy food and antacid relief suggest reflux. Arm pain and sweating can be anxiety during discomfort. Therefore GERD explains the symptoms.,Root: hallucinated conclusion. [Nucleus: weak salient clue -> preferred diagnosis] [Satellite-downplay: contradictory red flag] [Conclusion: premature closure],1
synthetic_00343,For months I wake with stiff fingers that take over an hour to loosen. Both wrists hurt and I feel exhausted even after sleeping. Symptoms improve once I start moving.,osteoarthritis,Hand pain suggests a degenerative joint problem. Bilateral symptoms can be age-related. Therefore osteoarthritis explains the complaint.,Root: hallucinated conclusion. [Nucleus: weak salient clue -> preferred diagnosis] [Satellite-downplay: contradictory red flag] [Conclusion: premature closure],1
synthetic_00344,"I have fever and cough, but also severe neck stiffness and light hurts my eyes. I feel much worse than with my usual colds.",meningitis risk,"Fever and cough are compatible with a viral illness, but neck stiffness and photophobia are red flags. These red flags should remain central, so meningitis must be considered urgently.",Root: grounded conclusion. [Nucleus: high-information evidence] [Satellite-contrast: weaker alternative] [Nucleus-elaboration: risk factors] [Conclusion: integrated decision],0
synthetic_00345,"I get chest tightness when climbing stairs, but sometimes it follows spicy food at night. Antacids help a little, but last week pain went to my left arm and I got sweaty. I am 58 and diabetic.",GERD,Spicy food and antacid relief suggest reflux. Arm pain and sweating can be anxiety during discomfort. Therefore GERD explains the symptoms.,Root: hallucinated conclusion. [Nucleus: weak salient clue -> preferred diagnosis] [Satellite-downplay: contradictory red flag] [Conclusion: premature closure],1
synthetic_00346,For months I wake with stiff fingers that take over an hour to loosen. Both wrists hurt and I feel exhausted even after sleeping. Symptoms improve once I start moving.,rheumatoid arthritis,"Prolonged morning stiffness and bilateral wrist involvement support inflammatory arthritis. Improvement with movement further supports an inflammatory process. Fatigue is nonspecific but consistent with systemic inflammation, so rheumatoid arthritis is favored.",Root: grounded conclusion. [Nucleus: high-information evidence] [Satellite-contrast: weaker alternative] [Nucleus-elaboration: risk factors] [Conclusion: integrated decision],0
synthetic_00347,"I have fever and cough, but also severe neck stiffness and light hurts my eyes. I feel much worse than with my usual colds.",meningitis risk,"Fever and cough are compatible with a viral illness, but neck stiffness and photophobia are red flags. These red flags should remain central, so meningitis must be considered urgently.",Root: grounded conclusion. [Nucleus: high-information evidence] [Satellite-contrast: weaker alternative] [Nucleus-elaboration: risk factors] [Conclusion: integrated decision],0
synthetic_00348,"I get chest tightness when climbing stairs, but sometimes it follows spicy food at night. Antacids help a little, but last week pain went to my left arm and I got sweaty. I am 58 and diabetic.",GERD,Spicy food and antacid relief suggest reflux. Arm pain and sweating can be anxiety during discomfort. Therefore GERD explains the symptoms.,Root: hallucinated conclusion. [Nucleus: weak salient clue -> preferred diagnosis] [Satellite-downplay: contradictory red flag] [Conclusion: premature closure],1
synthetic_00349,For months I wake with stiff fingers that take over an hour to loosen. Both wrists hurt and I feel exhausted even after sleeping. Symptoms improve once I start moving.,osteoarthritis,Hand pain suggests a degenerative joint problem. Bilateral symptoms can be age-related. Therefore osteoarthritis explains the complaint.,Root: hallucinated conclusion. [Nucleus: weak salient clue -> preferred diagnosis] [Satellite-downplay: contradictory red flag] [Conclusion: premature closure],1
synthetic_00350,"I have fever and cough, but also severe neck stiffness and light hurts my eyes. I feel much worse than with my usual colds.",flu,Fever and cough usually indicate flu. Neck stiffness can happen with muscle aches during flu. Therefore this is likely flu.,Root: hallucinated conclusion. [Nucleus: weak salient clue -> preferred diagnosis] [Satellite-downplay: contradictory red flag] [Conclusion: premature closure],1
synthetic_00351,"I get chest tightness when climbing stairs, but sometimes it follows spicy food at night. Antacids help a little, but last week pain went to my left arm and I got sweaty. I am 58 and diabetic.",GERD,Spicy food and antacid relief suggest reflux. Arm pain and sweating can be anxiety during discomfort. Therefore GERD explains the symptoms.,Root: hallucinated conclusion. [Nucleus: weak salient clue -> preferred diagnosis] [Satellite-downplay: contradictory red flag] [Conclusion: premature closure],1
synthetic_00352,For months I wake with stiff fingers that take over an hour to loosen. Both wrists hurt and I feel exhausted even after sleeping. Symptoms improve once I start moving.,rheumatoid arthritis,"Prolonged morning stiffness and bilateral wrist involvement support inflammatory arthritis. Improvement with movement further supports an inflammatory process. Fatigue is nonspecific but consistent with systemic inflammation, so rheumatoid arthritis is favored.",Root: grounded conclusion. [Nucleus: high-information evidence] [Satellite-contrast: weaker alternative] [Nucleus-elaboration: risk factors] [Conclusion: integrated decision],0
synthetic_00353,"I have fever and cough, but also severe neck stiffness and light hurts my eyes. I feel much worse than with my usual colds.",flu,Fever and cough usually indicate flu. Neck stiffness can happen with muscle aches during flu. Therefore this is likely flu.,Root: hallucinated conclusion. [Nucleus: weak salient clue -> preferred diagnosis] [Satellite-downplay: contradictory red flag] [Conclusion: premature closure],1
synthetic_00354,"I get chest tightness when climbing stairs, but sometimes it follows spicy food at night. Antacids help a little, but last week pain went to my left arm and I got sweaty. I am 58 and diabetic.",acute coronary syndrome,"Exertional chest pain with arm radiation and sweating is high-risk evidence for ischemia. Spicy food and partial antacid relief are preserved as reflux-like but weaker contrastive clues. Age and diabetes increase cardiac risk, so ACS should be prioritized.",Root: grounded conclusion. [Nucleus: high-information evidence] [Satellite-contrast: weaker alternative] [Nucleus-elaboration: risk factors] [Conclusion: integrated decision],0
synthetic_00355,For months I wake with stiff fingers that take over an hour to loosen. Both wrists hurt and I feel exhausted even after sleeping. Symptoms improve once I start moving.,rheumatoid arthritis,"Prolonged morning stiffness and bilateral wrist involvement support inflammatory arthritis. Improvement with movement further supports an inflammatory process. Fatigue is nonspecific but consistent with systemic inflammation, so rheumatoid arthritis is favored.",Root: grounded conclusion. [Nucleus: high-information evidence] [Satellite-contrast: weaker alternative] [Nucleus-elaboration: risk factors] [Conclusion: integrated decision],0
synthetic_00356,"I have fever and cough, but also severe neck stiffness and light hurts my eyes. I feel much worse than with my usual colds.",flu,Fever and cough usually indicate flu. Neck stiffness can happen with muscle aches during flu. Therefore this is likely flu.,Root: hallucinated conclusion. [Nucleus: weak salient clue -> preferred diagnosis] [Satellite-downplay: contradictory red flag] [Conclusion: premature closure],1
synthetic_00357,"I get chest tightness when climbing stairs, but sometimes it follows spicy food at night. Antacids help a little, but last week pain went to my left arm and I got sweaty. I am 58 and diabetic.",GERD,Spicy food and antacid relief suggest reflux. Arm pain and sweating can be anxiety during discomfort. Therefore GERD explains the symptoms.,Root: hallucinated conclusion. [Nucleus: weak salient clue -> preferred diagnosis] [Satellite-downplay: contradictory red flag] [Conclusion: premature closure],1
synthetic_00358,For months I wake with stiff fingers that take over an hour to loosen. Both wrists hurt and I feel exhausted even after sleeping. Symptoms improve once I start moving.,rheumatoid arthritis,"Prolonged morning stiffness and bilateral wrist involvement support inflammatory arthritis. Improvement with movement further supports an inflammatory process. Fatigue is nonspecific but consistent with systemic inflammation, so rheumatoid arthritis is favored.",Root: grounded conclusion. [Nucleus: high-information evidence] [Satellite-contrast: weaker alternative] [Nucleus-elaboration: risk factors] [Conclusion: integrated decision],0
synthetic_00359,"I have fever and cough, but also severe neck stiffness and light hurts my eyes. I feel much worse than with my usual colds.",flu,Fever and cough usually indicate flu. Neck stiffness can happen with muscle aches during flu. Therefore this is likely flu.,Root: hallucinated conclusion. [Nucleus: weak salient clue -> preferred diagnosis] [Satellite-downplay: contradictory red flag] [Conclusion: premature closure],1
synthetic_00360,"I get chest tightness when climbing stairs, but sometimes it follows spicy food at night. Antacids help a little, but last week pain went to my left arm and I got sweaty. I am 58 and diabetic.",GERD,Spicy food and antacid relief suggest reflux. Arm pain and sweating can be anxiety during discomfort. Therefore GERD explains the symptoms.,Root: hallucinated conclusion. [Nucleus: weak salient clue -> preferred diagnosis] [Satellite-downplay: contradictory red flag] [Conclusion: premature closure],1
synthetic_00361,For months I wake with stiff fingers that take over an hour to loosen. Both wrists hurt and I feel exhausted even after sleeping. Symptoms improve once I start moving.,osteoarthritis,Hand pain suggests a degenerative joint problem. Bilateral symptoms can be age-related. Therefore osteoarthritis explains the complaint.,Root: hallucinated conclusion. [Nucleus: weak salient clue -> preferred diagnosis] [Satellite-downplay: contradictory red flag] [Conclusion: premature closure],1
synthetic_00362,"I have fever and cough, but also severe neck stiffness and light hurts my eyes. I feel much worse than with my usual colds.",flu,Fever and cough usually indicate flu. Neck stiffness can happen with muscle aches during flu. Therefore this is likely flu.,Root: hallucinated conclusion. [Nucleus: weak salient clue -> preferred diagnosis] [Satellite-downplay: contradictory red flag] [Conclusion: premature closure],1
synthetic_00363,"I get chest tightness when climbing stairs, but sometimes it follows spicy food at night. Antacids help a little, but last week pain went to my left arm and I got sweaty. I am 58 and diabetic.",GERD,Spicy food and antacid relief suggest reflux. Arm pain and sweating can be anxiety during discomfort. Therefore GERD explains the symptoms.,Root: hallucinated conclusion. [Nucleus: weak salient clue -> preferred diagnosis] [Satellite-downplay: contradictory red flag] [Conclusion: premature closure],1
synthetic_00364,For months I wake with stiff fingers that take over an hour to loosen. Both wrists hurt and I feel exhausted even after sleeping. Symptoms improve once I start moving.,osteoarthritis,Hand pain suggests a degenerative joint problem. Bilateral symptoms can be age-related. Therefore osteoarthritis explains the complaint.,Root: hallucinated conclusion. [Nucleus: weak salient clue -> preferred diagnosis] [Satellite-downplay: contradictory red flag] [Conclusion: premature closure],1
synthetic_00365,"I have fever and cough, but also severe neck stiffness and light hurts my eyes. I feel much worse than with my usual colds.",flu,Fever and cough usually indicate flu. Neck stiffness can happen with muscle aches during flu. Therefore this is likely flu.,Root: hallucinated conclusion. [Nucleus: weak salient clue -> preferred diagnosis] [Satellite-downplay: contradictory red flag] [Conclusion: premature closure],1
synthetic_00366,"I get chest tightness when climbing stairs, but sometimes it follows spicy food at night. Antacids help a little, but last week pain went to my left arm and I got sweaty. I am 58 and diabetic.",GERD,Spicy food and antacid relief suggest reflux. Arm pain and sweating can be anxiety during discomfort. Therefore GERD explains the symptoms.,Root: hallucinated conclusion. [Nucleus: weak salient clue -> preferred diagnosis] [Satellite-downplay: contradictory red flag] [Conclusion: premature closure],1
synthetic_00367,For months I wake with stiff fingers that take over an hour to loosen. Both wrists hurt and I feel exhausted even after sleeping. Symptoms improve once I start moving.,rheumatoid arthritis,"Prolonged morning stiffness and bilateral wrist involvement support inflammatory arthritis. Improvement with movement further supports an inflammatory process. Fatigue is nonspecific but consistent with systemic inflammation, so rheumatoid arthritis is favored.",Root: grounded conclusion. [Nucleus: high-information evidence] [Satellite-contrast: weaker alternative] [Nucleus-elaboration: risk factors] [Conclusion: integrated decision],0
synthetic_00368,"I have fever and cough, but also severe neck stiffness and light hurts my eyes. I feel much worse than with my usual colds.",meningitis risk,"Fever and cough are compatible with a viral illness, but neck stiffness and photophobia are red flags. These red flags should remain central, so meningitis must be considered urgently.",Root: grounded conclusion. [Nucleus: high-information evidence] [Satellite-contrast: weaker alternative] [Nucleus-elaboration: risk factors] [Conclusion: integrated decision],0
synthetic_00369,"I get chest tightness when climbing stairs, but sometimes it follows spicy food at night. Antacids help a little, but last week pain went to my left arm and I got sweaty. I am 58 and diabetic.",acute coronary syndrome,"Exertional chest pain with arm radiation and sweating is high-risk evidence for ischemia. Spicy food and partial antacid relief are preserved as reflux-like but weaker contrastive clues. Age and diabetes increase cardiac risk, so ACS should be prioritized.",Root: grounded conclusion. [Nucleus: high-information evidence] [Satellite-contrast: weaker alternative] [Nucleus-elaboration: risk factors] [Conclusion: integrated decision],0
synthetic_00370,For months I wake with stiff fingers that take over an hour to loosen. Both wrists hurt and I feel exhausted even after sleeping. Symptoms improve once I start moving.,osteoarthritis,Hand pain suggests a degenerative joint problem. Bilateral symptoms can be age-related. Therefore osteoarthritis explains the complaint.,Root: hallucinated conclusion. [Nucleus: weak salient clue -> preferred diagnosis] [Satellite-downplay: contradictory red flag] [Conclusion: premature closure],1
synthetic_00371,"I have fever and cough, but also severe neck stiffness and light hurts my eyes. I feel much worse than with my usual colds.",flu,Fever and cough usually indicate flu. Neck stiffness can happen with muscle aches during flu. Therefore this is likely flu.,Root: hallucinated conclusion. [Nucleus: weak salient clue -> preferred diagnosis] [Satellite-downplay: contradictory red flag] [Conclusion: premature closure],1
synthetic_00372,"I get chest tightness when climbing stairs, but sometimes it follows spicy food at night. Antacids help a little, but last week pain went to my left arm and I got sweaty. I am 58 and diabetic.",GERD,Spicy food and antacid relief suggest reflux. Arm pain and sweating can be anxiety during discomfort. Therefore GERD explains the symptoms.,Root: hallucinated conclusion. [Nucleus: weak salient clue -> preferred diagnosis] [Satellite-downplay: contradictory red flag] [Conclusion: premature closure],1
synthetic_00373,For months I wake with stiff fingers that take over an hour to loosen. Both wrists hurt and I feel exhausted even after sleeping. Symptoms improve once I start moving.,rheumatoid arthritis,"Prolonged morning stiffness and bilateral wrist involvement support inflammatory arthritis. Improvement with movement further supports an inflammatory process. Fatigue is nonspecific but consistent with systemic inflammation, so rheumatoid arthritis is favored.",Root: grounded conclusion. [Nucleus: high-information evidence] [Satellite-contrast: weaker alternative] [Nucleus-elaboration: risk factors] [Conclusion: integrated decision],0
synthetic_00374,"I have fever and cough, but also severe neck stiffness and light hurts my eyes. I feel much worse than with my usual colds.",flu,Fever and cough usually indicate flu. Neck stiffness can happen with muscle aches during flu. Therefore this is likely flu.,Root: hallucinated conclusion. [Nucleus: weak salient clue -> preferred diagnosis] [Satellite-downplay: contradictory red flag] [Conclusion: premature closure],1
synthetic_00375,"I get chest tightness when climbing stairs, but sometimes it follows spicy food at night. Antacids help a little, but last week pain went to my left arm and I got sweaty. I am 58 and diabetic.",acute coronary syndrome,"Exertional chest pain with arm radiation and sweating is high-risk evidence for ischemia. Spicy food and partial antacid relief are preserved as reflux-like but weaker contrastive clues. Age and diabetes increase cardiac risk, so ACS should be prioritized.",Root: grounded conclusion. [Nucleus: high-information evidence] [Satellite-contrast: weaker alternative] [Nucleus-elaboration: risk factors] [Conclusion: integrated decision],0
synthetic_00376,For months I wake with stiff fingers that take over an hour to loosen. Both wrists hurt and I feel exhausted even after sleeping. Symptoms improve once I start moving.,osteoarthritis,Hand pain suggests a degenerative joint problem. Bilateral symptoms can be age-related. Therefore osteoarthritis explains the complaint.,Root: hallucinated conclusion. [Nucleus: weak salient clue -> preferred diagnosis] [Satellite-downplay: contradictory red flag] [Conclusion: premature closure],1
synthetic_00377,"I have fever and cough, but also severe neck stiffness and light hurts my eyes. I feel much worse than with my usual colds.",flu,Fever and cough usually indicate flu. Neck stiffness can happen with muscle aches during flu. Therefore this is likely flu.,Root: hallucinated conclusion. [Nucleus: weak salient clue -> preferred diagnosis] [Satellite-downplay: contradictory red flag] [Conclusion: premature closure],1
synthetic_00378,"I get chest tightness when climbing stairs, but sometimes it follows spicy food at night. Antacids help a little, but last week pain went to my left arm and I got sweaty. I am 58 and diabetic.",acute coronary syndrome,"Exertional chest pain with arm radiation and sweating is high-risk evidence for ischemia. Spicy food and partial antacid relief are preserved as reflux-like but weaker contrastive clues. Age and diabetes increase cardiac risk, so ACS should be prioritized.",Root: grounded conclusion. [Nucleus: high-information evidence] [Satellite-contrast: weaker alternative] [Nucleus-elaboration: risk factors] [Conclusion: integrated decision],0
synthetic_00379,For months I wake with stiff fingers that take over an hour to loosen. Both wrists hurt and I feel exhausted even after sleeping. Symptoms improve once I start moving.,rheumatoid arthritis,"Prolonged morning stiffness and bilateral wrist involvement support inflammatory arthritis. Improvement with movement further supports an inflammatory process. Fatigue is nonspecific but consistent with systemic inflammation, so rheumatoid arthritis is favored.",Root: grounded conclusion. [Nucleus: high-information evidence] [Satellite-contrast: weaker alternative] [Nucleus-elaboration: risk factors] [Conclusion: integrated decision],0
synthetic_00380,"I have fever and cough, but also severe neck stiffness and light hurts my eyes. I feel much worse than with my usual colds.",meningitis risk,"Fever and cough are compatible with a viral illness, but neck stiffness and photophobia are red flags. These red flags should remain central, so meningitis must be considered urgently.",Root: grounded conclusion. [Nucleus: high-information evidence] [Satellite-contrast: weaker alternative] [Nucleus-elaboration: risk factors] [Conclusion: integrated decision],0
synthetic_00381,"I get chest tightness when climbing stairs, but sometimes it follows spicy food at night. Antacids help a little, but last week pain went to my left arm and I got sweaty. I am 58 and diabetic.",GERD,Spicy food and antacid relief suggest reflux. Arm pain and sweating can be anxiety during discomfort. Therefore GERD explains the symptoms.,Root: hallucinated conclusion. [Nucleus: weak salient clue -> preferred diagnosis] [Satellite-downplay: contradictory red flag] [Conclusion: premature closure],1
synthetic_00382,For months I wake with stiff fingers that take over an hour to loosen. Both wrists hurt and I feel exhausted even after sleeping. Symptoms improve once I start moving.,osteoarthritis,Hand pain suggests a degenerative joint problem. Bilateral symptoms can be age-related. Therefore osteoarthritis explains the complaint.,Root: hallucinated conclusion. [Nucleus: weak salient clue -> preferred diagnosis] [Satellite-downplay: contradictory red flag] [Conclusion: premature closure],1
synthetic_00383,"I have fever and cough, but also severe neck stiffness and light hurts my eyes. I feel much worse than with my usual colds.",flu,Fever and cough usually indicate flu. Neck stiffness can happen with muscle aches during flu. Therefore this is likely flu.,Root: hallucinated conclusion. [Nucleus: weak salient clue -> preferred diagnosis] [Satellite-downplay: contradictory red flag] [Conclusion: premature closure],1
synthetic_00384,"I get chest tightness when climbing stairs, but sometimes it follows spicy food at night. Antacids help a little, but last week pain went to my left arm and I got sweaty. I am 58 and diabetic.",GERD,Spicy food and antacid relief suggest reflux. Arm pain and sweating can be anxiety during discomfort. Therefore GERD explains the symptoms.,Root: hallucinated conclusion. [Nucleus: weak salient clue -> preferred diagnosis] [Satellite-downplay: contradictory red flag] [Conclusion: premature closure],1
synthetic_00385,For months I wake with stiff fingers that take over an hour to loosen. Both wrists hurt and I feel exhausted even after sleeping. Symptoms improve once I start moving.,osteoarthritis,Hand pain suggests a degenerative joint problem. Bilateral symptoms can be age-related. Therefore osteoarthritis explains the complaint.,Root: hallucinated conclusion. [Nucleus: weak salient clue -> preferred diagnosis] [Satellite-downplay: contradictory red flag] [Conclusion: premature closure],1
synthetic_00386,"I have fever and cough, but also severe neck stiffness and light hurts my eyes. I feel much worse than with my usual colds.",meningitis risk,"Fever and cough are compatible with a viral illness, but neck stiffness and photophobia are red flags. These red flags should remain central, so meningitis must be considered urgently.",Root: grounded conclusion. [Nucleus: high-information evidence] [Satellite-contrast: weaker alternative] [Nucleus-elaboration: risk factors] [Conclusion: integrated decision],0
synthetic_00387,"I get chest tightness when climbing stairs, but sometimes it follows spicy food at night. Antacids help a little, but last week pain went to my left arm and I got sweaty. I am 58 and diabetic.",GERD,Spicy food and antacid relief suggest reflux. Arm pain and sweating can be anxiety during discomfort. Therefore GERD explains the symptoms.,Root: hallucinated conclusion. [Nucleus: weak salient clue -> preferred diagnosis] [Satellite-downplay: contradictory red flag] [Conclusion: premature closure],1
synthetic_00388,For months I wake with stiff fingers that take over an hour to loosen. Both wrists hurt and I feel exhausted even after sleeping. Symptoms improve once I start moving.,rheumatoid arthritis,"Prolonged morning stiffness and bilateral wrist involvement support inflammatory arthritis. Improvement with movement further supports an inflammatory process. Fatigue is nonspecific but consistent with systemic inflammation, so rheumatoid arthritis is favored.",Root: grounded conclusion. [Nucleus: high-information evidence] [Satellite-contrast: weaker alternative] [Nucleus-elaboration: risk factors] [Conclusion: integrated decision],0
synthetic_00389,"I have fever and cough, but also severe neck stiffness and light hurts my eyes. I feel much worse than with my usual colds.",meningitis risk,"Fever and cough are compatible with a viral illness, but neck stiffness and photophobia are red flags. These red flags should remain central, so meningitis must be considered urgently.",Root: grounded conclusion. [Nucleus: high-information evidence] [Satellite-contrast: weaker alternative] [Nucleus-elaboration: risk factors] [Conclusion: integrated decision],0
synthetic_00390,"I get chest tightness when climbing stairs, but sometimes it follows spicy food at night. Antacids help a little, but last week pain went to my left arm and I got sweaty. I am 58 and diabetic.",acute coronary syndrome,"Exertional chest pain with arm radiation and sweating is high-risk evidence for ischemia. Spicy food and partial antacid relief are preserved as reflux-like but weaker contrastive clues. Age and diabetes increase cardiac risk, so ACS should be prioritized.",Root: grounded conclusion. [Nucleus: high-information evidence] [Satellite-contrast: weaker alternative] [Nucleus-elaboration: risk factors] [Conclusion: integrated decision],0
synthetic_00391,For months I wake with stiff fingers that take over an hour to loosen. Both wrists hurt and I feel exhausted even after sleeping. Symptoms improve once I start moving.,osteoarthritis,Hand pain suggests a degenerative joint problem. Bilateral symptoms can be age-related. Therefore osteoarthritis explains the complaint.,Root: hallucinated conclusion. [Nucleus: weak salient clue -> preferred diagnosis] [Satellite-downplay: contradictory red flag] [Conclusion: premature closure],1
synthetic_00392,"I have fever and cough, but also severe neck stiffness and light hurts my eyes. I feel much worse than with my usual colds.",meningitis risk,"Fever and cough are compatible with a viral illness, but neck stiffness and photophobia are red flags. These red flags should remain central, so meningitis must be considered urgently.",Root: grounded conclusion. [Nucleus: high-information evidence] [Satellite-contrast: weaker alternative] [Nucleus-elaboration: risk factors] [Conclusion: integrated decision],0
synthetic_00393,"I get chest tightness when climbing stairs, but sometimes it follows spicy food at night. Antacids help a little, but last week pain went to my left arm and I got sweaty. I am 58 and diabetic.",GERD,Spicy food and antacid relief suggest reflux. Arm pain and sweating can be anxiety during discomfort. Therefore GERD explains the symptoms.,Root: hallucinated conclusion. [Nucleus: weak salient clue -> preferred diagnosis] [Satellite-downplay: contradictory red flag] [Conclusion: premature closure],1
synthetic_00394,For months I wake with stiff fingers that take over an hour to loosen. Both wrists hurt and I feel exhausted even after sleeping. Symptoms improve once I start moving.,osteoarthritis,Hand pain suggests a degenerative joint problem. Bilateral symptoms can be age-related. Therefore osteoarthritis explains the complaint.,Root: hallucinated conclusion. [Nucleus: weak salient clue -> preferred diagnosis] [Satellite-downplay: contradictory red flag] [Conclusion: premature closure],1
synthetic_00395,"I have fever and cough, but also severe neck stiffness and light hurts my eyes. I feel much worse than with my usual colds.",flu,Fever and cough usually indicate flu. Neck stiffness can happen with muscle aches during flu. Therefore this is likely flu.,Root: hallucinated conclusion. [Nucleus: weak salient clue -> preferred diagnosis] [Satellite-downplay: contradictory red flag] [Conclusion: premature closure],1
synthetic_00396,"I get chest tightness when climbing stairs, but sometimes it follows spicy food at night. Antacids help a little, but last week pain went to my left arm and I got sweaty. I am 58 and diabetic.",GERD,Spicy food and antacid relief suggest reflux. Arm pain and sweating can be anxiety during discomfort. Therefore GERD explains the symptoms.,Root: hallucinated conclusion. [Nucleus: weak salient clue -> preferred diagnosis] [Satellite-downplay: contradictory red flag] [Conclusion: premature closure],1
synthetic_00397,For months I wake with stiff fingers that take over an hour to loosen. Both wrists hurt and I feel exhausted even after sleeping. Symptoms improve once I start moving.,osteoarthritis,Hand pain suggests a degenerative joint problem. Bilateral symptoms can be age-related. Therefore osteoarthritis explains the complaint.,Root: hallucinated conclusion. [Nucleus: weak salient clue -> preferred diagnosis] [Satellite-downplay: contradictory red flag] [Conclusion: premature closure],1
synthetic_00398,"I have fever and cough, but also severe neck stiffness and light hurts my eyes. I feel much worse than with my usual colds.",flu,Fever and cough usually indicate flu. Neck stiffness can happen with muscle aches during flu. Therefore this is likely flu.,Root: hallucinated conclusion. [Nucleus: weak salient clue -> preferred diagnosis] [Satellite-downplay: contradictory red flag] [Conclusion: premature closure],1
synthetic_00399,"I get chest tightness when climbing stairs, but sometimes it follows spicy food at night. Antacids help a little, but last week pain went to my left arm and I got sweaty. I am 58 and diabetic.",GERD,Spicy food and antacid relief suggest reflux. Arm pain and sweating can be anxiety during discomfort. Therefore GERD explains the symptoms.,Root: hallucinated conclusion. [Nucleus: weak salient clue -> preferred diagnosis] [Satellite-downplay: contradictory red flag] [Conclusion: premature closure],1
synthetic_00400,For months I wake with stiff fingers that take over an hour to loosen. Both wrists hurt and I feel exhausted even after sleeping. Symptoms improve once I start moving.,rheumatoid arthritis,"Prolonged morning stiffness and bilateral wrist involvement support inflammatory arthritis. Improvement with movement further supports an inflammatory process. Fatigue is nonspecific but consistent with systemic inflammation, so rheumatoid arthritis is favored.",Root: grounded conclusion. [Nucleus: high-information evidence] [Satellite-contrast: weaker alternative] [Nucleus-elaboration: risk factors] [Conclusion: integrated decision],0
synthetic_00401,"I have fever and cough, but also severe neck stiffness and light hurts my eyes. I feel much worse than with my usual colds.",flu,Fever and cough usually indicate flu. Neck stiffness can happen with muscle aches during flu. Therefore this is likely flu.,Root: hallucinated conclusion. [Nucleus: weak salient clue -> preferred diagnosis] [Satellite-downplay: contradictory red flag] [Conclusion: premature closure],1
synthetic_00402,"I get chest tightness when climbing stairs, but sometimes it follows spicy food at night. Antacids help a little, but last week pain went to my left arm and I got sweaty. I am 58 and diabetic.",acute coronary syndrome,"Exertional chest pain with arm radiation and sweating is high-risk evidence for ischemia. Spicy food and partial antacid relief are preserved as reflux-like but weaker contrastive clues. Age and diabetes increase cardiac risk, so ACS should be prioritized.",Root: grounded conclusion. [Nucleus: high-information evidence] [Satellite-contrast: weaker alternative] [Nucleus-elaboration: risk factors] [Conclusion: integrated decision],0
synthetic_00403,For months I wake with stiff fingers that take over an hour to loosen. Both wrists hurt and I feel exhausted even after sleeping. Symptoms improve once I start moving.,osteoarthritis,Hand pain suggests a degenerative joint problem. Bilateral symptoms can be age-related. Therefore osteoarthritis explains the complaint.,Root: hallucinated conclusion. [Nucleus: weak salient clue -> preferred diagnosis] [Satellite-downplay: contradictory red flag] [Conclusion: premature closure],1
synthetic_00404,"I have fever and cough, but also severe neck stiffness and light hurts my eyes. I feel much worse than with my usual colds.",meningitis risk,"Fever and cough are compatible with a viral illness, but neck stiffness and photophobia are red flags. These red flags should remain central, so meningitis must be considered urgently.",Root: grounded conclusion. [Nucleus: high-information evidence] [Satellite-contrast: weaker alternative] [Nucleus-elaboration: risk factors] [Conclusion: integrated decision],0
synthetic_00405,"I get chest tightness when climbing stairs, but sometimes it follows spicy food at night. Antacids help a little, but last week pain went to my left arm and I got sweaty. I am 58 and diabetic.",acute coronary syndrome,"Exertional chest pain with arm radiation and sweating is high-risk evidence for ischemia. Spicy food and partial antacid relief are preserved as reflux-like but weaker contrastive clues. Age and diabetes increase cardiac risk, so ACS should be prioritized.",Root: grounded conclusion. [Nucleus: high-information evidence] [Satellite-contrast: weaker alternative] [Nucleus-elaboration: risk factors] [Conclusion: integrated decision],0
synthetic_00406,For months I wake with stiff fingers that take over an hour to loosen. Both wrists hurt and I feel exhausted even after sleeping. Symptoms improve once I start moving.,osteoarthritis,Hand pain suggests a degenerative joint problem. Bilateral symptoms can be age-related. Therefore osteoarthritis explains the complaint.,Root: hallucinated conclusion. [Nucleus: weak salient clue -> preferred diagnosis] [Satellite-downplay: contradictory red flag] [Conclusion: premature closure],1
synthetic_00407,"I have fever and cough, but also severe neck stiffness and light hurts my eyes. I feel much worse than with my usual colds.",flu,Fever and cough usually indicate flu. Neck stiffness can happen with muscle aches during flu. Therefore this is likely flu.,Root: hallucinated conclusion. [Nucleus: weak salient clue -> preferred diagnosis] [Satellite-downplay: contradictory red flag] [Conclusion: premature closure],1
synthetic_00408,"I get chest tightness when climbing stairs, but sometimes it follows spicy food at night. Antacids help a little, but last week pain went to my left arm and I got sweaty. I am 58 and diabetic.",acute coronary syndrome,"Exertional chest pain with arm radiation and sweating is high-risk evidence for ischemia. Spicy food and partial antacid relief are preserved as reflux-like but weaker contrastive clues. Age and diabetes increase cardiac risk, so ACS should be prioritized.",Root: grounded conclusion. [Nucleus: high-information evidence] [Satellite-contrast: weaker alternative] [Nucleus-elaboration: risk factors] [Conclusion: integrated decision],0
synthetic_00409,For months I wake with stiff fingers that take over an hour to loosen. Both wrists hurt and I feel exhausted even after sleeping. Symptoms improve once I start moving.,osteoarthritis,Hand pain suggests a degenerative joint problem. Bilateral symptoms can be age-related. Therefore osteoarthritis explains the complaint.,Root: hallucinated conclusion. [Nucleus: weak salient clue -> preferred diagnosis] [Satellite-downplay: contradictory red flag] [Conclusion: premature closure],1
synthetic_00410,"I have fever and cough, but also severe neck stiffness and light hurts my eyes. I feel much worse than with my usual colds.",flu,Fever and cough usually indicate flu. Neck stiffness can happen with muscle aches during flu. Therefore this is likely flu.,Root: hallucinated conclusion. [Nucleus: weak salient clue -> preferred diagnosis] [Satellite-downplay: contradictory red flag] [Conclusion: premature closure],1
synthetic_00411,"I get chest tightness when climbing stairs, but sometimes it follows spicy food at night. Antacids help a little, but last week pain went to my left arm and I got sweaty. I am 58 and diabetic.",GERD,Spicy food and antacid relief suggest reflux. Arm pain and sweating can be anxiety during discomfort. Therefore GERD explains the symptoms.,Root: hallucinated conclusion. [Nucleus: weak salient clue -> preferred diagnosis] [Satellite-downplay: contradictory red flag] [Conclusion: premature closure],1
synthetic_00412,For months I wake with stiff fingers that take over an hour to loosen. Both wrists hurt and I feel exhausted even after sleeping. Symptoms improve once I start moving.,rheumatoid arthritis,"Prolonged morning stiffness and bilateral wrist involvement support inflammatory arthritis. Improvement with movement further supports an inflammatory process. Fatigue is nonspecific but consistent with systemic inflammation, so rheumatoid arthritis is favored.",Root: grounded conclusion. [Nucleus: high-information evidence] [Satellite-contrast: weaker alternative] [Nucleus-elaboration: risk factors] [Conclusion: integrated decision],0
synthetic_00413,"I have fever and cough, but also severe neck stiffness and light hurts my eyes. I feel much worse than with my usual colds.",meningitis risk,"Fever and cough are compatible with a viral illness, but neck stiffness and photophobia are red flags. These red flags should remain central, so meningitis must be considered urgently.",Root: grounded conclusion. [Nucleus: high-information evidence] [Satellite-contrast: weaker alternative] [Nucleus-elaboration: risk factors] [Conclusion: integrated decision],0
synthetic_00414,"I get chest tightness when climbing stairs, but sometimes it follows spicy food at night. Antacids help a little, but last week pain went to my left arm and I got sweaty. I am 58 and diabetic.",GERD,Spicy food and antacid relief suggest reflux. Arm pain and sweating can be anxiety during discomfort. Therefore GERD explains the symptoms.,Root: hallucinated conclusion. [Nucleus: weak salient clue -> preferred diagnosis] [Satellite-downplay: contradictory red flag] [Conclusion: premature closure],1
synthetic_00415,For months I wake with stiff fingers that take over an hour to loosen. Both wrists hurt and I feel exhausted even after sleeping. Symptoms improve once I start moving.,rheumatoid arthritis,"Prolonged morning stiffness and bilateral wrist involvement support inflammatory arthritis. Improvement with movement further supports an inflammatory process. Fatigue is nonspecific but consistent with systemic inflammation, so rheumatoid arthritis is favored.",Root: grounded conclusion. [Nucleus: high-information evidence] [Satellite-contrast: weaker alternative] [Nucleus-elaboration: risk factors] [Conclusion: integrated decision],0
synthetic_00416,"I have fever and cough, but also severe neck stiffness and light hurts my eyes. I feel much worse than with my usual colds.",flu,Fever and cough usually indicate flu. Neck stiffness can happen with muscle aches during flu. Therefore this is likely flu.,Root: hallucinated conclusion. [Nucleus: weak salient clue -> preferred diagnosis] [Satellite-downplay: contradictory red flag] [Conclusion: premature closure],1
synthetic_00417,"I get chest tightness when climbing stairs, but sometimes it follows spicy food at night. Antacids help a little, but last week pain went to my left arm and I got sweaty. I am 58 and diabetic.",acute coronary syndrome,"Exertional chest pain with arm radiation and sweating is high-risk evidence for ischemia. Spicy food and partial antacid relief are preserved as reflux-like but weaker contrastive clues. Age and diabetes increase cardiac risk, so ACS should be prioritized.",Root: grounded conclusion. [Nucleus: high-information evidence] [Satellite-contrast: weaker alternative] [Nucleus-elaboration: risk factors] [Conclusion: integrated decision],0
synthetic_00418,For months I wake with stiff fingers that take over an hour to loosen. Both wrists hurt and I feel exhausted even after sleeping. Symptoms improve once I start moving.,osteoarthritis,Hand pain suggests a degenerative joint problem. Bilateral symptoms can be age-related. Therefore osteoarthritis explains the complaint.,Root: hallucinated conclusion. [Nucleus: weak salient clue -> preferred diagnosis] [Satellite-downplay: contradictory red flag] [Conclusion: premature closure],1
synthetic_00419,"I have fever and cough, but also severe neck stiffness and light hurts my eyes. I feel much worse than with my usual colds.",meningitis risk,"Fever and cough are compatible with a viral illness, but neck stiffness and photophobia are red flags. These red flags should remain central, so meningitis must be considered urgently.",Root: grounded conclusion. [Nucleus: high-information evidence] [Satellite-contrast: weaker alternative] [Nucleus-elaboration: risk factors] [Conclusion: integrated decision],0
synthetic_00420,"I get chest tightness when climbing stairs, but sometimes it follows spicy food at night. Antacids help a little, but last week pain went to my left arm and I got sweaty. I am 58 and diabetic.",acute coronary syndrome,"Exertional chest pain with arm radiation and sweating is high-risk evidence for ischemia. Spicy food and partial antacid relief are preserved as reflux-like but weaker contrastive clues. Age and diabetes increase cardiac risk, so ACS should be prioritized.",Root: grounded conclusion. [Nucleus: high-information evidence] [Satellite-contrast: weaker alternative] [Nucleus-elaboration: risk factors] [Conclusion: integrated decision],0
synthetic_00421,For months I wake with stiff fingers that take over an hour to loosen. Both wrists hurt and I feel exhausted even after sleeping. Symptoms improve once I start moving.,osteoarthritis,Hand pain suggests a degenerative joint problem. Bilateral symptoms can be age-related. Therefore osteoarthritis explains the complaint.,Root: hallucinated conclusion. [Nucleus: weak salient clue -> preferred diagnosis] [Satellite-downplay: contradictory red flag] [Conclusion: premature closure],1
synthetic_00422,"I have fever and cough, but also severe neck stiffness and light hurts my eyes. I feel much worse than with my usual colds.",meningitis risk,"Fever and cough are compatible with a viral illness, but neck stiffness and photophobia are red flags. These red flags should remain central, so meningitis must be considered urgently.",Root: grounded conclusion. [Nucleus: high-information evidence] [Satellite-contrast: weaker alternative] [Nucleus-elaboration: risk factors] [Conclusion: integrated decision],0
synthetic_00423,"I get chest tightness when climbing stairs, but sometimes it follows spicy food at night. Antacids help a little, but last week pain went to my left arm and I got sweaty. I am 58 and diabetic.",acute coronary syndrome,"Exertional chest pain with arm radiation and sweating is high-risk evidence for ischemia. Spicy food and partial antacid relief are preserved as reflux-like but weaker contrastive clues. Age and diabetes increase cardiac risk, so ACS should be prioritized.",Root: grounded conclusion. [Nucleus: high-information evidence] [Satellite-contrast: weaker alternative] [Nucleus-elaboration: risk factors] [Conclusion: integrated decision],0
synthetic_00424,For months I wake with stiff fingers that take over an hour to loosen. Both wrists hurt and I feel exhausted even after sleeping. Symptoms improve once I start moving.,rheumatoid arthritis,"Prolonged morning stiffness and bilateral wrist involvement support inflammatory arthritis. Improvement with movement further supports an inflammatory process. Fatigue is nonspecific but consistent with systemic inflammation, so rheumatoid arthritis is favored.",Root: grounded conclusion. [Nucleus: high-information evidence] [Satellite-contrast: weaker alternative] [Nucleus-elaboration: risk factors] [Conclusion: integrated decision],0
synthetic_00425,"I have fever and cough, but also severe neck stiffness and light hurts my eyes. I feel much worse than with my usual colds.",flu,Fever and cough usually indicate flu. Neck stiffness can happen with muscle aches during flu. Therefore this is likely flu.,Root: hallucinated conclusion. [Nucleus: weak salient clue -> preferred diagnosis] [Satellite-downplay: contradictory red flag] [Conclusion: premature closure],1
synthetic_00426,"I get chest tightness when climbing stairs, but sometimes it follows spicy food at night. Antacids help a little, but last week pain went to my left arm and I got sweaty. I am 58 and diabetic.",acute coronary syndrome,"Exertional chest pain with arm radiation and sweating is high-risk evidence for ischemia. Spicy food and partial antacid relief are preserved as reflux-like but weaker contrastive clues. Age and diabetes increase cardiac risk, so ACS should be prioritized.",Root: grounded conclusion. [Nucleus: high-information evidence] [Satellite-contrast: weaker alternative] [Nucleus-elaboration: risk factors] [Conclusion: integrated decision],0
synthetic_00427,For months I wake with stiff fingers that take over an hour to loosen. Both wrists hurt and I feel exhausted even after sleeping. Symptoms improve once I start moving.,rheumatoid arthritis,"Prolonged morning stiffness and bilateral wrist involvement support inflammatory arthritis. Improvement with movement further supports an inflammatory process. Fatigue is nonspecific but consistent with systemic inflammation, so rheumatoid arthritis is favored.",Root: grounded conclusion. [Nucleus: high-information evidence] [Satellite-contrast: weaker alternative] [Nucleus-elaboration: risk factors] [Conclusion: integrated decision],0
synthetic_00428,"I have fever and cough, but also severe neck stiffness and light hurts my eyes. I feel much worse than with my usual colds.",meningitis risk,"Fever and cough are compatible with a viral illness, but neck stiffness and photophobia are red flags. These red flags should remain central, so meningitis must be considered urgently.",Root: grounded conclusion. [Nucleus: high-information evidence] [Satellite-contrast: weaker alternative] [Nucleus-elaboration: risk factors] [Conclusion: integrated decision],0
synthetic_00429,"I get chest tightness when climbing stairs, but sometimes it follows spicy food at night. Antacids help a little, but last week pain went to my left arm and I got sweaty. I am 58 and diabetic.",GERD,Spicy food and antacid relief suggest reflux. Arm pain and sweating can be anxiety during discomfort. Therefore GERD explains the symptoms.,Root: hallucinated conclusion. [Nucleus: weak salient clue -> preferred diagnosis] [Satellite-downplay: contradictory red flag] [Conclusion: premature closure],1
synthetic_00430,For months I wake with stiff fingers that take over an hour to loosen. Both wrists hurt and I feel exhausted even after sleeping. Symptoms improve once I start moving.,osteoarthritis,Hand pain suggests a degenerative joint problem. Bilateral symptoms can be age-related. Therefore osteoarthritis explains the complaint.,Root: hallucinated conclusion. [Nucleus: weak salient clue -> preferred diagnosis] [Satellite-downplay: contradictory red flag] [Conclusion: premature closure],1
synthetic_00431,"I have fever and cough, but also severe neck stiffness and light hurts my eyes. I feel much worse than with my usual colds.",meningitis risk,"Fever and cough are compatible with a viral illness, but neck stiffness and photophobia are red flags. These red flags should remain central, so meningitis must be considered urgently.",Root: grounded conclusion. [Nucleus: high-information evidence] [Satellite-contrast: weaker alternative] [Nucleus-elaboration: risk factors] [Conclusion: integrated decision],0
synthetic_00432,"I get chest tightness when climbing stairs, but sometimes it follows spicy food at night. Antacids help a little, but last week pain went to my left arm and I got sweaty. I am 58 and diabetic.",GERD,Spicy food and antacid relief suggest reflux. Arm pain and sweating can be anxiety during discomfort. Therefore GERD explains the symptoms.,Root: hallucinated conclusion. [Nucleus: weak salient clue -> preferred diagnosis] [Satellite-downplay: contradictory red flag] [Conclusion: premature closure],1
synthetic_00433,For months I wake with stiff fingers that take over an hour to loosen. Both wrists hurt and I feel exhausted even after sleeping. Symptoms improve once I start moving.,osteoarthritis,Hand pain suggests a degenerative joint problem. Bilateral symptoms can be age-related. Therefore osteoarthritis explains the complaint.,Root: hallucinated conclusion. [Nucleus: weak salient clue -> preferred diagnosis] [Satellite-downplay: contradictory red flag] [Conclusion: premature closure],1
synthetic_00434,"I have fever and cough, but also severe neck stiffness and light hurts my eyes. I feel much worse than with my usual colds.",meningitis risk,"Fever and cough are compatible with a viral illness, but neck stiffness and photophobia are red flags. These red flags should remain central, so meningitis must be considered urgently.",Root: grounded conclusion. [Nucleus: high-information evidence] [Satellite-contrast: weaker alternative] [Nucleus-elaboration: risk factors] [Conclusion: integrated decision],0
synthetic_00435,"I get chest tightness when climbing stairs, but sometimes it follows spicy food at night. Antacids help a little, but last week pain went to my left arm and I got sweaty. I am 58 and diabetic.",GERD,Spicy food and antacid relief suggest reflux. Arm pain and sweating can be anxiety during discomfort. Therefore GERD explains the symptoms.,Root: hallucinated conclusion. [Nucleus: weak salient clue -> preferred diagnosis] [Satellite-downplay: contradictory red flag] [Conclusion: premature closure],1
synthetic_00436,For months I wake with stiff fingers that take over an hour to loosen. Both wrists hurt and I feel exhausted even after sleeping. Symptoms improve once I start moving.,osteoarthritis,Hand pain suggests a degenerative joint problem. Bilateral symptoms can be age-related. Therefore osteoarthritis explains the complaint.,Root: hallucinated conclusion. [Nucleus: weak salient clue -> preferred diagnosis] [Satellite-downplay: contradictory red flag] [Conclusion: premature closure],1
synthetic_00437,"I have fever and cough, but also severe neck stiffness and light hurts my eyes. I feel much worse than with my usual colds.",meningitis risk,"Fever and cough are compatible with a viral illness, but neck stiffness and photophobia are red flags. These red flags should remain central, so meningitis must be considered urgently.",Root: grounded conclusion. [Nucleus: high-information evidence] [Satellite-contrast: weaker alternative] [Nucleus-elaboration: risk factors] [Conclusion: integrated decision],0
synthetic_00438,"I get chest tightness when climbing stairs, but sometimes it follows spicy food at night. Antacids help a little, but last week pain went to my left arm and I got sweaty. I am 58 and diabetic.",acute coronary syndrome,"Exertional chest pain with arm radiation and sweating is high-risk evidence for ischemia. Spicy food and partial antacid relief are preserved as reflux-like but weaker contrastive clues. Age and diabetes increase cardiac risk, so ACS should be prioritized.",Root: grounded conclusion. [Nucleus: high-information evidence] [Satellite-contrast: weaker alternative] [Nucleus-elaboration: risk factors] [Conclusion: integrated decision],0
synthetic_00439,For months I wake with stiff fingers that take over an hour to loosen. Both wrists hurt and I feel exhausted even after sleeping. Symptoms improve once I start moving.,rheumatoid arthritis,"Prolonged morning stiffness and bilateral wrist involvement support inflammatory arthritis. Improvement with movement further supports an inflammatory process. Fatigue is nonspecific but consistent with systemic inflammation, so rheumatoid arthritis is favored.",Root: grounded conclusion. [Nucleus: high-information evidence] [Satellite-contrast: weaker alternative] [Nucleus-elaboration: risk factors] [Conclusion: integrated decision],0
synthetic_00440,"I have fever and cough, but also severe neck stiffness and light hurts my eyes. I feel much worse than with my usual colds.",flu,Fever and cough usually indicate flu. Neck stiffness can happen with muscle aches during flu. Therefore this is likely flu.,Root: hallucinated conclusion. [Nucleus: weak salient clue -> preferred diagnosis] [Satellite-downplay: contradictory red flag] [Conclusion: premature closure],1
synthetic_00441,"I get chest tightness when climbing stairs, but sometimes it follows spicy food at night. Antacids help a little, but last week pain went to my left arm and I got sweaty. I am 58 and diabetic.",GERD,Spicy food and antacid relief suggest reflux. Arm pain and sweating can be anxiety during discomfort. Therefore GERD explains the symptoms.,Root: hallucinated conclusion. [Nucleus: weak salient clue -> preferred diagnosis] [Satellite-downplay: contradictory red flag] [Conclusion: premature closure],1
synthetic_00442,For months I wake with stiff fingers that take over an hour to loosen. Both wrists hurt and I feel exhausted even after sleeping. Symptoms improve once I start moving.,osteoarthritis,Hand pain suggests a degenerative joint problem. Bilateral symptoms can be age-related. Therefore osteoarthritis explains the complaint.,Root: hallucinated conclusion. [Nucleus: weak salient clue -> preferred diagnosis] [Satellite-downplay: contradictory red flag] [Conclusion: premature closure],1
synthetic_00443,"I have fever and cough, but also severe neck stiffness and light hurts my eyes. I feel much worse than with my usual colds.",flu,Fever and cough usually indicate flu. Neck stiffness can happen with muscle aches during flu. Therefore this is likely flu.,Root: hallucinated conclusion. [Nucleus: weak salient clue -> preferred diagnosis] [Satellite-downplay: contradictory red flag] [Conclusion: premature closure],1
synthetic_00444,"I get chest tightness when climbing stairs, but sometimes it follows spicy food at night. Antacids help a little, but last week pain went to my left arm and I got sweaty. I am 58 and diabetic.",acute coronary syndrome,"Exertional chest pain with arm radiation and sweating is high-risk evidence for ischemia. Spicy food and partial antacid relief are preserved as reflux-like but weaker contrastive clues. Age and diabetes increase cardiac risk, so ACS should be prioritized.",Root: grounded conclusion. [Nucleus: high-information evidence] [Satellite-contrast: weaker alternative] [Nucleus-elaboration: risk factors] [Conclusion: integrated decision],0
synthetic_00445,For months I wake with stiff fingers that take over an hour to loosen. Both wrists hurt and I feel exhausted even after sleeping. Symptoms improve once I start moving.,osteoarthritis,Hand pain suggests a degenerative joint problem. Bilateral symptoms can be age-related. Therefore osteoarthritis explains the complaint.,Root: hallucinated conclusion. [Nucleus: weak salient clue -> preferred diagnosis] [Satellite-downplay: contradictory red flag] [Conclusion: premature closure],1
synthetic_00446,"I have fever and cough, but also severe neck stiffness and light hurts my eyes. I feel much worse than with my usual colds.",meningitis risk,"Fever and cough are compatible with a viral illness, but neck stiffness and photophobia are red flags. These red flags should remain central, so meningitis must be considered urgently.",Root: grounded conclusion. [Nucleus: high-information evidence] [Satellite-contrast: weaker alternative] [Nucleus-elaboration: risk factors] [Conclusion: integrated decision],0
synthetic_00447,"I get chest tightness when climbing stairs, but sometimes it follows spicy food at night. Antacids help a little, but last week pain went to my left arm and I got sweaty. I am 58 and diabetic.",GERD,Spicy food and antacid relief suggest reflux. Arm pain and sweating can be anxiety during discomfort. Therefore GERD explains the symptoms.,Root: hallucinated conclusion. [Nucleus: weak salient clue -> preferred diagnosis] [Satellite-downplay: contradictory red flag] [Conclusion: premature closure],1
synthetic_00448,For months I wake with stiff fingers that take over an hour to loosen. Both wrists hurt and I feel exhausted even after sleeping. Symptoms improve once I start moving.,osteoarthritis,Hand pain suggests a degenerative joint problem. Bilateral symptoms can be age-related. Therefore osteoarthritis explains the complaint.,Root: hallucinated conclusion. [Nucleus: weak salient clue -> preferred diagnosis] [Satellite-downplay: contradictory red flag] [Conclusion: premature closure],1
synthetic_00449,"I have fever and cough, but also severe neck stiffness and light hurts my eyes. I feel much worse than with my usual colds.",flu,Fever and cough usually indicate flu. Neck stiffness can happen with muscle aches during flu. Therefore this is likely flu.,Root: hallucinated conclusion. [Nucleus: weak salient clue -> preferred diagnosis] [Satellite-downplay: contradictory red flag] [Conclusion: premature closure],1
synthetic_00450,"I get chest tightness when climbing stairs, but sometimes it follows spicy food at night. Antacids help a little, but last week pain went to my left arm and I got sweaty. I am 58 and diabetic.",GERD,Spicy food and antacid relief suggest reflux. Arm pain and sweating can be anxiety during discomfort. Therefore GERD explains the symptoms.,Root: hallucinated conclusion. [Nucleus: weak salient clue -> preferred diagnosis] [Satellite-downplay: contradictory red flag] [Conclusion: premature closure],1
synthetic_00451,For months I wake with stiff fingers that take over an hour to loosen. Both wrists hurt and I feel exhausted even after sleeping. Symptoms improve once I start moving.,osteoarthritis,Hand pain suggests a degenerative joint problem. Bilateral symptoms can be age-related. Therefore osteoarthritis explains the complaint.,Root: hallucinated conclusion. [Nucleus: weak salient clue -> preferred diagnosis] [Satellite-downplay: contradictory red flag] [Conclusion: premature closure],1
synthetic_00452,"I have fever and cough, but also severe neck stiffness and light hurts my eyes. I feel much worse than with my usual colds.",meningitis risk,"Fever and cough are compatible with a viral illness, but neck stiffness and photophobia are red flags. These red flags should remain central, so meningitis must be considered urgently.",Root: grounded conclusion. [Nucleus: high-information evidence] [Satellite-contrast: weaker alternative] [Nucleus-elaboration: risk factors] [Conclusion: integrated decision],0
synthetic_00453,"I get chest tightness when climbing stairs, but sometimes it follows spicy food at night. Antacids help a little, but last week pain went to my left arm and I got sweaty. I am 58 and diabetic.",GERD,Spicy food and antacid relief suggest reflux. Arm pain and sweating can be anxiety during discomfort. Therefore GERD explains the symptoms.,Root: hallucinated conclusion. [Nucleus: weak salient clue -> preferred diagnosis] [Satellite-downplay: contradictory red flag] [Conclusion: premature closure],1
synthetic_00454,For months I wake with stiff fingers that take over an hour to loosen. Both wrists hurt and I feel exhausted even after sleeping. Symptoms improve once I start moving.,rheumatoid arthritis,"Prolonged morning stiffness and bilateral wrist involvement support inflammatory arthritis. Improvement with movement further supports an inflammatory process. Fatigue is nonspecific but consistent with systemic inflammation, so rheumatoid arthritis is favored.",Root: grounded conclusion. [Nucleus: high-information evidence] [Satellite-contrast: weaker alternative] [Nucleus-elaboration: risk factors] [Conclusion: integrated decision],0
synthetic_00455,"I have fever and cough, but also severe neck stiffness and light hurts my eyes. I feel much worse than with my usual colds.",meningitis risk,"Fever and cough are compatible with a viral illness, but neck stiffness and photophobia are red flags. These red flags should remain central, so meningitis must be considered urgently.",Root: grounded conclusion. [Nucleus: high-information evidence] [Satellite-contrast: weaker alternative] [Nucleus-elaboration: risk factors] [Conclusion: integrated decision],0
synthetic_00456,"I get chest tightness when climbing stairs, but sometimes it follows spicy food at night. Antacids help a little, but last week pain went to my left arm and I got sweaty. I am 58 and diabetic.",acute coronary syndrome,"Exertional chest pain with arm radiation and sweating is high-risk evidence for ischemia. Spicy food and partial antacid relief are preserved as reflux-like but weaker contrastive clues. Age and diabetes increase cardiac risk, so ACS should be prioritized.",Root: grounded conclusion. [Nucleus: high-information evidence] [Satellite-contrast: weaker alternative] [Nucleus-elaboration: risk factors] [Conclusion: integrated decision],0
synthetic_00457,For months I wake with stiff fingers that take over an hour to loosen. Both wrists hurt and I feel exhausted even after sleeping. Symptoms improve once I start moving.,osteoarthritis,Hand pain suggests a degenerative joint problem. Bilateral symptoms can be age-related. Therefore osteoarthritis explains the complaint.,Root: hallucinated conclusion. [Nucleus: weak salient clue -> preferred diagnosis] [Satellite-downplay: contradictory red flag] [Conclusion: premature closure],1
synthetic_00458,"I have fever and cough, but also severe neck stiffness and light hurts my eyes. I feel much worse than with my usual colds.",meningitis risk,"Fever and cough are compatible with a viral illness, but neck stiffness and photophobia are red flags. These red flags should remain central, so meningitis must be considered urgently.",Root: grounded conclusion. [Nucleus: high-information evidence] [Satellite-contrast: weaker alternative] [Nucleus-elaboration: risk factors] [Conclusion: integrated decision],0
synthetic_00459,"I get chest tightness when climbing stairs, but sometimes it follows spicy food at night. Antacids help a little, but last week pain went to my left arm and I got sweaty. I am 58 and diabetic.",acute coronary syndrome,"Exertional chest pain with arm radiation and sweating is high-risk evidence for ischemia. Spicy food and partial antacid relief are preserved as reflux-like but weaker contrastive clues. Age and diabetes increase cardiac risk, so ACS should be prioritized.",Root: grounded conclusion. [Nucleus: high-information evidence] [Satellite-contrast: weaker alternative] [Nucleus-elaboration: risk factors] [Conclusion: integrated decision],0
synthetic_00460,For months I wake with stiff fingers that take over an hour to loosen. Both wrists hurt and I feel exhausted even after sleeping. Symptoms improve once I start moving.,rheumatoid arthritis,"Prolonged morning stiffness and bilateral wrist involvement support inflammatory arthritis. Improvement with movement further supports an inflammatory process. Fatigue is nonspecific but consistent with systemic inflammation, so rheumatoid arthritis is favored.",Root: grounded conclusion. [Nucleus: high-information evidence] [Satellite-contrast: weaker alternative] [Nucleus-elaboration: risk factors] [Conclusion: integrated decision],0
synthetic_00461,"I have fever and cough, but also severe neck stiffness and light hurts my eyes. I feel much worse than with my usual colds.",meningitis risk,"Fever and cough are compatible with a viral illness, but neck stiffness and photophobia are red flags. These red flags should remain central, so meningitis must be considered urgently.",Root: grounded conclusion. [Nucleus: high-information evidence] [Satellite-contrast: weaker alternative] [Nucleus-elaboration: risk factors] [Conclusion: integrated decision],0
synthetic_00462,"I get chest tightness when climbing stairs, but sometimes it follows spicy food at night. Antacids help a little, but last week pain went to my left arm and I got sweaty. I am 58 and diabetic.",acute coronary syndrome,"Exertional chest pain with arm radiation and sweating is high-risk evidence for ischemia. Spicy food and partial antacid relief are preserved as reflux-like but weaker contrastive clues. Age and diabetes increase cardiac risk, so ACS should be prioritized.",Root: grounded conclusion. [Nucleus: high-information evidence] [Satellite-contrast: weaker alternative] [Nucleus-elaboration: risk factors] [Conclusion: integrated decision],0
synthetic_00463,For months I wake with stiff fingers that take over an hour to loosen. Both wrists hurt and I feel exhausted even after sleeping. Symptoms improve once I start moving.,osteoarthritis,Hand pain suggests a degenerative joint problem. Bilateral symptoms can be age-related. Therefore osteoarthritis explains the complaint.,Root: hallucinated conclusion. [Nucleus: weak salient clue -> preferred diagnosis] [Satellite-downplay: contradictory red flag] [Conclusion: premature closure],1
synthetic_00464,"I have fever and cough, but also severe neck stiffness and light hurts my eyes. I feel much worse than with my usual colds.",meningitis risk,"Fever and cough are compatible with a viral illness, but neck stiffness and photophobia are red flags. These red flags should remain central, so meningitis must be considered urgently.",Root: grounded conclusion. [Nucleus: high-information evidence] [Satellite-contrast: weaker alternative] [Nucleus-elaboration: risk factors] [Conclusion: integrated decision],0
synthetic_00465,"I get chest tightness when climbing stairs, but sometimes it follows spicy food at night. Antacids help a little, but last week pain went to my left arm and I got sweaty. I am 58 and diabetic.",acute coronary syndrome,"Exertional chest pain with arm radiation and sweating is high-risk evidence for ischemia. Spicy food and partial antacid relief are preserved as reflux-like but weaker contrastive clues. Age and diabetes increase cardiac risk, so ACS should be prioritized.",Root: grounded conclusion. [Nucleus: high-information evidence] [Satellite-contrast: weaker alternative] [Nucleus-elaboration: risk factors] [Conclusion: integrated decision],0
synthetic_00466,For months I wake with stiff fingers that take over an hour to loosen. Both wrists hurt and I feel exhausted even after sleeping. Symptoms improve once I start moving.,osteoarthritis,Hand pain suggests a degenerative joint problem. Bilateral symptoms can be age-related. Therefore osteoarthritis explains the complaint.,Root: hallucinated conclusion. [Nucleus: weak salient clue -> preferred diagnosis] [Satellite-downplay: contradictory red flag] [Conclusion: premature closure],1
synthetic_00467,"I have fever and cough, but also severe neck stiffness and light hurts my eyes. I feel much worse than with my usual colds.",meningitis risk,"Fever and cough are compatible with a viral illness, but neck stiffness and photophobia are red flags. These red flags should remain central, so meningitis must be considered urgently.",Root: grounded conclusion. [Nucleus: high-information evidence] [Satellite-contrast: weaker alternative] [Nucleus-elaboration: risk factors] [Conclusion: integrated decision],0
synthetic_00468,"I get chest tightness when climbing stairs, but sometimes it follows spicy food at night. Antacids help a little, but last week pain went to my left arm and I got sweaty. I am 58 and diabetic.",GERD,Spicy food and antacid relief suggest reflux. Arm pain and sweating can be anxiety during discomfort. Therefore GERD explains the symptoms.,Root: hallucinated conclusion. [Nucleus: weak salient clue -> preferred diagnosis] [Satellite-downplay: contradictory red flag] [Conclusion: premature closure],1
synthetic_00469,For months I wake with stiff fingers that take over an hour to loosen. Both wrists hurt and I feel exhausted even after sleeping. Symptoms improve once I start moving.,osteoarthritis,Hand pain suggests a degenerative joint problem. Bilateral symptoms can be age-related. Therefore osteoarthritis explains the complaint.,Root: hallucinated conclusion. [Nucleus: weak salient clue -> preferred diagnosis] [Satellite-downplay: contradictory red flag] [Conclusion: premature closure],1
synthetic_00470,"I have fever and cough, but also severe neck stiffness and light hurts my eyes. I feel much worse than with my usual colds.",meningitis risk,"Fever and cough are compatible with a viral illness, but neck stiffness and photophobia are red flags. These red flags should remain central, so meningitis must be considered urgently.",Root: grounded conclusion. [Nucleus: high-information evidence] [Satellite-contrast: weaker alternative] [Nucleus-elaboration: risk factors] [Conclusion: integrated decision],0
synthetic_00471,"I get chest tightness when climbing stairs, but sometimes it follows spicy food at night. Antacids help a little, but last week pain went to my left arm and I got sweaty. I am 58 and diabetic.",acute coronary syndrome,"Exertional chest pain with arm radiation and sweating is high-risk evidence for ischemia. Spicy food and partial antacid relief are preserved as reflux-like but weaker contrastive clues. Age and diabetes increase cardiac risk, so ACS should be prioritized.",Root: grounded conclusion. [Nucleus: high-information evidence] [Satellite-contrast: weaker alternative] [Nucleus-elaboration: risk factors] [Conclusion: integrated decision],0
synthetic_00472,For months I wake with stiff fingers that take over an hour to loosen. Both wrists hurt and I feel exhausted even after sleeping. Symptoms improve once I start moving.,osteoarthritis,Hand pain suggests a degenerative joint problem. Bilateral symptoms can be age-related. Therefore osteoarthritis explains the complaint.,Root: hallucinated conclusion. [Nucleus: weak salient clue -> preferred diagnosis] [Satellite-downplay: contradictory red flag] [Conclusion: premature closure],1
synthetic_00473,"I have fever and cough, but also severe neck stiffness and light hurts my eyes. I feel much worse than with my usual colds.",flu,Fever and cough usually indicate flu. Neck stiffness can happen with muscle aches during flu. Therefore this is likely flu.,Root: hallucinated conclusion. [Nucleus: weak salient clue -> preferred diagnosis] [Satellite-downplay: contradictory red flag] [Conclusion: premature closure],1
synthetic_00474,"I get chest tightness when climbing stairs, but sometimes it follows spicy food at night. Antacids help a little, but last week pain went to my left arm and I got sweaty. I am 58 and diabetic.",GERD,Spicy food and antacid relief suggest reflux. Arm pain and sweating can be anxiety during discomfort. Therefore GERD explains the symptoms.,Root: hallucinated conclusion. [Nucleus: weak salient clue -> preferred diagnosis] [Satellite-downplay: contradictory red flag] [Conclusion: premature closure],1
synthetic_00475,For months I wake with stiff fingers that take over an hour to loosen. Both wrists hurt and I feel exhausted even after sleeping. Symptoms improve once I start moving.,osteoarthritis,Hand pain suggests a degenerative joint problem. Bilateral symptoms can be age-related. Therefore osteoarthritis explains the complaint.,Root: hallucinated conclusion. [Nucleus: weak salient clue -> preferred diagnosis] [Satellite-downplay: contradictory red flag] [Conclusion: premature closure],1
synthetic_00476,"I have fever and cough, but also severe neck stiffness and light hurts my eyes. I feel much worse than with my usual colds.",flu,Fever and cough usually indicate flu. Neck stiffness can happen with muscle aches during flu. Therefore this is likely flu.,Root: hallucinated conclusion. [Nucleus: weak salient clue -> preferred diagnosis] [Satellite-downplay: contradictory red flag] [Conclusion: premature closure],1
synthetic_00477,"I get chest tightness when climbing stairs, but sometimes it follows spicy food at night. Antacids help a little, but last week pain went to my left arm and I got sweaty. I am 58 and diabetic.",GERD,Spicy food and antacid relief suggest reflux. Arm pain and sweating can be anxiety during discomfort. Therefore GERD explains the symptoms.,Root: hallucinated conclusion. [Nucleus: weak salient clue -> preferred diagnosis] [Satellite-downplay: contradictory red flag] [Conclusion: premature closure],1
synthetic_00478,For months I wake with stiff fingers that take over an hour to loosen. Both wrists hurt and I feel exhausted even after sleeping. Symptoms improve once I start moving.,osteoarthritis,Hand pain suggests a degenerative joint problem. Bilateral symptoms can be age-related. Therefore osteoarthritis explains the complaint.,Root: hallucinated conclusion. [Nucleus: weak salient clue -> preferred diagnosis] [Satellite-downplay: contradictory red flag] [Conclusion: premature closure],1
synthetic_00479,"I have fever and cough, but also severe neck stiffness and light hurts my eyes. I feel much worse than with my usual colds.",flu,Fever and cough usually indicate flu. Neck stiffness can happen with muscle aches during flu. Therefore this is likely flu.,Root: hallucinated conclusion. [Nucleus: weak salient clue -> preferred diagnosis] [Satellite-downplay: contradictory red flag] [Conclusion: premature closure],1
synthetic_00480,"I get chest tightness when climbing stairs, but sometimes it follows spicy food at night. Antacids help a little, but last week pain went to my left arm and I got sweaty. I am 58 and diabetic.",acute coronary syndrome,"Exertional chest pain with arm radiation and sweating is high-risk evidence for ischemia. Spicy food and partial antacid relief are preserved as reflux-like but weaker contrastive clues. Age and diabetes increase cardiac risk, so ACS should be prioritized.",Root: grounded conclusion. [Nucleus: high-information evidence] [Satellite-contrast: weaker alternative] [Nucleus-elaboration: risk factors] [Conclusion: integrated decision],0
synthetic_00481,For months I wake with stiff fingers that take over an hour to loosen. Both wrists hurt and I feel exhausted even after sleeping. Symptoms improve once I start moving.,osteoarthritis,Hand pain suggests a degenerative joint problem. Bilateral symptoms can be age-related. Therefore osteoarthritis explains the complaint.,Root: hallucinated conclusion. [Nucleus: weak salient clue -> preferred diagnosis] [Satellite-downplay: contradictory red flag] [Conclusion: premature closure],1
synthetic_00482,"I have fever and cough, but also severe neck stiffness and light hurts my eyes. I feel much worse than with my usual colds.",flu,Fever and cough usually indicate flu. Neck stiffness can happen with muscle aches during flu. Therefore this is likely flu.,Root: hallucinated conclusion. [Nucleus: weak salient clue -> preferred diagnosis] [Satellite-downplay: contradictory red flag] [Conclusion: premature closure],1
synthetic_00483,"I get chest tightness when climbing stairs, but sometimes it follows spicy food at night. Antacids help a little, but last week pain went to my left arm and I got sweaty. I am 58 and diabetic.",GERD,Spicy food and antacid relief suggest reflux. Arm pain and sweating can be anxiety during discomfort. Therefore GERD explains the symptoms.,Root: hallucinated conclusion. [Nucleus: weak salient clue -> preferred diagnosis] [Satellite-downplay: contradictory red flag] [Conclusion: premature closure],1
synthetic_00484,For months I wake with stiff fingers that take over an hour to loosen. Both wrists hurt and I feel exhausted even after sleeping. Symptoms improve once I start moving.,rheumatoid arthritis,"Prolonged morning stiffness and bilateral wrist involvement support inflammatory arthritis. Improvement with movement further supports an inflammatory process. Fatigue is nonspecific but consistent with systemic inflammation, so rheumatoid arthritis is favored.",Root: grounded conclusion. [Nucleus: high-information evidence] [Satellite-contrast: weaker alternative] [Nucleus-elaboration: risk factors] [Conclusion: integrated decision],0
synthetic_00485,"I have fever and cough, but also severe neck stiffness and light hurts my eyes. I feel much worse than with my usual colds.",meningitis risk,"Fever and cough are compatible with a viral illness, but neck stiffness and photophobia are red flags. These red flags should remain central, so meningitis must be considered urgently.",Root: grounded conclusion. [Nucleus: high-information evidence] [Satellite-contrast: weaker alternative] [Nucleus-elaboration: risk factors] [Conclusion: integrated decision],0
synthetic_00486,"I get chest tightness when climbing stairs, but sometimes it follows spicy food at night. Antacids help a little, but last week pain went to my left arm and I got sweaty. I am 58 and diabetic.",acute coronary syndrome,"Exertional chest pain with arm radiation and sweating is high-risk evidence for ischemia. Spicy food and partial antacid relief are preserved as reflux-like but weaker contrastive clues. Age and diabetes increase cardiac risk, so ACS should be prioritized.",Root: grounded conclusion. [Nucleus: high-information evidence] [Satellite-contrast: weaker alternative] [Nucleus-elaboration: risk factors] [Conclusion: integrated decision],0
synthetic_00487,For months I wake with stiff fingers that take over an hour to loosen. Both wrists hurt and I feel exhausted even after sleeping. Symptoms improve once I start moving.,osteoarthritis,Hand pain suggests a degenerative joint problem. Bilateral symptoms can be age-related. Therefore osteoarthritis explains the complaint.,Root: hallucinated conclusion. [Nucleus: weak salient clue -> preferred diagnosis] [Satellite-downplay: contradictory red flag] [Conclusion: premature closure],1
synthetic_00488,"I have fever and cough, but also severe neck stiffness and light hurts my eyes. I feel much worse than with my usual colds.",meningitis risk,"Fever and cough are compatible with a viral illness, but neck stiffness and photophobia are red flags. These red flags should remain central, so meningitis must be considered urgently.",Root: grounded conclusion. [Nucleus: high-information evidence] [Satellite-contrast: weaker alternative] [Nucleus-elaboration: risk factors] [Conclusion: integrated decision],0
synthetic_00489,"I get chest tightness when climbing stairs, but sometimes it follows spicy food at night. Antacids help a little, but last week pain went to my left arm and I got sweaty. I am 58 and diabetic.",acute coronary syndrome,"Exertional chest pain with arm radiation and sweating is high-risk evidence for ischemia. Spicy food and partial antacid relief are preserved as reflux-like but weaker contrastive clues. Age and diabetes increase cardiac risk, so ACS should be prioritized.",Root: grounded conclusion. [Nucleus: high-information evidence] [Satellite-contrast: weaker alternative] [Nucleus-elaboration: risk factors] [Conclusion: integrated decision],0
synthetic_00490,For months I wake with stiff fingers that take over an hour to loosen. Both wrists hurt and I feel exhausted even after sleeping. Symptoms improve once I start moving.,rheumatoid arthritis,"Prolonged morning stiffness and bilateral wrist involvement support inflammatory arthritis. Improvement with movement further supports an inflammatory process. Fatigue is nonspecific but consistent with systemic inflammation, so rheumatoid arthritis is favored.",Root: grounded conclusion. [Nucleus: high-information evidence] [Satellite-contrast: weaker alternative] [Nucleus-elaboration: risk factors] [Conclusion: integrated decision],0
synthetic_00491,"I have fever and cough, but also severe neck stiffness and light hurts my eyes. I feel much worse than with my usual colds.",meningitis risk,"Fever and cough are compatible with a viral illness, but neck stiffness and photophobia are red flags. These red flags should remain central, so meningitis must be considered urgently.",Root: grounded conclusion. [Nucleus: high-information evidence] [Satellite-contrast: weaker alternative] [Nucleus-elaboration: risk factors] [Conclusion: integrated decision],0
synthetic_00492,"I get chest tightness when climbing stairs, but sometimes it follows spicy food at night. Antacids help a little, but last week pain went to my left arm and I got sweaty. I am 58 and diabetic.",acute coronary syndrome,"Exertional chest pain with arm radiation and sweating is high-risk evidence for ischemia. Spicy food and partial antacid relief are preserved as reflux-like but weaker contrastive clues. Age and diabetes increase cardiac risk, so ACS should be prioritized.",Root: grounded conclusion. [Nucleus: high-information evidence] [Satellite-contrast: weaker alternative] [Nucleus-elaboration: risk factors] [Conclusion: integrated decision],0
synthetic_00493,For months I wake with stiff fingers that take over an hour to loosen. Both wrists hurt and I feel exhausted even after sleeping. Symptoms improve once I start moving.,rheumatoid arthritis,"Prolonged morning stiffness and bilateral wrist involvement support inflammatory arthritis. Improvement with movement further supports an inflammatory process. Fatigue is nonspecific but consistent with systemic inflammation, so rheumatoid arthritis is favored.",Root: grounded conclusion. [Nucleus: high-information evidence] [Satellite-contrast: weaker alternative] [Nucleus-elaboration: risk factors] [Conclusion: integrated decision],0
synthetic_00494,"I have fever and cough, but also severe neck stiffness and light hurts my eyes. I feel much worse than with my usual colds.",flu,Fever and cough usually indicate flu. Neck stiffness can happen with muscle aches during flu. Therefore this is likely flu.,Root: hallucinated conclusion. [Nucleus: weak salient clue -> preferred diagnosis] [Satellite-downplay: contradictory red flag] [Conclusion: premature closure],1
synthetic_00495,"I get chest tightness when climbing stairs, but sometimes it follows spicy food at night. Antacids help a little, but last week pain went to my left arm and I got sweaty. I am 58 and diabetic.",GERD,Spicy food and antacid relief suggest reflux. Arm pain and sweating can be anxiety during discomfort. Therefore GERD explains the symptoms.,Root: hallucinated conclusion. [Nucleus: weak salient clue -> preferred diagnosis] [Satellite-downplay: contradictory red flag] [Conclusion: premature closure],1
synthetic_00496,For months I wake with stiff fingers that take over an hour to loosen. Both wrists hurt and I feel exhausted even after sleeping. Symptoms improve once I start moving.,rheumatoid arthritis,"Prolonged morning stiffness and bilateral wrist involvement support inflammatory arthritis. Improvement with movement further supports an inflammatory process. Fatigue is nonspecific but consistent with systemic inflammation, so rheumatoid arthritis is favored.",Root: grounded conclusion. [Nucleus: high-information evidence] [Satellite-contrast: weaker alternative] [Nucleus-elaboration: risk factors] [Conclusion: integrated decision],0
synthetic_00497,"I have fever and cough, but also severe neck stiffness and light hurts my eyes. I feel much worse than with my usual colds.",flu,Fever and cough usually indicate flu. Neck stiffness can happen with muscle aches during flu. Therefore this is likely flu.,Root: hallucinated conclusion. [Nucleus: weak salient clue -> preferred diagnosis] [Satellite-downplay: contradictory red flag] [Conclusion: premature closure],1
synthetic_00498,"I get chest tightness when climbing stairs, but sometimes it follows spicy food at night. Antacids help a little, but last week pain went to my left arm and I got sweaty. I am 58 and diabetic.",GERD,Spicy food and antacid relief suggest reflux. Arm pain and sweating can be anxiety during discomfort. Therefore GERD explains the symptoms.,Root: hallucinated conclusion. [Nucleus: weak salient clue -> preferred diagnosis] [Satellite-downplay: contradictory red flag] [Conclusion: premature closure],1
synthetic_00499,For months I wake with stiff fingers that take over an hour to loosen. Both wrists hurt and I feel exhausted even after sleeping. Symptoms improve once I start moving.,osteoarthritis,Hand pain suggests a degenerative joint problem. Bilateral symptoms can be age-related. Therefore osteoarthritis explains the complaint.,Root: hallucinated conclusion. [Nucleus: weak salient clue -> preferred diagnosis] [Satellite-downplay: contradictory red flag] [Conclusion: premature closure],1
synthetic_00500,"I have fever and cough, but also severe neck stiffness and light hurts my eyes. I feel much worse than with my usual colds.",meningitis risk,"Fever and cough are compatible with a viral illness, but neck stiffness and photophobia are red flags. These red flags should remain central, so meningitis must be considered urgently.",Root: grounded conclusion. [Nucleus: high-information evidence] [Satellite-contrast: weaker alternative] [Nucleus-elaboration: risk factors] [Conclusion: integrated decision],0
synthetic_00501,"I get chest tightness when climbing stairs, but sometimes it follows spicy food at night. Antacids help a little, but last week pain went to my left arm and I got sweaty. I am 58 and diabetic.",GERD,Spicy food and antacid relief suggest reflux. Arm pain and sweating can be anxiety during discomfort. Therefore GERD explains the symptoms.,Root: hallucinated conclusion. [Nucleus: weak salient clue -> preferred diagnosis] [Satellite-downplay: contradictory red flag] [Conclusion: premature closure],1
synthetic_00502,For months I wake with stiff fingers that take over an hour to loosen. Both wrists hurt and I feel exhausted even after sleeping. Symptoms improve once I start moving.,rheumatoid arthritis,"Prolonged morning stiffness and bilateral wrist involvement support inflammatory arthritis. Improvement with movement further supports an inflammatory process. Fatigue is nonspecific but consistent with systemic inflammation, so rheumatoid arthritis is favored.",Root: grounded conclusion. [Nucleus: high-information evidence] [Satellite-contrast: weaker alternative] [Nucleus-elaboration: risk factors] [Conclusion: integrated decision],0
synthetic_00503,"I have fever and cough, but also severe neck stiffness and light hurts my eyes. I feel much worse than with my usual colds.",meningitis risk,"Fever and cough are compatible with a viral illness, but neck stiffness and photophobia are red flags. These red flags should remain central, so meningitis must be considered urgently.",Root: grounded conclusion. [Nucleus: high-information evidence] [Satellite-contrast: weaker alternative] [Nucleus-elaboration: risk factors] [Conclusion: integrated decision],0
synthetic_00504,"I get chest tightness when climbing stairs, but sometimes it follows spicy food at night. Antacids help a little, but last week pain went to my left arm and I got sweaty. I am 58 and diabetic.",GERD,Spicy food and antacid relief suggest reflux. Arm pain and sweating can be anxiety during discomfort. Therefore GERD explains the symptoms.,Root: hallucinated conclusion. [Nucleus: weak salient clue -> preferred diagnosis] [Satellite-downplay: contradictory red flag] [Conclusion: premature closure],1
synthetic_00505,For months I wake with stiff fingers that take over an hour to loosen. Both wrists hurt and I feel exhausted even after sleeping. Symptoms improve once I start moving.,osteoarthritis,Hand pain suggests a degenerative joint problem. Bilateral symptoms can be age-related. Therefore osteoarthritis explains the complaint.,Root: hallucinated conclusion. [Nucleus: weak salient clue -> preferred diagnosis] [Satellite-downplay: contradictory red flag] [Conclusion: premature closure],1
synthetic_00506,"I have fever and cough, but also severe neck stiffness and light hurts my eyes. I feel much worse than with my usual colds.",flu,Fever and cough usually indicate flu. Neck stiffness can happen with muscle aches during flu. Therefore this is likely flu.,Root: hallucinated conclusion. [Nucleus: weak salient clue -> preferred diagnosis] [Satellite-downplay: contradictory red flag] [Conclusion: premature closure],1
synthetic_00507,"I get chest tightness when climbing stairs, but sometimes it follows spicy food at night. Antacids help a little, but last week pain went to my left arm and I got sweaty. I am 58 and diabetic.",GERD,Spicy food and antacid relief suggest reflux. Arm pain and sweating can be anxiety during discomfort. Therefore GERD explains the symptoms.,Root: hallucinated conclusion. [Nucleus: weak salient clue -> preferred diagnosis] [Satellite-downplay: contradictory red flag] [Conclusion: premature closure],1
synthetic_00508,For months I wake with stiff fingers that take over an hour to loosen. Both wrists hurt and I feel exhausted even after sleeping. Symptoms improve once I start moving.,osteoarthritis,Hand pain suggests a degenerative joint problem. Bilateral symptoms can be age-related. Therefore osteoarthritis explains the complaint.,Root: hallucinated conclusion. [Nucleus: weak salient clue -> preferred diagnosis] [Satellite-downplay: contradictory red flag] [Conclusion: premature closure],1
synthetic_00509,"I have fever and cough, but also severe neck stiffness and light hurts my eyes. I feel much worse than with my usual colds.",meningitis risk,"Fever and cough are compatible with a viral illness, but neck stiffness and photophobia are red flags. These red flags should remain central, so meningitis must be considered urgently.",Root: grounded conclusion. [Nucleus: high-information evidence] [Satellite-contrast: weaker alternative] [Nucleus-elaboration: risk factors] [Conclusion: integrated decision],0
synthetic_00510,"I get chest tightness when climbing stairs, but sometimes it follows spicy food at night. Antacids help a little, but last week pain went to my left arm and I got sweaty. I am 58 and diabetic.",GERD,Spicy food and antacid relief suggest reflux. Arm pain and sweating can be anxiety during discomfort. Therefore GERD explains the symptoms.,Root: hallucinated conclusion. [Nucleus: weak salient clue -> preferred diagnosis] [Satellite-downplay: contradictory red flag] [Conclusion: premature closure],1
synthetic_00511,For months I wake with stiff fingers that take over an hour to loosen. Both wrists hurt and I feel exhausted even after sleeping. Symptoms improve once I start moving.,osteoarthritis,Hand pain suggests a degenerative joint problem. Bilateral symptoms can be age-related. Therefore osteoarthritis explains the complaint.,Root: hallucinated conclusion. [Nucleus: weak salient clue -> preferred diagnosis] [Satellite-downplay: contradictory red flag] [Conclusion: premature closure],1
synthetic_00512,"I have fever and cough, but also severe neck stiffness and light hurts my eyes. I feel much worse than with my usual colds.",meningitis risk,"Fever and cough are compatible with a viral illness, but neck stiffness and photophobia are red flags. These red flags should remain central, so meningitis must be considered urgently.",Root: grounded conclusion. [Nucleus: high-information evidence] [Satellite-contrast: weaker alternative] [Nucleus-elaboration: risk factors] [Conclusion: integrated decision],0
synthetic_00513,"I get chest tightness when climbing stairs, but sometimes it follows spicy food at night. Antacids help a little, but last week pain went to my left arm and I got sweaty. I am 58 and diabetic.",acute coronary syndrome,"Exertional chest pain with arm radiation and sweating is high-risk evidence for ischemia. Spicy food and partial antacid relief are preserved as reflux-like but weaker contrastive clues. Age and diabetes increase cardiac risk, so ACS should be prioritized.",Root: grounded conclusion. [Nucleus: high-information evidence] [Satellite-contrast: weaker alternative] [Nucleus-elaboration: risk factors] [Conclusion: integrated decision],0
synthetic_00514,For months I wake with stiff fingers that take over an hour to loosen. Both wrists hurt and I feel exhausted even after sleeping. Symptoms improve once I start moving.,rheumatoid arthritis,"Prolonged morning stiffness and bilateral wrist involvement support inflammatory arthritis. Improvement with movement further supports an inflammatory process. Fatigue is nonspecific but consistent with systemic inflammation, so rheumatoid arthritis is favored.",Root: grounded conclusion. [Nucleus: high-information evidence] [Satellite-contrast: weaker alternative] [Nucleus-elaboration: risk factors] [Conclusion: integrated decision],0
synthetic_00515,"I have fever and cough, but also severe neck stiffness and light hurts my eyes. I feel much worse than with my usual colds.",flu,Fever and cough usually indicate flu. Neck stiffness can happen with muscle aches during flu. Therefore this is likely flu.,Root: hallucinated conclusion. [Nucleus: weak salient clue -> preferred diagnosis] [Satellite-downplay: contradictory red flag] [Conclusion: premature closure],1
synthetic_00516,"I get chest tightness when climbing stairs, but sometimes it follows spicy food at night. Antacids help a little, but last week pain went to my left arm and I got sweaty. I am 58 and diabetic.",acute coronary syndrome,"Exertional chest pain with arm radiation and sweating is high-risk evidence for ischemia. Spicy food and partial antacid relief are preserved as reflux-like but weaker contrastive clues. Age and diabetes increase cardiac risk, so ACS should be prioritized.",Root: grounded conclusion. [Nucleus: high-information evidence] [Satellite-contrast: weaker alternative] [Nucleus-elaboration: risk factors] [Conclusion: integrated decision],0
synthetic_00517,For months I wake with stiff fingers that take over an hour to loosen. Both wrists hurt and I feel exhausted even after sleeping. Symptoms improve once I start moving.,rheumatoid arthritis,"Prolonged morning stiffness and bilateral wrist involvement support inflammatory arthritis. Improvement with movement further supports an inflammatory process. Fatigue is nonspecific but consistent with systemic inflammation, so rheumatoid arthritis is favored.",Root: grounded conclusion. [Nucleus: high-information evidence] [Satellite-contrast: weaker alternative] [Nucleus-elaboration: risk factors] [Conclusion: integrated decision],0
synthetic_00518,"I have fever and cough, but also severe neck stiffness and light hurts my eyes. I feel much worse than with my usual colds.",meningitis risk,"Fever and cough are compatible with a viral illness, but neck stiffness and photophobia are red flags. These red flags should remain central, so meningitis must be considered urgently.",Root: grounded conclusion. [Nucleus: high-information evidence] [Satellite-contrast: weaker alternative] [Nucleus-elaboration: risk factors] [Conclusion: integrated decision],0
synthetic_00519,"I get chest tightness when climbing stairs, but sometimes it follows spicy food at night. Antacids help a little, but last week pain went to my left arm and I got sweaty. I am 58 and diabetic.",acute coronary syndrome,"Exertional chest pain with arm radiation and sweating is high-risk evidence for ischemia. Spicy food and partial antacid relief are preserved as reflux-like but weaker contrastive clues. Age and diabetes increase cardiac risk, so ACS should be prioritized.",Root: grounded conclusion. [Nucleus: high-information evidence] [Satellite-contrast: weaker alternative] [Nucleus-elaboration: risk factors] [Conclusion: integrated decision],0
synthetic_00520,For months I wake with stiff fingers that take over an hour to loosen. Both wrists hurt and I feel exhausted even after sleeping. Symptoms improve once I start moving.,osteoarthritis,Hand pain suggests a degenerative joint problem. Bilateral symptoms can be age-related. Therefore osteoarthritis explains the complaint.,Root: hallucinated conclusion. [Nucleus: weak salient clue -> preferred diagnosis] [Satellite-downplay: contradictory red flag] [Conclusion: premature closure],1
synthetic_00521,"I have fever and cough, but also severe neck stiffness and light hurts my eyes. I feel much worse than with my usual colds.",flu,Fever and cough usually indicate flu. Neck stiffness can happen with muscle aches during flu. Therefore this is likely flu.,Root: hallucinated conclusion. [Nucleus: weak salient clue -> preferred diagnosis] [Satellite-downplay: contradictory red flag] [Conclusion: premature closure],1
synthetic_00522,"I get chest tightness when climbing stairs, but sometimes it follows spicy food at night. Antacids help a little, but last week pain went to my left arm and I got sweaty. I am 58 and diabetic.",GERD,Spicy food and antacid relief suggest reflux. Arm pain and sweating can be anxiety during discomfort. Therefore GERD explains the symptoms.,Root: hallucinated conclusion. [Nucleus: weak salient clue -> preferred diagnosis] [Satellite-downplay: contradictory red flag] [Conclusion: premature closure],1
synthetic_00523,For months I wake with stiff fingers that take over an hour to loosen. Both wrists hurt and I feel exhausted even after sleeping. Symptoms improve once I start moving.,osteoarthritis,Hand pain suggests a degenerative joint problem. Bilateral symptoms can be age-related. Therefore osteoarthritis explains the complaint.,Root: hallucinated conclusion. [Nucleus: weak salient clue -> preferred diagnosis] [Satellite-downplay: contradictory red flag] [Conclusion: premature closure],1
synthetic_00524,"I have fever and cough, but also severe neck stiffness and light hurts my eyes. I feel much worse than with my usual colds.",meningitis risk,"Fever and cough are compatible with a viral illness, but neck stiffness and photophobia are red flags. These red flags should remain central, so meningitis must be considered urgently.",Root: grounded conclusion. [Nucleus: high-information evidence] [Satellite-contrast: weaker alternative] [Nucleus-elaboration: risk factors] [Conclusion: integrated decision],0
synthetic_00525,"I get chest tightness when climbing stairs, but sometimes it follows spicy food at night. Antacids help a little, but last week pain went to my left arm and I got sweaty. I am 58 and diabetic.",acute coronary syndrome,"Exertional chest pain with arm radiation and sweating is high-risk evidence for ischemia. Spicy food and partial antacid relief are preserved as reflux-like but weaker contrastive clues. Age and diabetes increase cardiac risk, so ACS should be prioritized.",Root: grounded conclusion. [Nucleus: high-information evidence] [Satellite-contrast: weaker alternative] [Nucleus-elaboration: risk factors] [Conclusion: integrated decision],0
synthetic_00526,For months I wake with stiff fingers that take over an hour to loosen. Both wrists hurt and I feel exhausted even after sleeping. Symptoms improve once I start moving.,osteoarthritis,Hand pain suggests a degenerative joint problem. Bilateral symptoms can be age-related. Therefore osteoarthritis explains the complaint.,Root: hallucinated conclusion. [Nucleus: weak salient clue -> preferred diagnosis] [Satellite-downplay: contradictory red flag] [Conclusion: premature closure],1
synthetic_00527,"I have fever and cough, but also severe neck stiffness and light hurts my eyes. I feel much worse than with my usual colds.",meningitis risk,"Fever and cough are compatible with a viral illness, but neck stiffness and photophobia are red flags. These red flags should remain central, so meningitis must be considered urgently.",Root: grounded conclusion. [Nucleus: high-information evidence] [Satellite-contrast: weaker alternative] [Nucleus-elaboration: risk factors] [Conclusion: integrated decision],0
synthetic_00528,"I get chest tightness when climbing stairs, but sometimes it follows spicy food at night. Antacids help a little, but last week pain went to my left arm and I got sweaty. I am 58 and diabetic.",acute coronary syndrome,"Exertional chest pain with arm radiation and sweating is high-risk evidence for ischemia. Spicy food and partial antacid relief are preserved as reflux-like but weaker contrastive clues. Age and diabetes increase cardiac risk, so ACS should be prioritized.",Root: grounded conclusion. [Nucleus: high-information evidence] [Satellite-contrast: weaker alternative] [Nucleus-elaboration: risk factors] [Conclusion: integrated decision],0
synthetic_00529,For months I wake with stiff fingers that take over an hour to loosen. Both wrists hurt and I feel exhausted even after sleeping. Symptoms improve once I start moving.,osteoarthritis,Hand pain suggests a degenerative joint problem. Bilateral symptoms can be age-related. Therefore osteoarthritis explains the complaint.,Root: hallucinated conclusion. [Nucleus: weak salient clue -> preferred diagnosis] [Satellite-downplay: contradictory red flag] [Conclusion: premature closure],1
synthetic_00530,"I have fever and cough, but also severe neck stiffness and light hurts my eyes. I feel much worse than with my usual colds.",meningitis risk,"Fever and cough are compatible with a viral illness, but neck stiffness and photophobia are red flags. These red flags should remain central, so meningitis must be considered urgently.",Root: grounded conclusion. [Nucleus: high-information evidence] [Satellite-contrast: weaker alternative] [Nucleus-elaboration: risk factors] [Conclusion: integrated decision],0
synthetic_00531,"I get chest tightness when climbing stairs, but sometimes it follows spicy food at night. Antacids help a little, but last week pain went to my left arm and I got sweaty. I am 58 and diabetic.",GERD,Spicy food and antacid relief suggest reflux. Arm pain and sweating can be anxiety during discomfort. Therefore GERD explains the symptoms.,Root: hallucinated conclusion. [Nucleus: weak salient clue -> preferred diagnosis] [Satellite-downplay: contradictory red flag] [Conclusion: premature closure],1
synthetic_00532,For months I wake with stiff fingers that take over an hour to loosen. Both wrists hurt and I feel exhausted even after sleeping. Symptoms improve once I start moving.,rheumatoid arthritis,"Prolonged morning stiffness and bilateral wrist involvement support inflammatory arthritis. Improvement with movement further supports an inflammatory process. Fatigue is nonspecific but consistent with systemic inflammation, so rheumatoid arthritis is favored.",Root: grounded conclusion. [Nucleus: high-information evidence] [Satellite-contrast: weaker alternative] [Nucleus-elaboration: risk factors] [Conclusion: integrated decision],0
synthetic_00533,"I have fever and cough, but also severe neck stiffness and light hurts my eyes. I feel much worse than with my usual colds.",flu,Fever and cough usually indicate flu. Neck stiffness can happen with muscle aches during flu. Therefore this is likely flu.,Root: hallucinated conclusion. [Nucleus: weak salient clue -> preferred diagnosis] [Satellite-downplay: contradictory red flag] [Conclusion: premature closure],1
synthetic_00534,"I get chest tightness when climbing stairs, but sometimes it follows spicy food at night. Antacids help a little, but last week pain went to my left arm and I got sweaty. I am 58 and diabetic.",acute coronary syndrome,"Exertional chest pain with arm radiation and sweating is high-risk evidence for ischemia. Spicy food and partial antacid relief are preserved as reflux-like but weaker contrastive clues. Age and diabetes increase cardiac risk, so ACS should be prioritized.",Root: grounded conclusion. [Nucleus: high-information evidence] [Satellite-contrast: weaker alternative] [Nucleus-elaboration: risk factors] [Conclusion: integrated decision],0
synthetic_00535,For months I wake with stiff fingers that take over an hour to loosen. Both wrists hurt and I feel exhausted even after sleeping. Symptoms improve once I start moving.,rheumatoid arthritis,"Prolonged morning stiffness and bilateral wrist involvement support inflammatory arthritis. Improvement with movement further supports an inflammatory process. Fatigue is nonspecific but consistent with systemic inflammation, so rheumatoid arthritis is favored.",Root: grounded conclusion. [Nucleus: high-information evidence] [Satellite-contrast: weaker alternative] [Nucleus-elaboration: risk factors] [Conclusion: integrated decision],0
synthetic_00536,"I have fever and cough, but also severe neck stiffness and light hurts my eyes. I feel much worse than with my usual colds.",meningitis risk,"Fever and cough are compatible with a viral illness, but neck stiffness and photophobia are red flags. These red flags should remain central, so meningitis must be considered urgently.",Root: grounded conclusion. [Nucleus: high-information evidence] [Satellite-contrast: weaker alternative] [Nucleus-elaboration: risk factors] [Conclusion: integrated decision],0
synthetic_00537,"I get chest tightness when climbing stairs, but sometimes it follows spicy food at night. Antacids help a little, but last week pain went to my left arm and I got sweaty. I am 58 and diabetic.",GERD,Spicy food and antacid relief suggest reflux. Arm pain and sweating can be anxiety during discomfort. Therefore GERD explains the symptoms.,Root: hallucinated conclusion. [Nucleus: weak salient clue -> preferred diagnosis] [Satellite-downplay: contradictory red flag] [Conclusion: premature closure],1
synthetic_00538,For months I wake with stiff fingers that take over an hour to loosen. Both wrists hurt and I feel exhausted even after sleeping. Symptoms improve once I start moving.,osteoarthritis,Hand pain suggests a degenerative joint problem. Bilateral symptoms can be age-related. Therefore osteoarthritis explains the complaint.,Root: hallucinated conclusion. [Nucleus: weak salient clue -> preferred diagnosis] [Satellite-downplay: contradictory red flag] [Conclusion: premature closure],1
synthetic_00539,"I have fever and cough, but also severe neck stiffness and light hurts my eyes. I feel much worse than with my usual colds.",meningitis risk,"Fever and cough are compatible with a viral illness, but neck stiffness and photophobia are red flags. These red flags should remain central, so meningitis must be considered urgently.",Root: grounded conclusion. [Nucleus: high-information evidence] [Satellite-contrast: weaker alternative] [Nucleus-elaboration: risk factors] [Conclusion: integrated decision],0
synthetic_00540,"I get chest tightness when climbing stairs, but sometimes it follows spicy food at night. Antacids help a little, but last week pain went to my left arm and I got sweaty. I am 58 and diabetic.",GERD,Spicy food and antacid relief suggest reflux. Arm pain and sweating can be anxiety during discomfort. Therefore GERD explains the symptoms.,Root: hallucinated conclusion. [Nucleus: weak salient clue -> preferred diagnosis] [Satellite-downplay: contradictory red flag] [Conclusion: premature closure],1
synthetic_00541,For months I wake with stiff fingers that take over an hour to loosen. Both wrists hurt and I feel exhausted even after sleeping. Symptoms improve once I start moving.,osteoarthritis,Hand pain suggests a degenerative joint problem. Bilateral symptoms can be age-related. Therefore osteoarthritis explains the complaint.,Root: hallucinated conclusion. [Nucleus: weak salient clue -> preferred diagnosis] [Satellite-downplay: contradictory red flag] [Conclusion: premature closure],1
synthetic_00542,"I have fever and cough, but also severe neck stiffness and light hurts my eyes. I feel much worse than with my usual colds.",meningitis risk,"Fever and cough are compatible with a viral illness, but neck stiffness and photophobia are red flags. These red flags should remain central, so meningitis must be considered urgently.",Root: grounded conclusion. [Nucleus: high-information evidence] [Satellite-contrast: weaker alternative] [Nucleus-elaboration: risk factors] [Conclusion: integrated decision],0
synthetic_00543,"I get chest tightness when climbing stairs, but sometimes it follows spicy food at night. Antacids help a little, but last week pain went to my left arm and I got sweaty. I am 58 and diabetic.",acute coronary syndrome,"Exertional chest pain with arm radiation and sweating is high-risk evidence for ischemia. Spicy food and partial antacid relief are preserved as reflux-like but weaker contrastive clues. Age and diabetes increase cardiac risk, so ACS should be prioritized.",Root: grounded conclusion. [Nucleus: high-information evidence] [Satellite-contrast: weaker alternative] [Nucleus-elaboration: risk factors] [Conclusion: integrated decision],0
synthetic_00544,For months I wake with stiff fingers that take over an hour to loosen. Both wrists hurt and I feel exhausted even after sleeping. Symptoms improve once I start moving.,osteoarthritis,Hand pain suggests a degenerative joint problem. Bilateral symptoms can be age-related. Therefore osteoarthritis explains the complaint.,Root: hallucinated conclusion. [Nucleus: weak salient clue -> preferred diagnosis] [Satellite-downplay: contradictory red flag] [Conclusion: premature closure],1
synthetic_00545,"I have fever and cough, but also severe neck stiffness and light hurts my eyes. I feel much worse than with my usual colds.",flu,Fever and cough usually indicate flu. Neck stiffness can happen with muscle aches during flu. Therefore this is likely flu.,Root: hallucinated conclusion. [Nucleus: weak salient clue -> preferred diagnosis] [Satellite-downplay: contradictory red flag] [Conclusion: premature closure],1
synthetic_00546,"I get chest tightness when climbing stairs, but sometimes it follows spicy food at night. Antacids help a little, but last week pain went to my left arm and I got sweaty. I am 58 and diabetic.",acute coronary syndrome,"Exertional chest pain with arm radiation and sweating is high-risk evidence for ischemia. Spicy food and partial antacid relief are preserved as reflux-like but weaker contrastive clues. Age and diabetes increase cardiac risk, so ACS should be prioritized.",Root: grounded conclusion. [Nucleus: high-information evidence] [Satellite-contrast: weaker alternative] [Nucleus-elaboration: risk factors] [Conclusion: integrated decision],0
synthetic_00547,For months I wake with stiff fingers that take over an hour to loosen. Both wrists hurt and I feel exhausted even after sleeping. Symptoms improve once I start moving.,osteoarthritis,Hand pain suggests a degenerative joint problem. Bilateral symptoms can be age-related. Therefore osteoarthritis explains the complaint.,Root: hallucinated conclusion. [Nucleus: weak salient clue -> preferred diagnosis] [Satellite-downplay: contradictory red flag] [Conclusion: premature closure],1
synthetic_00548,"I have fever and cough, but also severe neck stiffness and light hurts my eyes. I feel much worse than with my usual colds.",flu,Fever and cough usually indicate flu. Neck stiffness can happen with muscle aches during flu. Therefore this is likely flu.,Root: hallucinated conclusion. [Nucleus: weak salient clue -> preferred diagnosis] [Satellite-downplay: contradictory red flag] [Conclusion: premature closure],1
synthetic_00549,"I get chest tightness when climbing stairs, but sometimes it follows spicy food at night. Antacids help a little, but last week pain went to my left arm and I got sweaty. I am 58 and diabetic.",GERD,Spicy food and antacid relief suggest reflux. Arm pain and sweating can be anxiety during discomfort. Therefore GERD explains the symptoms.,Root: hallucinated conclusion. [Nucleus: weak salient clue -> preferred diagnosis] [Satellite-downplay: contradictory red flag] [Conclusion: premature closure],1
synthetic_00550,For months I wake with stiff fingers that take over an hour to loosen. Both wrists hurt and I feel exhausted even after sleeping. Symptoms improve once I start moving.,osteoarthritis,Hand pain suggests a degenerative joint problem. Bilateral symptoms can be age-related. Therefore osteoarthritis explains the complaint.,Root: hallucinated conclusion. [Nucleus: weak salient clue -> preferred diagnosis] [Satellite-downplay: contradictory red flag] [Conclusion: premature closure],1
synthetic_00551,"I have fever and cough, but also severe neck stiffness and light hurts my eyes. I feel much worse than with my usual colds.",meningitis risk,"Fever and cough are compatible with a viral illness, but neck stiffness and photophobia are red flags. These red flags should remain central, so meningitis must be considered urgently.",Root: grounded conclusion. [Nucleus: high-information evidence] [Satellite-contrast: weaker alternative] [Nucleus-elaboration: risk factors] [Conclusion: integrated decision],0
synthetic_00552,"I get chest tightness when climbing stairs, but sometimes it follows spicy food at night. Antacids help a little, but last week pain went to my left arm and I got sweaty. I am 58 and diabetic.",acute coronary syndrome,"Exertional chest pain with arm radiation and sweating is high-risk evidence for ischemia. Spicy food and partial antacid relief are preserved as reflux-like but weaker contrastive clues. Age and diabetes increase cardiac risk, so ACS should be prioritized.",Root: grounded conclusion. [Nucleus: high-information evidence] [Satellite-contrast: weaker alternative] [Nucleus-elaboration: risk factors] [Conclusion: integrated decision],0
synthetic_00553,For months I wake with stiff fingers that take over an hour to loosen. Both wrists hurt and I feel exhausted even after sleeping. Symptoms improve once I start moving.,osteoarthritis,Hand pain suggests a degenerative joint problem. Bilateral symptoms can be age-related. Therefore osteoarthritis explains the complaint.,Root: hallucinated conclusion. [Nucleus: weak salient clue -> preferred diagnosis] [Satellite-downplay: contradictory red flag] [Conclusion: premature closure],1
synthetic_00554,"I have fever and cough, but also severe neck stiffness and light hurts my eyes. I feel much worse than with my usual colds.",flu,Fever and cough usually indicate flu. Neck stiffness can happen with muscle aches during flu. Therefore this is likely flu.,Root: hallucinated conclusion. [Nucleus: weak salient clue -> preferred diagnosis] [Satellite-downplay: contradictory red flag] [Conclusion: premature closure],1
synthetic_00555,"I get chest tightness when climbing stairs, but sometimes it follows spicy food at night. Antacids help a little, but last week pain went to my left arm and I got sweaty. I am 58 and diabetic.",acute coronary syndrome,"Exertional chest pain with arm radiation and sweating is high-risk evidence for ischemia. Spicy food and partial antacid relief are preserved as reflux-like but weaker contrastive clues. Age and diabetes increase cardiac risk, so ACS should be prioritized.",Root: grounded conclusion. [Nucleus: high-information evidence] [Satellite-contrast: weaker alternative] [Nucleus-elaboration: risk factors] [Conclusion: integrated decision],0
synthetic_00556,For months I wake with stiff fingers that take over an hour to loosen. Both wrists hurt and I feel exhausted even after sleeping. Symptoms improve once I start moving.,rheumatoid arthritis,"Prolonged morning stiffness and bilateral wrist involvement support inflammatory arthritis. Improvement with movement further supports an inflammatory process. Fatigue is nonspecific but consistent with systemic inflammation, so rheumatoid arthritis is favored.",Root: grounded conclusion. [Nucleus: high-information evidence] [Satellite-contrast: weaker alternative] [Nucleus-elaboration: risk factors] [Conclusion: integrated decision],0
synthetic_00557,"I have fever and cough, but also severe neck stiffness and light hurts my eyes. I feel much worse than with my usual colds.",flu,Fever and cough usually indicate flu. Neck stiffness can happen with muscle aches during flu. Therefore this is likely flu.,Root: hallucinated conclusion. [Nucleus: weak salient clue -> preferred diagnosis] [Satellite-downplay: contradictory red flag] [Conclusion: premature closure],1
synthetic_00558,"I get chest tightness when climbing stairs, but sometimes it follows spicy food at night. Antacids help a little, but last week pain went to my left arm and I got sweaty. I am 58 and diabetic.",acute coronary syndrome,"Exertional chest pain with arm radiation and sweating is high-risk evidence for ischemia. Spicy food and partial antacid relief are preserved as reflux-like but weaker contrastive clues. Age and diabetes increase cardiac risk, so ACS should be prioritized.",Root: grounded conclusion. [Nucleus: high-information evidence] [Satellite-contrast: weaker alternative] [Nucleus-elaboration: risk factors] [Conclusion: integrated decision],0
synthetic_00559,For months I wake with stiff fingers that take over an hour to loosen. Both wrists hurt and I feel exhausted even after sleeping. Symptoms improve once I start moving.,rheumatoid arthritis,"Prolonged morning stiffness and bilateral wrist involvement support inflammatory arthritis. Improvement with movement further supports an inflammatory process. Fatigue is nonspecific but consistent with systemic inflammation, so rheumatoid arthritis is favored.",Root: grounded conclusion. [Nucleus: high-information evidence] [Satellite-contrast: weaker alternative] [Nucleus-elaboration: risk factors] [Conclusion: integrated decision],0
synthetic_00560,"I have fever and cough, but also severe neck stiffness and light hurts my eyes. I feel much worse than with my usual colds.",meningitis risk,"Fever and cough are compatible with a viral illness, but neck stiffness and photophobia are red flags. These red flags should remain central, so meningitis must be considered urgently.",Root: grounded conclusion. [Nucleus: high-information evidence] [Satellite-contrast: weaker alternative] [Nucleus-elaboration: risk factors] [Conclusion: integrated decision],0
synthetic_00561,"I get chest tightness when climbing stairs, but sometimes it follows spicy food at night. Antacids help a little, but last week pain went to my left arm and I got sweaty. I am 58 and diabetic.",acute coronary syndrome,"Exertional chest pain with arm radiation and sweating is high-risk evidence for ischemia. Spicy food and partial antacid relief are preserved as reflux-like but weaker contrastive clues. Age and diabetes increase cardiac risk, so ACS should be prioritized.",Root: grounded conclusion. [Nucleus: high-information evidence] [Satellite-contrast: weaker alternative] [Nucleus-elaboration: risk factors] [Conclusion: integrated decision],0
synthetic_00562,For months I wake with stiff fingers that take over an hour to loosen. Both wrists hurt and I feel exhausted even after sleeping. Symptoms improve once I start moving.,osteoarthritis,Hand pain suggests a degenerative joint problem. Bilateral symptoms can be age-related. Therefore osteoarthritis explains the complaint.,Root: hallucinated conclusion. [Nucleus: weak salient clue -> preferred diagnosis] [Satellite-downplay: contradictory red flag] [Conclusion: premature closure],1
synthetic_00563,"I have fever and cough, but also severe neck stiffness and light hurts my eyes. I feel much worse than with my usual colds.",meningitis risk,"Fever and cough are compatible with a viral illness, but neck stiffness and photophobia are red flags. These red flags should remain central, so meningitis must be considered urgently.",Root: grounded conclusion. [Nucleus: high-information evidence] [Satellite-contrast: weaker alternative] [Nucleus-elaboration: risk factors] [Conclusion: integrated decision],0
synthetic_00564,"I get chest tightness when climbing stairs, but sometimes it follows spicy food at night. Antacids help a little, but last week pain went to my left arm and I got sweaty. I am 58 and diabetic.",acute coronary syndrome,"Exertional chest pain with arm radiation and sweating is high-risk evidence for ischemia. Spicy food and partial antacid relief are preserved as reflux-like but weaker contrastive clues. Age and diabetes increase cardiac risk, so ACS should be prioritized.",Root: grounded conclusion. [Nucleus: high-information evidence] [Satellite-contrast: weaker alternative] [Nucleus-elaboration: risk factors] [Conclusion: integrated decision],0
synthetic_00565,For months I wake with stiff fingers that take over an hour to loosen. Both wrists hurt and I feel exhausted even after sleeping. Symptoms improve once I start moving.,rheumatoid arthritis,"Prolonged morning stiffness and bilateral wrist involvement support inflammatory arthritis. Improvement with movement further supports an inflammatory process. Fatigue is nonspecific but consistent with systemic inflammation, so rheumatoid arthritis is favored.",Root: grounded conclusion. [Nucleus: high-information evidence] [Satellite-contrast: weaker alternative] [Nucleus-elaboration: risk factors] [Conclusion: integrated decision],0
synthetic_00566,"I have fever and cough, but also severe neck stiffness and light hurts my eyes. I feel much worse than with my usual colds.",flu,Fever and cough usually indicate flu. Neck stiffness can happen with muscle aches during flu. Therefore this is likely flu.,Root: hallucinated conclusion. [Nucleus: weak salient clue -> preferred diagnosis] [Satellite-downplay: contradictory red flag] [Conclusion: premature closure],1
synthetic_00567,"I get chest tightness when climbing stairs, but sometimes it follows spicy food at night. Antacids help a little, but last week pain went to my left arm and I got sweaty. I am 58 and diabetic.",acute coronary syndrome,"Exertional chest pain with arm radiation and sweating is high-risk evidence for ischemia. Spicy food and partial antacid relief are preserved as reflux-like but weaker contrastive clues. Age and diabetes increase cardiac risk, so ACS should be prioritized.",Root: grounded conclusion. [Nucleus: high-information evidence] [Satellite-contrast: weaker alternative] [Nucleus-elaboration: risk factors] [Conclusion: integrated decision],0
synthetic_00568,For months I wake with stiff fingers that take over an hour to loosen. Both wrists hurt and I feel exhausted even after sleeping. Symptoms improve once I start moving.,rheumatoid arthritis,"Prolonged morning stiffness and bilateral wrist involvement support inflammatory arthritis. Improvement with movement further supports an inflammatory process. Fatigue is nonspecific but consistent with systemic inflammation, so rheumatoid arthritis is favored.",Root: grounded conclusion. [Nucleus: high-information evidence] [Satellite-contrast: weaker alternative] [Nucleus-elaboration: risk factors] [Conclusion: integrated decision],0
synthetic_00569,"I have fever and cough, but also severe neck stiffness and light hurts my eyes. I feel much worse than with my usual colds.",flu,Fever and cough usually indicate flu. Neck stiffness can happen with muscle aches during flu. Therefore this is likely flu.,Root: hallucinated conclusion. [Nucleus: weak salient clue -> preferred diagnosis] [Satellite-downplay: contradictory red flag] [Conclusion: premature closure],1
synthetic_00570,"I get chest tightness when climbing stairs, but sometimes it follows spicy food at night. Antacids help a little, but last week pain went to my left arm and I got sweaty. I am 58 and diabetic.",GERD,Spicy food and antacid relief suggest reflux. Arm pain and sweating can be anxiety during discomfort. Therefore GERD explains the symptoms.,Root: hallucinated conclusion. [Nucleus: weak salient clue -> preferred diagnosis] [Satellite-downplay: contradictory red flag] [Conclusion: premature closure],1
synthetic_00571,For months I wake with stiff fingers that take over an hour to loosen. Both wrists hurt and I feel exhausted even after sleeping. Symptoms improve once I start moving.,rheumatoid arthritis,"Prolonged morning stiffness and bilateral wrist involvement support inflammatory arthritis. Improvement with movement further supports an inflammatory process. Fatigue is nonspecific but consistent with systemic inflammation, so rheumatoid arthritis is favored.",Root: grounded conclusion. [Nucleus: high-information evidence] [Satellite-contrast: weaker alternative] [Nucleus-elaboration: risk factors] [Conclusion: integrated decision],0
synthetic_00572,"I have fever and cough, but also severe neck stiffness and light hurts my eyes. I feel much worse than with my usual colds.",flu,Fever and cough usually indicate flu. Neck stiffness can happen with muscle aches during flu. Therefore this is likely flu.,Root: hallucinated conclusion. [Nucleus: weak salient clue -> preferred diagnosis] [Satellite-downplay: contradictory red flag] [Conclusion: premature closure],1
synthetic_00573,"I get chest tightness when climbing stairs, but sometimes it follows spicy food at night. Antacids help a little, but last week pain went to my left arm and I got sweaty. I am 58 and diabetic.",GERD,Spicy food and antacid relief suggest reflux. Arm pain and sweating can be anxiety during discomfort. Therefore GERD explains the symptoms.,Root: hallucinated conclusion. [Nucleus: weak salient clue -> preferred diagnosis] [Satellite-downplay: contradictory red flag] [Conclusion: premature closure],1
synthetic_00574,For months I wake with stiff fingers that take over an hour to loosen. Both wrists hurt and I feel exhausted even after sleeping. Symptoms improve once I start moving.,osteoarthritis,Hand pain suggests a degenerative joint problem. Bilateral symptoms can be age-related. Therefore osteoarthritis explains the complaint.,Root: hallucinated conclusion. [Nucleus: weak salient clue -> preferred diagnosis] [Satellite-downplay: contradictory red flag] [Conclusion: premature closure],1
synthetic_00575,"I have fever and cough, but also severe neck stiffness and light hurts my eyes. I feel much worse than with my usual colds.",flu,Fever and cough usually indicate flu. Neck stiffness can happen with muscle aches during flu. Therefore this is likely flu.,Root: hallucinated conclusion. [Nucleus: weak salient clue -> preferred diagnosis] [Satellite-downplay: contradictory red flag] [Conclusion: premature closure],1
synthetic_00576,"I get chest tightness when climbing stairs, but sometimes it follows spicy food at night. Antacids help a little, but last week pain went to my left arm and I got sweaty. I am 58 and diabetic.",GERD,Spicy food and antacid relief suggest reflux. Arm pain and sweating can be anxiety during discomfort. Therefore GERD explains the symptoms.,Root: hallucinated conclusion. [Nucleus: weak salient clue -> preferred diagnosis] [Satellite-downplay: contradictory red flag] [Conclusion: premature closure],1
synthetic_00577,For months I wake with stiff fingers that take over an hour to loosen. Both wrists hurt and I feel exhausted even after sleeping. Symptoms improve once I start moving.,rheumatoid arthritis,"Prolonged morning stiffness and bilateral wrist involvement support inflammatory arthritis. Improvement with movement further supports an inflammatory process. Fatigue is nonspecific but consistent with systemic inflammation, so rheumatoid arthritis is favored.",Root: grounded conclusion. [Nucleus: high-information evidence] [Satellite-contrast: weaker alternative] [Nucleus-elaboration: risk factors] [Conclusion: integrated decision],0
synthetic_00578,"I have fever and cough, but also severe neck stiffness and light hurts my eyes. I feel much worse than with my usual colds.",meningitis risk,"Fever and cough are compatible with a viral illness, but neck stiffness and photophobia are red flags. These red flags should remain central, so meningitis must be considered urgently.",Root: grounded conclusion. [Nucleus: high-information evidence] [Satellite-contrast: weaker alternative] [Nucleus-elaboration: risk factors] [Conclusion: integrated decision],0
synthetic_00579,"I get chest tightness when climbing stairs, but sometimes it follows spicy food at night. Antacids help a little, but last week pain went to my left arm and I got sweaty. I am 58 and diabetic.",GERD,Spicy food and antacid relief suggest reflux. Arm pain and sweating can be anxiety during discomfort. Therefore GERD explains the symptoms.,Root: hallucinated conclusion. [Nucleus: weak salient clue -> preferred diagnosis] [Satellite-downplay: contradictory red flag] [Conclusion: premature closure],1
synthetic_00580,For months I wake with stiff fingers that take over an hour to loosen. Both wrists hurt and I feel exhausted even after sleeping. Symptoms improve once I start moving.,rheumatoid arthritis,"Prolonged morning stiffness and bilateral wrist involvement support inflammatory arthritis. Improvement with movement further supports an inflammatory process. Fatigue is nonspecific but consistent with systemic inflammation, so rheumatoid arthritis is favored.",Root: grounded conclusion. [Nucleus: high-information evidence] [Satellite-contrast: weaker alternative] [Nucleus-elaboration: risk factors] [Conclusion: integrated decision],0
synthetic_00581,"I have fever and cough, but also severe neck stiffness and light hurts my eyes. I feel much worse than with my usual colds.",meningitis risk,"Fever and cough are compatible with a viral illness, but neck stiffness and photophobia are red flags. These red flags should remain central, so meningitis must be considered urgently.",Root: grounded conclusion. [Nucleus: high-information evidence] [Satellite-contrast: weaker alternative] [Nucleus-elaboration: risk factors] [Conclusion: integrated decision],0
synthetic_00582,"I get chest tightness when climbing stairs, but sometimes it follows spicy food at night. Antacids help a little, but last week pain went to my left arm and I got sweaty. I am 58 and diabetic.",GERD,Spicy food and antacid relief suggest reflux. Arm pain and sweating can be anxiety during discomfort. Therefore GERD explains the symptoms.,Root: hallucinated conclusion. [Nucleus: weak salient clue -> preferred diagnosis] [Satellite-downplay: contradictory red flag] [Conclusion: premature closure],1
synthetic_00583,For months I wake with stiff fingers that take over an hour to loosen. Both wrists hurt and I feel exhausted even after sleeping. Symptoms improve once I start moving.,osteoarthritis,Hand pain suggests a degenerative joint problem. Bilateral symptoms can be age-related. Therefore osteoarthritis explains the complaint.,Root: hallucinated conclusion. [Nucleus: weak salient clue -> preferred diagnosis] [Satellite-downplay: contradictory red flag] [Conclusion: premature closure],1
synthetic_00584,"I have fever and cough, but also severe neck stiffness and light hurts my eyes. I feel much worse than with my usual colds.",meningitis risk,"Fever and cough are compatible with a viral illness, but neck stiffness and photophobia are red flags. These red flags should remain central, so meningitis must be considered urgently.",Root: grounded conclusion. [Nucleus: high-information evidence] [Satellite-contrast: weaker alternative] [Nucleus-elaboration: risk factors] [Conclusion: integrated decision],0
synthetic_00585,"I get chest tightness when climbing stairs, but sometimes it follows spicy food at night. Antacids help a little, but last week pain went to my left arm and I got sweaty. I am 58 and diabetic.",acute coronary syndrome,"Exertional chest pain with arm radiation and sweating is high-risk evidence for ischemia. Spicy food and partial antacid relief are preserved as reflux-like but weaker contrastive clues. Age and diabetes increase cardiac risk, so ACS should be prioritized.",Root: grounded conclusion. [Nucleus: high-information evidence] [Satellite-contrast: weaker alternative] [Nucleus-elaboration: risk factors] [Conclusion: integrated decision],0
synthetic_00586,For months I wake with stiff fingers that take over an hour to loosen. Both wrists hurt and I feel exhausted even after sleeping. Symptoms improve once I start moving.,osteoarthritis,Hand pain suggests a degenerative joint problem. Bilateral symptoms can be age-related. Therefore osteoarthritis explains the complaint.,Root: hallucinated conclusion. [Nucleus: weak salient clue -> preferred diagnosis] [Satellite-downplay: contradictory red flag] [Conclusion: premature closure],1
synthetic_00587,"I have fever and cough, but also severe neck stiffness and light hurts my eyes. I feel much worse than with my usual colds.",flu,Fever and cough usually indicate flu. Neck stiffness can happen with muscle aches during flu. Therefore this is likely flu.,Root: hallucinated conclusion. [Nucleus: weak salient clue -> preferred diagnosis] [Satellite-downplay: contradictory red flag] [Conclusion: premature closure],1
synthetic_00588,"I get chest tightness when climbing stairs, but sometimes it follows spicy food at night. Antacids help a little, but last week pain went to my left arm and I got sweaty. I am 58 and diabetic.",acute coronary syndrome,"Exertional chest pain with arm radiation and sweating is high-risk evidence for ischemia. Spicy food and partial antacid relief are preserved as reflux-like but weaker contrastive clues. Age and diabetes increase cardiac risk, so ACS should be prioritized.",Root: grounded conclusion. [Nucleus: high-information evidence] [Satellite-contrast: weaker alternative] [Nucleus-elaboration: risk factors] [Conclusion: integrated decision],0
synthetic_00589,For months I wake with stiff fingers that take over an hour to loosen. Both wrists hurt and I feel exhausted even after sleeping. Symptoms improve once I start moving.,rheumatoid arthritis,"Prolonged morning stiffness and bilateral wrist involvement support inflammatory arthritis. Improvement with movement further supports an inflammatory process. Fatigue is nonspecific but consistent with systemic inflammation, so rheumatoid arthritis is favored.",Root: grounded conclusion. [Nucleus: high-information evidence] [Satellite-contrast: weaker alternative] [Nucleus-elaboration: risk factors] [Conclusion: integrated decision],0
synthetic_00590,"I have fever and cough, but also severe neck stiffness and light hurts my eyes. I feel much worse than with my usual colds.",flu,Fever and cough usually indicate flu. Neck stiffness can happen with muscle aches during flu. Therefore this is likely flu.,Root: hallucinated conclusion. [Nucleus: weak salient clue -> preferred diagnosis] [Satellite-downplay: contradictory red flag] [Conclusion: premature closure],1
synthetic_00591,"I get chest tightness when climbing stairs, but sometimes it follows spicy food at night. Antacids help a little, but last week pain went to my left arm and I got sweaty. I am 58 and diabetic.",GERD,Spicy food and antacid relief suggest reflux. Arm pain and sweating can be anxiety during discomfort. Therefore GERD explains the symptoms.,Root: hallucinated conclusion. [Nucleus: weak salient clue -> preferred diagnosis] [Satellite-downplay: contradictory red flag] [Conclusion: premature closure],1
synthetic_00592,For months I wake with stiff fingers that take over an hour to loosen. Both wrists hurt and I feel exhausted even after sleeping. Symptoms improve once I start moving.,osteoarthritis,Hand pain suggests a degenerative joint problem. Bilateral symptoms can be age-related. Therefore osteoarthritis explains the complaint.,Root: hallucinated conclusion. [Nucleus: weak salient clue -> preferred diagnosis] [Satellite-downplay: contradictory red flag] [Conclusion: premature closure],1
synthetic_00593,"I have fever and cough, but also severe neck stiffness and light hurts my eyes. I feel much worse than with my usual colds.",meningitis risk,"Fever and cough are compatible with a viral illness, but neck stiffness and photophobia are red flags. These red flags should remain central, so meningitis must be considered urgently.",Root: grounded conclusion. [Nucleus: high-information evidence] [Satellite-contrast: weaker alternative] [Nucleus-elaboration: risk factors] [Conclusion: integrated decision],0
synthetic_00594,"I get chest tightness when climbing stairs, but sometimes it follows spicy food at night. Antacids help a little, but last week pain went to my left arm and I got sweaty. I am 58 and diabetic.",acute coronary syndrome,"Exertional chest pain with arm radiation and sweating is high-risk evidence for ischemia. Spicy food and partial antacid relief are preserved as reflux-like but weaker contrastive clues. Age and diabetes increase cardiac risk, so ACS should be prioritized.",Root: grounded conclusion. [Nucleus: high-information evidence] [Satellite-contrast: weaker alternative] [Nucleus-elaboration: risk factors] [Conclusion: integrated decision],0
synthetic_00595,For months I wake with stiff fingers that take over an hour to loosen. Both wrists hurt and I feel exhausted even after sleeping. Symptoms improve once I start moving.,osteoarthritis,Hand pain suggests a degenerative joint problem. Bilateral symptoms can be age-related. Therefore osteoarthritis explains the complaint.,Root: hallucinated conclusion. [Nucleus: weak salient clue -> preferred diagnosis] [Satellite-downplay: contradictory red flag] [Conclusion: premature closure],1
synthetic_00596,"I have fever and cough, but also severe neck stiffness and light hurts my eyes. I feel much worse than with my usual colds.",flu,Fever and cough usually indicate flu. Neck stiffness can happen with muscle aches during flu. Therefore this is likely flu.,Root: hallucinated conclusion. [Nucleus: weak salient clue -> preferred diagnosis] [Satellite-downplay: contradictory red flag] [Conclusion: premature closure],1
synthetic_00597,"I get chest tightness when climbing stairs, but sometimes it follows spicy food at night. Antacids help a little, but last week pain went to my left arm and I got sweaty. I am 58 and diabetic.",acute coronary syndrome,"Exertional chest pain with arm radiation and sweating is high-risk evidence for ischemia. Spicy food and partial antacid relief are preserved as reflux-like but weaker contrastive clues. Age and diabetes increase cardiac risk, so ACS should be prioritized.",Root: grounded conclusion. [Nucleus: high-information evidence] [Satellite-contrast: weaker alternative] [Nucleus-elaboration: risk factors] [Conclusion: integrated decision],0
synthetic_00598,For months I wake with stiff fingers that take over an hour to loosen. Both wrists hurt and I feel exhausted even after sleeping. Symptoms improve once I start moving.,rheumatoid arthritis,"Prolonged morning stiffness and bilateral wrist involvement support inflammatory arthritis. Improvement with movement further supports an inflammatory process. Fatigue is nonspecific but consistent with systemic inflammation, so rheumatoid arthritis is favored.",Root: grounded conclusion. [Nucleus: high-information evidence] [Satellite-contrast: weaker alternative] [Nucleus-elaboration: risk factors] [Conclusion: integrated decision],0
synthetic_00599,"I have fever and cough, but also severe neck stiffness and light hurts my eyes. I feel much worse than with my usual colds.",flu,Fever and cough usually indicate flu. Neck stiffness can happen with muscle aches during flu. Therefore this is likely flu.,Root: hallucinated conclusion. [Nucleus: weak salient clue -> preferred diagnosis] [Satellite-downplay: contradictory red flag] [Conclusion: premature closure],1
synthetic_00600,"I get chest tightness when climbing stairs, but sometimes it follows spicy food at night. Antacids help a little, but last week pain went to my left arm and I got sweaty. I am 58 and diabetic.",acute coronary syndrome,"Exertional chest pain with arm radiation and sweating is high-risk evidence for ischemia. Spicy food and partial antacid relief are preserved as reflux-like but weaker contrastive clues. Age and diabetes increase cardiac risk, so ACS should be prioritized.",Root: grounded conclusion. [Nucleus: high-information evidence] [Satellite-contrast: weaker alternative] [Nucleus-elaboration: risk factors] [Conclusion: integrated decision],0
synthetic_00601,For months I wake with stiff fingers that take over an hour to loosen. Both wrists hurt and I feel exhausted even after sleeping. Symptoms improve once I start moving.,rheumatoid arthritis,"Prolonged morning stiffness and bilateral wrist involvement support inflammatory arthritis. Improvement with movement further supports an inflammatory process. Fatigue is nonspecific but consistent with systemic inflammation, so rheumatoid arthritis is favored.",Root: grounded conclusion. [Nucleus: high-information evidence] [Satellite-contrast: weaker alternative] [Nucleus-elaboration: risk factors] [Conclusion: integrated decision],0
synthetic_00602,"I have fever and cough, but also severe neck stiffness and light hurts my eyes. I feel much worse than with my usual colds.",flu,Fever and cough usually indicate flu. Neck stiffness can happen with muscle aches during flu. Therefore this is likely flu.,Root: hallucinated conclusion. [Nucleus: weak salient clue -> preferred diagnosis] [Satellite-downplay: contradictory red flag] [Conclusion: premature closure],1
synthetic_00603,"I get chest tightness when climbing stairs, but sometimes it follows spicy food at night. Antacids help a little, but last week pain went to my left arm and I got sweaty. I am 58 and diabetic.",acute coronary syndrome,"Exertional chest pain with arm radiation and sweating is high-risk evidence for ischemia. Spicy food and partial antacid relief are preserved as reflux-like but weaker contrastive clues. Age and diabetes increase cardiac risk, so ACS should be prioritized.",Root: grounded conclusion. [Nucleus: high-information evidence] [Satellite-contrast: weaker alternative] [Nucleus-elaboration: risk factors] [Conclusion: integrated decision],0
synthetic_00604,For months I wake with stiff fingers that take over an hour to loosen. Both wrists hurt and I feel exhausted even after sleeping. Symptoms improve once I start moving.,osteoarthritis,Hand pain suggests a degenerative joint problem. Bilateral symptoms can be age-related. Therefore osteoarthritis explains the complaint.,Root: hallucinated conclusion. [Nucleus: weak salient clue -> preferred diagnosis] [Satellite-downplay: contradictory red flag] [Conclusion: premature closure],1
synthetic_00605,"I have fever and cough, but also severe neck stiffness and light hurts my eyes. I feel much worse than with my usual colds.",meningitis risk,"Fever and cough are compatible with a viral illness, but neck stiffness and photophobia are red flags. These red flags should remain central, so meningitis must be considered urgently.",Root: grounded conclusion. [Nucleus: high-information evidence] [Satellite-contrast: weaker alternative] [Nucleus-elaboration: risk factors] [Conclusion: integrated decision],0
synthetic_00606,"I get chest tightness when climbing stairs, but sometimes it follows spicy food at night. Antacids help a little, but last week pain went to my left arm and I got sweaty. I am 58 and diabetic.",acute coronary syndrome,"Exertional chest pain with arm radiation and sweating is high-risk evidence for ischemia. Spicy food and partial antacid relief are preserved as reflux-like but weaker contrastive clues. Age and diabetes increase cardiac risk, so ACS should be prioritized.",Root: grounded conclusion. [Nucleus: high-information evidence] [Satellite-contrast: weaker alternative] [Nucleus-elaboration: risk factors] [Conclusion: integrated decision],0
synthetic_00607,For months I wake with stiff fingers that take over an hour to loosen. Both wrists hurt and I feel exhausted even after sleeping. Symptoms improve once I start moving.,rheumatoid arthritis,"Prolonged morning stiffness and bilateral wrist involvement support inflammatory arthritis. Improvement with movement further supports an inflammatory process. Fatigue is nonspecific but consistent with systemic inflammation, so rheumatoid arthritis is favored.",Root: grounded conclusion. [Nucleus: high-information evidence] [Satellite-contrast: weaker alternative] [Nucleus-elaboration: risk factors] [Conclusion: integrated decision],0
synthetic_00608,"I have fever and cough, but also severe neck stiffness and light hurts my eyes. I feel much worse than with my usual colds.",flu,Fever and cough usually indicate flu. Neck stiffness can happen with muscle aches during flu. Therefore this is likely flu.,Root: hallucinated conclusion. [Nucleus: weak salient clue -> preferred diagnosis] [Satellite-downplay: contradictory red flag] [Conclusion: premature closure],1
synthetic_00609,"I get chest tightness when climbing stairs, but sometimes it follows spicy food at night. Antacids help a little, but last week pain went to my left arm and I got sweaty. I am 58 and diabetic.",GERD,Spicy food and antacid relief suggest reflux. Arm pain and sweating can be anxiety during discomfort. Therefore GERD explains the symptoms.,Root: hallucinated conclusion. [Nucleus: weak salient clue -> preferred diagnosis] [Satellite-downplay: contradictory red flag] [Conclusion: premature closure],1
synthetic_00610,For months I wake with stiff fingers that take over an hour to loosen. Both wrists hurt and I feel exhausted even after sleeping. Symptoms improve once I start moving.,osteoarthritis,Hand pain suggests a degenerative joint problem. Bilateral symptoms can be age-related. Therefore osteoarthritis explains the complaint.,Root: hallucinated conclusion. [Nucleus: weak salient clue -> preferred diagnosis] [Satellite-downplay: contradictory red flag] [Conclusion: premature closure],1
synthetic_00611,"I have fever and cough, but also severe neck stiffness and light hurts my eyes. I feel much worse than with my usual colds.",meningitis risk,"Fever and cough are compatible with a viral illness, but neck stiffness and photophobia are red flags. These red flags should remain central, so meningitis must be considered urgently.",Root: grounded conclusion. [Nucleus: high-information evidence] [Satellite-contrast: weaker alternative] [Nucleus-elaboration: risk factors] [Conclusion: integrated decision],0
synthetic_00612,"I get chest tightness when climbing stairs, but sometimes it follows spicy food at night. Antacids help a little, but last week pain went to my left arm and I got sweaty. I am 58 and diabetic.",acute coronary syndrome,"Exertional chest pain with arm radiation and sweating is high-risk evidence for ischemia. Spicy food and partial antacid relief are preserved as reflux-like but weaker contrastive clues. Age and diabetes increase cardiac risk, so ACS should be prioritized.",Root: grounded conclusion. [Nucleus: high-information evidence] [Satellite-contrast: weaker alternative] [Nucleus-elaboration: risk factors] [Conclusion: integrated decision],0
synthetic_00613,For months I wake with stiff fingers that take over an hour to loosen. Both wrists hurt and I feel exhausted even after sleeping. Symptoms improve once I start moving.,rheumatoid arthritis,"Prolonged morning stiffness and bilateral wrist involvement support inflammatory arthritis. Improvement with movement further supports an inflammatory process. Fatigue is nonspecific but consistent with systemic inflammation, so rheumatoid arthritis is favored.",Root: grounded conclusion. [Nucleus: high-information evidence] [Satellite-contrast: weaker alternative] [Nucleus-elaboration: risk factors] [Conclusion: integrated decision],0
synthetic_00614,"I have fever and cough, but also severe neck stiffness and light hurts my eyes. I feel much worse than with my usual colds.",meningitis risk,"Fever and cough are compatible with a viral illness, but neck stiffness and photophobia are red flags. These red flags should remain central, so meningitis must be considered urgently.",Root: grounded conclusion. [Nucleus: high-information evidence] [Satellite-contrast: weaker alternative] [Nucleus-elaboration: risk factors] [Conclusion: integrated decision],0
synthetic_00615,"I get chest tightness when climbing stairs, but sometimes it follows spicy food at night. Antacids help a little, but last week pain went to my left arm and I got sweaty. I am 58 and diabetic.",GERD,Spicy food and antacid relief suggest reflux. Arm pain and sweating can be anxiety during discomfort. Therefore GERD explains the symptoms.,Root: hallucinated conclusion. [Nucleus: weak salient clue -> preferred diagnosis] [Satellite-downplay: contradictory red flag] [Conclusion: premature closure],1
synthetic_00616,For months I wake with stiff fingers that take over an hour to loosen. Both wrists hurt and I feel exhausted even after sleeping. Symptoms improve once I start moving.,rheumatoid arthritis,"Prolonged morning stiffness and bilateral wrist involvement support inflammatory arthritis. Improvement with movement further supports an inflammatory process. Fatigue is nonspecific but consistent with systemic inflammation, so rheumatoid arthritis is favored.",Root: grounded conclusion. [Nucleus: high-information evidence] [Satellite-contrast: weaker alternative] [Nucleus-elaboration: risk factors] [Conclusion: integrated decision],0
synthetic_00617,"I have fever and cough, but also severe neck stiffness and light hurts my eyes. I feel much worse than with my usual colds.",meningitis risk,"Fever and cough are compatible with a viral illness, but neck stiffness and photophobia are red flags. These red flags should remain central, so meningitis must be considered urgently.",Root: grounded conclusion. [Nucleus: high-information evidence] [Satellite-contrast: weaker alternative] [Nucleus-elaboration: risk factors] [Conclusion: integrated decision],0
synthetic_00618,"I get chest tightness when climbing stairs, but sometimes it follows spicy food at night. Antacids help a little, but last week pain went to my left arm and I got sweaty. I am 58 and diabetic.",GERD,Spicy food and antacid relief suggest reflux. Arm pain and sweating can be anxiety during discomfort. Therefore GERD explains the symptoms.,Root: hallucinated conclusion. [Nucleus: weak salient clue -> preferred diagnosis] [Satellite-downplay: contradictory red flag] [Conclusion: premature closure],1
synthetic_00619,For months I wake with stiff fingers that take over an hour to loosen. Both wrists hurt and I feel exhausted even after sleeping. Symptoms improve once I start moving.,osteoarthritis,Hand pain suggests a degenerative joint problem. Bilateral symptoms can be age-related. Therefore osteoarthritis explains the complaint.,Root: hallucinated conclusion. [Nucleus: weak salient clue -> preferred diagnosis] [Satellite-downplay: contradictory red flag] [Conclusion: premature closure],1
synthetic_00620,"I have fever and cough, but also severe neck stiffness and light hurts my eyes. I feel much worse than with my usual colds.",flu,Fever and cough usually indicate flu. Neck stiffness can happen with muscle aches during flu. Therefore this is likely flu.,Root: hallucinated conclusion. [Nucleus: weak salient clue -> preferred diagnosis] [Satellite-downplay: contradictory red flag] [Conclusion: premature closure],1
synthetic_00621,"I get chest tightness when climbing stairs, but sometimes it follows spicy food at night. Antacids help a little, but last week pain went to my left arm and I got sweaty. I am 58 and diabetic.",GERD,Spicy food and antacid relief suggest reflux. Arm pain and sweating can be anxiety during discomfort. Therefore GERD explains the symptoms.,Root: hallucinated conclusion. [Nucleus: weak salient clue -> preferred diagnosis] [Satellite-downplay: contradictory red flag] [Conclusion: premature closure],1
synthetic_00622,For months I wake with stiff fingers that take over an hour to loosen. Both wrists hurt and I feel exhausted even after sleeping. Symptoms improve once I start moving.,osteoarthritis,Hand pain suggests a degenerative joint problem. Bilateral symptoms can be age-related. Therefore osteoarthritis explains the complaint.,Root: hallucinated conclusion. [Nucleus: weak salient clue -> preferred diagnosis] [Satellite-downplay: contradictory red flag] [Conclusion: premature closure],1
synthetic_00623,"I have fever and cough, but also severe neck stiffness and light hurts my eyes. I feel much worse than with my usual colds.",meningitis risk,"Fever and cough are compatible with a viral illness, but neck stiffness and photophobia are red flags. These red flags should remain central, so meningitis must be considered urgently.",Root: grounded conclusion. [Nucleus: high-information evidence] [Satellite-contrast: weaker alternative] [Nucleus-elaboration: risk factors] [Conclusion: integrated decision],0
synthetic_00624,"I get chest tightness when climbing stairs, but sometimes it follows spicy food at night. Antacids help a little, but last week pain went to my left arm and I got sweaty. I am 58 and diabetic.",acute coronary syndrome,"Exertional chest pain with arm radiation and sweating is high-risk evidence for ischemia. Spicy food and partial antacid relief are preserved as reflux-like but weaker contrastive clues. Age and diabetes increase cardiac risk, so ACS should be prioritized.",Root: grounded conclusion. [Nucleus: high-information evidence] [Satellite-contrast: weaker alternative] [Nucleus-elaboration: risk factors] [Conclusion: integrated decision],0
synthetic_00625,For months I wake with stiff fingers that take over an hour to loosen. Both wrists hurt and I feel exhausted even after sleeping. Symptoms improve once I start moving.,osteoarthritis,Hand pain suggests a degenerative joint problem. Bilateral symptoms can be age-related. Therefore osteoarthritis explains the complaint.,Root: hallucinated conclusion. [Nucleus: weak salient clue -> preferred diagnosis] [Satellite-downplay: contradictory red flag] [Conclusion: premature closure],1
synthetic_00626,"I have fever and cough, but also severe neck stiffness and light hurts my eyes. I feel much worse than with my usual colds.",meningitis risk,"Fever and cough are compatible with a viral illness, but neck stiffness and photophobia are red flags. These red flags should remain central, so meningitis must be considered urgently.",Root: grounded conclusion. [Nucleus: high-information evidence] [Satellite-contrast: weaker alternative] [Nucleus-elaboration: risk factors] [Conclusion: integrated decision],0
synthetic_00627,"I get chest tightness when climbing stairs, but sometimes it follows spicy food at night. Antacids help a little, but last week pain went to my left arm and I got sweaty. I am 58 and diabetic.",GERD,Spicy food and antacid relief suggest reflux. Arm pain and sweating can be anxiety during discomfort. Therefore GERD explains the symptoms.,Root: hallucinated conclusion. [Nucleus: weak salient clue -> preferred diagnosis] [Satellite-downplay: contradictory red flag] [Conclusion: premature closure],1
synthetic_00628,For months I wake with stiff fingers that take over an hour to loosen. Both wrists hurt and I feel exhausted even after sleeping. Symptoms improve once I start moving.,osteoarthritis,Hand pain suggests a degenerative joint problem. Bilateral symptoms can be age-related. Therefore osteoarthritis explains the complaint.,Root: hallucinated conclusion. [Nucleus: weak salient clue -> preferred diagnosis] [Satellite-downplay: contradictory red flag] [Conclusion: premature closure],1
synthetic_00629,"I have fever and cough, but also severe neck stiffness and light hurts my eyes. I feel much worse than with my usual colds.",meningitis risk,"Fever and cough are compatible with a viral illness, but neck stiffness and photophobia are red flags. These red flags should remain central, so meningitis must be considered urgently.",Root: grounded conclusion. [Nucleus: high-information evidence] [Satellite-contrast: weaker alternative] [Nucleus-elaboration: risk factors] [Conclusion: integrated decision],0
synthetic_00630,"I get chest tightness when climbing stairs, but sometimes it follows spicy food at night. Antacids help a little, but last week pain went to my left arm and I got sweaty. I am 58 and diabetic.",acute coronary syndrome,"Exertional chest pain with arm radiation and sweating is high-risk evidence for ischemia. Spicy food and partial antacid relief are preserved as reflux-like but weaker contrastive clues. Age and diabetes increase cardiac risk, so ACS should be prioritized.",Root: grounded conclusion. [Nucleus: high-information evidence] [Satellite-contrast: weaker alternative] [Nucleus-elaboration: risk factors] [Conclusion: integrated decision],0
synthetic_00631,For months I wake with stiff fingers that take over an hour to loosen. Both wrists hurt and I feel exhausted even after sleeping. Symptoms improve once I start moving.,rheumatoid arthritis,"Prolonged morning stiffness and bilateral wrist involvement support inflammatory arthritis. Improvement with movement further supports an inflammatory process. Fatigue is nonspecific but consistent with systemic inflammation, so rheumatoid arthritis is favored.",Root: grounded conclusion. [Nucleus: high-information evidence] [Satellite-contrast: weaker alternative] [Nucleus-elaboration: risk factors] [Conclusion: integrated decision],0
synthetic_00632,"I have fever and cough, but also severe neck stiffness and light hurts my eyes. I feel much worse than with my usual colds.",meningitis risk,"Fever and cough are compatible with a viral illness, but neck stiffness and photophobia are red flags. These red flags should remain central, so meningitis must be considered urgently.",Root: grounded conclusion. [Nucleus: high-information evidence] [Satellite-contrast: weaker alternative] [Nucleus-elaboration: risk factors] [Conclusion: integrated decision],0
synthetic_00633,"I get chest tightness when climbing stairs, but sometimes it follows spicy food at night. Antacids help a little, but last week pain went to my left arm and I got sweaty. I am 58 and diabetic.",GERD,Spicy food and antacid relief suggest reflux. Arm pain and sweating can be anxiety during discomfort. Therefore GERD explains the symptoms.,Root: hallucinated conclusion. [Nucleus: weak salient clue -> preferred diagnosis] [Satellite-downplay: contradictory red flag] [Conclusion: premature closure],1
synthetic_00634,For months I wake with stiff fingers that take over an hour to loosen. Both wrists hurt and I feel exhausted even after sleeping. Symptoms improve once I start moving.,rheumatoid arthritis,"Prolonged morning stiffness and bilateral wrist involvement support inflammatory arthritis. Improvement with movement further supports an inflammatory process. Fatigue is nonspecific but consistent with systemic inflammation, so rheumatoid arthritis is favored.",Root: grounded conclusion. [Nucleus: high-information evidence] [Satellite-contrast: weaker alternative] [Nucleus-elaboration: risk factors] [Conclusion: integrated decision],0
synthetic_00635,"I have fever and cough, but also severe neck stiffness and light hurts my eyes. I feel much worse than with my usual colds.",meningitis risk,"Fever and cough are compatible with a viral illness, but neck stiffness and photophobia are red flags. These red flags should remain central, so meningitis must be considered urgently.",Root: grounded conclusion. [Nucleus: high-information evidence] [Satellite-contrast: weaker alternative] [Nucleus-elaboration: risk factors] [Conclusion: integrated decision],0
synthetic_00636,"I get chest tightness when climbing stairs, but sometimes it follows spicy food at night. Antacids help a little, but last week pain went to my left arm and I got sweaty. I am 58 and diabetic.",acute coronary syndrome,"Exertional chest pain with arm radiation and sweating is high-risk evidence for ischemia. Spicy food and partial antacid relief are preserved as reflux-like but weaker contrastive clues. Age and diabetes increase cardiac risk, so ACS should be prioritized.",Root: grounded conclusion. [Nucleus: high-information evidence] [Satellite-contrast: weaker alternative] [Nucleus-elaboration: risk factors] [Conclusion: integrated decision],0
synthetic_00637,For months I wake with stiff fingers that take over an hour to loosen. Both wrists hurt and I feel exhausted even after sleeping. Symptoms improve once I start moving.,osteoarthritis,Hand pain suggests a degenerative joint problem. Bilateral symptoms can be age-related. Therefore osteoarthritis explains the complaint.,Root: hallucinated conclusion. [Nucleus: weak salient clue -> preferred diagnosis] [Satellite-downplay: contradictory red flag] [Conclusion: premature closure],1
synthetic_00638,"I have fever and cough, but also severe neck stiffness and light hurts my eyes. I feel much worse than with my usual colds.",flu,Fever and cough usually indicate flu. Neck stiffness can happen with muscle aches during flu. Therefore this is likely flu.,Root: hallucinated conclusion. [Nucleus: weak salient clue -> preferred diagnosis] [Satellite-downplay: contradictory red flag] [Conclusion: premature closure],1
synthetic_00639,"I get chest tightness when climbing stairs, but sometimes it follows spicy food at night. Antacids help a little, but last week pain went to my left arm and I got sweaty. I am 58 and diabetic.",acute coronary syndrome,"Exertional chest pain with arm radiation and sweating is high-risk evidence for ischemia. Spicy food and partial antacid relief are preserved as reflux-like but weaker contrastive clues. Age and diabetes increase cardiac risk, so ACS should be prioritized.",Root: grounded conclusion. [Nucleus: high-information evidence] [Satellite-contrast: weaker alternative] [Nucleus-elaboration: risk factors] [Conclusion: integrated decision],0
synthetic_00640,For months I wake with stiff fingers that take over an hour to loosen. Both wrists hurt and I feel exhausted even after sleeping. Symptoms improve once I start moving.,osteoarthritis,Hand pain suggests a degenerative joint problem. Bilateral symptoms can be age-related. Therefore osteoarthritis explains the complaint.,Root: hallucinated conclusion. [Nucleus: weak salient clue -> preferred diagnosis] [Satellite-downplay: contradictory red flag] [Conclusion: premature closure],1
synthetic_00641,"I have fever and cough, but also severe neck stiffness and light hurts my eyes. I feel much worse than with my usual colds.",meningitis risk,"Fever and cough are compatible with a viral illness, but neck stiffness and photophobia are red flags. These red flags should remain central, so meningitis must be considered urgently.",Root: grounded conclusion. [Nucleus: high-information evidence] [Satellite-contrast: weaker alternative] [Nucleus-elaboration: risk factors] [Conclusion: integrated decision],0
synthetic_00642,"I get chest tightness when climbing stairs, but sometimes it follows spicy food at night. Antacids help a little, but last week pain went to my left arm and I got sweaty. I am 58 and diabetic.",acute coronary syndrome,"Exertional chest pain with arm radiation and sweating is high-risk evidence for ischemia. Spicy food and partial antacid relief are preserved as reflux-like but weaker contrastive clues. Age and diabetes increase cardiac risk, so ACS should be prioritized.",Root: grounded conclusion. [Nucleus: high-information evidence] [Satellite-contrast: weaker alternative] [Nucleus-elaboration: risk factors] [Conclusion: integrated decision],0
synthetic_00643,For months I wake with stiff fingers that take over an hour to loosen. Both wrists hurt and I feel exhausted even after sleeping. Symptoms improve once I start moving.,rheumatoid arthritis,"Prolonged morning stiffness and bilateral wrist involvement support inflammatory arthritis. Improvement with movement further supports an inflammatory process. Fatigue is nonspecific but consistent with systemic inflammation, so rheumatoid arthritis is favored.",Root: grounded conclusion. [Nucleus: high-information evidence] [Satellite-contrast: weaker alternative] [Nucleus-elaboration: risk factors] [Conclusion: integrated decision],0
synthetic_00644,"I have fever and cough, but also severe neck stiffness and light hurts my eyes. I feel much worse than with my usual colds.",meningitis risk,"Fever and cough are compatible with a viral illness, but neck stiffness and photophobia are red flags. These red flags should remain central, so meningitis must be considered urgently.",Root: grounded conclusion. [Nucleus: high-information evidence] [Satellite-contrast: weaker alternative] [Nucleus-elaboration: risk factors] [Conclusion: integrated decision],0
synthetic_00645,"I get chest tightness when climbing stairs, but sometimes it follows spicy food at night. Antacids help a little, but last week pain went to my left arm and I got sweaty. I am 58 and diabetic.",acute coronary syndrome,"Exertional chest pain with arm radiation and sweating is high-risk evidence for ischemia. Spicy food and partial antacid relief are preserved as reflux-like but weaker contrastive clues. Age and diabetes increase cardiac risk, so ACS should be prioritized.",Root: grounded conclusion. [Nucleus: high-information evidence] [Satellite-contrast: weaker alternative] [Nucleus-elaboration: risk factors] [Conclusion: integrated decision],0
synthetic_00646,For months I wake with stiff fingers that take over an hour to loosen. Both wrists hurt and I feel exhausted even after sleeping. Symptoms improve once I start moving.,osteoarthritis,Hand pain suggests a degenerative joint problem. Bilateral symptoms can be age-related. Therefore osteoarthritis explains the complaint.,Root: hallucinated conclusion. [Nucleus: weak salient clue -> preferred diagnosis] [Satellite-downplay: contradictory red flag] [Conclusion: premature closure],1
synthetic_00647,"I have fever and cough, but also severe neck stiffness and light hurts my eyes. I feel much worse than with my usual colds.",meningitis risk,"Fever and cough are compatible with a viral illness, but neck stiffness and photophobia are red flags. These red flags should remain central, so meningitis must be considered urgently.",Root: grounded conclusion. [Nucleus: high-information evidence] [Satellite-contrast: weaker alternative] [Nucleus-elaboration: risk factors] [Conclusion: integrated decision],0
synthetic_00648,"I get chest tightness when climbing stairs, but sometimes it follows spicy food at night. Antacids help a little, but last week pain went to my left arm and I got sweaty. I am 58 and diabetic.",acute coronary syndrome,"Exertional chest pain with arm radiation and sweating is high-risk evidence for ischemia. Spicy food and partial antacid relief are preserved as reflux-like but weaker contrastive clues. Age and diabetes increase cardiac risk, so ACS should be prioritized.",Root: grounded conclusion. [Nucleus: high-information evidence] [Satellite-contrast: weaker alternative] [Nucleus-elaboration: risk factors] [Conclusion: integrated decision],0
synthetic_00649,For months I wake with stiff fingers that take over an hour to loosen. Both wrists hurt and I feel exhausted even after sleeping. Symptoms improve once I start moving.,osteoarthritis,Hand pain suggests a degenerative joint problem. Bilateral symptoms can be age-related. Therefore osteoarthritis explains the complaint.,Root: hallucinated conclusion. [Nucleus: weak salient clue -> preferred diagnosis] [Satellite-downplay: contradictory red flag] [Conclusion: premature closure],1
synthetic_00650,"I have fever and cough, but also severe neck stiffness and light hurts my eyes. I feel much worse than with my usual colds.",flu,Fever and cough usually indicate flu. Neck stiffness can happen with muscle aches during flu. Therefore this is likely flu.,Root: hallucinated conclusion. [Nucleus: weak salient clue -> preferred diagnosis] [Satellite-downplay: contradictory red flag] [Conclusion: premature closure],1
synthetic_00651,"I get chest tightness when climbing stairs, but sometimes it follows spicy food at night. Antacids help a little, but last week pain went to my left arm and I got sweaty. I am 58 and diabetic.",GERD,Spicy food and antacid relief suggest reflux. Arm pain and sweating can be anxiety during discomfort. Therefore GERD explains the symptoms.,Root: hallucinated conclusion. [Nucleus: weak salient clue -> preferred diagnosis] [Satellite-downplay: contradictory red flag] [Conclusion: premature closure],1
synthetic_00652,For months I wake with stiff fingers that take over an hour to loosen. Both wrists hurt and I feel exhausted even after sleeping. Symptoms improve once I start moving.,osteoarthritis,Hand pain suggests a degenerative joint problem. Bilateral symptoms can be age-related. Therefore osteoarthritis explains the complaint.,Root: hallucinated conclusion. [Nucleus: weak salient clue -> preferred diagnosis] [Satellite-downplay: contradictory red flag] [Conclusion: premature closure],1
synthetic_00653,"I have fever and cough, but also severe neck stiffness and light hurts my eyes. I feel much worse than with my usual colds.",flu,Fever and cough usually indicate flu. Neck stiffness can happen with muscle aches during flu. Therefore this is likely flu.,Root: hallucinated conclusion. [Nucleus: weak salient clue -> preferred diagnosis] [Satellite-downplay: contradictory red flag] [Conclusion: premature closure],1
synthetic_00654,"I get chest tightness when climbing stairs, but sometimes it follows spicy food at night. Antacids help a little, but last week pain went to my left arm and I got sweaty. I am 58 and diabetic.",acute coronary syndrome,"Exertional chest pain with arm radiation and sweating is high-risk evidence for ischemia. Spicy food and partial antacid relief are preserved as reflux-like but weaker contrastive clues. Age and diabetes increase cardiac risk, so ACS should be prioritized.",Root: grounded conclusion. [Nucleus: high-information evidence] [Satellite-contrast: weaker alternative] [Nucleus-elaboration: risk factors] [Conclusion: integrated decision],0
synthetic_00655,For months I wake with stiff fingers that take over an hour to loosen. Both wrists hurt and I feel exhausted even after sleeping. Symptoms improve once I start moving.,osteoarthritis,Hand pain suggests a degenerative joint problem. Bilateral symptoms can be age-related. Therefore osteoarthritis explains the complaint.,Root: hallucinated conclusion. [Nucleus: weak salient clue -> preferred diagnosis] [Satellite-downplay: contradictory red flag] [Conclusion: premature closure],1
synthetic_00656,"I have fever and cough, but also severe neck stiffness and light hurts my eyes. I feel much worse than with my usual colds.",meningitis risk,"Fever and cough are compatible with a viral illness, but neck stiffness and photophobia are red flags. These red flags should remain central, so meningitis must be considered urgently.",Root: grounded conclusion. [Nucleus: high-information evidence] [Satellite-contrast: weaker alternative] [Nucleus-elaboration: risk factors] [Conclusion: integrated decision],0
synthetic_00657,"I get chest tightness when climbing stairs, but sometimes it follows spicy food at night. Antacids help a little, but last week pain went to my left arm and I got sweaty. I am 58 and diabetic.",acute coronary syndrome,"Exertional chest pain with arm radiation and sweating is high-risk evidence for ischemia. Spicy food and partial antacid relief are preserved as reflux-like but weaker contrastive clues. Age and diabetes increase cardiac risk, so ACS should be prioritized.",Root: grounded conclusion. [Nucleus: high-information evidence] [Satellite-contrast: weaker alternative] [Nucleus-elaboration: risk factors] [Conclusion: integrated decision],0
synthetic_00658,For months I wake with stiff fingers that take over an hour to loosen. Both wrists hurt and I feel exhausted even after sleeping. Symptoms improve once I start moving.,osteoarthritis,Hand pain suggests a degenerative joint problem. Bilateral symptoms can be age-related. Therefore osteoarthritis explains the complaint.,Root: hallucinated conclusion. [Nucleus: weak salient clue -> preferred diagnosis] [Satellite-downplay: contradictory red flag] [Conclusion: premature closure],1
synthetic_00659,"I have fever and cough, but also severe neck stiffness and light hurts my eyes. I feel much worse than with my usual colds.",flu,Fever and cough usually indicate flu. Neck stiffness can happen with muscle aches during flu. Therefore this is likely flu.,Root: hallucinated conclusion. [Nucleus: weak salient clue -> preferred diagnosis] [Satellite-downplay: contradictory red flag] [Conclusion: premature closure],1
synthetic_00660,"I get chest tightness when climbing stairs, but sometimes it follows spicy food at night. Antacids help a little, but last week pain went to my left arm and I got sweaty. I am 58 and diabetic.",acute coronary syndrome,"Exertional chest pain with arm radiation and sweating is high-risk evidence for ischemia. Spicy food and partial antacid relief are preserved as reflux-like but weaker contrastive clues. Age and diabetes increase cardiac risk, so ACS should be prioritized.",Root: grounded conclusion. [Nucleus: high-information evidence] [Satellite-contrast: weaker alternative] [Nucleus-elaboration: risk factors] [Conclusion: integrated decision],0
synthetic_00661,For months I wake with stiff fingers that take over an hour to loosen. Both wrists hurt and I feel exhausted even after sleeping. Symptoms improve once I start moving.,osteoarthritis,Hand pain suggests a degenerative joint problem. Bilateral symptoms can be age-related. Therefore osteoarthritis explains the complaint.,Root: hallucinated conclusion. [Nucleus: weak salient clue -> preferred diagnosis] [Satellite-downplay: contradictory red flag] [Conclusion: premature closure],1
synthetic_00662,"I have fever and cough, but also severe neck stiffness and light hurts my eyes. I feel much worse than with my usual colds.",meningitis risk,"Fever and cough are compatible with a viral illness, but neck stiffness and photophobia are red flags. These red flags should remain central, so meningitis must be considered urgently.",Root: grounded conclusion. [Nucleus: high-information evidence] [Satellite-contrast: weaker alternative] [Nucleus-elaboration: risk factors] [Conclusion: integrated decision],0
synthetic_00663,"I get chest tightness when climbing stairs, but sometimes it follows spicy food at night. Antacids help a little, but last week pain went to my left arm and I got sweaty. I am 58 and diabetic.",acute coronary syndrome,"Exertional chest pain with arm radiation and sweating is high-risk evidence for ischemia. Spicy food and partial antacid relief are preserved as reflux-like but weaker contrastive clues. Age and diabetes increase cardiac risk, so ACS should be prioritized.",Root: grounded conclusion. [Nucleus: high-information evidence] [Satellite-contrast: weaker alternative] [Nucleus-elaboration: risk factors] [Conclusion: integrated decision],0
synthetic_00664,For months I wake with stiff fingers that take over an hour to loosen. Both wrists hurt and I feel exhausted even after sleeping. Symptoms improve once I start moving.,osteoarthritis,Hand pain suggests a degenerative joint problem. Bilateral symptoms can be age-related. Therefore osteoarthritis explains the complaint.,Root: hallucinated conclusion. [Nucleus: weak salient clue -> preferred diagnosis] [Satellite-downplay: contradictory red flag] [Conclusion: premature closure],1
synthetic_00665,"I have fever and cough, but also severe neck stiffness and light hurts my eyes. I feel much worse than with my usual colds.",meningitis risk,"Fever and cough are compatible with a viral illness, but neck stiffness and photophobia are red flags. These red flags should remain central, so meningitis must be considered urgently.",Root: grounded conclusion. [Nucleus: high-information evidence] [Satellite-contrast: weaker alternative] [Nucleus-elaboration: risk factors] [Conclusion: integrated decision],0
synthetic_00666,"I get chest tightness when climbing stairs, but sometimes it follows spicy food at night. Antacids help a little, but last week pain went to my left arm and I got sweaty. I am 58 and diabetic.",GERD,Spicy food and antacid relief suggest reflux. Arm pain and sweating can be anxiety during discomfort. Therefore GERD explains the symptoms.,Root: hallucinated conclusion. [Nucleus: weak salient clue -> preferred diagnosis] [Satellite-downplay: contradictory red flag] [Conclusion: premature closure],1
synthetic_00667,For months I wake with stiff fingers that take over an hour to loosen. Both wrists hurt and I feel exhausted even after sleeping. Symptoms improve once I start moving.,osteoarthritis,Hand pain suggests a degenerative joint problem. Bilateral symptoms can be age-related. Therefore osteoarthritis explains the complaint.,Root: hallucinated conclusion. [Nucleus: weak salient clue -> preferred diagnosis] [Satellite-downplay: contradictory red flag] [Conclusion: premature closure],1
synthetic_00668,"I have fever and cough, but also severe neck stiffness and light hurts my eyes. I feel much worse than with my usual colds.",meningitis risk,"Fever and cough are compatible with a viral illness, but neck stiffness and photophobia are red flags. These red flags should remain central, so meningitis must be considered urgently.",Root: grounded conclusion. [Nucleus: high-information evidence] [Satellite-contrast: weaker alternative] [Nucleus-elaboration: risk factors] [Conclusion: integrated decision],0
synthetic_00669,"I get chest tightness when climbing stairs, but sometimes it follows spicy food at night. Antacids help a little, but last week pain went to my left arm and I got sweaty. I am 58 and diabetic.",acute coronary syndrome,"Exertional chest pain with arm radiation and sweating is high-risk evidence for ischemia. Spicy food and partial antacid relief are preserved as reflux-like but weaker contrastive clues. Age and diabetes increase cardiac risk, so ACS should be prioritized.",Root: grounded conclusion. [Nucleus: high-information evidence] [Satellite-contrast: weaker alternative] [Nucleus-elaboration: risk factors] [Conclusion: integrated decision],0
synthetic_00670,For months I wake with stiff fingers that take over an hour to loosen. Both wrists hurt and I feel exhausted even after sleeping. Symptoms improve once I start moving.,rheumatoid arthritis,"Prolonged morning stiffness and bilateral wrist involvement support inflammatory arthritis. Improvement with movement further supports an inflammatory process. Fatigue is nonspecific but consistent with systemic inflammation, so rheumatoid arthritis is favored.",Root: grounded conclusion. [Nucleus: high-information evidence] [Satellite-contrast: weaker alternative] [Nucleus-elaboration: risk factors] [Conclusion: integrated decision],0
synthetic_00671,"I have fever and cough, but also severe neck stiffness and light hurts my eyes. I feel much worse than with my usual colds.",flu,Fever and cough usually indicate flu. Neck stiffness can happen with muscle aches during flu. Therefore this is likely flu.,Root: hallucinated conclusion. [Nucleus: weak salient clue -> preferred diagnosis] [Satellite-downplay: contradictory red flag] [Conclusion: premature closure],1
synthetic_00672,"I get chest tightness when climbing stairs, but sometimes it follows spicy food at night. Antacids help a little, but last week pain went to my left arm and I got sweaty. I am 58 and diabetic.",acute coronary syndrome,"Exertional chest pain with arm radiation and sweating is high-risk evidence for ischemia. Spicy food and partial antacid relief are preserved as reflux-like but weaker contrastive clues. Age and diabetes increase cardiac risk, so ACS should be prioritized.",Root: grounded conclusion. [Nucleus: high-information evidence] [Satellite-contrast: weaker alternative] [Nucleus-elaboration: risk factors] [Conclusion: integrated decision],0
synthetic_00673,For months I wake with stiff fingers that take over an hour to loosen. Both wrists hurt and I feel exhausted even after sleeping. Symptoms improve once I start moving.,osteoarthritis,Hand pain suggests a degenerative joint problem. Bilateral symptoms can be age-related. Therefore osteoarthritis explains the complaint.,Root: hallucinated conclusion. [Nucleus: weak salient clue -> preferred diagnosis] [Satellite-downplay: contradictory red flag] [Conclusion: premature closure],1
synthetic_00674,"I have fever and cough, but also severe neck stiffness and light hurts my eyes. I feel much worse than with my usual colds.",meningitis risk,"Fever and cough are compatible with a viral illness, but neck stiffness and photophobia are red flags. These red flags should remain central, so meningitis must be considered urgently.",Root: grounded conclusion. [Nucleus: high-information evidence] [Satellite-contrast: weaker alternative] [Nucleus-elaboration: risk factors] [Conclusion: integrated decision],0
synthetic_00675,"I get chest tightness when climbing stairs, but sometimes it follows spicy food at night. Antacids help a little, but last week pain went to my left arm and I got sweaty. I am 58 and diabetic.",GERD,Spicy food and antacid relief suggest reflux. Arm pain and sweating can be anxiety during discomfort. Therefore GERD explains the symptoms.,Root: hallucinated conclusion. [Nucleus: weak salient clue -> preferred diagnosis] [Satellite-downplay: contradictory red flag] [Conclusion: premature closure],1
synthetic_00676,For months I wake with stiff fingers that take over an hour to loosen. Both wrists hurt and I feel exhausted even after sleeping. Symptoms improve once I start moving.,rheumatoid arthritis,"Prolonged morning stiffness and bilateral wrist involvement support inflammatory arthritis. Improvement with movement further supports an inflammatory process. Fatigue is nonspecific but consistent with systemic inflammation, so rheumatoid arthritis is favored.",Root: grounded conclusion. [Nucleus: high-information evidence] [Satellite-contrast: weaker alternative] [Nucleus-elaboration: risk factors] [Conclusion: integrated decision],0
synthetic_00677,"I have fever and cough, but also severe neck stiffness and light hurts my eyes. I feel much worse than with my usual colds.",meningitis risk,"Fever and cough are compatible with a viral illness, but neck stiffness and photophobia are red flags. These red flags should remain central, so meningitis must be considered urgently.",Root: grounded conclusion. [Nucleus: high-information evidence] [Satellite-contrast: weaker alternative] [Nucleus-elaboration: risk factors] [Conclusion: integrated decision],0
synthetic_00678,"I get chest tightness when climbing stairs, but sometimes it follows spicy food at night. Antacids help a little, but last week pain went to my left arm and I got sweaty. I am 58 and diabetic.",acute coronary syndrome,"Exertional chest pain with arm radiation and sweating is high-risk evidence for ischemia. Spicy food and partial antacid relief are preserved as reflux-like but weaker contrastive clues. Age and diabetes increase cardiac risk, so ACS should be prioritized.",Root: grounded conclusion. [Nucleus: high-information evidence] [Satellite-contrast: weaker alternative] [Nucleus-elaboration: risk factors] [Conclusion: integrated decision],0
synthetic_00679,For months I wake with stiff fingers that take over an hour to loosen. Both wrists hurt and I feel exhausted even after sleeping. Symptoms improve once I start moving.,rheumatoid arthritis,"Prolonged morning stiffness and bilateral wrist involvement support inflammatory arthritis. Improvement with movement further supports an inflammatory process. Fatigue is nonspecific but consistent with systemic inflammation, so rheumatoid arthritis is favored.",Root: grounded conclusion. [Nucleus: high-information evidence] [Satellite-contrast: weaker alternative] [Nucleus-elaboration: risk factors] [Conclusion: integrated decision],0
synthetic_00680,"I have fever and cough, but also severe neck stiffness and light hurts my eyes. I feel much worse than with my usual colds.",flu,Fever and cough usually indicate flu. Neck stiffness can happen with muscle aches during flu. Therefore this is likely flu.,Root: hallucinated conclusion. [Nucleus: weak salient clue -> preferred diagnosis] [Satellite-downplay: contradictory red flag] [Conclusion: premature closure],1
synthetic_00681,"I get chest tightness when climbing stairs, but sometimes it follows spicy food at night. Antacids help a little, but last week pain went to my left arm and I got sweaty. I am 58 and diabetic.",GERD,Spicy food and antacid relief suggest reflux. Arm pain and sweating can be anxiety during discomfort. Therefore GERD explains the symptoms.,Root: hallucinated conclusion. [Nucleus: weak salient clue -> preferred diagnosis] [Satellite-downplay: contradictory red flag] [Conclusion: premature closure],1
synthetic_00682,For months I wake with stiff fingers that take over an hour to loosen. Both wrists hurt and I feel exhausted even after sleeping. Symptoms improve once I start moving.,rheumatoid arthritis,"Prolonged morning stiffness and bilateral wrist involvement support inflammatory arthritis. Improvement with movement further supports an inflammatory process. Fatigue is nonspecific but consistent with systemic inflammation, so rheumatoid arthritis is favored.",Root: grounded conclusion. [Nucleus: high-information evidence] [Satellite-contrast: weaker alternative] [Nucleus-elaboration: risk factors] [Conclusion: integrated decision],0
synthetic_00683,"I have fever and cough, but also severe neck stiffness and light hurts my eyes. I feel much worse than with my usual colds.",flu,Fever and cough usually indicate flu. Neck stiffness can happen with muscle aches during flu. Therefore this is likely flu.,Root: hallucinated conclusion. [Nucleus: weak salient clue -> preferred diagnosis] [Satellite-downplay: contradictory red flag] [Conclusion: premature closure],1
synthetic_00684,"I get chest tightness when climbing stairs, but sometimes it follows spicy food at night. Antacids help a little, but last week pain went to my left arm and I got sweaty. I am 58 and diabetic.",acute coronary syndrome,"Exertional chest pain with arm radiation and sweating is high-risk evidence for ischemia. Spicy food and partial antacid relief are preserved as reflux-like but weaker contrastive clues. Age and diabetes increase cardiac risk, so ACS should be prioritized.",Root: grounded conclusion. [Nucleus: high-information evidence] [Satellite-contrast: weaker alternative] [Nucleus-elaboration: risk factors] [Conclusion: integrated decision],0
synthetic_00685,For months I wake with stiff fingers that take over an hour to loosen. Both wrists hurt and I feel exhausted even after sleeping. Symptoms improve once I start moving.,osteoarthritis,Hand pain suggests a degenerative joint problem. Bilateral symptoms can be age-related. Therefore osteoarthritis explains the complaint.,Root: hallucinated conclusion. [Nucleus: weak salient clue -> preferred diagnosis] [Satellite-downplay: contradictory red flag] [Conclusion: premature closure],1
synthetic_00686,"I have fever and cough, but also severe neck stiffness and light hurts my eyes. I feel much worse than with my usual colds.",flu,Fever and cough usually indicate flu. Neck stiffness can happen with muscle aches during flu. Therefore this is likely flu.,Root: hallucinated conclusion. [Nucleus: weak salient clue -> preferred diagnosis] [Satellite-downplay: contradictory red flag] [Conclusion: premature closure],1
synthetic_00687,"I get chest tightness when climbing stairs, but sometimes it follows spicy food at night. Antacids help a little, but last week pain went to my left arm and I got sweaty. I am 58 and diabetic.",GERD,Spicy food and antacid relief suggest reflux. Arm pain and sweating can be anxiety during discomfort. Therefore GERD explains the symptoms.,Root: hallucinated conclusion. [Nucleus: weak salient clue -> preferred diagnosis] [Satellite-downplay: contradictory red flag] [Conclusion: premature closure],1
synthetic_00688,For months I wake with stiff fingers that take over an hour to loosen. Both wrists hurt and I feel exhausted even after sleeping. Symptoms improve once I start moving.,rheumatoid arthritis,"Prolonged morning stiffness and bilateral wrist involvement support inflammatory arthritis. Improvement with movement further supports an inflammatory process. Fatigue is nonspecific but consistent with systemic inflammation, so rheumatoid arthritis is favored.",Root: grounded conclusion. [Nucleus: high-information evidence] [Satellite-contrast: weaker alternative] [Nucleus-elaboration: risk factors] [Conclusion: integrated decision],0
synthetic_00689,"I have fever and cough, but also severe neck stiffness and light hurts my eyes. I feel much worse than with my usual colds.",flu,Fever and cough usually indicate flu. Neck stiffness can happen with muscle aches during flu. Therefore this is likely flu.,Root: hallucinated conclusion. [Nucleus: weak salient clue -> preferred diagnosis] [Satellite-downplay: contradictory red flag] [Conclusion: premature closure],1
synthetic_00690,"I get chest tightness when climbing stairs, but sometimes it follows spicy food at night. Antacids help a little, but last week pain went to my left arm and I got sweaty. I am 58 and diabetic.",GERD,Spicy food and antacid relief suggest reflux. Arm pain and sweating can be anxiety during discomfort. Therefore GERD explains the symptoms.,Root: hallucinated conclusion. [Nucleus: weak salient clue -> preferred diagnosis] [Satellite-downplay: contradictory red flag] [Conclusion: premature closure],1
synthetic_00691,For months I wake with stiff fingers that take over an hour to loosen. Both wrists hurt and I feel exhausted even after sleeping. Symptoms improve once I start moving.,osteoarthritis,Hand pain suggests a degenerative joint problem. Bilateral symptoms can be age-related. Therefore osteoarthritis explains the complaint.,Root: hallucinated conclusion. [Nucleus: weak salient clue -> preferred diagnosis] [Satellite-downplay: contradictory red flag] [Conclusion: premature closure],1
synthetic_00692,"I have fever and cough, but also severe neck stiffness and light hurts my eyes. I feel much worse than with my usual colds.",flu,Fever and cough usually indicate flu. Neck stiffness can happen with muscle aches during flu. Therefore this is likely flu.,Root: hallucinated conclusion. [Nucleus: weak salient clue -> preferred diagnosis] [Satellite-downplay: contradictory red flag] [Conclusion: premature closure],1
synthetic_00693,"I get chest tightness when climbing stairs, but sometimes it follows spicy food at night. Antacids help a little, but last week pain went to my left arm and I got sweaty. I am 58 and diabetic.",GERD,Spicy food and antacid relief suggest reflux. Arm pain and sweating can be anxiety during discomfort. Therefore GERD explains the symptoms.,Root: hallucinated conclusion. [Nucleus: weak salient clue -> preferred diagnosis] [Satellite-downplay: contradictory red flag] [Conclusion: premature closure],1
synthetic_00694,For months I wake with stiff fingers that take over an hour to loosen. Both wrists hurt and I feel exhausted even after sleeping. Symptoms improve once I start moving.,rheumatoid arthritis,"Prolonged morning stiffness and bilateral wrist involvement support inflammatory arthritis. Improvement with movement further supports an inflammatory process. Fatigue is nonspecific but consistent with systemic inflammation, so rheumatoid arthritis is favored.",Root: grounded conclusion. [Nucleus: high-information evidence] [Satellite-contrast: weaker alternative] [Nucleus-elaboration: risk factors] [Conclusion: integrated decision],0
synthetic_00695,"I have fever and cough, but also severe neck stiffness and light hurts my eyes. I feel much worse than with my usual colds.",meningitis risk,"Fever and cough are compatible with a viral illness, but neck stiffness and photophobia are red flags. These red flags should remain central, so meningitis must be considered urgently.",Root: grounded conclusion. [Nucleus: high-information evidence] [Satellite-contrast: weaker alternative] [Nucleus-elaboration: risk factors] [Conclusion: integrated decision],0
synthetic_00696,"I get chest tightness when climbing stairs, but sometimes it follows spicy food at night. Antacids help a little, but last week pain went to my left arm and I got sweaty. I am 58 and diabetic.",acute coronary syndrome,"Exertional chest pain with arm radiation and sweating is high-risk evidence for ischemia. Spicy food and partial antacid relief are preserved as reflux-like but weaker contrastive clues. Age and diabetes increase cardiac risk, so ACS should be prioritized.",Root: grounded conclusion. [Nucleus: high-information evidence] [Satellite-contrast: weaker alternative] [Nucleus-elaboration: risk factors] [Conclusion: integrated decision],0
synthetic_00697,For months I wake with stiff fingers that take over an hour to loosen. Both wrists hurt and I feel exhausted even after sleeping. Symptoms improve once I start moving.,osteoarthritis,Hand pain suggests a degenerative joint problem. Bilateral symptoms can be age-related. Therefore osteoarthritis explains the complaint.,Root: hallucinated conclusion. [Nucleus: weak salient clue -> preferred diagnosis] [Satellite-downplay: contradictory red flag] [Conclusion: premature closure],1
synthetic_00698,"I have fever and cough, but also severe neck stiffness and light hurts my eyes. I feel much worse than with my usual colds.",flu,Fever and cough usually indicate flu. Neck stiffness can happen with muscle aches during flu. Therefore this is likely flu.,Root: hallucinated conclusion. [Nucleus: weak salient clue -> preferred diagnosis] [Satellite-downplay: contradictory red flag] [Conclusion: premature closure],1
synthetic_00699,"I get chest tightness when climbing stairs, but sometimes it follows spicy food at night. Antacids help a little, but last week pain went to my left arm and I got sweaty. I am 58 and diabetic.",acute coronary syndrome,"Exertional chest pain with arm radiation and sweating is high-risk evidence for ischemia. Spicy food and partial antacid relief are preserved as reflux-like but weaker contrastive clues. Age and diabetes increase cardiac risk, so ACS should be prioritized.",Root: grounded conclusion. [Nucleus: high-information evidence] [Satellite-contrast: weaker alternative] [Nucleus-elaboration: risk factors] [Conclusion: integrated decision],0
synthetic_00700,For months I wake with stiff fingers that take over an hour to loosen. Both wrists hurt and I feel exhausted even after sleeping. Symptoms improve once I start moving.,rheumatoid arthritis,"Prolonged morning stiffness and bilateral wrist involvement support inflammatory arthritis. Improvement with movement further supports an inflammatory process. Fatigue is nonspecific but consistent with systemic inflammation, so rheumatoid arthritis is favored.",Root: grounded conclusion. [Nucleus: high-information evidence] [Satellite-contrast: weaker alternative] [Nucleus-elaboration: risk factors] [Conclusion: integrated decision],0
synthetic_00701,"I have fever and cough, but also severe neck stiffness and light hurts my eyes. I feel much worse than with my usual colds.",flu,Fever and cough usually indicate flu. Neck stiffness can happen with muscle aches during flu. Therefore this is likely flu.,Root: hallucinated conclusion. [Nucleus: weak salient clue -> preferred diagnosis] [Satellite-downplay: contradictory red flag] [Conclusion: premature closure],1
synthetic_00702,"I get chest tightness when climbing stairs, but sometimes it follows spicy food at night. Antacids help a little, but last week pain went to my left arm and I got sweaty. I am 58 and diabetic.",acute coronary syndrome,"Exertional chest pain with arm radiation and sweating is high-risk evidence for ischemia. Spicy food and partial antacid relief are preserved as reflux-like but weaker contrastive clues. Age and diabetes increase cardiac risk, so ACS should be prioritized.",Root: grounded conclusion. [Nucleus: high-information evidence] [Satellite-contrast: weaker alternative] [Nucleus-elaboration: risk factors] [Conclusion: integrated decision],0
synthetic_00703,For months I wake with stiff fingers that take over an hour to loosen. Both wrists hurt and I feel exhausted even after sleeping. Symptoms improve once I start moving.,rheumatoid arthritis,"Prolonged morning stiffness and bilateral wrist involvement support inflammatory arthritis. Improvement with movement further supports an inflammatory process. Fatigue is nonspecific but consistent with systemic inflammation, so rheumatoid arthritis is favored.",Root: grounded conclusion. [Nucleus: high-information evidence] [Satellite-contrast: weaker alternative] [Nucleus-elaboration: risk factors] [Conclusion: integrated decision],0
synthetic_00704,"I have fever and cough, but also severe neck stiffness and light hurts my eyes. I feel much worse than with my usual colds.",flu,Fever and cough usually indicate flu. Neck stiffness can happen with muscle aches during flu. Therefore this is likely flu.,Root: hallucinated conclusion. [Nucleus: weak salient clue -> preferred diagnosis] [Satellite-downplay: contradictory red flag] [Conclusion: premature closure],1
synthetic_00705,"I get chest tightness when climbing stairs, but sometimes it follows spicy food at night. Antacids help a little, but last week pain went to my left arm and I got sweaty. I am 58 and diabetic.",GERD,Spicy food and antacid relief suggest reflux. Arm pain and sweating can be anxiety during discomfort. Therefore GERD explains the symptoms.,Root: hallucinated conclusion. [Nucleus: weak salient clue -> preferred diagnosis] [Satellite-downplay: contradictory red flag] [Conclusion: premature closure],1
synthetic_00706,For months I wake with stiff fingers that take over an hour to loosen. Both wrists hurt and I feel exhausted even after sleeping. Symptoms improve once I start moving.,osteoarthritis,Hand pain suggests a degenerative joint problem. Bilateral symptoms can be age-related. Therefore osteoarthritis explains the complaint.,Root: hallucinated conclusion. [Nucleus: weak salient clue -> preferred diagnosis] [Satellite-downplay: contradictory red flag] [Conclusion: premature closure],1
synthetic_00707,"I have fever and cough, but also severe neck stiffness and light hurts my eyes. I feel much worse than with my usual colds.",meningitis risk,"Fever and cough are compatible with a viral illness, but neck stiffness and photophobia are red flags. These red flags should remain central, so meningitis must be considered urgently.",Root: grounded conclusion. [Nucleus: high-information evidence] [Satellite-contrast: weaker alternative] [Nucleus-elaboration: risk factors] [Conclusion: integrated decision],0
synthetic_00708,"I get chest tightness when climbing stairs, but sometimes it follows spicy food at night. Antacids help a little, but last week pain went to my left arm and I got sweaty. I am 58 and diabetic.",GERD,Spicy food and antacid relief suggest reflux. Arm pain and sweating can be anxiety during discomfort. Therefore GERD explains the symptoms.,Root: hallucinated conclusion. [Nucleus: weak salient clue -> preferred diagnosis] [Satellite-downplay: contradictory red flag] [Conclusion: premature closure],1
synthetic_00709,For months I wake with stiff fingers that take over an hour to loosen. Both wrists hurt and I feel exhausted even after sleeping. Symptoms improve once I start moving.,rheumatoid arthritis,"Prolonged morning stiffness and bilateral wrist involvement support inflammatory arthritis. Improvement with movement further supports an inflammatory process. Fatigue is nonspecific but consistent with systemic inflammation, so rheumatoid arthritis is favored.",Root: grounded conclusion. [Nucleus: high-information evidence] [Satellite-contrast: weaker alternative] [Nucleus-elaboration: risk factors] [Conclusion: integrated decision],0
synthetic_00710,"I have fever and cough, but also severe neck stiffness and light hurts my eyes. I feel much worse than with my usual colds.",flu,Fever and cough usually indicate flu. Neck stiffness can happen with muscle aches during flu. Therefore this is likely flu.,Root: hallucinated conclusion. [Nucleus: weak salient clue -> preferred diagnosis] [Satellite-downplay: contradictory red flag] [Conclusion: premature closure],1
synthetic_00711,"I get chest tightness when climbing stairs, but sometimes it follows spicy food at night. Antacids help a little, but last week pain went to my left arm and I got sweaty. I am 58 and diabetic.",acute coronary syndrome,"Exertional chest pain with arm radiation and sweating is high-risk evidence for ischemia. Spicy food and partial antacid relief are preserved as reflux-like but weaker contrastive clues. Age and diabetes increase cardiac risk, so ACS should be prioritized.",Root: grounded conclusion. [Nucleus: high-information evidence] [Satellite-contrast: weaker alternative] [Nucleus-elaboration: risk factors] [Conclusion: integrated decision],0
synthetic_00712,For months I wake with stiff fingers that take over an hour to loosen. Both wrists hurt and I feel exhausted even after sleeping. Symptoms improve once I start moving.,rheumatoid arthritis,"Prolonged morning stiffness and bilateral wrist involvement support inflammatory arthritis. Improvement with movement further supports an inflammatory process. Fatigue is nonspecific but consistent with systemic inflammation, so rheumatoid arthritis is favored.",Root: grounded conclusion. [Nucleus: high-information evidence] [Satellite-contrast: weaker alternative] [Nucleus-elaboration: risk factors] [Conclusion: integrated decision],0
synthetic_00713,"I have fever and cough, but also severe neck stiffness and light hurts my eyes. I feel much worse than with my usual colds.",flu,Fever and cough usually indicate flu. Neck stiffness can happen with muscle aches during flu. Therefore this is likely flu.,Root: hallucinated conclusion. [Nucleus: weak salient clue -> preferred diagnosis] [Satellite-downplay: contradictory red flag] [Conclusion: premature closure],1
synthetic_00714,"I get chest tightness when climbing stairs, but sometimes it follows spicy food at night. Antacids help a little, but last week pain went to my left arm and I got sweaty. I am 58 and diabetic.",GERD,Spicy food and antacid relief suggest reflux. Arm pain and sweating can be anxiety during discomfort. Therefore GERD explains the symptoms.,Root: hallucinated conclusion. [Nucleus: weak salient clue -> preferred diagnosis] [Satellite-downplay: contradictory red flag] [Conclusion: premature closure],1
synthetic_00715,For months I wake with stiff fingers that take over an hour to loosen. Both wrists hurt and I feel exhausted even after sleeping. Symptoms improve once I start moving.,rheumatoid arthritis,"Prolonged morning stiffness and bilateral wrist involvement support inflammatory arthritis. Improvement with movement further supports an inflammatory process. Fatigue is nonspecific but consistent with systemic inflammation, so rheumatoid arthritis is favored.",Root: grounded conclusion. [Nucleus: high-information evidence] [Satellite-contrast: weaker alternative] [Nucleus-elaboration: risk factors] [Conclusion: integrated decision],0
synthetic_00716,"I have fever and cough, but also severe neck stiffness and light hurts my eyes. I feel much worse than with my usual colds.",flu,Fever and cough usually indicate flu. Neck stiffness can happen with muscle aches during flu. Therefore this is likely flu.,Root: hallucinated conclusion. [Nucleus: weak salient clue -> preferred diagnosis] [Satellite-downplay: contradictory red flag] [Conclusion: premature closure],1
synthetic_00717,"I get chest tightness when climbing stairs, but sometimes it follows spicy food at night. Antacids help a little, but last week pain went to my left arm and I got sweaty. I am 58 and diabetic.",acute coronary syndrome,"Exertional chest pain with arm radiation and sweating is high-risk evidence for ischemia. Spicy food and partial antacid relief are preserved as reflux-like but weaker contrastive clues. Age and diabetes increase cardiac risk, so ACS should be prioritized.",Root: grounded conclusion. [Nucleus: high-information evidence] [Satellite-contrast: weaker alternative] [Nucleus-elaboration: risk factors] [Conclusion: integrated decision],0
synthetic_00718,For months I wake with stiff fingers that take over an hour to loosen. Both wrists hurt and I feel exhausted even after sleeping. Symptoms improve once I start moving.,osteoarthritis,Hand pain suggests a degenerative joint problem. Bilateral symptoms can be age-related. Therefore osteoarthritis explains the complaint.,Root: hallucinated conclusion. [Nucleus: weak salient clue -> preferred diagnosis] [Satellite-downplay: contradictory red flag] [Conclusion: premature closure],1
synthetic_00719,"I have fever and cough, but also severe neck stiffness and light hurts my eyes. I feel much worse than with my usual colds.",flu,Fever and cough usually indicate flu. Neck stiffness can happen with muscle aches during flu. Therefore this is likely flu.,Root: hallucinated conclusion. [Nucleus: weak salient clue -> preferred diagnosis] [Satellite-downplay: contradictory red flag] [Conclusion: premature closure],1
synthetic_00720,"I get chest tightness when climbing stairs, but sometimes it follows spicy food at night. Antacids help a little, but last week pain went to my left arm and I got sweaty. I am 58 and diabetic.",GERD,Spicy food and antacid relief suggest reflux. Arm pain and sweating can be anxiety during discomfort. Therefore GERD explains the symptoms.,Root: hallucinated conclusion. [Nucleus: weak salient clue -> preferred diagnosis] [Satellite-downplay: contradictory red flag] [Conclusion: premature closure],1
synthetic_00721,For months I wake with stiff fingers that take over an hour to loosen. Both wrists hurt and I feel exhausted even after sleeping. Symptoms improve once I start moving.,osteoarthritis,Hand pain suggests a degenerative joint problem. Bilateral symptoms can be age-related. Therefore osteoarthritis explains the complaint.,Root: hallucinated conclusion. [Nucleus: weak salient clue -> preferred diagnosis] [Satellite-downplay: contradictory red flag] [Conclusion: premature closure],1
synthetic_00722,"I have fever and cough, but also severe neck stiffness and light hurts my eyes. I feel much worse than with my usual colds.",flu,Fever and cough usually indicate flu. Neck stiffness can happen with muscle aches during flu. Therefore this is likely flu.,Root: hallucinated conclusion. [Nucleus: weak salient clue -> preferred diagnosis] [Satellite-downplay: contradictory red flag] [Conclusion: premature closure],1
synthetic_00723,"I get chest tightness when climbing stairs, but sometimes it follows spicy food at night. Antacids help a little, but last week pain went to my left arm and I got sweaty. I am 58 and diabetic.",GERD,Spicy food and antacid relief suggest reflux. Arm pain and sweating can be anxiety during discomfort. Therefore GERD explains the symptoms.,Root: hallucinated conclusion. [Nucleus: weak salient clue -> preferred diagnosis] [Satellite-downplay: contradictory red flag] [Conclusion: premature closure],1
synthetic_00724,For months I wake with stiff fingers that take over an hour to loosen. Both wrists hurt and I feel exhausted even after sleeping. Symptoms improve once I start moving.,rheumatoid arthritis,"Prolonged morning stiffness and bilateral wrist involvement support inflammatory arthritis. Improvement with movement further supports an inflammatory process. Fatigue is nonspecific but consistent with systemic inflammation, so rheumatoid arthritis is favored.",Root: grounded conclusion. [Nucleus: high-information evidence] [Satellite-contrast: weaker alternative] [Nucleus-elaboration: risk factors] [Conclusion: integrated decision],0
synthetic_00725,"I have fever and cough, but also severe neck stiffness and light hurts my eyes. I feel much worse than with my usual colds.",flu,Fever and cough usually indicate flu. Neck stiffness can happen with muscle aches during flu. Therefore this is likely flu.,Root: hallucinated conclusion. [Nucleus: weak salient clue -> preferred diagnosis] [Satellite-downplay: contradictory red flag] [Conclusion: premature closure],1
synthetic_00726,"I get chest tightness when climbing stairs, but sometimes it follows spicy food at night. Antacids help a little, but last week pain went to my left arm and I got sweaty. I am 58 and diabetic.",acute coronary syndrome,"Exertional chest pain with arm radiation and sweating is high-risk evidence for ischemia. Spicy food and partial antacid relief are preserved as reflux-like but weaker contrastive clues. Age and diabetes increase cardiac risk, so ACS should be prioritized.",Root: grounded conclusion. [Nucleus: high-information evidence] [Satellite-contrast: weaker alternative] [Nucleus-elaboration: risk factors] [Conclusion: integrated decision],0
synthetic_00727,For months I wake with stiff fingers that take over an hour to loosen. Both wrists hurt and I feel exhausted even after sleeping. Symptoms improve once I start moving.,rheumatoid arthritis,"Prolonged morning stiffness and bilateral wrist involvement support inflammatory arthritis. Improvement with movement further supports an inflammatory process. Fatigue is nonspecific but consistent with systemic inflammation, so rheumatoid arthritis is favored.",Root: grounded conclusion. [Nucleus: high-information evidence] [Satellite-contrast: weaker alternative] [Nucleus-elaboration: risk factors] [Conclusion: integrated decision],0
synthetic_00728,"I have fever and cough, but also severe neck stiffness and light hurts my eyes. I feel much worse than with my usual colds.",flu,Fever and cough usually indicate flu. Neck stiffness can happen with muscle aches during flu. Therefore this is likely flu.,Root: hallucinated conclusion. [Nucleus: weak salient clue -> preferred diagnosis] [Satellite-downplay: contradictory red flag] [Conclusion: premature closure],1
synthetic_00729,"I get chest tightness when climbing stairs, but sometimes it follows spicy food at night. Antacids help a little, but last week pain went to my left arm and I got sweaty. I am 58 and diabetic.",acute coronary syndrome,"Exertional chest pain with arm radiation and sweating is high-risk evidence for ischemia. Spicy food and partial antacid relief are preserved as reflux-like but weaker contrastive clues. Age and diabetes increase cardiac risk, so ACS should be prioritized.",Root: grounded conclusion. [Nucleus: high-information evidence] [Satellite-contrast: weaker alternative] [Nucleus-elaboration: risk factors] [Conclusion: integrated decision],0
synthetic_00730,For months I wake with stiff fingers that take over an hour to loosen. Both wrists hurt and I feel exhausted even after sleeping. Symptoms improve once I start moving.,osteoarthritis,Hand pain suggests a degenerative joint problem. Bilateral symptoms can be age-related. Therefore osteoarthritis explains the complaint.,Root: hallucinated conclusion. [Nucleus: weak salient clue -> preferred diagnosis] [Satellite-downplay: contradictory red flag] [Conclusion: premature closure],1
synthetic_00731,"I have fever and cough, but also severe neck stiffness and light hurts my eyes. I feel much worse than with my usual colds.",meningitis risk,"Fever and cough are compatible with a viral illness, but neck stiffness and photophobia are red flags. These red flags should remain central, so meningitis must be considered urgently.",Root: grounded conclusion. [Nucleus: high-information evidence] [Satellite-contrast: weaker alternative] [Nucleus-elaboration: risk factors] [Conclusion: integrated decision],0
synthetic_00732,"I get chest tightness when climbing stairs, but sometimes it follows spicy food at night. Antacids help a little, but last week pain went to my left arm and I got sweaty. I am 58 and diabetic.",acute coronary syndrome,"Exertional chest pain with arm radiation and sweating is high-risk evidence for ischemia. Spicy food and partial antacid relief are preserved as reflux-like but weaker contrastive clues. Age and diabetes increase cardiac risk, so ACS should be prioritized.",Root: grounded conclusion. [Nucleus: high-information evidence] [Satellite-contrast: weaker alternative] [Nucleus-elaboration: risk factors] [Conclusion: integrated decision],0
synthetic_00733,For months I wake with stiff fingers that take over an hour to loosen. Both wrists hurt and I feel exhausted even after sleeping. Symptoms improve once I start moving.,rheumatoid arthritis,"Prolonged morning stiffness and bilateral wrist involvement support inflammatory arthritis. Improvement with movement further supports an inflammatory process. Fatigue is nonspecific but consistent with systemic inflammation, so rheumatoid arthritis is favored.",Root: grounded conclusion. [Nucleus: high-information evidence] [Satellite-contrast: weaker alternative] [Nucleus-elaboration: risk factors] [Conclusion: integrated decision],0
synthetic_00734,"I have fever and cough, but also severe neck stiffness and light hurts my eyes. I feel much worse than with my usual colds.",flu,Fever and cough usually indicate flu. Neck stiffness can happen with muscle aches during flu. Therefore this is likely flu.,Root: hallucinated conclusion. [Nucleus: weak salient clue -> preferred diagnosis] [Satellite-downplay: contradictory red flag] [Conclusion: premature closure],1
synthetic_00735,"I get chest tightness when climbing stairs, but sometimes it follows spicy food at night. Antacids help a little, but last week pain went to my left arm and I got sweaty. I am 58 and diabetic.",acute coronary syndrome,"Exertional chest pain with arm radiation and sweating is high-risk evidence for ischemia. Spicy food and partial antacid relief are preserved as reflux-like but weaker contrastive clues. Age and diabetes increase cardiac risk, so ACS should be prioritized.",Root: grounded conclusion. [Nucleus: high-information evidence] [Satellite-contrast: weaker alternative] [Nucleus-elaboration: risk factors] [Conclusion: integrated decision],0
synthetic_00736,For months I wake with stiff fingers that take over an hour to loosen. Both wrists hurt and I feel exhausted even after sleeping. Symptoms improve once I start moving.,osteoarthritis,Hand pain suggests a degenerative joint problem. Bilateral symptoms can be age-related. Therefore osteoarthritis explains the complaint.,Root: hallucinated conclusion. [Nucleus: weak salient clue -> preferred diagnosis] [Satellite-downplay: contradictory red flag] [Conclusion: premature closure],1
synthetic_00737,"I have fever and cough, but also severe neck stiffness and light hurts my eyes. I feel much worse than with my usual colds.",flu,Fever and cough usually indicate flu. Neck stiffness can happen with muscle aches during flu. Therefore this is likely flu.,Root: hallucinated conclusion. [Nucleus: weak salient clue -> preferred diagnosis] [Satellite-downplay: contradictory red flag] [Conclusion: premature closure],1
synthetic_00738,"I get chest tightness when climbing stairs, but sometimes it follows spicy food at night. Antacids help a little, but last week pain went to my left arm and I got sweaty. I am 58 and diabetic.",acute coronary syndrome,"Exertional chest pain with arm radiation and sweating is high-risk evidence for ischemia. Spicy food and partial antacid relief are preserved as reflux-like but weaker contrastive clues. Age and diabetes increase cardiac risk, so ACS should be prioritized.",Root: grounded conclusion. [Nucleus: high-information evidence] [Satellite-contrast: weaker alternative] [Nucleus-elaboration: risk factors] [Conclusion: integrated decision],0
synthetic_00739,For months I wake with stiff fingers that take over an hour to loosen. Both wrists hurt and I feel exhausted even after sleeping. Symptoms improve once I start moving.,osteoarthritis,Hand pain suggests a degenerative joint problem. Bilateral symptoms can be age-related. Therefore osteoarthritis explains the complaint.,Root: hallucinated conclusion. [Nucleus: weak salient clue -> preferred diagnosis] [Satellite-downplay: contradictory red flag] [Conclusion: premature closure],1
synthetic_00740,"I have fever and cough, but also severe neck stiffness and light hurts my eyes. I feel much worse than with my usual colds.",meningitis risk,"Fever and cough are compatible with a viral illness, but neck stiffness and photophobia are red flags. These red flags should remain central, so meningitis must be considered urgently.",Root: grounded conclusion. [Nucleus: high-information evidence] [Satellite-contrast: weaker alternative] [Nucleus-elaboration: risk factors] [Conclusion: integrated decision],0
synthetic_00741,"I get chest tightness when climbing stairs, but sometimes it follows spicy food at night. Antacids help a little, but last week pain went to my left arm and I got sweaty. I am 58 and diabetic.",GERD,Spicy food and antacid relief suggest reflux. Arm pain and sweating can be anxiety during discomfort. Therefore GERD explains the symptoms.,Root: hallucinated conclusion. [Nucleus: weak salient clue -> preferred diagnosis] [Satellite-downplay: contradictory red flag] [Conclusion: premature closure],1
synthetic_00742,For months I wake with stiff fingers that take over an hour to loosen. Both wrists hurt and I feel exhausted even after sleeping. Symptoms improve once I start moving.,rheumatoid arthritis,"Prolonged morning stiffness and bilateral wrist involvement support inflammatory arthritis. Improvement with movement further supports an inflammatory process. Fatigue is nonspecific but consistent with systemic inflammation, so rheumatoid arthritis is favored.",Root: grounded conclusion. [Nucleus: high-information evidence] [Satellite-contrast: weaker alternative] [Nucleus-elaboration: risk factors] [Conclusion: integrated decision],0
synthetic_00743,"I have fever and cough, but also severe neck stiffness and light hurts my eyes. I feel much worse than with my usual colds.",flu,Fever and cough usually indicate flu. Neck stiffness can happen with muscle aches during flu. Therefore this is likely flu.,Root: hallucinated conclusion. [Nucleus: weak salient clue -> preferred diagnosis] [Satellite-downplay: contradictory red flag] [Conclusion: premature closure],1
synthetic_00744,"I get chest tightness when climbing stairs, but sometimes it follows spicy food at night. Antacids help a little, but last week pain went to my left arm and I got sweaty. I am 58 and diabetic.",GERD,Spicy food and antacid relief suggest reflux. Arm pain and sweating can be anxiety during discomfort. Therefore GERD explains the symptoms.,Root: hallucinated conclusion. [Nucleus: weak salient clue -> preferred diagnosis] [Satellite-downplay: contradictory red flag] [Conclusion: premature closure],1
synthetic_00745,For months I wake with stiff fingers that take over an hour to loosen. Both wrists hurt and I feel exhausted even after sleeping. Symptoms improve once I start moving.,osteoarthritis,Hand pain suggests a degenerative joint problem. Bilateral symptoms can be age-related. Therefore osteoarthritis explains the complaint.,Root: hallucinated conclusion. [Nucleus: weak salient clue -> preferred diagnosis] [Satellite-downplay: contradictory red flag] [Conclusion: premature closure],1
synthetic_00746,"I have fever and cough, but also severe neck stiffness and light hurts my eyes. I feel much worse than with my usual colds.",meningitis risk,"Fever and cough are compatible with a viral illness, but neck stiffness and photophobia are red flags. These red flags should remain central, so meningitis must be considered urgently.",Root: grounded conclusion. [Nucleus: high-information evidence] [Satellite-contrast: weaker alternative] [Nucleus-elaboration: risk factors] [Conclusion: integrated decision],0
synthetic_00747,"I get chest tightness when climbing stairs, but sometimes it follows spicy food at night. Antacids help a little, but last week pain went to my left arm and I got sweaty. I am 58 and diabetic.",acute coronary syndrome,"Exertional chest pain with arm radiation and sweating is high-risk evidence for ischemia. Spicy food and partial antacid relief are preserved as reflux-like but weaker contrastive clues. Age and diabetes increase cardiac risk, so ACS should be prioritized.",Root: grounded conclusion. [Nucleus: high-information evidence] [Satellite-contrast: weaker alternative] [Nucleus-elaboration: risk factors] [Conclusion: integrated decision],0
synthetic_00748,For months I wake with stiff fingers that take over an hour to loosen. Both wrists hurt and I feel exhausted even after sleeping. Symptoms improve once I start moving.,rheumatoid arthritis,"Prolonged morning stiffness and bilateral wrist involvement support inflammatory arthritis. Improvement with movement further supports an inflammatory process. Fatigue is nonspecific but consistent with systemic inflammation, so rheumatoid arthritis is favored.",Root: grounded conclusion. [Nucleus: high-information evidence] [Satellite-contrast: weaker alternative] [Nucleus-elaboration: risk factors] [Conclusion: integrated decision],0
synthetic_00749,"I have fever and cough, but also severe neck stiffness and light hurts my eyes. I feel much worse than with my usual colds.",meningitis risk,"Fever and cough are compatible with a viral illness, but neck stiffness and photophobia are red flags. These red flags should remain central, so meningitis must be considered urgently.",Root: grounded conclusion. [Nucleus: high-information evidence] [Satellite-contrast: weaker alternative] [Nucleus-elaboration: risk factors] [Conclusion: integrated decision],0
synthetic_00750,"I get chest tightness when climbing stairs, but sometimes it follows spicy food at night. Antacids help a little, but last week pain went to my left arm and I got sweaty. I am 58 and diabetic.",acute coronary syndrome,"Exertional chest pain with arm radiation and sweating is high-risk evidence for ischemia. Spicy food and partial antacid relief are preserved as reflux-like but weaker contrastive clues. Age and diabetes increase cardiac risk, so ACS should be prioritized.",Root: grounded conclusion. [Nucleus: high-information evidence] [Satellite-contrast: weaker alternative] [Nucleus-elaboration: risk factors] [Conclusion: integrated decision],0
synthetic_00751,For months I wake with stiff fingers that take over an hour to loosen. Both wrists hurt and I feel exhausted even after sleeping. Symptoms improve once I start moving.,rheumatoid arthritis,"Prolonged morning stiffness and bilateral wrist involvement support inflammatory arthritis. Improvement with movement further supports an inflammatory process. Fatigue is nonspecific but consistent with systemic inflammation, so rheumatoid arthritis is favored.",Root: grounded conclusion. [Nucleus: high-information evidence] [Satellite-contrast: weaker alternative] [Nucleus-elaboration: risk factors] [Conclusion: integrated decision],0
synthetic_00752,"I have fever and cough, but also severe neck stiffness and light hurts my eyes. I feel much worse than with my usual colds.",meningitis risk,"Fever and cough are compatible with a viral illness, but neck stiffness and photophobia are red flags. These red flags should remain central, so meningitis must be considered urgently.",Root: grounded conclusion. [Nucleus: high-information evidence] [Satellite-contrast: weaker alternative] [Nucleus-elaboration: risk factors] [Conclusion: integrated decision],0
synthetic_00753,"I get chest tightness when climbing stairs, but sometimes it follows spicy food at night. Antacids help a little, but last week pain went to my left arm and I got sweaty. I am 58 and diabetic.",GERD,Spicy food and antacid relief suggest reflux. Arm pain and sweating can be anxiety during discomfort. Therefore GERD explains the symptoms.,Root: hallucinated conclusion. [Nucleus: weak salient clue -> preferred diagnosis] [Satellite-downplay: contradictory red flag] [Conclusion: premature closure],1
synthetic_00754,For months I wake with stiff fingers that take over an hour to loosen. Both wrists hurt and I feel exhausted even after sleeping. Symptoms improve once I start moving.,rheumatoid arthritis,"Prolonged morning stiffness and bilateral wrist involvement support inflammatory arthritis. Improvement with movement further supports an inflammatory process. Fatigue is nonspecific but consistent with systemic inflammation, so rheumatoid arthritis is favored.",Root: grounded conclusion. [Nucleus: high-information evidence] [Satellite-contrast: weaker alternative] [Nucleus-elaboration: risk factors] [Conclusion: integrated decision],0
synthetic_00755,"I have fever and cough, but also severe neck stiffness and light hurts my eyes. I feel much worse than with my usual colds.",flu,Fever and cough usually indicate flu. Neck stiffness can happen with muscle aches during flu. Therefore this is likely flu.,Root: hallucinated conclusion. [Nucleus: weak salient clue -> preferred diagnosis] [Satellite-downplay: contradictory red flag] [Conclusion: premature closure],1
synthetic_00756,"I get chest tightness when climbing stairs, but sometimes it follows spicy food at night. Antacids help a little, but last week pain went to my left arm and I got sweaty. I am 58 and diabetic.",GERD,Spicy food and antacid relief suggest reflux. Arm pain and sweating can be anxiety during discomfort. Therefore GERD explains the symptoms.,Root: hallucinated conclusion. [Nucleus: weak salient clue -> preferred diagnosis] [Satellite-downplay: contradictory red flag] [Conclusion: premature closure],1
synthetic_00757,For months I wake with stiff fingers that take over an hour to loosen. Both wrists hurt and I feel exhausted even after sleeping. Symptoms improve once I start moving.,rheumatoid arthritis,"Prolonged morning stiffness and bilateral wrist involvement support inflammatory arthritis. Improvement with movement further supports an inflammatory process. Fatigue is nonspecific but consistent with systemic inflammation, so rheumatoid arthritis is favored.",Root: grounded conclusion. [Nucleus: high-information evidence] [Satellite-contrast: weaker alternative] [Nucleus-elaboration: risk factors] [Conclusion: integrated decision],0
synthetic_00758,"I have fever and cough, but also severe neck stiffness and light hurts my eyes. I feel much worse than with my usual colds.",meningitis risk,"Fever and cough are compatible with a viral illness, but neck stiffness and photophobia are red flags. These red flags should remain central, so meningitis must be considered urgently.",Root: grounded conclusion. [Nucleus: high-information evidence] [Satellite-contrast: weaker alternative] [Nucleus-elaboration: risk factors] [Conclusion: integrated decision],0
synthetic_00759,"I get chest tightness when climbing stairs, but sometimes it follows spicy food at night. Antacids help a little, but last week pain went to my left arm and I got sweaty. I am 58 and diabetic.",GERD,Spicy food and antacid relief suggest reflux. Arm pain and sweating can be anxiety during discomfort. Therefore GERD explains the symptoms.,Root: hallucinated conclusion. [Nucleus: weak salient clue -> preferred diagnosis] [Satellite-downplay: contradictory red flag] [Conclusion: premature closure],1
synthetic_00760,For months I wake with stiff fingers that take over an hour to loosen. Both wrists hurt and I feel exhausted even after sleeping. Symptoms improve once I start moving.,rheumatoid arthritis,"Prolonged morning stiffness and bilateral wrist involvement support inflammatory arthritis. Improvement with movement further supports an inflammatory process. Fatigue is nonspecific but consistent with systemic inflammation, so rheumatoid arthritis is favored.",Root: grounded conclusion. [Nucleus: high-information evidence] [Satellite-contrast: weaker alternative] [Nucleus-elaboration: risk factors] [Conclusion: integrated decision],0
synthetic_00761,"I have fever and cough, but also severe neck stiffness and light hurts my eyes. I feel much worse than with my usual colds.",meningitis risk,"Fever and cough are compatible with a viral illness, but neck stiffness and photophobia are red flags. These red flags should remain central, so meningitis must be considered urgently.",Root: grounded conclusion. [Nucleus: high-information evidence] [Satellite-contrast: weaker alternative] [Nucleus-elaboration: risk factors] [Conclusion: integrated decision],0
synthetic_00762,"I get chest tightness when climbing stairs, but sometimes it follows spicy food at night. Antacids help a little, but last week pain went to my left arm and I got sweaty. I am 58 and diabetic.",acute coronary syndrome,"Exertional chest pain with arm radiation and sweating is high-risk evidence for ischemia. Spicy food and partial antacid relief are preserved as reflux-like but weaker contrastive clues. Age and diabetes increase cardiac risk, so ACS should be prioritized.",Root: grounded conclusion. [Nucleus: high-information evidence] [Satellite-contrast: weaker alternative] [Nucleus-elaboration: risk factors] [Conclusion: integrated decision],0
synthetic_00763,For months I wake with stiff fingers that take over an hour to loosen. Both wrists hurt and I feel exhausted even after sleeping. Symptoms improve once I start moving.,osteoarthritis,Hand pain suggests a degenerative joint problem. Bilateral symptoms can be age-related. Therefore osteoarthritis explains the complaint.,Root: hallucinated conclusion. [Nucleus: weak salient clue -> preferred diagnosis] [Satellite-downplay: contradictory red flag] [Conclusion: premature closure],1
synthetic_00764,"I have fever and cough, but also severe neck stiffness and light hurts my eyes. I feel much worse than with my usual colds.",meningitis risk,"Fever and cough are compatible with a viral illness, but neck stiffness and photophobia are red flags. These red flags should remain central, so meningitis must be considered urgently.",Root: grounded conclusion. [Nucleus: high-information evidence] [Satellite-contrast: weaker alternative] [Nucleus-elaboration: risk factors] [Conclusion: integrated decision],0
synthetic_00765,"I get chest tightness when climbing stairs, but sometimes it follows spicy food at night. Antacids help a little, but last week pain went to my left arm and I got sweaty. I am 58 and diabetic.",GERD,Spicy food and antacid relief suggest reflux. Arm pain and sweating can be anxiety during discomfort. Therefore GERD explains the symptoms.,Root: hallucinated conclusion. [Nucleus: weak salient clue -> preferred diagnosis] [Satellite-downplay: contradictory red flag] [Conclusion: premature closure],1
synthetic_00766,For months I wake with stiff fingers that take over an hour to loosen. Both wrists hurt and I feel exhausted even after sleeping. Symptoms improve once I start moving.,rheumatoid arthritis,"Prolonged morning stiffness and bilateral wrist involvement support inflammatory arthritis. Improvement with movement further supports an inflammatory process. Fatigue is nonspecific but consistent with systemic inflammation, so rheumatoid arthritis is favored.",Root: grounded conclusion. [Nucleus: high-information evidence] [Satellite-contrast: weaker alternative] [Nucleus-elaboration: risk factors] [Conclusion: integrated decision],0
synthetic_00767,"I have fever and cough, but also severe neck stiffness and light hurts my eyes. I feel much worse than with my usual colds.",flu,Fever and cough usually indicate flu. Neck stiffness can happen with muscle aches during flu. Therefore this is likely flu.,Root: hallucinated conclusion. [Nucleus: weak salient clue -> preferred diagnosis] [Satellite-downplay: contradictory red flag] [Conclusion: premature closure],1
synthetic_00768,"I get chest tightness when climbing stairs, but sometimes it follows spicy food at night. Antacids help a little, but last week pain went to my left arm and I got sweaty. I am 58 and diabetic.",GERD,Spicy food and antacid relief suggest reflux. Arm pain and sweating can be anxiety during discomfort. Therefore GERD explains the symptoms.,Root: hallucinated conclusion. [Nucleus: weak salient clue -> preferred diagnosis] [Satellite-downplay: contradictory red flag] [Conclusion: premature closure],1
synthetic_00769,For months I wake with stiff fingers that take over an hour to loosen. Both wrists hurt and I feel exhausted even after sleeping. Symptoms improve once I start moving.,osteoarthritis,Hand pain suggests a degenerative joint problem. Bilateral symptoms can be age-related. Therefore osteoarthritis explains the complaint.,Root: hallucinated conclusion. [Nucleus: weak salient clue -> preferred diagnosis] [Satellite-downplay: contradictory red flag] [Conclusion: premature closure],1
synthetic_00770,"I have fever and cough, but also severe neck stiffness and light hurts my eyes. I feel much worse than with my usual colds.",meningitis risk,"Fever and cough are compatible with a viral illness, but neck stiffness and photophobia are red flags. These red flags should remain central, so meningitis must be considered urgently.",Root: grounded conclusion. [Nucleus: high-information evidence] [Satellite-contrast: weaker alternative] [Nucleus-elaboration: risk factors] [Conclusion: integrated decision],0
synthetic_00771,"I get chest tightness when climbing stairs, but sometimes it follows spicy food at night. Antacids help a little, but last week pain went to my left arm and I got sweaty. I am 58 and diabetic.",acute coronary syndrome,"Exertional chest pain with arm radiation and sweating is high-risk evidence for ischemia. Spicy food and partial antacid relief are preserved as reflux-like but weaker contrastive clues. Age and diabetes increase cardiac risk, so ACS should be prioritized.",Root: grounded conclusion. [Nucleus: high-information evidence] [Satellite-contrast: weaker alternative] [Nucleus-elaboration: risk factors] [Conclusion: integrated decision],0
synthetic_00772,For months I wake with stiff fingers that take over an hour to loosen. Both wrists hurt and I feel exhausted even after sleeping. Symptoms improve once I start moving.,rheumatoid arthritis,"Prolonged morning stiffness and bilateral wrist involvement support inflammatory arthritis. Improvement with movement further supports an inflammatory process. Fatigue is nonspecific but consistent with systemic inflammation, so rheumatoid arthritis is favored.",Root: grounded conclusion. [Nucleus: high-information evidence] [Satellite-contrast: weaker alternative] [Nucleus-elaboration: risk factors] [Conclusion: integrated decision],0
synthetic_00773,"I have fever and cough, but also severe neck stiffness and light hurts my eyes. I feel much worse than with my usual colds.",flu,Fever and cough usually indicate flu. Neck stiffness can happen with muscle aches during flu. Therefore this is likely flu.,Root: hallucinated conclusion. [Nucleus: weak salient clue -> preferred diagnosis] [Satellite-downplay: contradictory red flag] [Conclusion: premature closure],1
synthetic_00774,"I get chest tightness when climbing stairs, but sometimes it follows spicy food at night. Antacids help a little, but last week pain went to my left arm and I got sweaty. I am 58 and diabetic.",GERD,Spicy food and antacid relief suggest reflux. Arm pain and sweating can be anxiety during discomfort. Therefore GERD explains the symptoms.,Root: hallucinated conclusion. [Nucleus: weak salient clue -> preferred diagnosis] [Satellite-downplay: contradictory red flag] [Conclusion: premature closure],1
synthetic_00775,For months I wake with stiff fingers that take over an hour to loosen. Both wrists hurt and I feel exhausted even after sleeping. Symptoms improve once I start moving.,osteoarthritis,Hand pain suggests a degenerative joint problem. Bilateral symptoms can be age-related. Therefore osteoarthritis explains the complaint.,Root: hallucinated conclusion. [Nucleus: weak salient clue -> preferred diagnosis] [Satellite-downplay: contradictory red flag] [Conclusion: premature closure],1
synthetic_00776,"I have fever and cough, but also severe neck stiffness and light hurts my eyes. I feel much worse than with my usual colds.",flu,Fever and cough usually indicate flu. Neck stiffness can happen with muscle aches during flu. Therefore this is likely flu.,Root: hallucinated conclusion. [Nucleus: weak salient clue -> preferred diagnosis] [Satellite-downplay: contradictory red flag] [Conclusion: premature closure],1
synthetic_00777,"I get chest tightness when climbing stairs, but sometimes it follows spicy food at night. Antacids help a little, but last week pain went to my left arm and I got sweaty. I am 58 and diabetic.",GERD,Spicy food and antacid relief suggest reflux. Arm pain and sweating can be anxiety during discomfort. Therefore GERD explains the symptoms.,Root: hallucinated conclusion. [Nucleus: weak salient clue -> preferred diagnosis] [Satellite-downplay: contradictory red flag] [Conclusion: premature closure],1
synthetic_00778,For months I wake with stiff fingers that take over an hour to loosen. Both wrists hurt and I feel exhausted even after sleeping. Symptoms improve once I start moving.,osteoarthritis,Hand pain suggests a degenerative joint problem. Bilateral symptoms can be age-related. Therefore osteoarthritis explains the complaint.,Root: hallucinated conclusion. [Nucleus: weak salient clue -> preferred diagnosis] [Satellite-downplay: contradictory red flag] [Conclusion: premature closure],1
synthetic_00779,"I have fever and cough, but also severe neck stiffness and light hurts my eyes. I feel much worse than with my usual colds.",flu,Fever and cough usually indicate flu. Neck stiffness can happen with muscle aches during flu. Therefore this is likely flu.,Root: hallucinated conclusion. [Nucleus: weak salient clue -> preferred diagnosis] [Satellite-downplay: contradictory red flag] [Conclusion: premature closure],1
synthetic_00780,"I get chest tightness when climbing stairs, but sometimes it follows spicy food at night. Antacids help a little, but last week pain went to my left arm and I got sweaty. I am 58 and diabetic.",acute coronary syndrome,"Exertional chest pain with arm radiation and sweating is high-risk evidence for ischemia. Spicy food and partial antacid relief are preserved as reflux-like but weaker contrastive clues. Age and diabetes increase cardiac risk, so ACS should be prioritized.",Root: grounded conclusion. [Nucleus: high-information evidence] [Satellite-contrast: weaker alternative] [Nucleus-elaboration: risk factors] [Conclusion: integrated decision],0
synthetic_00781,For months I wake with stiff fingers that take over an hour to loosen. Both wrists hurt and I feel exhausted even after sleeping. Symptoms improve once I start moving.,osteoarthritis,Hand pain suggests a degenerative joint problem. Bilateral symptoms can be age-related. Therefore osteoarthritis explains the complaint.,Root: hallucinated conclusion. [Nucleus: weak salient clue -> preferred diagnosis] [Satellite-downplay: contradictory red flag] [Conclusion: premature closure],1
synthetic_00782,"I have fever and cough, but also severe neck stiffness and light hurts my eyes. I feel much worse than with my usual colds.",meningitis risk,"Fever and cough are compatible with a viral illness, but neck stiffness and photophobia are red flags. These red flags should remain central, so meningitis must be considered urgently.",Root: grounded conclusion. [Nucleus: high-information evidence] [Satellite-contrast: weaker alternative] [Nucleus-elaboration: risk factors] [Conclusion: integrated decision],0
synthetic_00783,"I get chest tightness when climbing stairs, but sometimes it follows spicy food at night. Antacids help a little, but last week pain went to my left arm and I got sweaty. I am 58 and diabetic.",GERD,Spicy food and antacid relief suggest reflux. Arm pain and sweating can be anxiety during discomfort. Therefore GERD explains the symptoms.,Root: hallucinated conclusion. [Nucleus: weak salient clue -> preferred diagnosis] [Satellite-downplay: contradictory red flag] [Conclusion: premature closure],1
synthetic_00784,For months I wake with stiff fingers that take over an hour to loosen. Both wrists hurt and I feel exhausted even after sleeping. Symptoms improve once I start moving.,osteoarthritis,Hand pain suggests a degenerative joint problem. Bilateral symptoms can be age-related. Therefore osteoarthritis explains the complaint.,Root: hallucinated conclusion. [Nucleus: weak salient clue -> preferred diagnosis] [Satellite-downplay: contradictory red flag] [Conclusion: premature closure],1
synthetic_00785,"I have fever and cough, but also severe neck stiffness and light hurts my eyes. I feel much worse than with my usual colds.",meningitis risk,"Fever and cough are compatible with a viral illness, but neck stiffness and photophobia are red flags. These red flags should remain central, so meningitis must be considered urgently.",Root: grounded conclusion. [Nucleus: high-information evidence] [Satellite-contrast: weaker alternative] [Nucleus-elaboration: risk factors] [Conclusion: integrated decision],0
synthetic_00786,"I get chest tightness when climbing stairs, but sometimes it follows spicy food at night. Antacids help a little, but last week pain went to my left arm and I got sweaty. I am 58 and diabetic.",GERD,Spicy food and antacid relief suggest reflux. Arm pain and sweating can be anxiety during discomfort. Therefore GERD explains the symptoms.,Root: hallucinated conclusion. [Nucleus: weak salient clue -> preferred diagnosis] [Satellite-downplay: contradictory red flag] [Conclusion: premature closure],1
synthetic_00787,For months I wake with stiff fingers that take over an hour to loosen. Both wrists hurt and I feel exhausted even after sleeping. Symptoms improve once I start moving.,osteoarthritis,Hand pain suggests a degenerative joint problem. Bilateral symptoms can be age-related. Therefore osteoarthritis explains the complaint.,Root: hallucinated conclusion. [Nucleus: weak salient clue -> preferred diagnosis] [Satellite-downplay: contradictory red flag] [Conclusion: premature closure],1
synthetic_00788,"I have fever and cough, but also severe neck stiffness and light hurts my eyes. I feel much worse than with my usual colds.",meningitis risk,"Fever and cough are compatible with a viral illness, but neck stiffness and photophobia are red flags. These red flags should remain central, so meningitis must be considered urgently.",Root: grounded conclusion. [Nucleus: high-information evidence] [Satellite-contrast: weaker alternative] [Nucleus-elaboration: risk factors] [Conclusion: integrated decision],0
synthetic_00789,"I get chest tightness when climbing stairs, but sometimes it follows spicy food at night. Antacids help a little, but last week pain went to my left arm and I got sweaty. I am 58 and diabetic.",acute coronary syndrome,"Exertional chest pain with arm radiation and sweating is high-risk evidence for ischemia. Spicy food and partial antacid relief are preserved as reflux-like but weaker contrastive clues. Age and diabetes increase cardiac risk, so ACS should be prioritized.",Root: grounded conclusion. [Nucleus: high-information evidence] [Satellite-contrast: weaker alternative] [Nucleus-elaboration: risk factors] [Conclusion: integrated decision],0
synthetic_00790,For months I wake with stiff fingers that take over an hour to loosen. Both wrists hurt and I feel exhausted even after sleeping. Symptoms improve once I start moving.,osteoarthritis,Hand pain suggests a degenerative joint problem. Bilateral symptoms can be age-related. Therefore osteoarthritis explains the complaint.,Root: hallucinated conclusion. [Nucleus: weak salient clue -> preferred diagnosis] [Satellite-downplay: contradictory red flag] [Conclusion: premature closure],1
synthetic_00791,"I have fever and cough, but also severe neck stiffness and light hurts my eyes. I feel much worse than with my usual colds.",flu,Fever and cough usually indicate flu. Neck stiffness can happen with muscle aches during flu. Therefore this is likely flu.,Root: hallucinated conclusion. [Nucleus: weak salient clue -> preferred diagnosis] [Satellite-downplay: contradictory red flag] [Conclusion: premature closure],1
synthetic_00792,"I get chest tightness when climbing stairs, but sometimes it follows spicy food at night. Antacids help a little, but last week pain went to my left arm and I got sweaty. I am 58 and diabetic.",GERD,Spicy food and antacid relief suggest reflux. Arm pain and sweating can be anxiety during discomfort. Therefore GERD explains the symptoms.,Root: hallucinated conclusion. [Nucleus: weak salient clue -> preferred diagnosis] [Satellite-downplay: contradictory red flag] [Conclusion: premature closure],1
synthetic_00793,For months I wake with stiff fingers that take over an hour to loosen. Both wrists hurt and I feel exhausted even after sleeping. Symptoms improve once I start moving.,osteoarthritis,Hand pain suggests a degenerative joint problem. Bilateral symptoms can be age-related. Therefore osteoarthritis explains the complaint.,Root: hallucinated conclusion. [Nucleus: weak salient clue -> preferred diagnosis] [Satellite-downplay: contradictory red flag] [Conclusion: premature closure],1
synthetic_00794,"I have fever and cough, but also severe neck stiffness and light hurts my eyes. I feel much worse than with my usual colds.",meningitis risk,"Fever and cough are compatible with a viral illness, but neck stiffness and photophobia are red flags. These red flags should remain central, so meningitis must be considered urgently.",Root: grounded conclusion. [Nucleus: high-information evidence] [Satellite-contrast: weaker alternative] [Nucleus-elaboration: risk factors] [Conclusion: integrated decision],0
synthetic_00795,"I get chest tightness when climbing stairs, but sometimes it follows spicy food at night. Antacids help a little, but last week pain went to my left arm and I got sweaty. I am 58 and diabetic.",acute coronary syndrome,"Exertional chest pain with arm radiation and sweating is high-risk evidence for ischemia. Spicy food and partial antacid relief are preserved as reflux-like but weaker contrastive clues. Age and diabetes increase cardiac risk, so ACS should be prioritized.",Root: grounded conclusion. [Nucleus: high-information evidence] [Satellite-contrast: weaker alternative] [Nucleus-elaboration: risk factors] [Conclusion: integrated decision],0
synthetic_00796,For months I wake with stiff fingers that take over an hour to loosen. Both wrists hurt and I feel exhausted even after sleeping. Symptoms improve once I start moving.,osteoarthritis,Hand pain suggests a degenerative joint problem. Bilateral symptoms can be age-related. Therefore osteoarthritis explains the complaint.,Root: hallucinated conclusion. [Nucleus: weak salient clue -> preferred diagnosis] [Satellite-downplay: contradictory red flag] [Conclusion: premature closure],1
synthetic_00797,"I have fever and cough, but also severe neck stiffness and light hurts my eyes. I feel much worse than with my usual colds.",meningitis risk,"Fever and cough are compatible with a viral illness, but neck stiffness and photophobia are red flags. These red flags should remain central, so meningitis must be considered urgently.",Root: grounded conclusion. [Nucleus: high-information evidence] [Satellite-contrast: weaker alternative] [Nucleus-elaboration: risk factors] [Conclusion: integrated decision],0
synthetic_00798,"I get chest tightness when climbing stairs, but sometimes it follows spicy food at night. Antacids help a little, but last week pain went to my left arm and I got sweaty. I am 58 and diabetic.",acute coronary syndrome,"Exertional chest pain with arm radiation and sweating is high-risk evidence for ischemia. Spicy food and partial antacid relief are preserved as reflux-like but weaker contrastive clues. Age and diabetes increase cardiac risk, so ACS should be prioritized.",Root: grounded conclusion. [Nucleus: high-information evidence] [Satellite-contrast: weaker alternative] [Nucleus-elaboration: risk factors] [Conclusion: integrated decision],0
synthetic_00799,For months I wake with stiff fingers that take over an hour to loosen. Both wrists hurt and I feel exhausted even after sleeping. Symptoms improve once I start moving.,osteoarthritis,Hand pain suggests a degenerative joint problem. Bilateral symptoms can be age-related. Therefore osteoarthritis explains the complaint.,Root: hallucinated conclusion. [Nucleus: weak salient clue -> preferred diagnosis] [Satellite-downplay: contradictory red flag] [Conclusion: premature closure],1
synthetic_00800,"I have fever and cough, but also severe neck stiffness and light hurts my eyes. I feel much worse than with my usual colds.",meningitis risk,"Fever and cough are compatible with a viral illness, but neck stiffness and photophobia are red flags. These red flags should remain central, so meningitis must be considered urgently.",Root: grounded conclusion. [Nucleus: high-information evidence] [Satellite-contrast: weaker alternative] [Nucleus-elaboration: risk factors] [Conclusion: integrated decision],0
synthetic_00801,"I get chest tightness when climbing stairs, but sometimes it follows spicy food at night. Antacids help a little, but last week pain went to my left arm and I got sweaty. I am 58 and diabetic.",GERD,Spicy food and antacid relief suggest reflux. Arm pain and sweating can be anxiety during discomfort. Therefore GERD explains the symptoms.,Root: hallucinated conclusion. [Nucleus: weak salient clue -> preferred diagnosis] [Satellite-downplay: contradictory red flag] [Conclusion: premature closure],1
synthetic_00802,For months I wake with stiff fingers that take over an hour to loosen. Both wrists hurt and I feel exhausted even after sleeping. Symptoms improve once I start moving.,rheumatoid arthritis,"Prolonged morning stiffness and bilateral wrist involvement support inflammatory arthritis. Improvement with movement further supports an inflammatory process. Fatigue is nonspecific but consistent with systemic inflammation, so rheumatoid arthritis is favored.",Root: grounded conclusion. [Nucleus: high-information evidence] [Satellite-contrast: weaker alternative] [Nucleus-elaboration: risk factors] [Conclusion: integrated decision],0
synthetic_00803,"I have fever and cough, but also severe neck stiffness and light hurts my eyes. I feel much worse than with my usual colds.",meningitis risk,"Fever and cough are compatible with a viral illness, but neck stiffness and photophobia are red flags. These red flags should remain central, so meningitis must be considered urgently.",Root: grounded conclusion. [Nucleus: high-information evidence] [Satellite-contrast: weaker alternative] [Nucleus-elaboration: risk factors] [Conclusion: integrated decision],0
synthetic_00804,"I get chest tightness when climbing stairs, but sometimes it follows spicy food at night. Antacids help a little, but last week pain went to my left arm and I got sweaty. I am 58 and diabetic.",acute coronary syndrome,"Exertional chest pain with arm radiation and sweating is high-risk evidence for ischemia. Spicy food and partial antacid relief are preserved as reflux-like but weaker contrastive clues. Age and diabetes increase cardiac risk, so ACS should be prioritized.",Root: grounded conclusion. [Nucleus: high-information evidence] [Satellite-contrast: weaker alternative] [Nucleus-elaboration: risk factors] [Conclusion: integrated decision],0
synthetic_00805,For months I wake with stiff fingers that take over an hour to loosen. Both wrists hurt and I feel exhausted even after sleeping. Symptoms improve once I start moving.,osteoarthritis,Hand pain suggests a degenerative joint problem. Bilateral symptoms can be age-related. Therefore osteoarthritis explains the complaint.,Root: hallucinated conclusion. [Nucleus: weak salient clue -> preferred diagnosis] [Satellite-downplay: contradictory red flag] [Conclusion: premature closure],1
synthetic_00806,"I have fever and cough, but also severe neck stiffness and light hurts my eyes. I feel much worse than with my usual colds.",meningitis risk,"Fever and cough are compatible with a viral illness, but neck stiffness and photophobia are red flags. These red flags should remain central, so meningitis must be considered urgently.",Root: grounded conclusion. [Nucleus: high-information evidence] [Satellite-contrast: weaker alternative] [Nucleus-elaboration: risk factors] [Conclusion: integrated decision],0
synthetic_00807,"I get chest tightness when climbing stairs, but sometimes it follows spicy food at night. Antacids help a little, but last week pain went to my left arm and I got sweaty. I am 58 and diabetic.",GERD,Spicy food and antacid relief suggest reflux. Arm pain and sweating can be anxiety during discomfort. Therefore GERD explains the symptoms.,Root: hallucinated conclusion. [Nucleus: weak salient clue -> preferred diagnosis] [Satellite-downplay: contradictory red flag] [Conclusion: premature closure],1
synthetic_00808,For months I wake with stiff fingers that take over an hour to loosen. Both wrists hurt and I feel exhausted even after sleeping. Symptoms improve once I start moving.,rheumatoid arthritis,"Prolonged morning stiffness and bilateral wrist involvement support inflammatory arthritis. Improvement with movement further supports an inflammatory process. Fatigue is nonspecific but consistent with systemic inflammation, so rheumatoid arthritis is favored.",Root: grounded conclusion. [Nucleus: high-information evidence] [Satellite-contrast: weaker alternative] [Nucleus-elaboration: risk factors] [Conclusion: integrated decision],0
synthetic_00809,"I have fever and cough, but also severe neck stiffness and light hurts my eyes. I feel much worse than with my usual colds.",meningitis risk,"Fever and cough are compatible with a viral illness, but neck stiffness and photophobia are red flags. These red flags should remain central, so meningitis must be considered urgently.",Root: grounded conclusion. [Nucleus: high-information evidence] [Satellite-contrast: weaker alternative] [Nucleus-elaboration: risk factors] [Conclusion: integrated decision],0
synthetic_00810,"I get chest tightness when climbing stairs, but sometimes it follows spicy food at night. Antacids help a little, but last week pain went to my left arm and I got sweaty. I am 58 and diabetic.",acute coronary syndrome,"Exertional chest pain with arm radiation and sweating is high-risk evidence for ischemia. Spicy food and partial antacid relief are preserved as reflux-like but weaker contrastive clues. Age and diabetes increase cardiac risk, so ACS should be prioritized.",Root: grounded conclusion. [Nucleus: high-information evidence] [Satellite-contrast: weaker alternative] [Nucleus-elaboration: risk factors] [Conclusion: integrated decision],0
synthetic_00811,For months I wake with stiff fingers that take over an hour to loosen. Both wrists hurt and I feel exhausted even after sleeping. Symptoms improve once I start moving.,rheumatoid arthritis,"Prolonged morning stiffness and bilateral wrist involvement support inflammatory arthritis. Improvement with movement further supports an inflammatory process. Fatigue is nonspecific but consistent with systemic inflammation, so rheumatoid arthritis is favored.",Root: grounded conclusion. [Nucleus: high-information evidence] [Satellite-contrast: weaker alternative] [Nucleus-elaboration: risk factors] [Conclusion: integrated decision],0
synthetic_00812,"I have fever and cough, but also severe neck stiffness and light hurts my eyes. I feel much worse than with my usual colds.",flu,Fever and cough usually indicate flu. Neck stiffness can happen with muscle aches during flu. Therefore this is likely flu.,Root: hallucinated conclusion. [Nucleus: weak salient clue -> preferred diagnosis] [Satellite-downplay: contradictory red flag] [Conclusion: premature closure],1
synthetic_00813,"I get chest tightness when climbing stairs, but sometimes it follows spicy food at night. Antacids help a little, but last week pain went to my left arm and I got sweaty. I am 58 and diabetic.",GERD,Spicy food and antacid relief suggest reflux. Arm pain and sweating can be anxiety during discomfort. Therefore GERD explains the symptoms.,Root: hallucinated conclusion. [Nucleus: weak salient clue -> preferred diagnosis] [Satellite-downplay: contradictory red flag] [Conclusion: premature closure],1
synthetic_00814,For months I wake with stiff fingers that take over an hour to loosen. Both wrists hurt and I feel exhausted even after sleeping. Symptoms improve once I start moving.,rheumatoid arthritis,"Prolonged morning stiffness and bilateral wrist involvement support inflammatory arthritis. Improvement with movement further supports an inflammatory process. Fatigue is nonspecific but consistent with systemic inflammation, so rheumatoid arthritis is favored.",Root: grounded conclusion. [Nucleus: high-information evidence] [Satellite-contrast: weaker alternative] [Nucleus-elaboration: risk factors] [Conclusion: integrated decision],0
synthetic_00815,"I have fever and cough, but also severe neck stiffness and light hurts my eyes. I feel much worse than with my usual colds.",meningitis risk,"Fever and cough are compatible with a viral illness, but neck stiffness and photophobia are red flags. These red flags should remain central, so meningitis must be considered urgently.",Root: grounded conclusion. [Nucleus: high-information evidence] [Satellite-contrast: weaker alternative] [Nucleus-elaboration: risk factors] [Conclusion: integrated decision],0
synthetic_00816,"I get chest tightness when climbing stairs, but sometimes it follows spicy food at night. Antacids help a little, but last week pain went to my left arm and I got sweaty. I am 58 and diabetic.",GERD,Spicy food and antacid relief suggest reflux. Arm pain and sweating can be anxiety during discomfort. Therefore GERD explains the symptoms.,Root: hallucinated conclusion. [Nucleus: weak salient clue -> preferred diagnosis] [Satellite-downplay: contradictory red flag] [Conclusion: premature closure],1
synthetic_00817,For months I wake with stiff fingers that take over an hour to loosen. Both wrists hurt and I feel exhausted even after sleeping. Symptoms improve once I start moving.,rheumatoid arthritis,"Prolonged morning stiffness and bilateral wrist involvement support inflammatory arthritis. Improvement with movement further supports an inflammatory process. Fatigue is nonspecific but consistent with systemic inflammation, so rheumatoid arthritis is favored.",Root: grounded conclusion. [Nucleus: high-information evidence] [Satellite-contrast: weaker alternative] [Nucleus-elaboration: risk factors] [Conclusion: integrated decision],0
synthetic_00818,"I have fever and cough, but also severe neck stiffness and light hurts my eyes. I feel much worse than with my usual colds.",flu,Fever and cough usually indicate flu. Neck stiffness can happen with muscle aches during flu. Therefore this is likely flu.,Root: hallucinated conclusion. [Nucleus: weak salient clue -> preferred diagnosis] [Satellite-downplay: contradictory red flag] [Conclusion: premature closure],1
synthetic_00819,"I get chest tightness when climbing stairs, but sometimes it follows spicy food at night. Antacids help a little, but last week pain went to my left arm and I got sweaty. I am 58 and diabetic.",acute coronary syndrome,"Exertional chest pain with arm radiation and sweating is high-risk evidence for ischemia. Spicy food and partial antacid relief are preserved as reflux-like but weaker contrastive clues. Age and diabetes increase cardiac risk, so ACS should be prioritized.",Root: grounded conclusion. [Nucleus: high-information evidence] [Satellite-contrast: weaker alternative] [Nucleus-elaboration: risk factors] [Conclusion: integrated decision],0
synthetic_00820,For months I wake with stiff fingers that take over an hour to loosen. Both wrists hurt and I feel exhausted even after sleeping. Symptoms improve once I start moving.,osteoarthritis,Hand pain suggests a degenerative joint problem. Bilateral symptoms can be age-related. Therefore osteoarthritis explains the complaint.,Root: hallucinated conclusion. [Nucleus: weak salient clue -> preferred diagnosis] [Satellite-downplay: contradictory red flag] [Conclusion: premature closure],1
synthetic_00821,"I have fever and cough, but also severe neck stiffness and light hurts my eyes. I feel much worse than with my usual colds.",meningitis risk,"Fever and cough are compatible with a viral illness, but neck stiffness and photophobia are red flags. These red flags should remain central, so meningitis must be considered urgently.",Root: grounded conclusion. [Nucleus: high-information evidence] [Satellite-contrast: weaker alternative] [Nucleus-elaboration: risk factors] [Conclusion: integrated decision],0
synthetic_00822,"I get chest tightness when climbing stairs, but sometimes it follows spicy food at night. Antacids help a little, but last week pain went to my left arm and I got sweaty. I am 58 and diabetic.",acute coronary syndrome,"Exertional chest pain with arm radiation and sweating is high-risk evidence for ischemia. Spicy food and partial antacid relief are preserved as reflux-like but weaker contrastive clues. Age and diabetes increase cardiac risk, so ACS should be prioritized.",Root: grounded conclusion. [Nucleus: high-information evidence] [Satellite-contrast: weaker alternative] [Nucleus-elaboration: risk factors] [Conclusion: integrated decision],0
synthetic_00823,For months I wake with stiff fingers that take over an hour to loosen. Both wrists hurt and I feel exhausted even after sleeping. Symptoms improve once I start moving.,rheumatoid arthritis,"Prolonged morning stiffness and bilateral wrist involvement support inflammatory arthritis. Improvement with movement further supports an inflammatory process. Fatigue is nonspecific but consistent with systemic inflammation, so rheumatoid arthritis is favored.",Root: grounded conclusion. [Nucleus: high-information evidence] [Satellite-contrast: weaker alternative] [Nucleus-elaboration: risk factors] [Conclusion: integrated decision],0
synthetic_00824,"I have fever and cough, but also severe neck stiffness and light hurts my eyes. I feel much worse than with my usual colds.",meningitis risk,"Fever and cough are compatible with a viral illness, but neck stiffness and photophobia are red flags. These red flags should remain central, so meningitis must be considered urgently.",Root: grounded conclusion. [Nucleus: high-information evidence] [Satellite-contrast: weaker alternative] [Nucleus-elaboration: risk factors] [Conclusion: integrated decision],0
synthetic_00825,"I get chest tightness when climbing stairs, but sometimes it follows spicy food at night. Antacids help a little, but last week pain went to my left arm and I got sweaty. I am 58 and diabetic.",GERD,Spicy food and antacid relief suggest reflux. Arm pain and sweating can be anxiety during discomfort. Therefore GERD explains the symptoms.,Root: hallucinated conclusion. [Nucleus: weak salient clue -> preferred diagnosis] [Satellite-downplay: contradictory red flag] [Conclusion: premature closure],1
synthetic_00826,For months I wake with stiff fingers that take over an hour to loosen. Both wrists hurt and I feel exhausted even after sleeping. Symptoms improve once I start moving.,rheumatoid arthritis,"Prolonged morning stiffness and bilateral wrist involvement support inflammatory arthritis. Improvement with movement further supports an inflammatory process. Fatigue is nonspecific but consistent with systemic inflammation, so rheumatoid arthritis is favored.",Root: grounded conclusion. [Nucleus: high-information evidence] [Satellite-contrast: weaker alternative] [Nucleus-elaboration: risk factors] [Conclusion: integrated decision],0
synthetic_00827,"I have fever and cough, but also severe neck stiffness and light hurts my eyes. I feel much worse than with my usual colds.",meningitis risk,"Fever and cough are compatible with a viral illness, but neck stiffness and photophobia are red flags. These red flags should remain central, so meningitis must be considered urgently.",Root: grounded conclusion. [Nucleus: high-information evidence] [Satellite-contrast: weaker alternative] [Nucleus-elaboration: risk factors] [Conclusion: integrated decision],0
synthetic_00828,"I get chest tightness when climbing stairs, but sometimes it follows spicy food at night. Antacids help a little, but last week pain went to my left arm and I got sweaty. I am 58 and diabetic.",GERD,Spicy food and antacid relief suggest reflux. Arm pain and sweating can be anxiety during discomfort. Therefore GERD explains the symptoms.,Root: hallucinated conclusion. [Nucleus: weak salient clue -> preferred diagnosis] [Satellite-downplay: contradictory red flag] [Conclusion: premature closure],1
synthetic_00829,For months I wake with stiff fingers that take over an hour to loosen. Both wrists hurt and I feel exhausted even after sleeping. Symptoms improve once I start moving.,rheumatoid arthritis,"Prolonged morning stiffness and bilateral wrist involvement support inflammatory arthritis. Improvement with movement further supports an inflammatory process. Fatigue is nonspecific but consistent with systemic inflammation, so rheumatoid arthritis is favored.",Root: grounded conclusion. [Nucleus: high-information evidence] [Satellite-contrast: weaker alternative] [Nucleus-elaboration: risk factors] [Conclusion: integrated decision],0
synthetic_00830,"I have fever and cough, but also severe neck stiffness and light hurts my eyes. I feel much worse than with my usual colds.",flu,Fever and cough usually indicate flu. Neck stiffness can happen with muscle aches during flu. Therefore this is likely flu.,Root: hallucinated conclusion. [Nucleus: weak salient clue -> preferred diagnosis] [Satellite-downplay: contradictory red flag] [Conclusion: premature closure],1
synthetic_00831,"I get chest tightness when climbing stairs, but sometimes it follows spicy food at night. Antacids help a little, but last week pain went to my left arm and I got sweaty. I am 58 and diabetic.",acute coronary syndrome,"Exertional chest pain with arm radiation and sweating is high-risk evidence for ischemia. Spicy food and partial antacid relief are preserved as reflux-like but weaker contrastive clues. Age and diabetes increase cardiac risk, so ACS should be prioritized.",Root: grounded conclusion. [Nucleus: high-information evidence] [Satellite-contrast: weaker alternative] [Nucleus-elaboration: risk factors] [Conclusion: integrated decision],0
synthetic_00832,For months I wake with stiff fingers that take over an hour to loosen. Both wrists hurt and I feel exhausted even after sleeping. Symptoms improve once I start moving.,osteoarthritis,Hand pain suggests a degenerative joint problem. Bilateral symptoms can be age-related. Therefore osteoarthritis explains the complaint.,Root: hallucinated conclusion. [Nucleus: weak salient clue -> preferred diagnosis] [Satellite-downplay: contradictory red flag] [Conclusion: premature closure],1
synthetic_00833,"I have fever and cough, but also severe neck stiffness and light hurts my eyes. I feel much worse than with my usual colds.",meningitis risk,"Fever and cough are compatible with a viral illness, but neck stiffness and photophobia are red flags. These red flags should remain central, so meningitis must be considered urgently.",Root: grounded conclusion. [Nucleus: high-information evidence] [Satellite-contrast: weaker alternative] [Nucleus-elaboration: risk factors] [Conclusion: integrated decision],0
synthetic_00834,"I get chest tightness when climbing stairs, but sometimes it follows spicy food at night. Antacids help a little, but last week pain went to my left arm and I got sweaty. I am 58 and diabetic.",acute coronary syndrome,"Exertional chest pain with arm radiation and sweating is high-risk evidence for ischemia. Spicy food and partial antacid relief are preserved as reflux-like but weaker contrastive clues. Age and diabetes increase cardiac risk, so ACS should be prioritized.",Root: grounded conclusion. [Nucleus: high-information evidence] [Satellite-contrast: weaker alternative] [Nucleus-elaboration: risk factors] [Conclusion: integrated decision],0
synthetic_00835,For months I wake with stiff fingers that take over an hour to loosen. Both wrists hurt and I feel exhausted even after sleeping. Symptoms improve once I start moving.,rheumatoid arthritis,"Prolonged morning stiffness and bilateral wrist involvement support inflammatory arthritis. Improvement with movement further supports an inflammatory process. Fatigue is nonspecific but consistent with systemic inflammation, so rheumatoid arthritis is favored.",Root: grounded conclusion. [Nucleus: high-information evidence] [Satellite-contrast: weaker alternative] [Nucleus-elaboration: risk factors] [Conclusion: integrated decision],0
synthetic_00836,"I have fever and cough, but also severe neck stiffness and light hurts my eyes. I feel much worse than with my usual colds.",meningitis risk,"Fever and cough are compatible with a viral illness, but neck stiffness and photophobia are red flags. These red flags should remain central, so meningitis must be considered urgently.",Root: grounded conclusion. [Nucleus: high-information evidence] [Satellite-contrast: weaker alternative] [Nucleus-elaboration: risk factors] [Conclusion: integrated decision],0
synthetic_00837,"I get chest tightness when climbing stairs, but sometimes it follows spicy food at night. Antacids help a little, but last week pain went to my left arm and I got sweaty. I am 58 and diabetic.",acute coronary syndrome,"Exertional chest pain with arm radiation and sweating is high-risk evidence for ischemia. Spicy food and partial antacid relief are preserved as reflux-like but weaker contrastive clues. Age and diabetes increase cardiac risk, so ACS should be prioritized.",Root: grounded conclusion. [Nucleus: high-information evidence] [Satellite-contrast: weaker alternative] [Nucleus-elaboration: risk factors] [Conclusion: integrated decision],0
synthetic_00838,For months I wake with stiff fingers that take over an hour to loosen. Both wrists hurt and I feel exhausted even after sleeping. Symptoms improve once I start moving.,rheumatoid arthritis,"Prolonged morning stiffness and bilateral wrist involvement support inflammatory arthritis. Improvement with movement further supports an inflammatory process. Fatigue is nonspecific but consistent with systemic inflammation, so rheumatoid arthritis is favored.",Root: grounded conclusion. [Nucleus: high-information evidence] [Satellite-contrast: weaker alternative] [Nucleus-elaboration: risk factors] [Conclusion: integrated decision],0
synthetic_00839,"I have fever and cough, but also severe neck stiffness and light hurts my eyes. I feel much worse than with my usual colds.",flu,Fever and cough usually indicate flu. Neck stiffness can happen with muscle aches during flu. Therefore this is likely flu.,Root: hallucinated conclusion. [Nucleus: weak salient clue -> preferred diagnosis] [Satellite-downplay: contradictory red flag] [Conclusion: premature closure],1
synthetic_00840,"I get chest tightness when climbing stairs, but sometimes it follows spicy food at night. Antacids help a little, but last week pain went to my left arm and I got sweaty. I am 58 and diabetic.",acute coronary syndrome,"Exertional chest pain with arm radiation and sweating is high-risk evidence for ischemia. Spicy food and partial antacid relief are preserved as reflux-like but weaker contrastive clues. Age and diabetes increase cardiac risk, so ACS should be prioritized.",Root: grounded conclusion. [Nucleus: high-information evidence] [Satellite-contrast: weaker alternative] [Nucleus-elaboration: risk factors] [Conclusion: integrated decision],0
synthetic_00841,For months I wake with stiff fingers that take over an hour to loosen. Both wrists hurt and I feel exhausted even after sleeping. Symptoms improve once I start moving.,rheumatoid arthritis,"Prolonged morning stiffness and bilateral wrist involvement support inflammatory arthritis. Improvement with movement further supports an inflammatory process. Fatigue is nonspecific but consistent with systemic inflammation, so rheumatoid arthritis is favored.",Root: grounded conclusion. [Nucleus: high-information evidence] [Satellite-contrast: weaker alternative] [Nucleus-elaboration: risk factors] [Conclusion: integrated decision],0
synthetic_00842,"I have fever and cough, but also severe neck stiffness and light hurts my eyes. I feel much worse than with my usual colds.",flu,Fever and cough usually indicate flu. Neck stiffness can happen with muscle aches during flu. Therefore this is likely flu.,Root: hallucinated conclusion. [Nucleus: weak salient clue -> preferred diagnosis] [Satellite-downplay: contradictory red flag] [Conclusion: premature closure],1
synthetic_00843,"I get chest tightness when climbing stairs, but sometimes it follows spicy food at night. Antacids help a little, but last week pain went to my left arm and I got sweaty. I am 58 and diabetic.",GERD,Spicy food and antacid relief suggest reflux. Arm pain and sweating can be anxiety during discomfort. Therefore GERD explains the symptoms.,Root: hallucinated conclusion. [Nucleus: weak salient clue -> preferred diagnosis] [Satellite-downplay: contradictory red flag] [Conclusion: premature closure],1
synthetic_00844,For months I wake with stiff fingers that take over an hour to loosen. Both wrists hurt and I feel exhausted even after sleeping. Symptoms improve once I start moving.,rheumatoid arthritis,"Prolonged morning stiffness and bilateral wrist involvement support inflammatory arthritis. Improvement with movement further supports an inflammatory process. Fatigue is nonspecific but consistent with systemic inflammation, so rheumatoid arthritis is favored.",Root: grounded conclusion. [Nucleus: high-information evidence] [Satellite-contrast: weaker alternative] [Nucleus-elaboration: risk factors] [Conclusion: integrated decision],0
synthetic_00845,"I have fever and cough, but also severe neck stiffness and light hurts my eyes. I feel much worse than with my usual colds.",flu,Fever and cough usually indicate flu. Neck stiffness can happen with muscle aches during flu. Therefore this is likely flu.,Root: hallucinated conclusion. [Nucleus: weak salient clue -> preferred diagnosis] [Satellite-downplay: contradictory red flag] [Conclusion: premature closure],1
synthetic_00846,"I get chest tightness when climbing stairs, but sometimes it follows spicy food at night. Antacids help a little, but last week pain went to my left arm and I got sweaty. I am 58 and diabetic.",GERD,Spicy food and antacid relief suggest reflux. Arm pain and sweating can be anxiety during discomfort. Therefore GERD explains the symptoms.,Root: hallucinated conclusion. [Nucleus: weak salient clue -> preferred diagnosis] [Satellite-downplay: contradictory red flag] [Conclusion: premature closure],1
synthetic_00847,For months I wake with stiff fingers that take over an hour to loosen. Both wrists hurt and I feel exhausted even after sleeping. Symptoms improve once I start moving.,osteoarthritis,Hand pain suggests a degenerative joint problem. Bilateral symptoms can be age-related. Therefore osteoarthritis explains the complaint.,Root: hallucinated conclusion. [Nucleus: weak salient clue -> preferred diagnosis] [Satellite-downplay: contradictory red flag] [Conclusion: premature closure],1
synthetic_00848,"I have fever and cough, but also severe neck stiffness and light hurts my eyes. I feel much worse than with my usual colds.",meningitis risk,"Fever and cough are compatible with a viral illness, but neck stiffness and photophobia are red flags. These red flags should remain central, so meningitis must be considered urgently.",Root: grounded conclusion. [Nucleus: high-information evidence] [Satellite-contrast: weaker alternative] [Nucleus-elaboration: risk factors] [Conclusion: integrated decision],0
synthetic_00849,"I get chest tightness when climbing stairs, but sometimes it follows spicy food at night. Antacids help a little, but last week pain went to my left arm and I got sweaty. I am 58 and diabetic.",GERD,Spicy food and antacid relief suggest reflux. Arm pain and sweating can be anxiety during discomfort. Therefore GERD explains the symptoms.,Root: hallucinated conclusion. [Nucleus: weak salient clue -> preferred diagnosis] [Satellite-downplay: contradictory red flag] [Conclusion: premature closure],1
synthetic_00850,For months I wake with stiff fingers that take over an hour to loosen. Both wrists hurt and I feel exhausted even after sleeping. Symptoms improve once I start moving.,rheumatoid arthritis,"Prolonged morning stiffness and bilateral wrist involvement support inflammatory arthritis. Improvement with movement further supports an inflammatory process. Fatigue is nonspecific but consistent with systemic inflammation, so rheumatoid arthritis is favored.",Root: grounded conclusion. [Nucleus: high-information evidence] [Satellite-contrast: weaker alternative] [Nucleus-elaboration: risk factors] [Conclusion: integrated decision],0
synthetic_00851,"I have fever and cough, but also severe neck stiffness and light hurts my eyes. I feel much worse than with my usual colds.",meningitis risk,"Fever and cough are compatible with a viral illness, but neck stiffness and photophobia are red flags. These red flags should remain central, so meningitis must be considered urgently.",Root: grounded conclusion. [Nucleus: high-information evidence] [Satellite-contrast: weaker alternative] [Nucleus-elaboration: risk factors] [Conclusion: integrated decision],0
synthetic_00852,"I get chest tightness when climbing stairs, but sometimes it follows spicy food at night. Antacids help a little, but last week pain went to my left arm and I got sweaty. I am 58 and diabetic.",GERD,Spicy food and antacid relief suggest reflux. Arm pain and sweating can be anxiety during discomfort. Therefore GERD explains the symptoms.,Root: hallucinated conclusion. [Nucleus: weak salient clue -> preferred diagnosis] [Satellite-downplay: contradictory red flag] [Conclusion: premature closure],1
synthetic_00853,For months I wake with stiff fingers that take over an hour to loosen. Both wrists hurt and I feel exhausted even after sleeping. Symptoms improve once I start moving.,rheumatoid arthritis,"Prolonged morning stiffness and bilateral wrist involvement support inflammatory arthritis. Improvement with movement further supports an inflammatory process. Fatigue is nonspecific but consistent with systemic inflammation, so rheumatoid arthritis is favored.",Root: grounded conclusion. [Nucleus: high-information evidence] [Satellite-contrast: weaker alternative] [Nucleus-elaboration: risk factors] [Conclusion: integrated decision],0
synthetic_00854,"I have fever and cough, but also severe neck stiffness and light hurts my eyes. I feel much worse than with my usual colds.",meningitis risk,"Fever and cough are compatible with a viral illness, but neck stiffness and photophobia are red flags. These red flags should remain central, so meningitis must be considered urgently.",Root: grounded conclusion. [Nucleus: high-information evidence] [Satellite-contrast: weaker alternative] [Nucleus-elaboration: risk factors] [Conclusion: integrated decision],0
synthetic_00855,"I get chest tightness when climbing stairs, but sometimes it follows spicy food at night. Antacids help a little, but last week pain went to my left arm and I got sweaty. I am 58 and diabetic.",GERD,Spicy food and antacid relief suggest reflux. Arm pain and sweating can be anxiety during discomfort. Therefore GERD explains the symptoms.,Root: hallucinated conclusion. [Nucleus: weak salient clue -> preferred diagnosis] [Satellite-downplay: contradictory red flag] [Conclusion: premature closure],1
synthetic_00856,For months I wake with stiff fingers that take over an hour to loosen. Both wrists hurt and I feel exhausted even after sleeping. Symptoms improve once I start moving.,osteoarthritis,Hand pain suggests a degenerative joint problem. Bilateral symptoms can be age-related. Therefore osteoarthritis explains the complaint.,Root: hallucinated conclusion. [Nucleus: weak salient clue -> preferred diagnosis] [Satellite-downplay: contradictory red flag] [Conclusion: premature closure],1
synthetic_00857,"I have fever and cough, but also severe neck stiffness and light hurts my eyes. I feel much worse than with my usual colds.",flu,Fever and cough usually indicate flu. Neck stiffness can happen with muscle aches during flu. Therefore this is likely flu.,Root: hallucinated conclusion. [Nucleus: weak salient clue -> preferred diagnosis] [Satellite-downplay: contradictory red flag] [Conclusion: premature closure],1
synthetic_00858,"I get chest tightness when climbing stairs, but sometimes it follows spicy food at night. Antacids help a little, but last week pain went to my left arm and I got sweaty. I am 58 and diabetic.",acute coronary syndrome,"Exertional chest pain with arm radiation and sweating is high-risk evidence for ischemia. Spicy food and partial antacid relief are preserved as reflux-like but weaker contrastive clues. Age and diabetes increase cardiac risk, so ACS should be prioritized.",Root: grounded conclusion. [Nucleus: high-information evidence] [Satellite-contrast: weaker alternative] [Nucleus-elaboration: risk factors] [Conclusion: integrated decision],0
synthetic_00859,For months I wake with stiff fingers that take over an hour to loosen. Both wrists hurt and I feel exhausted even after sleeping. Symptoms improve once I start moving.,osteoarthritis,Hand pain suggests a degenerative joint problem. Bilateral symptoms can be age-related. Therefore osteoarthritis explains the complaint.,Root: hallucinated conclusion. [Nucleus: weak salient clue -> preferred diagnosis] [Satellite-downplay: contradictory red flag] [Conclusion: premature closure],1
synthetic_00860,"I have fever and cough, but also severe neck stiffness and light hurts my eyes. I feel much worse than with my usual colds.",flu,Fever and cough usually indicate flu. Neck stiffness can happen with muscle aches during flu. Therefore this is likely flu.,Root: hallucinated conclusion. [Nucleus: weak salient clue -> preferred diagnosis] [Satellite-downplay: contradictory red flag] [Conclusion: premature closure],1
synthetic_00861,"I get chest tightness when climbing stairs, but sometimes it follows spicy food at night. Antacids help a little, but last week pain went to my left arm and I got sweaty. I am 58 and diabetic.",GERD,Spicy food and antacid relief suggest reflux. Arm pain and sweating can be anxiety during discomfort. Therefore GERD explains the symptoms.,Root: hallucinated conclusion. [Nucleus: weak salient clue -> preferred diagnosis] [Satellite-downplay: contradictory red flag] [Conclusion: premature closure],1
synthetic_00862,For months I wake with stiff fingers that take over an hour to loosen. Both wrists hurt and I feel exhausted even after sleeping. Symptoms improve once I start moving.,rheumatoid arthritis,"Prolonged morning stiffness and bilateral wrist involvement support inflammatory arthritis. Improvement with movement further supports an inflammatory process. Fatigue is nonspecific but consistent with systemic inflammation, so rheumatoid arthritis is favored.",Root: grounded conclusion. [Nucleus: high-information evidence] [Satellite-contrast: weaker alternative] [Nucleus-elaboration: risk factors] [Conclusion: integrated decision],0
synthetic_00863,"I have fever and cough, but also severe neck stiffness and light hurts my eyes. I feel much worse than with my usual colds.",flu,Fever and cough usually indicate flu. Neck stiffness can happen with muscle aches during flu. Therefore this is likely flu.,Root: hallucinated conclusion. [Nucleus: weak salient clue -> preferred diagnosis] [Satellite-downplay: contradictory red flag] [Conclusion: premature closure],1
synthetic_00864,"I get chest tightness when climbing stairs, but sometimes it follows spicy food at night. Antacids help a little, but last week pain went to my left arm and I got sweaty. I am 58 and diabetic.",acute coronary syndrome,"Exertional chest pain with arm radiation and sweating is high-risk evidence for ischemia. Spicy food and partial antacid relief are preserved as reflux-like but weaker contrastive clues. Age and diabetes increase cardiac risk, so ACS should be prioritized.",Root: grounded conclusion. [Nucleus: high-information evidence] [Satellite-contrast: weaker alternative] [Nucleus-elaboration: risk factors] [Conclusion: integrated decision],0
synthetic_00865,For months I wake with stiff fingers that take over an hour to loosen. Both wrists hurt and I feel exhausted even after sleeping. Symptoms improve once I start moving.,osteoarthritis,Hand pain suggests a degenerative joint problem. Bilateral symptoms can be age-related. Therefore osteoarthritis explains the complaint.,Root: hallucinated conclusion. [Nucleus: weak salient clue -> preferred diagnosis] [Satellite-downplay: contradictory red flag] [Conclusion: premature closure],1
synthetic_00866,"I have fever and cough, but also severe neck stiffness and light hurts my eyes. I feel much worse than with my usual colds.",flu,Fever and cough usually indicate flu. Neck stiffness can happen with muscle aches during flu. Therefore this is likely flu.,Root: hallucinated conclusion. [Nucleus: weak salient clue -> preferred diagnosis] [Satellite-downplay: contradictory red flag] [Conclusion: premature closure],1
synthetic_00867,"I get chest tightness when climbing stairs, but sometimes it follows spicy food at night. Antacids help a little, but last week pain went to my left arm and I got sweaty. I am 58 and diabetic.",GERD,Spicy food and antacid relief suggest reflux. Arm pain and sweating can be anxiety during discomfort. Therefore GERD explains the symptoms.,Root: hallucinated conclusion. [Nucleus: weak salient clue -> preferred diagnosis] [Satellite-downplay: contradictory red flag] [Conclusion: premature closure],1
synthetic_00868,For months I wake with stiff fingers that take over an hour to loosen. Both wrists hurt and I feel exhausted even after sleeping. Symptoms improve once I start moving.,rheumatoid arthritis,"Prolonged morning stiffness and bilateral wrist involvement support inflammatory arthritis. Improvement with movement further supports an inflammatory process. Fatigue is nonspecific but consistent with systemic inflammation, so rheumatoid arthritis is favored.",Root: grounded conclusion. [Nucleus: high-information evidence] [Satellite-contrast: weaker alternative] [Nucleus-elaboration: risk factors] [Conclusion: integrated decision],0
synthetic_00869,"I have fever and cough, but also severe neck stiffness and light hurts my eyes. I feel much worse than with my usual colds.",flu,Fever and cough usually indicate flu. Neck stiffness can happen with muscle aches during flu. Therefore this is likely flu.,Root: hallucinated conclusion. [Nucleus: weak salient clue -> preferred diagnosis] [Satellite-downplay: contradictory red flag] [Conclusion: premature closure],1
synthetic_00870,"I get chest tightness when climbing stairs, but sometimes it follows spicy food at night. Antacids help a little, but last week pain went to my left arm and I got sweaty. I am 58 and diabetic.",GERD,Spicy food and antacid relief suggest reflux. Arm pain and sweating can be anxiety during discomfort. Therefore GERD explains the symptoms.,Root: hallucinated conclusion. [Nucleus: weak salient clue -> preferred diagnosis] [Satellite-downplay: contradictory red flag] [Conclusion: premature closure],1
synthetic_00871,For months I wake with stiff fingers that take over an hour to loosen. Both wrists hurt and I feel exhausted even after sleeping. Symptoms improve once I start moving.,rheumatoid arthritis,"Prolonged morning stiffness and bilateral wrist involvement support inflammatory arthritis. Improvement with movement further supports an inflammatory process. Fatigue is nonspecific but consistent with systemic inflammation, so rheumatoid arthritis is favored.",Root: grounded conclusion. [Nucleus: high-information evidence] [Satellite-contrast: weaker alternative] [Nucleus-elaboration: risk factors] [Conclusion: integrated decision],0
synthetic_00872,"I have fever and cough, but also severe neck stiffness and light hurts my eyes. I feel much worse than with my usual colds.",meningitis risk,"Fever and cough are compatible with a viral illness, but neck stiffness and photophobia are red flags. These red flags should remain central, so meningitis must be considered urgently.",Root: grounded conclusion. [Nucleus: high-information evidence] [Satellite-contrast: weaker alternative] [Nucleus-elaboration: risk factors] [Conclusion: integrated decision],0
synthetic_00873,"I get chest tightness when climbing stairs, but sometimes it follows spicy food at night. Antacids help a little, but last week pain went to my left arm and I got sweaty. I am 58 and diabetic.",GERD,Spicy food and antacid relief suggest reflux. Arm pain and sweating can be anxiety during discomfort. Therefore GERD explains the symptoms.,Root: hallucinated conclusion. [Nucleus: weak salient clue -> preferred diagnosis] [Satellite-downplay: contradictory red flag] [Conclusion: premature closure],1
synthetic_00874,For months I wake with stiff fingers that take over an hour to loosen. Both wrists hurt and I feel exhausted even after sleeping. Symptoms improve once I start moving.,rheumatoid arthritis,"Prolonged morning stiffness and bilateral wrist involvement support inflammatory arthritis. Improvement with movement further supports an inflammatory process. Fatigue is nonspecific but consistent with systemic inflammation, so rheumatoid arthritis is favored.",Root: grounded conclusion. [Nucleus: high-information evidence] [Satellite-contrast: weaker alternative] [Nucleus-elaboration: risk factors] [Conclusion: integrated decision],0
synthetic_00875,"I have fever and cough, but also severe neck stiffness and light hurts my eyes. I feel much worse than with my usual colds.",flu,Fever and cough usually indicate flu. Neck stiffness can happen with muscle aches during flu. Therefore this is likely flu.,Root: hallucinated conclusion. [Nucleus: weak salient clue -> preferred diagnosis] [Satellite-downplay: contradictory red flag] [Conclusion: premature closure],1
synthetic_00876,"I get chest tightness when climbing stairs, but sometimes it follows spicy food at night. Antacids help a little, but last week pain went to my left arm and I got sweaty. I am 58 and diabetic.",acute coronary syndrome,"Exertional chest pain with arm radiation and sweating is high-risk evidence for ischemia. Spicy food and partial antacid relief are preserved as reflux-like but weaker contrastive clues. Age and diabetes increase cardiac risk, so ACS should be prioritized.",Root: grounded conclusion. [Nucleus: high-information evidence] [Satellite-contrast: weaker alternative] [Nucleus-elaboration: risk factors] [Conclusion: integrated decision],0
synthetic_00877,For months I wake with stiff fingers that take over an hour to loosen. Both wrists hurt and I feel exhausted even after sleeping. Symptoms improve once I start moving.,rheumatoid arthritis,"Prolonged morning stiffness and bilateral wrist involvement support inflammatory arthritis. Improvement with movement further supports an inflammatory process. Fatigue is nonspecific but consistent with systemic inflammation, so rheumatoid arthritis is favored.",Root: grounded conclusion. [Nucleus: high-information evidence] [Satellite-contrast: weaker alternative] [Nucleus-elaboration: risk factors] [Conclusion: integrated decision],0
synthetic_00878,"I have fever and cough, but also severe neck stiffness and light hurts my eyes. I feel much worse than with my usual colds.",flu,Fever and cough usually indicate flu. Neck stiffness can happen with muscle aches during flu. Therefore this is likely flu.,Root: hallucinated conclusion. [Nucleus: weak salient clue -> preferred diagnosis] [Satellite-downplay: contradictory red flag] [Conclusion: premature closure],1
synthetic_00879,"I get chest tightness when climbing stairs, but sometimes it follows spicy food at night. Antacids help a little, but last week pain went to my left arm and I got sweaty. I am 58 and diabetic.",GERD,Spicy food and antacid relief suggest reflux. Arm pain and sweating can be anxiety during discomfort. Therefore GERD explains the symptoms.,Root: hallucinated conclusion. [Nucleus: weak salient clue -> preferred diagnosis] [Satellite-downplay: contradictory red flag] [Conclusion: premature closure],1
synthetic_00880,For months I wake with stiff fingers that take over an hour to loosen. Both wrists hurt and I feel exhausted even after sleeping. Symptoms improve once I start moving.,rheumatoid arthritis,"Prolonged morning stiffness and bilateral wrist involvement support inflammatory arthritis. Improvement with movement further supports an inflammatory process. Fatigue is nonspecific but consistent with systemic inflammation, so rheumatoid arthritis is favored.",Root: grounded conclusion. [Nucleus: high-information evidence] [Satellite-contrast: weaker alternative] [Nucleus-elaboration: risk factors] [Conclusion: integrated decision],0
synthetic_00881,"I have fever and cough, but also severe neck stiffness and light hurts my eyes. I feel much worse than with my usual colds.",meningitis risk,"Fever and cough are compatible with a viral illness, but neck stiffness and photophobia are red flags. These red flags should remain central, so meningitis must be considered urgently.",Root: grounded conclusion. [Nucleus: high-information evidence] [Satellite-contrast: weaker alternative] [Nucleus-elaboration: risk factors] [Conclusion: integrated decision],0
synthetic_00882,"I get chest tightness when climbing stairs, but sometimes it follows spicy food at night. Antacids help a little, but last week pain went to my left arm and I got sweaty. I am 58 and diabetic.",GERD,Spicy food and antacid relief suggest reflux. Arm pain and sweating can be anxiety during discomfort. Therefore GERD explains the symptoms.,Root: hallucinated conclusion. [Nucleus: weak salient clue -> preferred diagnosis] [Satellite-downplay: contradictory red flag] [Conclusion: premature closure],1
synthetic_00883,For months I wake with stiff fingers that take over an hour to loosen. Both wrists hurt and I feel exhausted even after sleeping. Symptoms improve once I start moving.,osteoarthritis,Hand pain suggests a degenerative joint problem. Bilateral symptoms can be age-related. Therefore osteoarthritis explains the complaint.,Root: hallucinated conclusion. [Nucleus: weak salient clue -> preferred diagnosis] [Satellite-downplay: contradictory red flag] [Conclusion: premature closure],1
synthetic_00884,"I have fever and cough, but also severe neck stiffness and light hurts my eyes. I feel much worse than with my usual colds.",flu,Fever and cough usually indicate flu. Neck stiffness can happen with muscle aches during flu. Therefore this is likely flu.,Root: hallucinated conclusion. [Nucleus: weak salient clue -> preferred diagnosis] [Satellite-downplay: contradictory red flag] [Conclusion: premature closure],1
synthetic_00885,"I get chest tightness when climbing stairs, but sometimes it follows spicy food at night. Antacids help a little, but last week pain went to my left arm and I got sweaty. I am 58 and diabetic.",acute coronary syndrome,"Exertional chest pain with arm radiation and sweating is high-risk evidence for ischemia. Spicy food and partial antacid relief are preserved as reflux-like but weaker contrastive clues. Age and diabetes increase cardiac risk, so ACS should be prioritized.",Root: grounded conclusion. [Nucleus: high-information evidence] [Satellite-contrast: weaker alternative] [Nucleus-elaboration: risk factors] [Conclusion: integrated decision],0
synthetic_00886,For months I wake with stiff fingers that take over an hour to loosen. Both wrists hurt and I feel exhausted even after sleeping. Symptoms improve once I start moving.,osteoarthritis,Hand pain suggests a degenerative joint problem. Bilateral symptoms can be age-related. Therefore osteoarthritis explains the complaint.,Root: hallucinated conclusion. [Nucleus: weak salient clue -> preferred diagnosis] [Satellite-downplay: contradictory red flag] [Conclusion: premature closure],1
synthetic_00887,"I have fever and cough, but also severe neck stiffness and light hurts my eyes. I feel much worse than with my usual colds.",flu,Fever and cough usually indicate flu. Neck stiffness can happen with muscle aches during flu. Therefore this is likely flu.,Root: hallucinated conclusion. [Nucleus: weak salient clue -> preferred diagnosis] [Satellite-downplay: contradictory red flag] [Conclusion: premature closure],1
synthetic_00888,"I get chest tightness when climbing stairs, but sometimes it follows spicy food at night. Antacids help a little, but last week pain went to my left arm and I got sweaty. I am 58 and diabetic.",GERD,Spicy food and antacid relief suggest reflux. Arm pain and sweating can be anxiety during discomfort. Therefore GERD explains the symptoms.,Root: hallucinated conclusion. [Nucleus: weak salient clue -> preferred diagnosis] [Satellite-downplay: contradictory red flag] [Conclusion: premature closure],1
synthetic_00889,For months I wake with stiff fingers that take over an hour to loosen. Both wrists hurt and I feel exhausted even after sleeping. Symptoms improve once I start moving.,rheumatoid arthritis,"Prolonged morning stiffness and bilateral wrist involvement support inflammatory arthritis. Improvement with movement further supports an inflammatory process. Fatigue is nonspecific but consistent with systemic inflammation, so rheumatoid arthritis is favored.",Root: grounded conclusion. [Nucleus: high-information evidence] [Satellite-contrast: weaker alternative] [Nucleus-elaboration: risk factors] [Conclusion: integrated decision],0
synthetic_00890,"I have fever and cough, but also severe neck stiffness and light hurts my eyes. I feel much worse than with my usual colds.",flu,Fever and cough usually indicate flu. Neck stiffness can happen with muscle aches during flu. Therefore this is likely flu.,Root: hallucinated conclusion. [Nucleus: weak salient clue -> preferred diagnosis] [Satellite-downplay: contradictory red flag] [Conclusion: premature closure],1
synthetic_00891,"I get chest tightness when climbing stairs, but sometimes it follows spicy food at night. Antacids help a little, but last week pain went to my left arm and I got sweaty. I am 58 and diabetic.",GERD,Spicy food and antacid relief suggest reflux. Arm pain and sweating can be anxiety during discomfort. Therefore GERD explains the symptoms.,Root: hallucinated conclusion. [Nucleus: weak salient clue -> preferred diagnosis] [Satellite-downplay: contradictory red flag] [Conclusion: premature closure],1
synthetic_00892,For months I wake with stiff fingers that take over an hour to loosen. Both wrists hurt and I feel exhausted even after sleeping. Symptoms improve once I start moving.,rheumatoid arthritis,"Prolonged morning stiffness and bilateral wrist involvement support inflammatory arthritis. Improvement with movement further supports an inflammatory process. Fatigue is nonspecific but consistent with systemic inflammation, so rheumatoid arthritis is favored.",Root: grounded conclusion. [Nucleus: high-information evidence] [Satellite-contrast: weaker alternative] [Nucleus-elaboration: risk factors] [Conclusion: integrated decision],0
synthetic_00893,"I have fever and cough, but also severe neck stiffness and light hurts my eyes. I feel much worse than with my usual colds.",flu,Fever and cough usually indicate flu. Neck stiffness can happen with muscle aches during flu. Therefore this is likely flu.,Root: hallucinated conclusion. [Nucleus: weak salient clue -> preferred diagnosis] [Satellite-downplay: contradictory red flag] [Conclusion: premature closure],1
synthetic_00894,"I get chest tightness when climbing stairs, but sometimes it follows spicy food at night. Antacids help a little, but last week pain went to my left arm and I got sweaty. I am 58 and diabetic.",acute coronary syndrome,"Exertional chest pain with arm radiation and sweating is high-risk evidence for ischemia. Spicy food and partial antacid relief are preserved as reflux-like but weaker contrastive clues. Age and diabetes increase cardiac risk, so ACS should be prioritized.",Root: grounded conclusion. [Nucleus: high-information evidence] [Satellite-contrast: weaker alternative] [Nucleus-elaboration: risk factors] [Conclusion: integrated decision],0
synthetic_00895,For months I wake with stiff fingers that take over an hour to loosen. Both wrists hurt and I feel exhausted even after sleeping. Symptoms improve once I start moving.,osteoarthritis,Hand pain suggests a degenerative joint problem. Bilateral symptoms can be age-related. Therefore osteoarthritis explains the complaint.,Root: hallucinated conclusion. [Nucleus: weak salient clue -> preferred diagnosis] [Satellite-downplay: contradictory red flag] [Conclusion: premature closure],1
synthetic_00896,"I have fever and cough, but also severe neck stiffness and light hurts my eyes. I feel much worse than with my usual colds.",meningitis risk,"Fever and cough are compatible with a viral illness, but neck stiffness and photophobia are red flags. These red flags should remain central, so meningitis must be considered urgently.",Root: grounded conclusion. [Nucleus: high-information evidence] [Satellite-contrast: weaker alternative] [Nucleus-elaboration: risk factors] [Conclusion: integrated decision],0
synthetic_00897,"I get chest tightness when climbing stairs, but sometimes it follows spicy food at night. Antacids help a little, but last week pain went to my left arm and I got sweaty. I am 58 and diabetic.",acute coronary syndrome,"Exertional chest pain with arm radiation and sweating is high-risk evidence for ischemia. Spicy food and partial antacid relief are preserved as reflux-like but weaker contrastive clues. Age and diabetes increase cardiac risk, so ACS should be prioritized.",Root: grounded conclusion. [Nucleus: high-information evidence] [Satellite-contrast: weaker alternative] [Nucleus-elaboration: risk factors] [Conclusion: integrated decision],0
synthetic_00898,For months I wake with stiff fingers that take over an hour to loosen. Both wrists hurt and I feel exhausted even after sleeping. Symptoms improve once I start moving.,osteoarthritis,Hand pain suggests a degenerative joint problem. Bilateral symptoms can be age-related. Therefore osteoarthritis explains the complaint.,Root: hallucinated conclusion. [Nucleus: weak salient clue -> preferred diagnosis] [Satellite-downplay: contradictory red flag] [Conclusion: premature closure],1
synthetic_00899,"I have fever and cough, but also severe neck stiffness and light hurts my eyes. I feel much worse than with my usual colds.",flu,Fever and cough usually indicate flu. Neck stiffness can happen with muscle aches during flu. Therefore this is likely flu.,Root: hallucinated conclusion. [Nucleus: weak salient clue -> preferred diagnosis] [Satellite-downplay: contradictory red flag] [Conclusion: premature closure],1
synthetic_00900,"I get chest tightness when climbing stairs, but sometimes it follows spicy food at night. Antacids help a little, but last week pain went to my left arm and I got sweaty. I am 58 and diabetic.",acute coronary syndrome,"Exertional chest pain with arm radiation and sweating is high-risk evidence for ischemia. Spicy food and partial antacid relief are preserved as reflux-like but weaker contrastive clues. Age and diabetes increase cardiac risk, so ACS should be prioritized.",Root: grounded conclusion. [Nucleus: high-information evidence] [Satellite-contrast: weaker alternative] [Nucleus-elaboration: risk factors] [Conclusion: integrated decision],0
synthetic_00901,For months I wake with stiff fingers that take over an hour to loosen. Both wrists hurt and I feel exhausted even after sleeping. Symptoms improve once I start moving.,rheumatoid arthritis,"Prolonged morning stiffness and bilateral wrist involvement support inflammatory arthritis. Improvement with movement further supports an inflammatory process. Fatigue is nonspecific but consistent with systemic inflammation, so rheumatoid arthritis is favored.",Root: grounded conclusion. [Nucleus: high-information evidence] [Satellite-contrast: weaker alternative] [Nucleus-elaboration: risk factors] [Conclusion: integrated decision],0
synthetic_00902,"I have fever and cough, but also severe neck stiffness and light hurts my eyes. I feel much worse than with my usual colds.",meningitis risk,"Fever and cough are compatible with a viral illness, but neck stiffness and photophobia are red flags. These red flags should remain central, so meningitis must be considered urgently.",Root: grounded conclusion. [Nucleus: high-information evidence] [Satellite-contrast: weaker alternative] [Nucleus-elaboration: risk factors] [Conclusion: integrated decision],0
synthetic_00903,"I get chest tightness when climbing stairs, but sometimes it follows spicy food at night. Antacids help a little, but last week pain went to my left arm and I got sweaty. I am 58 and diabetic.",GERD,Spicy food and antacid relief suggest reflux. Arm pain and sweating can be anxiety during discomfort. Therefore GERD explains the symptoms.,Root: hallucinated conclusion. [Nucleus: weak salient clue -> preferred diagnosis] [Satellite-downplay: contradictory red flag] [Conclusion: premature closure],1
synthetic_00904,For months I wake with stiff fingers that take over an hour to loosen. Both wrists hurt and I feel exhausted even after sleeping. Symptoms improve once I start moving.,rheumatoid arthritis,"Prolonged morning stiffness and bilateral wrist involvement support inflammatory arthritis. Improvement with movement further supports an inflammatory process. Fatigue is nonspecific but consistent with systemic inflammation, so rheumatoid arthritis is favored.",Root: grounded conclusion. [Nucleus: high-information evidence] [Satellite-contrast: weaker alternative] [Nucleus-elaboration: risk factors] [Conclusion: integrated decision],0
synthetic_00905,"I have fever and cough, but also severe neck stiffness and light hurts my eyes. I feel much worse than with my usual colds.",flu,Fever and cough usually indicate flu. Neck stiffness can happen with muscle aches during flu. Therefore this is likely flu.,Root: hallucinated conclusion. [Nucleus: weak salient clue -> preferred diagnosis] [Satellite-downplay: contradictory red flag] [Conclusion: premature closure],1
synthetic_00906,"I get chest tightness when climbing stairs, but sometimes it follows spicy food at night. Antacids help a little, but last week pain went to my left arm and I got sweaty. I am 58 and diabetic.",GERD,Spicy food and antacid relief suggest reflux. Arm pain and sweating can be anxiety during discomfort. Therefore GERD explains the symptoms.,Root: hallucinated conclusion. [Nucleus: weak salient clue -> preferred diagnosis] [Satellite-downplay: contradictory red flag] [Conclusion: premature closure],1
synthetic_00907,For months I wake with stiff fingers that take over an hour to loosen. Both wrists hurt and I feel exhausted even after sleeping. Symptoms improve once I start moving.,rheumatoid arthritis,"Prolonged morning stiffness and bilateral wrist involvement support inflammatory arthritis. Improvement with movement further supports an inflammatory process. Fatigue is nonspecific but consistent with systemic inflammation, so rheumatoid arthritis is favored.",Root: grounded conclusion. [Nucleus: high-information evidence] [Satellite-contrast: weaker alternative] [Nucleus-elaboration: risk factors] [Conclusion: integrated decision],0
synthetic_00908,"I have fever and cough, but also severe neck stiffness and light hurts my eyes. I feel much worse than with my usual colds.",meningitis risk,"Fever and cough are compatible with a viral illness, but neck stiffness and photophobia are red flags. These red flags should remain central, so meningitis must be considered urgently.",Root: grounded conclusion. [Nucleus: high-information evidence] [Satellite-contrast: weaker alternative] [Nucleus-elaboration: risk factors] [Conclusion: integrated decision],0
synthetic_00909,"I get chest tightness when climbing stairs, but sometimes it follows spicy food at night. Antacids help a little, but last week pain went to my left arm and I got sweaty. I am 58 and diabetic.",GERD,Spicy food and antacid relief suggest reflux. Arm pain and sweating can be anxiety during discomfort. Therefore GERD explains the symptoms.,Root: hallucinated conclusion. [Nucleus: weak salient clue -> preferred diagnosis] [Satellite-downplay: contradictory red flag] [Conclusion: premature closure],1
synthetic_00910,For months I wake with stiff fingers that take over an hour to loosen. Both wrists hurt and I feel exhausted even after sleeping. Symptoms improve once I start moving.,rheumatoid arthritis,"Prolonged morning stiffness and bilateral wrist involvement support inflammatory arthritis. Improvement with movement further supports an inflammatory process. Fatigue is nonspecific but consistent with systemic inflammation, so rheumatoid arthritis is favored.",Root: grounded conclusion. [Nucleus: high-information evidence] [Satellite-contrast: weaker alternative] [Nucleus-elaboration: risk factors] [Conclusion: integrated decision],0
synthetic_00911,"I have fever and cough, but also severe neck stiffness and light hurts my eyes. I feel much worse than with my usual colds.",flu,Fever and cough usually indicate flu. Neck stiffness can happen with muscle aches during flu. Therefore this is likely flu.,Root: hallucinated conclusion. [Nucleus: weak salient clue -> preferred diagnosis] [Satellite-downplay: contradictory red flag] [Conclusion: premature closure],1
synthetic_00912,"I get chest tightness when climbing stairs, but sometimes it follows spicy food at night. Antacids help a little, but last week pain went to my left arm and I got sweaty. I am 58 and diabetic.",GERD,Spicy food and antacid relief suggest reflux. Arm pain and sweating can be anxiety during discomfort. Therefore GERD explains the symptoms.,Root: hallucinated conclusion. [Nucleus: weak salient clue -> preferred diagnosis] [Satellite-downplay: contradictory red flag] [Conclusion: premature closure],1
synthetic_00913,For months I wake with stiff fingers that take over an hour to loosen. Both wrists hurt and I feel exhausted even after sleeping. Symptoms improve once I start moving.,osteoarthritis,Hand pain suggests a degenerative joint problem. Bilateral symptoms can be age-related. Therefore osteoarthritis explains the complaint.,Root: hallucinated conclusion. [Nucleus: weak salient clue -> preferred diagnosis] [Satellite-downplay: contradictory red flag] [Conclusion: premature closure],1
synthetic_00914,"I have fever and cough, but also severe neck stiffness and light hurts my eyes. I feel much worse than with my usual colds.",meningitis risk,"Fever and cough are compatible with a viral illness, but neck stiffness and photophobia are red flags. These red flags should remain central, so meningitis must be considered urgently.",Root: grounded conclusion. [Nucleus: high-information evidence] [Satellite-contrast: weaker alternative] [Nucleus-elaboration: risk factors] [Conclusion: integrated decision],0
synthetic_00915,"I get chest tightness when climbing stairs, but sometimes it follows spicy food at night. Antacids help a little, but last week pain went to my left arm and I got sweaty. I am 58 and diabetic.",GERD,Spicy food and antacid relief suggest reflux. Arm pain and sweating can be anxiety during discomfort. Therefore GERD explains the symptoms.,Root: hallucinated conclusion. [Nucleus: weak salient clue -> preferred diagnosis] [Satellite-downplay: contradictory red flag] [Conclusion: premature closure],1
synthetic_00916,For months I wake with stiff fingers that take over an hour to loosen. Both wrists hurt and I feel exhausted even after sleeping. Symptoms improve once I start moving.,rheumatoid arthritis,"Prolonged morning stiffness and bilateral wrist involvement support inflammatory arthritis. Improvement with movement further supports an inflammatory process. Fatigue is nonspecific but consistent with systemic inflammation, so rheumatoid arthritis is favored.",Root: grounded conclusion. [Nucleus: high-information evidence] [Satellite-contrast: weaker alternative] [Nucleus-elaboration: risk factors] [Conclusion: integrated decision],0
synthetic_00917,"I have fever and cough, but also severe neck stiffness and light hurts my eyes. I feel much worse than with my usual colds.",meningitis risk,"Fever and cough are compatible with a viral illness, but neck stiffness and photophobia are red flags. These red flags should remain central, so meningitis must be considered urgently.",Root: grounded conclusion. [Nucleus: high-information evidence] [Satellite-contrast: weaker alternative] [Nucleus-elaboration: risk factors] [Conclusion: integrated decision],0
synthetic_00918,"I get chest tightness when climbing stairs, but sometimes it follows spicy food at night. Antacids help a little, but last week pain went to my left arm and I got sweaty. I am 58 and diabetic.",acute coronary syndrome,"Exertional chest pain with arm radiation and sweating is high-risk evidence for ischemia. Spicy food and partial antacid relief are preserved as reflux-like but weaker contrastive clues. Age and diabetes increase cardiac risk, so ACS should be prioritized.",Root: grounded conclusion. [Nucleus: high-information evidence] [Satellite-contrast: weaker alternative] [Nucleus-elaboration: risk factors] [Conclusion: integrated decision],0
synthetic_00919,For months I wake with stiff fingers that take over an hour to loosen. Both wrists hurt and I feel exhausted even after sleeping. Symptoms improve once I start moving.,osteoarthritis,Hand pain suggests a degenerative joint problem. Bilateral symptoms can be age-related. Therefore osteoarthritis explains the complaint.,Root: hallucinated conclusion. [Nucleus: weak salient clue -> preferred diagnosis] [Satellite-downplay: contradictory red flag] [Conclusion: premature closure],1
synthetic_00920,"I have fever and cough, but also severe neck stiffness and light hurts my eyes. I feel much worse than with my usual colds.",flu,Fever and cough usually indicate flu. Neck stiffness can happen with muscle aches during flu. Therefore this is likely flu.,Root: hallucinated conclusion. [Nucleus: weak salient clue -> preferred diagnosis] [Satellite-downplay: contradictory red flag] [Conclusion: premature closure],1
synthetic_00921,"I get chest tightness when climbing stairs, but sometimes it follows spicy food at night. Antacids help a little, but last week pain went to my left arm and I got sweaty. I am 58 and diabetic.",acute coronary syndrome,"Exertional chest pain with arm radiation and sweating is high-risk evidence for ischemia. Spicy food and partial antacid relief are preserved as reflux-like but weaker contrastive clues. Age and diabetes increase cardiac risk, so ACS should be prioritized.",Root: grounded conclusion. [Nucleus: high-information evidence] [Satellite-contrast: weaker alternative] [Nucleus-elaboration: risk factors] [Conclusion: integrated decision],0
synthetic_00922,For months I wake with stiff fingers that take over an hour to loosen. Both wrists hurt and I feel exhausted even after sleeping. Symptoms improve once I start moving.,osteoarthritis,Hand pain suggests a degenerative joint problem. Bilateral symptoms can be age-related. Therefore osteoarthritis explains the complaint.,Root: hallucinated conclusion. [Nucleus: weak salient clue -> preferred diagnosis] [Satellite-downplay: contradictory red flag] [Conclusion: premature closure],1
synthetic_00923,"I have fever and cough, but also severe neck stiffness and light hurts my eyes. I feel much worse than with my usual colds.",flu,Fever and cough usually indicate flu. Neck stiffness can happen with muscle aches during flu. Therefore this is likely flu.,Root: hallucinated conclusion. [Nucleus: weak salient clue -> preferred diagnosis] [Satellite-downplay: contradictory red flag] [Conclusion: premature closure],1
synthetic_00924,"I get chest tightness when climbing stairs, but sometimes it follows spicy food at night. Antacids help a little, but last week pain went to my left arm and I got sweaty. I am 58 and diabetic.",GERD,Spicy food and antacid relief suggest reflux. Arm pain and sweating can be anxiety during discomfort. Therefore GERD explains the symptoms.,Root: hallucinated conclusion. [Nucleus: weak salient clue -> preferred diagnosis] [Satellite-downplay: contradictory red flag] [Conclusion: premature closure],1
synthetic_00925,For months I wake with stiff fingers that take over an hour to loosen. Both wrists hurt and I feel exhausted even after sleeping. Symptoms improve once I start moving.,osteoarthritis,Hand pain suggests a degenerative joint problem. Bilateral symptoms can be age-related. Therefore osteoarthritis explains the complaint.,Root: hallucinated conclusion. [Nucleus: weak salient clue -> preferred diagnosis] [Satellite-downplay: contradictory red flag] [Conclusion: premature closure],1
synthetic_00926,"I have fever and cough, but also severe neck stiffness and light hurts my eyes. I feel much worse than with my usual colds.",flu,Fever and cough usually indicate flu. Neck stiffness can happen with muscle aches during flu. Therefore this is likely flu.,Root: hallucinated conclusion. [Nucleus: weak salient clue -> preferred diagnosis] [Satellite-downplay: contradictory red flag] [Conclusion: premature closure],1
synthetic_00927,"I get chest tightness when climbing stairs, but sometimes it follows spicy food at night. Antacids help a little, but last week pain went to my left arm and I got sweaty. I am 58 and diabetic.",GERD,Spicy food and antacid relief suggest reflux. Arm pain and sweating can be anxiety during discomfort. Therefore GERD explains the symptoms.,Root: hallucinated conclusion. [Nucleus: weak salient clue -> preferred diagnosis] [Satellite-downplay: contradictory red flag] [Conclusion: premature closure],1
synthetic_00928,For months I wake with stiff fingers that take over an hour to loosen. Both wrists hurt and I feel exhausted even after sleeping. Symptoms improve once I start moving.,rheumatoid arthritis,"Prolonged morning stiffness and bilateral wrist involvement support inflammatory arthritis. Improvement with movement further supports an inflammatory process. Fatigue is nonspecific but consistent with systemic inflammation, so rheumatoid arthritis is favored.",Root: grounded conclusion. [Nucleus: high-information evidence] [Satellite-contrast: weaker alternative] [Nucleus-elaboration: risk factors] [Conclusion: integrated decision],0
synthetic_00929,"I have fever and cough, but also severe neck stiffness and light hurts my eyes. I feel much worse than with my usual colds.",meningitis risk,"Fever and cough are compatible with a viral illness, but neck stiffness and photophobia are red flags. These red flags should remain central, so meningitis must be considered urgently.",Root: grounded conclusion. [Nucleus: high-information evidence] [Satellite-contrast: weaker alternative] [Nucleus-elaboration: risk factors] [Conclusion: integrated decision],0
synthetic_00930,"I get chest tightness when climbing stairs, but sometimes it follows spicy food at night. Antacids help a little, but last week pain went to my left arm and I got sweaty. I am 58 and diabetic.",GERD,Spicy food and antacid relief suggest reflux. Arm pain and sweating can be anxiety during discomfort. Therefore GERD explains the symptoms.,Root: hallucinated conclusion. [Nucleus: weak salient clue -> preferred diagnosis] [Satellite-downplay: contradictory red flag] [Conclusion: premature closure],1
synthetic_00931,For months I wake with stiff fingers that take over an hour to loosen. Both wrists hurt and I feel exhausted even after sleeping. Symptoms improve once I start moving.,osteoarthritis,Hand pain suggests a degenerative joint problem. Bilateral symptoms can be age-related. Therefore osteoarthritis explains the complaint.,Root: hallucinated conclusion. [Nucleus: weak salient clue -> preferred diagnosis] [Satellite-downplay: contradictory red flag] [Conclusion: premature closure],1
synthetic_00932,"I have fever and cough, but also severe neck stiffness and light hurts my eyes. I feel much worse than with my usual colds.",flu,Fever and cough usually indicate flu. Neck stiffness can happen with muscle aches during flu. Therefore this is likely flu.,Root: hallucinated conclusion. [Nucleus: weak salient clue -> preferred diagnosis] [Satellite-downplay: contradictory red flag] [Conclusion: premature closure],1
synthetic_00933,"I get chest tightness when climbing stairs, but sometimes it follows spicy food at night. Antacids help a little, but last week pain went to my left arm and I got sweaty. I am 58 and diabetic.",acute coronary syndrome,"Exertional chest pain with arm radiation and sweating is high-risk evidence for ischemia. Spicy food and partial antacid relief are preserved as reflux-like but weaker contrastive clues. Age and diabetes increase cardiac risk, so ACS should be prioritized.",Root: grounded conclusion. [Nucleus: high-information evidence] [Satellite-contrast: weaker alternative] [Nucleus-elaboration: risk factors] [Conclusion: integrated decision],0
synthetic_00934,For months I wake with stiff fingers that take over an hour to loosen. Both wrists hurt and I feel exhausted even after sleeping. Symptoms improve once I start moving.,osteoarthritis,Hand pain suggests a degenerative joint problem. Bilateral symptoms can be age-related. Therefore osteoarthritis explains the complaint.,Root: hallucinated conclusion. [Nucleus: weak salient clue -> preferred diagnosis] [Satellite-downplay: contradictory red flag] [Conclusion: premature closure],1
synthetic_00935,"I have fever and cough, but also severe neck stiffness and light hurts my eyes. I feel much worse than with my usual colds.",meningitis risk,"Fever and cough are compatible with a viral illness, but neck stiffness and photophobia are red flags. These red flags should remain central, so meningitis must be considered urgently.",Root: grounded conclusion. [Nucleus: high-information evidence] [Satellite-contrast: weaker alternative] [Nucleus-elaboration: risk factors] [Conclusion: integrated decision],0
synthetic_00936,"I get chest tightness when climbing stairs, but sometimes it follows spicy food at night. Antacids help a little, but last week pain went to my left arm and I got sweaty. I am 58 and diabetic.",acute coronary syndrome,"Exertional chest pain with arm radiation and sweating is high-risk evidence for ischemia. Spicy food and partial antacid relief are preserved as reflux-like but weaker contrastive clues. Age and diabetes increase cardiac risk, so ACS should be prioritized.",Root: grounded conclusion. [Nucleus: high-information evidence] [Satellite-contrast: weaker alternative] [Nucleus-elaboration: risk factors] [Conclusion: integrated decision],0
synthetic_00937,For months I wake with stiff fingers that take over an hour to loosen. Both wrists hurt and I feel exhausted even after sleeping. Symptoms improve once I start moving.,rheumatoid arthritis,"Prolonged morning stiffness and bilateral wrist involvement support inflammatory arthritis. Improvement with movement further supports an inflammatory process. Fatigue is nonspecific but consistent with systemic inflammation, so rheumatoid arthritis is favored.",Root: grounded conclusion. [Nucleus: high-information evidence] [Satellite-contrast: weaker alternative] [Nucleus-elaboration: risk factors] [Conclusion: integrated decision],0
synthetic_00938,"I have fever and cough, but also severe neck stiffness and light hurts my eyes. I feel much worse than with my usual colds.",meningitis risk,"Fever and cough are compatible with a viral illness, but neck stiffness and photophobia are red flags. These red flags should remain central, so meningitis must be considered urgently.",Root: grounded conclusion. [Nucleus: high-information evidence] [Satellite-contrast: weaker alternative] [Nucleus-elaboration: risk factors] [Conclusion: integrated decision],0
synthetic_00939,"I get chest tightness when climbing stairs, but sometimes it follows spicy food at night. Antacids help a little, but last week pain went to my left arm and I got sweaty. I am 58 and diabetic.",GERD,Spicy food and antacid relief suggest reflux. Arm pain and sweating can be anxiety during discomfort. Therefore GERD explains the symptoms.,Root: hallucinated conclusion. [Nucleus: weak salient clue -> preferred diagnosis] [Satellite-downplay: contradictory red flag] [Conclusion: premature closure],1
synthetic_00940,For months I wake with stiff fingers that take over an hour to loosen. Both wrists hurt and I feel exhausted even after sleeping. Symptoms improve once I start moving.,rheumatoid arthritis,"Prolonged morning stiffness and bilateral wrist involvement support inflammatory arthritis. Improvement with movement further supports an inflammatory process. Fatigue is nonspecific but consistent with systemic inflammation, so rheumatoid arthritis is favored.",Root: grounded conclusion. [Nucleus: high-information evidence] [Satellite-contrast: weaker alternative] [Nucleus-elaboration: risk factors] [Conclusion: integrated decision],0
synthetic_00941,"I have fever and cough, but also severe neck stiffness and light hurts my eyes. I feel much worse than with my usual colds.",flu,Fever and cough usually indicate flu. Neck stiffness can happen with muscle aches during flu. Therefore this is likely flu.,Root: hallucinated conclusion. [Nucleus: weak salient clue -> preferred diagnosis] [Satellite-downplay: contradictory red flag] [Conclusion: premature closure],1
synthetic_00942,"I get chest tightness when climbing stairs, but sometimes it follows spicy food at night. Antacids help a little, but last week pain went to my left arm and I got sweaty. I am 58 and diabetic.",acute coronary syndrome,"Exertional chest pain with arm radiation and sweating is high-risk evidence for ischemia. Spicy food and partial antacid relief are preserved as reflux-like but weaker contrastive clues. Age and diabetes increase cardiac risk, so ACS should be prioritized.",Root: grounded conclusion. [Nucleus: high-information evidence] [Satellite-contrast: weaker alternative] [Nucleus-elaboration: risk factors] [Conclusion: integrated decision],0
synthetic_00943,For months I wake with stiff fingers that take over an hour to loosen. Both wrists hurt and I feel exhausted even after sleeping. Symptoms improve once I start moving.,rheumatoid arthritis,"Prolonged morning stiffness and bilateral wrist involvement support inflammatory arthritis. Improvement with movement further supports an inflammatory process. Fatigue is nonspecific but consistent with systemic inflammation, so rheumatoid arthritis is favored.",Root: grounded conclusion. [Nucleus: high-information evidence] [Satellite-contrast: weaker alternative] [Nucleus-elaboration: risk factors] [Conclusion: integrated decision],0
synthetic_00944,"I have fever and cough, but also severe neck stiffness and light hurts my eyes. I feel much worse than with my usual colds.",meningitis risk,"Fever and cough are compatible with a viral illness, but neck stiffness and photophobia are red flags. These red flags should remain central, so meningitis must be considered urgently.",Root: grounded conclusion. [Nucleus: high-information evidence] [Satellite-contrast: weaker alternative] [Nucleus-elaboration: risk factors] [Conclusion: integrated decision],0
synthetic_00945,"I get chest tightness when climbing stairs, but sometimes it follows spicy food at night. Antacids help a little, but last week pain went to my left arm and I got sweaty. I am 58 and diabetic.",GERD,Spicy food and antacid relief suggest reflux. Arm pain and sweating can be anxiety during discomfort. Therefore GERD explains the symptoms.,Root: hallucinated conclusion. [Nucleus: weak salient clue -> preferred diagnosis] [Satellite-downplay: contradictory red flag] [Conclusion: premature closure],1
synthetic_00946,For months I wake with stiff fingers that take over an hour to loosen. Both wrists hurt and I feel exhausted even after sleeping. Symptoms improve once I start moving.,rheumatoid arthritis,"Prolonged morning stiffness and bilateral wrist involvement support inflammatory arthritis. Improvement with movement further supports an inflammatory process. Fatigue is nonspecific but consistent with systemic inflammation, so rheumatoid arthritis is favored.",Root: grounded conclusion. [Nucleus: high-information evidence] [Satellite-contrast: weaker alternative] [Nucleus-elaboration: risk factors] [Conclusion: integrated decision],0
synthetic_00947,"I have fever and cough, but also severe neck stiffness and light hurts my eyes. I feel much worse than with my usual colds.",meningitis risk,"Fever and cough are compatible with a viral illness, but neck stiffness and photophobia are red flags. These red flags should remain central, so meningitis must be considered urgently.",Root: grounded conclusion. [Nucleus: high-information evidence] [Satellite-contrast: weaker alternative] [Nucleus-elaboration: risk factors] [Conclusion: integrated decision],0
synthetic_00948,"I get chest tightness when climbing stairs, but sometimes it follows spicy food at night. Antacids help a little, but last week pain went to my left arm and I got sweaty. I am 58 and diabetic.",GERD,Spicy food and antacid relief suggest reflux. Arm pain and sweating can be anxiety during discomfort. Therefore GERD explains the symptoms.,Root: hallucinated conclusion. [Nucleus: weak salient clue -> preferred diagnosis] [Satellite-downplay: contradictory red flag] [Conclusion: premature closure],1
synthetic_00949,For months I wake with stiff fingers that take over an hour to loosen. Both wrists hurt and I feel exhausted even after sleeping. Symptoms improve once I start moving.,osteoarthritis,Hand pain suggests a degenerative joint problem. Bilateral symptoms can be age-related. Therefore osteoarthritis explains the complaint.,Root: hallucinated conclusion. [Nucleus: weak salient clue -> preferred diagnosis] [Satellite-downplay: contradictory red flag] [Conclusion: premature closure],1
synthetic_00950,"I have fever and cough, but also severe neck stiffness and light hurts my eyes. I feel much worse than with my usual colds.",meningitis risk,"Fever and cough are compatible with a viral illness, but neck stiffness and photophobia are red flags. These red flags should remain central, so meningitis must be considered urgently.",Root: grounded conclusion. [Nucleus: high-information evidence] [Satellite-contrast: weaker alternative] [Nucleus-elaboration: risk factors] [Conclusion: integrated decision],0
synthetic_00951,"I get chest tightness when climbing stairs, but sometimes it follows spicy food at night. Antacids help a little, but last week pain went to my left arm and I got sweaty. I am 58 and diabetic.",acute coronary syndrome,"Exertional chest pain with arm radiation and sweating is high-risk evidence for ischemia. Spicy food and partial antacid relief are preserved as reflux-like but weaker contrastive clues. Age and diabetes increase cardiac risk, so ACS should be prioritized.",Root: grounded conclusion. [Nucleus: high-information evidence] [Satellite-contrast: weaker alternative] [Nucleus-elaboration: risk factors] [Conclusion: integrated decision],0
synthetic_00952,For months I wake with stiff fingers that take over an hour to loosen. Both wrists hurt and I feel exhausted even after sleeping. Symptoms improve once I start moving.,rheumatoid arthritis,"Prolonged morning stiffness and bilateral wrist involvement support inflammatory arthritis. Improvement with movement further supports an inflammatory process. Fatigue is nonspecific but consistent with systemic inflammation, so rheumatoid arthritis is favored.",Root: grounded conclusion. [Nucleus: high-information evidence] [Satellite-contrast: weaker alternative] [Nucleus-elaboration: risk factors] [Conclusion: integrated decision],0
synthetic_00953,"I have fever and cough, but also severe neck stiffness and light hurts my eyes. I feel much worse than with my usual colds.",meningitis risk,"Fever and cough are compatible with a viral illness, but neck stiffness and photophobia are red flags. These red flags should remain central, so meningitis must be considered urgently.",Root: grounded conclusion. [Nucleus: high-information evidence] [Satellite-contrast: weaker alternative] [Nucleus-elaboration: risk factors] [Conclusion: integrated decision],0
synthetic_00954,"I get chest tightness when climbing stairs, but sometimes it follows spicy food at night. Antacids help a little, but last week pain went to my left arm and I got sweaty. I am 58 and diabetic.",acute coronary syndrome,"Exertional chest pain with arm radiation and sweating is high-risk evidence for ischemia. Spicy food and partial antacid relief are preserved as reflux-like but weaker contrastive clues. Age and diabetes increase cardiac risk, so ACS should be prioritized.",Root: grounded conclusion. [Nucleus: high-information evidence] [Satellite-contrast: weaker alternative] [Nucleus-elaboration: risk factors] [Conclusion: integrated decision],0
synthetic_00955,For months I wake with stiff fingers that take over an hour to loosen. Both wrists hurt and I feel exhausted even after sleeping. Symptoms improve once I start moving.,rheumatoid arthritis,"Prolonged morning stiffness and bilateral wrist involvement support inflammatory arthritis. Improvement with movement further supports an inflammatory process. Fatigue is nonspecific but consistent with systemic inflammation, so rheumatoid arthritis is favored.",Root: grounded conclusion. [Nucleus: high-information evidence] [Satellite-contrast: weaker alternative] [Nucleus-elaboration: risk factors] [Conclusion: integrated decision],0
synthetic_00956,"I have fever and cough, but also severe neck stiffness and light hurts my eyes. I feel much worse than with my usual colds.",flu,Fever and cough usually indicate flu. Neck stiffness can happen with muscle aches during flu. Therefore this is likely flu.,Root: hallucinated conclusion. [Nucleus: weak salient clue -> preferred diagnosis] [Satellite-downplay: contradictory red flag] [Conclusion: premature closure],1
synthetic_00957,"I get chest tightness when climbing stairs, but sometimes it follows spicy food at night. Antacids help a little, but last week pain went to my left arm and I got sweaty. I am 58 and diabetic.",acute coronary syndrome,"Exertional chest pain with arm radiation and sweating is high-risk evidence for ischemia. Spicy food and partial antacid relief are preserved as reflux-like but weaker contrastive clues. Age and diabetes increase cardiac risk, so ACS should be prioritized.",Root: grounded conclusion. [Nucleus: high-information evidence] [Satellite-contrast: weaker alternative] [Nucleus-elaboration: risk factors] [Conclusion: integrated decision],0
synthetic_00958,For months I wake with stiff fingers that take over an hour to loosen. Both wrists hurt and I feel exhausted even after sleeping. Symptoms improve once I start moving.,rheumatoid arthritis,"Prolonged morning stiffness and bilateral wrist involvement support inflammatory arthritis. Improvement with movement further supports an inflammatory process. Fatigue is nonspecific but consistent with systemic inflammation, so rheumatoid arthritis is favored.",Root: grounded conclusion. [Nucleus: high-information evidence] [Satellite-contrast: weaker alternative] [Nucleus-elaboration: risk factors] [Conclusion: integrated decision],0
synthetic_00959,"I have fever and cough, but also severe neck stiffness and light hurts my eyes. I feel much worse than with my usual colds.",flu,Fever and cough usually indicate flu. Neck stiffness can happen with muscle aches during flu. Therefore this is likely flu.,Root: hallucinated conclusion. [Nucleus: weak salient clue -> preferred diagnosis] [Satellite-downplay: contradictory red flag] [Conclusion: premature closure],1
synthetic_00960,"I get chest tightness when climbing stairs, but sometimes it follows spicy food at night. Antacids help a little, but last week pain went to my left arm and I got sweaty. I am 58 and diabetic.",acute coronary syndrome,"Exertional chest pain with arm radiation and sweating is high-risk evidence for ischemia. Spicy food and partial antacid relief are preserved as reflux-like but weaker contrastive clues. Age and diabetes increase cardiac risk, so ACS should be prioritized.",Root: grounded conclusion. [Nucleus: high-information evidence] [Satellite-contrast: weaker alternative] [Nucleus-elaboration: risk factors] [Conclusion: integrated decision],0
synthetic_00961,For months I wake with stiff fingers that take over an hour to loosen. Both wrists hurt and I feel exhausted even after sleeping. Symptoms improve once I start moving.,rheumatoid arthritis,"Prolonged morning stiffness and bilateral wrist involvement support inflammatory arthritis. Improvement with movement further supports an inflammatory process. Fatigue is nonspecific but consistent with systemic inflammation, so rheumatoid arthritis is favored.",Root: grounded conclusion. [Nucleus: high-information evidence] [Satellite-contrast: weaker alternative] [Nucleus-elaboration: risk factors] [Conclusion: integrated decision],0
synthetic_00962,"I have fever and cough, but also severe neck stiffness and light hurts my eyes. I feel much worse than with my usual colds.",meningitis risk,"Fever and cough are compatible with a viral illness, but neck stiffness and photophobia are red flags. These red flags should remain central, so meningitis must be considered urgently.",Root: grounded conclusion. [Nucleus: high-information evidence] [Satellite-contrast: weaker alternative] [Nucleus-elaboration: risk factors] [Conclusion: integrated decision],0
synthetic_00963,"I get chest tightness when climbing stairs, but sometimes it follows spicy food at night. Antacids help a little, but last week pain went to my left arm and I got sweaty. I am 58 and diabetic.",GERD,Spicy food and antacid relief suggest reflux. Arm pain and sweating can be anxiety during discomfort. Therefore GERD explains the symptoms.,Root: hallucinated conclusion. [Nucleus: weak salient clue -> preferred diagnosis] [Satellite-downplay: contradictory red flag] [Conclusion: premature closure],1
synthetic_00964,For months I wake with stiff fingers that take over an hour to loosen. Both wrists hurt and I feel exhausted even after sleeping. Symptoms improve once I start moving.,rheumatoid arthritis,"Prolonged morning stiffness and bilateral wrist involvement support inflammatory arthritis. Improvement with movement further supports an inflammatory process. Fatigue is nonspecific but consistent with systemic inflammation, so rheumatoid arthritis is favored.",Root: grounded conclusion. [Nucleus: high-information evidence] [Satellite-contrast: weaker alternative] [Nucleus-elaboration: risk factors] [Conclusion: integrated decision],0
synthetic_00965,"I have fever and cough, but also severe neck stiffness and light hurts my eyes. I feel much worse than with my usual colds.",flu,Fever and cough usually indicate flu. Neck stiffness can happen with muscle aches during flu. Therefore this is likely flu.,Root: hallucinated conclusion. [Nucleus: weak salient clue -> preferred diagnosis] [Satellite-downplay: contradictory red flag] [Conclusion: premature closure],1
synthetic_00966,"I get chest tightness when climbing stairs, but sometimes it follows spicy food at night. Antacids help a little, but last week pain went to my left arm and I got sweaty. I am 58 and diabetic.",GERD,Spicy food and antacid relief suggest reflux. Arm pain and sweating can be anxiety during discomfort. Therefore GERD explains the symptoms.,Root: hallucinated conclusion. [Nucleus: weak salient clue -> preferred diagnosis] [Satellite-downplay: contradictory red flag] [Conclusion: premature closure],1
synthetic_00967,For months I wake with stiff fingers that take over an hour to loosen. Both wrists hurt and I feel exhausted even after sleeping. Symptoms improve once I start moving.,osteoarthritis,Hand pain suggests a degenerative joint problem. Bilateral symptoms can be age-related. Therefore osteoarthritis explains the complaint.,Root: hallucinated conclusion. [Nucleus: weak salient clue -> preferred diagnosis] [Satellite-downplay: contradictory red flag] [Conclusion: premature closure],1
synthetic_00968,"I have fever and cough, but also severe neck stiffness and light hurts my eyes. I feel much worse than with my usual colds.",flu,Fever and cough usually indicate flu. Neck stiffness can happen with muscle aches during flu. Therefore this is likely flu.,Root: hallucinated conclusion. [Nucleus: weak salient clue -> preferred diagnosis] [Satellite-downplay: contradictory red flag] [Conclusion: premature closure],1
synthetic_00969,"I get chest tightness when climbing stairs, but sometimes it follows spicy food at night. Antacids help a little, but last week pain went to my left arm and I got sweaty. I am 58 and diabetic.",acute coronary syndrome,"Exertional chest pain with arm radiation and sweating is high-risk evidence for ischemia. Spicy food and partial antacid relief are preserved as reflux-like but weaker contrastive clues. Age and diabetes increase cardiac risk, so ACS should be prioritized.",Root: grounded conclusion. [Nucleus: high-information evidence] [Satellite-contrast: weaker alternative] [Nucleus-elaboration: risk factors] [Conclusion: integrated decision],0
synthetic_00970,For months I wake with stiff fingers that take over an hour to loosen. Both wrists hurt and I feel exhausted even after sleeping. Symptoms improve once I start moving.,osteoarthritis,Hand pain suggests a degenerative joint problem. Bilateral symptoms can be age-related. Therefore osteoarthritis explains the complaint.,Root: hallucinated conclusion. [Nucleus: weak salient clue -> preferred diagnosis] [Satellite-downplay: contradictory red flag] [Conclusion: premature closure],1
synthetic_00971,"I have fever and cough, but also severe neck stiffness and light hurts my eyes. I feel much worse than with my usual colds.",flu,Fever and cough usually indicate flu. Neck stiffness can happen with muscle aches during flu. Therefore this is likely flu.,Root: hallucinated conclusion. [Nucleus: weak salient clue -> preferred diagnosis] [Satellite-downplay: contradictory red flag] [Conclusion: premature closure],1
synthetic_00972,"I get chest tightness when climbing stairs, but sometimes it follows spicy food at night. Antacids help a little, but last week pain went to my left arm and I got sweaty. I am 58 and diabetic.",GERD,Spicy food and antacid relief suggest reflux. Arm pain and sweating can be anxiety during discomfort. Therefore GERD explains the symptoms.,Root: hallucinated conclusion. [Nucleus: weak salient clue -> preferred diagnosis] [Satellite-downplay: contradictory red flag] [Conclusion: premature closure],1
synthetic_00973,For months I wake with stiff fingers that take over an hour to loosen. Both wrists hurt and I feel exhausted even after sleeping. Symptoms improve once I start moving.,rheumatoid arthritis,"Prolonged morning stiffness and bilateral wrist involvement support inflammatory arthritis. Improvement with movement further supports an inflammatory process. Fatigue is nonspecific but consistent with systemic inflammation, so rheumatoid arthritis is favored.",Root: grounded conclusion. [Nucleus: high-information evidence] [Satellite-contrast: weaker alternative] [Nucleus-elaboration: risk factors] [Conclusion: integrated decision],0
synthetic_00974,"I have fever and cough, but also severe neck stiffness and light hurts my eyes. I feel much worse than with my usual colds.",flu,Fever and cough usually indicate flu. Neck stiffness can happen with muscle aches during flu. Therefore this is likely flu.,Root: hallucinated conclusion. [Nucleus: weak salient clue -> preferred diagnosis] [Satellite-downplay: contradictory red flag] [Conclusion: premature closure],1
synthetic_00975,"I get chest tightness when climbing stairs, but sometimes it follows spicy food at night. Antacids help a little, but last week pain went to my left arm and I got sweaty. I am 58 and diabetic.",GERD,Spicy food and antacid relief suggest reflux. Arm pain and sweating can be anxiety during discomfort. Therefore GERD explains the symptoms.,Root: hallucinated conclusion. [Nucleus: weak salient clue -> preferred diagnosis] [Satellite-downplay: contradictory red flag] [Conclusion: premature closure],1
synthetic_00976,For months I wake with stiff fingers that take over an hour to loosen. Both wrists hurt and I feel exhausted even after sleeping. Symptoms improve once I start moving.,osteoarthritis,Hand pain suggests a degenerative joint problem. Bilateral symptoms can be age-related. Therefore osteoarthritis explains the complaint.,Root: hallucinated conclusion. [Nucleus: weak salient clue -> preferred diagnosis] [Satellite-downplay: contradictory red flag] [Conclusion: premature closure],1
synthetic_00977,"I have fever and cough, but also severe neck stiffness and light hurts my eyes. I feel much worse than with my usual colds.",meningitis risk,"Fever and cough are compatible with a viral illness, but neck stiffness and photophobia are red flags. These red flags should remain central, so meningitis must be considered urgently.",Root: grounded conclusion. [Nucleus: high-information evidence] [Satellite-contrast: weaker alternative] [Nucleus-elaboration: risk factors] [Conclusion: integrated decision],0
synthetic_00978,"I get chest tightness when climbing stairs, but sometimes it follows spicy food at night. Antacids help a little, but last week pain went to my left arm and I got sweaty. I am 58 and diabetic.",GERD,Spicy food and antacid relief suggest reflux. Arm pain and sweating can be anxiety during discomfort. Therefore GERD explains the symptoms.,Root: hallucinated conclusion. [Nucleus: weak salient clue -> preferred diagnosis] [Satellite-downplay: contradictory red flag] [Conclusion: premature closure],1
synthetic_00979,For months I wake with stiff fingers that take over an hour to loosen. Both wrists hurt and I feel exhausted even after sleeping. Symptoms improve once I start moving.,rheumatoid arthritis,"Prolonged morning stiffness and bilateral wrist involvement support inflammatory arthritis. Improvement with movement further supports an inflammatory process. Fatigue is nonspecific but consistent with systemic inflammation, so rheumatoid arthritis is favored.",Root: grounded conclusion. [Nucleus: high-information evidence] [Satellite-contrast: weaker alternative] [Nucleus-elaboration: risk factors] [Conclusion: integrated decision],0
synthetic_00980,"I have fever and cough, but also severe neck stiffness and light hurts my eyes. I feel much worse than with my usual colds.",meningitis risk,"Fever and cough are compatible with a viral illness, but neck stiffness and photophobia are red flags. These red flags should remain central, so meningitis must be considered urgently.",Root: grounded conclusion. [Nucleus: high-information evidence] [Satellite-contrast: weaker alternative] [Nucleus-elaboration: risk factors] [Conclusion: integrated decision],0
synthetic_00981,"I get chest tightness when climbing stairs, but sometimes it follows spicy food at night. Antacids help a little, but last week pain went to my left arm and I got sweaty. I am 58 and diabetic.",GERD,Spicy food and antacid relief suggest reflux. Arm pain and sweating can be anxiety during discomfort. Therefore GERD explains the symptoms.,Root: hallucinated conclusion. [Nucleus: weak salient clue -> preferred diagnosis] [Satellite-downplay: contradictory red flag] [Conclusion: premature closure],1
synthetic_00982,For months I wake with stiff fingers that take over an hour to loosen. Both wrists hurt and I feel exhausted even after sleeping. Symptoms improve once I start moving.,rheumatoid arthritis,"Prolonged morning stiffness and bilateral wrist involvement support inflammatory arthritis. Improvement with movement further supports an inflammatory process. Fatigue is nonspecific but consistent with systemic inflammation, so rheumatoid arthritis is favored.",Root: grounded conclusion. [Nucleus: high-information evidence] [Satellite-contrast: weaker alternative] [Nucleus-elaboration: risk factors] [Conclusion: integrated decision],0
synthetic_00983,"I have fever and cough, but also severe neck stiffness and light hurts my eyes. I feel much worse than with my usual colds.",flu,Fever and cough usually indicate flu. Neck stiffness can happen with muscle aches during flu. Therefore this is likely flu.,Root: hallucinated conclusion. [Nucleus: weak salient clue -> preferred diagnosis] [Satellite-downplay: contradictory red flag] [Conclusion: premature closure],1
synthetic_00984,"I get chest tightness when climbing stairs, but sometimes it follows spicy food at night. Antacids help a little, but last week pain went to my left arm and I got sweaty. I am 58 and diabetic.",acute coronary syndrome,"Exertional chest pain with arm radiation and sweating is high-risk evidence for ischemia. Spicy food and partial antacid relief are preserved as reflux-like but weaker contrastive clues. Age and diabetes increase cardiac risk, so ACS should be prioritized.",Root: grounded conclusion. [Nucleus: high-information evidence] [Satellite-contrast: weaker alternative] [Nucleus-elaboration: risk factors] [Conclusion: integrated decision],0
synthetic_00985,For months I wake with stiff fingers that take over an hour to loosen. Both wrists hurt and I feel exhausted even after sleeping. Symptoms improve once I start moving.,osteoarthritis,Hand pain suggests a degenerative joint problem. Bilateral symptoms can be age-related. Therefore osteoarthritis explains the complaint.,Root: hallucinated conclusion. [Nucleus: weak salient clue -> preferred diagnosis] [Satellite-downplay: contradictory red flag] [Conclusion: premature closure],1
synthetic_00986,"I have fever and cough, but also severe neck stiffness and light hurts my eyes. I feel much worse than with my usual colds.",meningitis risk,"Fever and cough are compatible with a viral illness, but neck stiffness and photophobia are red flags. These red flags should remain central, so meningitis must be considered urgently.",Root: grounded conclusion. [Nucleus: high-information evidence] [Satellite-contrast: weaker alternative] [Nucleus-elaboration: risk factors] [Conclusion: integrated decision],0
synthetic_00987,"I get chest tightness when climbing stairs, but sometimes it follows spicy food at night. Antacids help a little, but last week pain went to my left arm and I got sweaty. I am 58 and diabetic.",GERD,Spicy food and antacid relief suggest reflux. Arm pain and sweating can be anxiety during discomfort. Therefore GERD explains the symptoms.,Root: hallucinated conclusion. [Nucleus: weak salient clue -> preferred diagnosis] [Satellite-downplay: contradictory red flag] [Conclusion: premature closure],1
synthetic_00988,For months I wake with stiff fingers that take over an hour to loosen. Both wrists hurt and I feel exhausted even after sleeping. Symptoms improve once I start moving.,rheumatoid arthritis,"Prolonged morning stiffness and bilateral wrist involvement support inflammatory arthritis. Improvement with movement further supports an inflammatory process. Fatigue is nonspecific but consistent with systemic inflammation, so rheumatoid arthritis is favored.",Root: grounded conclusion. [Nucleus: high-information evidence] [Satellite-contrast: weaker alternative] [Nucleus-elaboration: risk factors] [Conclusion: integrated decision],0
synthetic_00989,"I have fever and cough, but also severe neck stiffness and light hurts my eyes. I feel much worse than with my usual colds.",meningitis risk,"Fever and cough are compatible with a viral illness, but neck stiffness and photophobia are red flags. These red flags should remain central, so meningitis must be considered urgently.",Root: grounded conclusion. [Nucleus: high-information evidence] [Satellite-contrast: weaker alternative] [Nucleus-elaboration: risk factors] [Conclusion: integrated decision],0
synthetic_00990,"I get chest tightness when climbing stairs, but sometimes it follows spicy food at night. Antacids help a little, but last week pain went to my left arm and I got sweaty. I am 58 and diabetic.",acute coronary syndrome,"Exertional chest pain with arm radiation and sweating is high-risk evidence for ischemia. Spicy food and partial antacid relief are preserved as reflux-like but weaker contrastive clues. Age and diabetes increase cardiac risk, so ACS should be prioritized.",Root: grounded conclusion. [Nucleus: high-information evidence] [Satellite-contrast: weaker alternative] [Nucleus-elaboration: risk factors] [Conclusion: integrated decision],0
synthetic_00991,For months I wake with stiff fingers that take over an hour to loosen. Both wrists hurt and I feel exhausted even after sleeping. Symptoms improve once I start moving.,rheumatoid arthritis,"Prolonged morning stiffness and bilateral wrist involvement support inflammatory arthritis. Improvement with movement further supports an inflammatory process. Fatigue is nonspecific but consistent with systemic inflammation, so rheumatoid arthritis is favored.",Root: grounded conclusion. [Nucleus: high-information evidence] [Satellite-contrast: weaker alternative] [Nucleus-elaboration: risk factors] [Conclusion: integrated decision],0
synthetic_00992,"I have fever and cough, but also severe neck stiffness and light hurts my eyes. I feel much worse than with my usual colds.",flu,Fever and cough usually indicate flu. Neck stiffness can happen with muscle aches during flu. Therefore this is likely flu.,Root: hallucinated conclusion. [Nucleus: weak salient clue -> preferred diagnosis] [Satellite-downplay: contradictory red flag] [Conclusion: premature closure],1
synthetic_00993,"I get chest tightness when climbing stairs, but sometimes it follows spicy food at night. Antacids help a little, but last week pain went to my left arm and I got sweaty. I am 58 and diabetic.",acute coronary syndrome,"Exertional chest pain with arm radiation and sweating is high-risk evidence for ischemia. Spicy food and partial antacid relief are preserved as reflux-like but weaker contrastive clues. Age and diabetes increase cardiac risk, so ACS should be prioritized.",Root: grounded conclusion. [Nucleus: high-information evidence] [Satellite-contrast: weaker alternative] [Nucleus-elaboration: risk factors] [Conclusion: integrated decision],0
synthetic_00994,For months I wake with stiff fingers that take over an hour to loosen. Both wrists hurt and I feel exhausted even after sleeping. Symptoms improve once I start moving.,osteoarthritis,Hand pain suggests a degenerative joint problem. Bilateral symptoms can be age-related. Therefore osteoarthritis explains the complaint.,Root: hallucinated conclusion. [Nucleus: weak salient clue -> preferred diagnosis] [Satellite-downplay: contradictory red flag] [Conclusion: premature closure],1
synthetic_00995,"I have fever and cough, but also severe neck stiffness and light hurts my eyes. I feel much worse than with my usual colds.",flu,Fever and cough usually indicate flu. Neck stiffness can happen with muscle aches during flu. Therefore this is likely flu.,Root: hallucinated conclusion. [Nucleus: weak salient clue -> preferred diagnosis] [Satellite-downplay: contradictory red flag] [Conclusion: premature closure],1
synthetic_00996,"I get chest tightness when climbing stairs, but sometimes it follows spicy food at night. Antacids help a little, but last week pain went to my left arm and I got sweaty. I am 58 and diabetic.",acute coronary syndrome,"Exertional chest pain with arm radiation and sweating is high-risk evidence for ischemia. Spicy food and partial antacid relief are preserved as reflux-like but weaker contrastive clues. Age and diabetes increase cardiac risk, so ACS should be prioritized.",Root: grounded conclusion. [Nucleus: high-information evidence] [Satellite-contrast: weaker alternative] [Nucleus-elaboration: risk factors] [Conclusion: integrated decision],0
synthetic_00997,For months I wake with stiff fingers that take over an hour to loosen. Both wrists hurt and I feel exhausted even after sleeping. Symptoms improve once I start moving.,osteoarthritis,Hand pain suggests a degenerative joint problem. Bilateral symptoms can be age-related. Therefore osteoarthritis explains the complaint.,Root: hallucinated conclusion. [Nucleus: weak salient clue -> preferred diagnosis] [Satellite-downplay: contradictory red flag] [Conclusion: premature closure],1
synthetic_00998,"I have fever and cough, but also severe neck stiffness and light hurts my eyes. I feel much worse than with my usual colds.",meningitis risk,"Fever and cough are compatible with a viral illness, but neck stiffness and photophobia are red flags. These red flags should remain central, so meningitis must be considered urgently.",Root: grounded conclusion. [Nucleus: high-information evidence] [Satellite-contrast: weaker alternative] [Nucleus-elaboration: risk factors] [Conclusion: integrated decision],0
synthetic_00999,"I get chest tightness when climbing stairs, but sometimes it follows spicy food at night. Antacids help a little, but last week pain went to my left arm and I got sweaty. I am 58 and diabetic.",GERD,Spicy food and antacid relief suggest reflux. Arm pain and sweating can be anxiety during discomfort. Therefore GERD explains the symptoms.,Root: hallucinated conclusion. [Nucleus: weak salient clue -> preferred diagnosis] [Satellite-downplay: contradictory red flag] [Conclusion: premature closure],1
