lex_num_tokens,lex_num_unique,lex_num_sentences,lex_avg_sentence_len,lex_uncertainty_count,lex_overconfidence_count,lex_unsupported_attr_count,top_node_count,top_edge_count,top_depth,top_branching,top_leaf_proxy,disc_relation_entropy,ns_nucleus_count,ns_satellite_count,ns_ratio,disc_contrast_count,disc_concession_count,disc_evidence_count,disc_elaboration_count,disc_downplay_count,disc_red_flag_count,role_counter_evidence_count,role_ignored_evidence_count,role_conclusion_count,disc_contrast_fraction,disc_evidence_fraction,disc_premature_closure,disc_weak_nucleus_flag,domain_medical_term_count,domain_redflag_word_count,jkrhm_log_det_k_proxy,jkrhm_log_sigma_max_proxy,jkrhm_log_kappa_proxy,jkrhm_dcounter_proxy,jkrhm_disc_score,jkrhm_risk,id,hallucination_label
73.0,62.0,3.0,24.333333333333332,0.0,0.0,0.0,4.0,3.0,2.0,0.75,1.0,1.3862943611198906,3.0,1.0,3.0,1.0,0.0,1.0,0.0,0.0,1.0,2.0,0.0,1.0,0.25,0.25,0.0,0.0,11.0,2.0,4.180312670157326,0.0,1.252762968495368,0.75,0.6611294361119892,-1.1303514512225843,synthetic_00000,0
60.0,51.0,3.0,20.0,0.0,0.0,0.0,4.0,3.0,2.0,0.75,1.0,1.3862943611198906,3.0,1.0,3.0,1.0,0.0,1.0,0.0,0.0,1.0,2.0,0.0,1.0,0.25,0.25,0.0,0.0,5.0,0.0,3.9961121802280286,0.0,1.252762968495368,0.75,0.6611294361119892,-0.946150961293287,synthetic_00001,0
52.0,38.0,2.0,26.0,0.0,0.0,0.0,4.0,3.0,2.0,0.75,1.0,1.3862943611198906,3.0,1.0,3.0,1.0,0.0,1.0,0.0,0.0,1.0,2.0,0.0,1.0,0.25,0.25,0.0,0.0,8.0,7.0,3.72294977194154,0.0,1.252762968495368,0.75,0.6611294361119892,-0.6729885530067983,synthetic_00002,0
54.0,45.0,3.0,18.0,0.0,0.0,0.0,3.0,2.0,2.0,0.6666666666666666,1.0,1.0986122886681096,2.0,1.0,2.0,0.0,0.0,1.0,0.0,1.0,0.0,0.0,0.0,1.0,0.0,0.3333333333333333,0.0,0.0,10.0,2.0,3.87325332614809,0.0,1.0986122886681096,2.0,0.40319456220014427,-0.37762602991194294,synthetic_00003,1
44.0,42.0,3.0,14.666666666666666,1.0,0.0,0.0,3.0,2.0,2.0,0.6666666666666666,1.0,1.0986122886681096,2.0,1.0,2.0,0.0,0.0,1.0,0.0,1.0,0.0,0.0,0.0,1.0,0.0,0.3333333333333333,0.0,0.0,4.0,0.0,3.808851476382645,0.0,1.0986122886681096,2.0,0.40319456220014427,-0.3132241801464981,synthetic_00004,1
52.0,38.0,2.0,26.0,0.0,0.0,0.0,4.0,3.0,2.0,0.75,1.0,1.3862943611198906,3.0,1.0,3.0,1.0,0.0,1.0,0.0,0.0,1.0,2.0,0.0,1.0,0.25,0.25,0.0,0.0,8.0,7.0,3.72294977194154,0.0,1.252762968495368,0.75,0.6611294361119892,-0.6729885530067983,synthetic_00005,0
73.0,62.0,3.0,24.333333333333332,0.0,0.0,0.0,4.0,3.0,2.0,0.75,1.0,1.3862943611198906,3.0,1.0,3.0,1.0,0.0,1.0,0.0,0.0,1.0,2.0,0.0,1.0,0.25,0.25,0.0,0.0,11.0,2.0,4.180312670157326,0.0,1.252762968495368,0.75,0.6611294361119892,-1.1303514512225843,synthetic_00006,0
44.0,42.0,3.0,14.666666666666666,1.0,0.0,0.0,3.0,2.0,2.0,0.6666666666666666,1.0,1.0986122886681096,2.0,1.0,2.0,0.0,0.0,1.0,0.0,1.0,0.0,0.0,0.0,1.0,0.0,0.3333333333333333,0.0,0.0,4.0,0.0,3.808851476382645,0.0,1.0986122886681096,2.0,0.40319456220014427,-0.3132241801464981,synthetic_00007,1
52.0,38.0,2.0,26.0,0.0,0.0,0.0,4.0,3.0,2.0,0.75,1.0,1.3862943611198906,3.0,1.0,3.0,1.0,0.0,1.0,0.0,0.0,1.0,2.0,0.0,1.0,0.25,0.25,0.0,0.0,8.0,7.0,3.72294977194154,0.0,1.252762968495368,0.75,0.6611294361119892,-0.6729885530067983,synthetic_00008,0
73.0,62.0,3.0,24.333333333333332,0.0,0.0,0.0,4.0,3.0,2.0,0.75,1.0,1.3862943611198906,3.0,1.0,3.0,1.0,0.0,1.0,0.0,0.0,1.0,2.0,0.0,1.0,0.25,0.25,0.0,0.0,11.0,2.0,4.180312670157326,0.0,1.252762968495368,0.75,0.6611294361119892,-1.1303514512225843,synthetic_00009,0
44.0,42.0,3.0,14.666666666666666,1.0,0.0,0.0,3.0,2.0,2.0,0.6666666666666666,1.0,1.0986122886681096,2.0,1.0,2.0,0.0,0.0,1.0,0.0,1.0,0.0,0.0,0.0,1.0,0.0,0.3333333333333333,0.0,0.0,4.0,0.0,3.808851476382645,0.0,1.0986122886681096,2.0,0.40319456220014427,-0.3132241801464981,synthetic_00010,1
52.0,38.0,2.0,26.0,0.0,0.0,0.0,4.0,3.0,2.0,0.75,1.0,1.3862943611198906,3.0,1.0,3.0,1.0,0.0,1.0,0.0,0.0,1.0,2.0,0.0,1.0,0.25,0.25,0.0,0.0,8.0,7.0,3.72294977194154,0.0,1.252762968495368,0.75,0.6611294361119892,-0.6729885530067983,synthetic_00011,0
54.0,45.0,3.0,18.0,0.0,0.0,0.0,3.0,2.0,2.0,0.6666666666666666,1.0,1.0986122886681096,2.0,1.0,2.0,0.0,0.0,1.0,0.0,1.0,0.0,0.0,0.0,1.0,0.0,0.3333333333333333,0.0,0.0,10.0,2.0,3.87325332614809,0.0,1.0986122886681096,2.0,0.40319456220014427,-0.37762602991194294,synthetic_00012,1
44.0,42.0,3.0,14.666666666666666,1.0,0.0,0.0,3.0,2.0,2.0,0.6666666666666666,1.0,1.0986122886681096,2.0,1.0,2.0,0.0,0.0,1.0,0.0,1.0,0.0,0.0,0.0,1.0,0.0,0.3333333333333333,0.0,0.0,4.0,0.0,3.808851476382645,0.0,1.0986122886681096,2.0,0.40319456220014427,-0.3132241801464981,synthetic_00013,1
52.0,38.0,2.0,26.0,0.0,0.0,0.0,4.0,3.0,2.0,0.75,1.0,1.3862943611198906,3.0,1.0,3.0,1.0,0.0,1.0,0.0,0.0,1.0,2.0,0.0,1.0,0.25,0.25,0.0,0.0,8.0,7.0,3.72294977194154,0.0,1.252762968495368,0.75,0.6611294361119892,-0.6729885530067983,synthetic_00014,0
54.0,45.0,3.0,18.0,0.0,0.0,0.0,3.0,2.0,2.0,0.6666666666666666,1.0,1.0986122886681096,2.0,1.0,2.0,0.0,0.0,1.0,0.0,1.0,0.0,0.0,0.0,1.0,0.0,0.3333333333333333,0.0,0.0,10.0,2.0,3.87325332614809,0.0,1.0986122886681096,2.0,0.40319456220014427,-0.37762602991194294,synthetic_00015,1
60.0,51.0,3.0,20.0,0.0,0.0,0.0,4.0,3.0,2.0,0.75,1.0,1.3862943611198906,3.0,1.0,3.0,1.0,0.0,1.0,0.0,0.0,1.0,2.0,0.0,1.0,0.25,0.25,0.0,0.0,5.0,0.0,3.9961121802280286,0.0,1.252762968495368,0.75,0.6611294361119892,-0.946150961293287,synthetic_00016,0
43.0,32.0,3.0,14.333333333333334,1.0,0.0,0.0,3.0,2.0,2.0,0.6666666666666666,1.0,1.0986122886681096,2.0,1.0,2.0,0.0,0.0,1.0,0.0,1.0,0.0,0.0,0.0,1.0,0.0,0.3333333333333333,0.0,0.0,10.0,3.0,3.558161593754873,0.0,1.0986122886681096,2.0,0.40319456220014427,-0.06253429751872597,synthetic_00017,1
73.0,62.0,3.0,24.333333333333332,0.0,0.0,0.0,4.0,3.0,2.0,0.75,1.0,1.3862943611198906,3.0,1.0,3.0,1.0,0.0,1.0,0.0,0.0,1.0,2.0,0.0,1.0,0.25,0.25,0.0,0.0,11.0,2.0,4.180312670157326,0.0,1.252762968495368,0.75,0.6611294361119892,-1.1303514512225843,synthetic_00018,0
44.0,42.0,3.0,14.666666666666666,1.0,0.0,0.0,3.0,2.0,2.0,0.6666666666666666,1.0,1.0986122886681096,2.0,1.0,2.0,0.0,0.0,1.0,0.0,1.0,0.0,0.0,0.0,1.0,0.0,0.3333333333333333,0.0,0.0,4.0,0.0,3.808851476382645,0.0,1.0986122886681096,2.0,0.40319456220014427,-0.3132241801464981,synthetic_00019,1
43.0,32.0,3.0,14.333333333333334,1.0,0.0,0.0,3.0,2.0,2.0,0.6666666666666666,1.0,1.0986122886681096,2.0,1.0,2.0,0.0,0.0,1.0,0.0,1.0,0.0,0.0,0.0,1.0,0.0,0.3333333333333333,0.0,0.0,10.0,3.0,3.558161593754873,0.0,1.0986122886681096,2.0,0.40319456220014427,-0.06253429751872597,synthetic_00020,1
73.0,62.0,3.0,24.333333333333332,0.0,0.0,0.0,4.0,3.0,2.0,0.75,1.0,1.3862943611198906,3.0,1.0,3.0,1.0,0.0,1.0,0.0,0.0,1.0,2.0,0.0,1.0,0.25,0.25,0.0,0.0,11.0,2.0,4.180312670157326,0.0,1.252762968495368,0.75,0.6611294361119892,-1.1303514512225843,synthetic_00021,0
60.0,51.0,3.0,20.0,0.0,0.0,0.0,4.0,3.0,2.0,0.75,1.0,1.3862943611198906,3.0,1.0,3.0,1.0,0.0,1.0,0.0,0.0,1.0,2.0,0.0,1.0,0.25,0.25,0.0,0.0,5.0,0.0,3.9961121802280286,0.0,1.252762968495368,0.75,0.6611294361119892,-0.946150961293287,synthetic_00022,0
52.0,38.0,2.0,26.0,0.0,0.0,0.0,4.0,3.0,2.0,0.75,1.0,1.3862943611198906,3.0,1.0,3.0,1.0,0.0,1.0,0.0,0.0,1.0,2.0,0.0,1.0,0.25,0.25,0.0,0.0,8.0,7.0,3.72294977194154,0.0,1.252762968495368,0.75,0.6611294361119892,-0.6729885530067983,synthetic_00023,0
73.0,62.0,3.0,24.333333333333332,0.0,0.0,0.0,4.0,3.0,2.0,0.75,1.0,1.3862943611198906,3.0,1.0,3.0,1.0,0.0,1.0,0.0,0.0,1.0,2.0,0.0,1.0,0.25,0.25,0.0,0.0,11.0,2.0,4.180312670157326,0.0,1.252762968495368,0.75,0.6611294361119892,-1.1303514512225843,synthetic_00024,0
60.0,51.0,3.0,20.0,0.0,0.0,0.0,4.0,3.0,2.0,0.75,1.0,1.3862943611198906,3.0,1.0,3.0,1.0,0.0,1.0,0.0,0.0,1.0,2.0,0.0,1.0,0.25,0.25,0.0,0.0,5.0,0.0,3.9961121802280286,0.0,1.252762968495368,0.75,0.6611294361119892,-0.946150961293287,synthetic_00025,0
43.0,32.0,3.0,14.333333333333334,1.0,0.0,0.0,3.0,2.0,2.0,0.6666666666666666,1.0,1.0986122886681096,2.0,1.0,2.0,0.0,0.0,1.0,0.0,1.0,0.0,0.0,0.0,1.0,0.0,0.3333333333333333,0.0,0.0,10.0,3.0,3.558161593754873,0.0,1.0986122886681096,2.0,0.40319456220014427,-0.06253429751872597,synthetic_00026,1
73.0,62.0,3.0,24.333333333333332,0.0,0.0,0.0,4.0,3.0,2.0,0.75,1.0,1.3862943611198906,3.0,1.0,3.0,1.0,0.0,1.0,0.0,0.0,1.0,2.0,0.0,1.0,0.25,0.25,0.0,0.0,11.0,2.0,4.180312670157326,0.0,1.252762968495368,0.75,0.6611294361119892,-1.1303514512225843,synthetic_00027,0
60.0,51.0,3.0,20.0,0.0,0.0,0.0,4.0,3.0,2.0,0.75,1.0,1.3862943611198906,3.0,1.0,3.0,1.0,0.0,1.0,0.0,0.0,1.0,2.0,0.0,1.0,0.25,0.25,0.0,0.0,5.0,0.0,3.9961121802280286,0.0,1.252762968495368,0.75,0.6611294361119892,-0.946150961293287,synthetic_00028,0
43.0,32.0,3.0,14.333333333333334,1.0,0.0,0.0,3.0,2.0,2.0,0.6666666666666666,1.0,1.0986122886681096,2.0,1.0,2.0,0.0,0.0,1.0,0.0,1.0,0.0,0.0,0.0,1.0,0.0,0.3333333333333333,0.0,0.0,10.0,3.0,3.558161593754873,0.0,1.0986122886681096,2.0,0.40319456220014427,-0.06253429751872597,synthetic_00029,1
54.0,45.0,3.0,18.0,0.0,0.0,0.0,3.0,2.0,2.0,0.6666666666666666,1.0,1.0986122886681096,2.0,1.0,2.0,0.0,0.0,1.0,0.0,1.0,0.0,0.0,0.0,1.0,0.0,0.3333333333333333,0.0,0.0,10.0,2.0,3.87325332614809,0.0,1.0986122886681096,2.0,0.40319456220014427,-0.37762602991194294,synthetic_00030,1
60.0,51.0,3.0,20.0,0.0,0.0,0.0,4.0,3.0,2.0,0.75,1.0,1.3862943611198906,3.0,1.0,3.0,1.0,0.0,1.0,0.0,0.0,1.0,2.0,0.0,1.0,0.25,0.25,0.0,0.0,5.0,0.0,3.9961121802280286,0.0,1.252762968495368,0.75,0.6611294361119892,-0.946150961293287,synthetic_00031,0
52.0,38.0,2.0,26.0,0.0,0.0,0.0,4.0,3.0,2.0,0.75,1.0,1.3862943611198906,3.0,1.0,3.0,1.0,0.0,1.0,0.0,0.0,1.0,2.0,0.0,1.0,0.25,0.25,0.0,0.0,8.0,7.0,3.72294977194154,0.0,1.252762968495368,0.75,0.6611294361119892,-0.6729885530067983,synthetic_00032,0
73.0,62.0,3.0,24.333333333333332,0.0,0.0,0.0,4.0,3.0,2.0,0.75,1.0,1.3862943611198906,3.0,1.0,3.0,1.0,0.0,1.0,0.0,0.0,1.0,2.0,0.0,1.0,0.25,0.25,0.0,0.0,11.0,2.0,4.180312670157326,0.0,1.252762968495368,0.75,0.6611294361119892,-1.1303514512225843,synthetic_00033,0
60.0,51.0,3.0,20.0,0.0,0.0,0.0,4.0,3.0,2.0,0.75,1.0,1.3862943611198906,3.0,1.0,3.0,1.0,0.0,1.0,0.0,0.0,1.0,2.0,0.0,1.0,0.25,0.25,0.0,0.0,5.0,0.0,3.9961121802280286,0.0,1.252762968495368,0.75,0.6611294361119892,-0.946150961293287,synthetic_00034,0
43.0,32.0,3.0,14.333333333333334,1.0,0.0,0.0,3.0,2.0,2.0,0.6666666666666666,1.0,1.0986122886681096,2.0,1.0,2.0,0.0,0.0,1.0,0.0,1.0,0.0,0.0,0.0,1.0,0.0,0.3333333333333333,0.0,0.0,10.0,3.0,3.558161593754873,0.0,1.0986122886681096,2.0,0.40319456220014427,-0.06253429751872597,synthetic_00035,1
73.0,62.0,3.0,24.333333333333332,0.0,0.0,0.0,4.0,3.0,2.0,0.75,1.0,1.3862943611198906,3.0,1.0,3.0,1.0,0.0,1.0,0.0,0.0,1.0,2.0,0.0,1.0,0.25,0.25,0.0,0.0,11.0,2.0,4.180312670157326,0.0,1.252762968495368,0.75,0.6611294361119892,-1.1303514512225843,synthetic_00036,0
44.0,42.0,3.0,14.666666666666666,1.0,0.0,0.0,3.0,2.0,2.0,0.6666666666666666,1.0,1.0986122886681096,2.0,1.0,2.0,0.0,0.0,1.0,0.0,1.0,0.0,0.0,0.0,1.0,0.0,0.3333333333333333,0.0,0.0,4.0,0.0,3.808851476382645,0.0,1.0986122886681096,2.0,0.40319456220014427,-0.3132241801464981,synthetic_00037,1
43.0,32.0,3.0,14.333333333333334,1.0,0.0,0.0,3.0,2.0,2.0,0.6666666666666666,1.0,1.0986122886681096,2.0,1.0,2.0,0.0,0.0,1.0,0.0,1.0,0.0,0.0,0.0,1.0,0.0,0.3333333333333333,0.0,0.0,10.0,3.0,3.558161593754873,0.0,1.0986122886681096,2.0,0.40319456220014427,-0.06253429751872597,synthetic_00038,1
73.0,62.0,3.0,24.333333333333332,0.0,0.0,0.0,4.0,3.0,2.0,0.75,1.0,1.3862943611198906,3.0,1.0,3.0,1.0,0.0,1.0,0.0,0.0,1.0,2.0,0.0,1.0,0.25,0.25,0.0,0.0,11.0,2.0,4.180312670157326,0.0,1.252762968495368,0.75,0.6611294361119892,-1.1303514512225843,synthetic_00039,0
60.0,51.0,3.0,20.0,0.0,0.0,0.0,4.0,3.0,2.0,0.75,1.0,1.3862943611198906,3.0,1.0,3.0,1.0,0.0,1.0,0.0,0.0,1.0,2.0,0.0,1.0,0.25,0.25,0.0,0.0,5.0,0.0,3.9961121802280286,0.0,1.252762968495368,0.75,0.6611294361119892,-0.946150961293287,synthetic_00040,0
43.0,32.0,3.0,14.333333333333334,1.0,0.0,0.0,3.0,2.0,2.0,0.6666666666666666,1.0,1.0986122886681096,2.0,1.0,2.0,0.0,0.0,1.0,0.0,1.0,0.0,0.0,0.0,1.0,0.0,0.3333333333333333,0.0,0.0,10.0,3.0,3.558161593754873,0.0,1.0986122886681096,2.0,0.40319456220014427,-0.06253429751872597,synthetic_00041,1
73.0,62.0,3.0,24.333333333333332,0.0,0.0,0.0,4.0,3.0,2.0,0.75,1.0,1.3862943611198906,3.0,1.0,3.0,1.0,0.0,1.0,0.0,0.0,1.0,2.0,0.0,1.0,0.25,0.25,0.0,0.0,11.0,2.0,4.180312670157326,0.0,1.252762968495368,0.75,0.6611294361119892,-1.1303514512225843,synthetic_00042,0
44.0,42.0,3.0,14.666666666666666,1.0,0.0,0.0,3.0,2.0,2.0,0.6666666666666666,1.0,1.0986122886681096,2.0,1.0,2.0,0.0,0.0,1.0,0.0,1.0,0.0,0.0,0.0,1.0,0.0,0.3333333333333333,0.0,0.0,4.0,0.0,3.808851476382645,0.0,1.0986122886681096,2.0,0.40319456220014427,-0.3132241801464981,synthetic_00043,1
43.0,32.0,3.0,14.333333333333334,1.0,0.0,0.0,3.0,2.0,2.0,0.6666666666666666,1.0,1.0986122886681096,2.0,1.0,2.0,0.0,0.0,1.0,0.0,1.0,0.0,0.0,0.0,1.0,0.0,0.3333333333333333,0.0,0.0,10.0,3.0,3.558161593754873,0.0,1.0986122886681096,2.0,0.40319456220014427,-0.06253429751872597,synthetic_00044,1
73.0,62.0,3.0,24.333333333333332,0.0,0.0,0.0,4.0,3.0,2.0,0.75,1.0,1.3862943611198906,3.0,1.0,3.0,1.0,0.0,1.0,0.0,0.0,1.0,2.0,0.0,1.0,0.25,0.25,0.0,0.0,11.0,2.0,4.180312670157326,0.0,1.252762968495368,0.75,0.6611294361119892,-1.1303514512225843,synthetic_00045,0
60.0,51.0,3.0,20.0,0.0,0.0,0.0,4.0,3.0,2.0,0.75,1.0,1.3862943611198906,3.0,1.0,3.0,1.0,0.0,1.0,0.0,0.0,1.0,2.0,0.0,1.0,0.25,0.25,0.0,0.0,5.0,0.0,3.9961121802280286,0.0,1.252762968495368,0.75,0.6611294361119892,-0.946150961293287,synthetic_00046,0
52.0,38.0,2.0,26.0,0.0,0.0,0.0,4.0,3.0,2.0,0.75,1.0,1.3862943611198906,3.0,1.0,3.0,1.0,0.0,1.0,0.0,0.0,1.0,2.0,0.0,1.0,0.25,0.25,0.0,0.0,8.0,7.0,3.72294977194154,0.0,1.252762968495368,0.75,0.6611294361119892,-0.6729885530067983,synthetic_00047,0
73.0,62.0,3.0,24.333333333333332,0.0,0.0,0.0,4.0,3.0,2.0,0.75,1.0,1.3862943611198906,3.0,1.0,3.0,1.0,0.0,1.0,0.0,0.0,1.0,2.0,0.0,1.0,0.25,0.25,0.0,0.0,11.0,2.0,4.180312670157326,0.0,1.252762968495368,0.75,0.6611294361119892,-1.1303514512225843,synthetic_00048,0
60.0,51.0,3.0,20.0,0.0,0.0,0.0,4.0,3.0,2.0,0.75,1.0,1.3862943611198906,3.0,1.0,3.0,1.0,0.0,1.0,0.0,0.0,1.0,2.0,0.0,1.0,0.25,0.25,0.0,0.0,5.0,0.0,3.9961121802280286,0.0,1.252762968495368,0.75,0.6611294361119892,-0.946150961293287,synthetic_00049,0
52.0,38.0,2.0,26.0,0.0,0.0,0.0,4.0,3.0,2.0,0.75,1.0,1.3862943611198906,3.0,1.0,3.0,1.0,0.0,1.0,0.0,0.0,1.0,2.0,0.0,1.0,0.25,0.25,0.0,0.0,8.0,7.0,3.72294977194154,0.0,1.252762968495368,0.75,0.6611294361119892,-0.6729885530067983,synthetic_00050,0
73.0,62.0,3.0,24.333333333333332,0.0,0.0,0.0,4.0,3.0,2.0,0.75,1.0,1.3862943611198906,3.0,1.0,3.0,1.0,0.0,1.0,0.0,0.0,1.0,2.0,0.0,1.0,0.25,0.25,0.0,0.0,11.0,2.0,4.180312670157326,0.0,1.252762968495368,0.75,0.6611294361119892,-1.1303514512225843,synthetic_00051,0
44.0,42.0,3.0,14.666666666666666,1.0,0.0,0.0,3.0,2.0,2.0,0.6666666666666666,1.0,1.0986122886681096,2.0,1.0,2.0,0.0,0.0,1.0,0.0,1.0,0.0,0.0,0.0,1.0,0.0,0.3333333333333333,0.0,0.0,4.0,0.0,3.808851476382645,0.0,1.0986122886681096,2.0,0.40319456220014427,-0.3132241801464981,synthetic_00052,1
43.0,32.0,3.0,14.333333333333334,1.0,0.0,0.0,3.0,2.0,2.0,0.6666666666666666,1.0,1.0986122886681096,2.0,1.0,2.0,0.0,0.0,1.0,0.0,1.0,0.0,0.0,0.0,1.0,0.0,0.3333333333333333,0.0,0.0,10.0,3.0,3.558161593754873,0.0,1.0986122886681096,2.0,0.40319456220014427,-0.06253429751872597,synthetic_00053,1
73.0,62.0,3.0,24.333333333333332,0.0,0.0,0.0,4.0,3.0,2.0,0.75,1.0,1.3862943611198906,3.0,1.0,3.0,1.0,0.0,1.0,0.0,0.0,1.0,2.0,0.0,1.0,0.25,0.25,0.0,0.0,11.0,2.0,4.180312670157326,0.0,1.252762968495368,0.75,0.6611294361119892,-1.1303514512225843,synthetic_00054,0
60.0,51.0,3.0,20.0,0.0,0.0,0.0,4.0,3.0,2.0,0.75,1.0,1.3862943611198906,3.0,1.0,3.0,1.0,0.0,1.0,0.0,0.0,1.0,2.0,0.0,1.0,0.25,0.25,0.0,0.0,5.0,0.0,3.9961121802280286,0.0,1.252762968495368,0.75,0.6611294361119892,-0.946150961293287,synthetic_00055,0
43.0,32.0,3.0,14.333333333333334,1.0,0.0,0.0,3.0,2.0,2.0,0.6666666666666666,1.0,1.0986122886681096,2.0,1.0,2.0,0.0,0.0,1.0,0.0,1.0,0.0,0.0,0.0,1.0,0.0,0.3333333333333333,0.0,0.0,10.0,3.0,3.558161593754873,0.0,1.0986122886681096,2.0,0.40319456220014427,-0.06253429751872597,synthetic_00056,1
73.0,62.0,3.0,24.333333333333332,0.0,0.0,0.0,4.0,3.0,2.0,0.75,1.0,1.3862943611198906,3.0,1.0,3.0,1.0,0.0,1.0,0.0,0.0,1.0,2.0,0.0,1.0,0.25,0.25,0.0,0.0,11.0,2.0,4.180312670157326,0.0,1.252762968495368,0.75,0.6611294361119892,-1.1303514512225843,synthetic_00057,0
44.0,42.0,3.0,14.666666666666666,1.0,0.0,0.0,3.0,2.0,2.0,0.6666666666666666,1.0,1.0986122886681096,2.0,1.0,2.0,0.0,0.0,1.0,0.0,1.0,0.0,0.0,0.0,1.0,0.0,0.3333333333333333,0.0,0.0,4.0,0.0,3.808851476382645,0.0,1.0986122886681096,2.0,0.40319456220014427,-0.3132241801464981,synthetic_00058,1
43.0,32.0,3.0,14.333333333333334,1.0,0.0,0.0,3.0,2.0,2.0,0.6666666666666666,1.0,1.0986122886681096,2.0,1.0,2.0,0.0,0.0,1.0,0.0,1.0,0.0,0.0,0.0,1.0,0.0,0.3333333333333333,0.0,0.0,10.0,3.0,3.558161593754873,0.0,1.0986122886681096,2.0,0.40319456220014427,-0.06253429751872597,synthetic_00059,1
54.0,45.0,3.0,18.0,0.0,0.0,0.0,3.0,2.0,2.0,0.6666666666666666,1.0,1.0986122886681096,2.0,1.0,2.0,0.0,0.0,1.0,0.0,1.0,0.0,0.0,0.0,1.0,0.0,0.3333333333333333,0.0,0.0,10.0,2.0,3.87325332614809,0.0,1.0986122886681096,2.0,0.40319456220014427,-0.37762602991194294,synthetic_00060,1
44.0,42.0,3.0,14.666666666666666,1.0,0.0,0.0,3.0,2.0,2.0,0.6666666666666666,1.0,1.0986122886681096,2.0,1.0,2.0,0.0,0.0,1.0,0.0,1.0,0.0,0.0,0.0,1.0,0.0,0.3333333333333333,0.0,0.0,4.0,0.0,3.808851476382645,0.0,1.0986122886681096,2.0,0.40319456220014427,-0.3132241801464981,synthetic_00061,1
52.0,38.0,2.0,26.0,0.0,0.0,0.0,4.0,3.0,2.0,0.75,1.0,1.3862943611198906,3.0,1.0,3.0,1.0,0.0,1.0,0.0,0.0,1.0,2.0,0.0,1.0,0.25,0.25,0.0,0.0,8.0,7.0,3.72294977194154,0.0,1.252762968495368,0.75,0.6611294361119892,-0.6729885530067983,synthetic_00062,0
54.0,45.0,3.0,18.0,0.0,0.0,0.0,3.0,2.0,2.0,0.6666666666666666,1.0,1.0986122886681096,2.0,1.0,2.0,0.0,0.0,1.0,0.0,1.0,0.0,0.0,0.0,1.0,0.0,0.3333333333333333,0.0,0.0,10.0,2.0,3.87325332614809,0.0,1.0986122886681096,2.0,0.40319456220014427,-0.37762602991194294,synthetic_00063,1
60.0,51.0,3.0,20.0,0.0,0.0,0.0,4.0,3.0,2.0,0.75,1.0,1.3862943611198906,3.0,1.0,3.0,1.0,0.0,1.0,0.0,0.0,1.0,2.0,0.0,1.0,0.25,0.25,0.0,0.0,5.0,0.0,3.9961121802280286,0.0,1.252762968495368,0.75,0.6611294361119892,-0.946150961293287,synthetic_00064,0
52.0,38.0,2.0,26.0,0.0,0.0,0.0,4.0,3.0,2.0,0.75,1.0,1.3862943611198906,3.0,1.0,3.0,1.0,0.0,1.0,0.0,0.0,1.0,2.0,0.0,1.0,0.25,0.25,0.0,0.0,8.0,7.0,3.72294977194154,0.0,1.252762968495368,0.75,0.6611294361119892,-0.6729885530067983,synthetic_00065,0
73.0,62.0,3.0,24.333333333333332,0.0,0.0,0.0,4.0,3.0,2.0,0.75,1.0,1.3862943611198906,3.0,1.0,3.0,1.0,0.0,1.0,0.0,0.0,1.0,2.0,0.0,1.0,0.25,0.25,0.0,0.0,11.0,2.0,4.180312670157326,0.0,1.252762968495368,0.75,0.6611294361119892,-1.1303514512225843,synthetic_00066,0
44.0,42.0,3.0,14.666666666666666,1.0,0.0,0.0,3.0,2.0,2.0,0.6666666666666666,1.0,1.0986122886681096,2.0,1.0,2.0,0.0,0.0,1.0,0.0,1.0,0.0,0.0,0.0,1.0,0.0,0.3333333333333333,0.0,0.0,4.0,0.0,3.808851476382645,0.0,1.0986122886681096,2.0,0.40319456220014427,-0.3132241801464981,synthetic_00067,1
52.0,38.0,2.0,26.0,0.0,0.0,0.0,4.0,3.0,2.0,0.75,1.0,1.3862943611198906,3.0,1.0,3.0,1.0,0.0,1.0,0.0,0.0,1.0,2.0,0.0,1.0,0.25,0.25,0.0,0.0,8.0,7.0,3.72294977194154,0.0,1.252762968495368,0.75,0.6611294361119892,-0.6729885530067983,synthetic_00068,0
54.0,45.0,3.0,18.0,0.0,0.0,0.0,3.0,2.0,2.0,0.6666666666666666,1.0,1.0986122886681096,2.0,1.0,2.0,0.0,0.0,1.0,0.0,1.0,0.0,0.0,0.0,1.0,0.0,0.3333333333333333,0.0,0.0,10.0,2.0,3.87325332614809,0.0,1.0986122886681096,2.0,0.40319456220014427,-0.37762602991194294,synthetic_00069,1
44.0,42.0,3.0,14.666666666666666,1.0,0.0,0.0,3.0,2.0,2.0,0.6666666666666666,1.0,1.0986122886681096,2.0,1.0,2.0,0.0,0.0,1.0,0.0,1.0,0.0,0.0,0.0,1.0,0.0,0.3333333333333333,0.0,0.0,4.0,0.0,3.808851476382645,0.0,1.0986122886681096,2.0,0.40319456220014427,-0.3132241801464981,synthetic_00070,1
52.0,38.0,2.0,26.0,0.0,0.0,0.0,4.0,3.0,2.0,0.75,1.0,1.3862943611198906,3.0,1.0,3.0,1.0,0.0,1.0,0.0,0.0,1.0,2.0,0.0,1.0,0.25,0.25,0.0,0.0,8.0,7.0,3.72294977194154,0.0,1.252762968495368,0.75,0.6611294361119892,-0.6729885530067983,synthetic_00071,0
54.0,45.0,3.0,18.0,0.0,0.0,0.0,3.0,2.0,2.0,0.6666666666666666,1.0,1.0986122886681096,2.0,1.0,2.0,0.0,0.0,1.0,0.0,1.0,0.0,0.0,0.0,1.0,0.0,0.3333333333333333,0.0,0.0,10.0,2.0,3.87325332614809,0.0,1.0986122886681096,2.0,0.40319456220014427,-0.37762602991194294,synthetic_00072,1
44.0,42.0,3.0,14.666666666666666,1.0,0.0,0.0,3.0,2.0,2.0,0.6666666666666666,1.0,1.0986122886681096,2.0,1.0,2.0,0.0,0.0,1.0,0.0,1.0,0.0,0.0,0.0,1.0,0.0,0.3333333333333333,0.0,0.0,4.0,0.0,3.808851476382645,0.0,1.0986122886681096,2.0,0.40319456220014427,-0.3132241801464981,synthetic_00073,1
43.0,32.0,3.0,14.333333333333334,1.0,0.0,0.0,3.0,2.0,2.0,0.6666666666666666,1.0,1.0986122886681096,2.0,1.0,2.0,0.0,0.0,1.0,0.0,1.0,0.0,0.0,0.0,1.0,0.0,0.3333333333333333,0.0,0.0,10.0,3.0,3.558161593754873,0.0,1.0986122886681096,2.0,0.40319456220014427,-0.06253429751872597,synthetic_00074,1
54.0,45.0,3.0,18.0,0.0,0.0,0.0,3.0,2.0,2.0,0.6666666666666666,1.0,1.0986122886681096,2.0,1.0,2.0,0.0,0.0,1.0,0.0,1.0,0.0,0.0,0.0,1.0,0.0,0.3333333333333333,0.0,0.0,10.0,2.0,3.87325332614809,0.0,1.0986122886681096,2.0,0.40319456220014427,-0.37762602991194294,synthetic_00075,1
44.0,42.0,3.0,14.666666666666666,1.0,0.0,0.0,3.0,2.0,2.0,0.6666666666666666,1.0,1.0986122886681096,2.0,1.0,2.0,0.0,0.0,1.0,0.0,1.0,0.0,0.0,0.0,1.0,0.0,0.3333333333333333,0.0,0.0,4.0,0.0,3.808851476382645,0.0,1.0986122886681096,2.0,0.40319456220014427,-0.3132241801464981,synthetic_00076,1
52.0,38.0,2.0,26.0,0.0,0.0,0.0,4.0,3.0,2.0,0.75,1.0,1.3862943611198906,3.0,1.0,3.0,1.0,0.0,1.0,0.0,0.0,1.0,2.0,0.0,1.0,0.25,0.25,0.0,0.0,8.0,7.0,3.72294977194154,0.0,1.252762968495368,0.75,0.6611294361119892,-0.6729885530067983,synthetic_00077,0
73.0,62.0,3.0,24.333333333333332,0.0,0.0,0.0,4.0,3.0,2.0,0.75,1.0,1.3862943611198906,3.0,1.0,3.0,1.0,0.0,1.0,0.0,0.0,1.0,2.0,0.0,1.0,0.25,0.25,0.0,0.0,11.0,2.0,4.180312670157326,0.0,1.252762968495368,0.75,0.6611294361119892,-1.1303514512225843,synthetic_00078,0
44.0,42.0,3.0,14.666666666666666,1.0,0.0,0.0,3.0,2.0,2.0,0.6666666666666666,1.0,1.0986122886681096,2.0,1.0,2.0,0.0,0.0,1.0,0.0,1.0,0.0,0.0,0.0,1.0,0.0,0.3333333333333333,0.0,0.0,4.0,0.0,3.808851476382645,0.0,1.0986122886681096,2.0,0.40319456220014427,-0.3132241801464981,synthetic_00079,1
52.0,38.0,2.0,26.0,0.0,0.0,0.0,4.0,3.0,2.0,0.75,1.0,1.3862943611198906,3.0,1.0,3.0,1.0,0.0,1.0,0.0,0.0,1.0,2.0,0.0,1.0,0.25,0.25,0.0,0.0,8.0,7.0,3.72294977194154,0.0,1.252762968495368,0.75,0.6611294361119892,-0.6729885530067983,synthetic_00080,0
54.0,45.0,3.0,18.0,0.0,0.0,0.0,3.0,2.0,2.0,0.6666666666666666,1.0,1.0986122886681096,2.0,1.0,2.0,0.0,0.0,1.0,0.0,1.0,0.0,0.0,0.0,1.0,0.0,0.3333333333333333,0.0,0.0,10.0,2.0,3.87325332614809,0.0,1.0986122886681096,2.0,0.40319456220014427,-0.37762602991194294,synthetic_00081,1
44.0,42.0,3.0,14.666666666666666,1.0,0.0,0.0,3.0,2.0,2.0,0.6666666666666666,1.0,1.0986122886681096,2.0,1.0,2.0,0.0,0.0,1.0,0.0,1.0,0.0,0.0,0.0,1.0,0.0,0.3333333333333333,0.0,0.0,4.0,0.0,3.808851476382645,0.0,1.0986122886681096,2.0,0.40319456220014427,-0.3132241801464981,synthetic_00082,1
52.0,38.0,2.0,26.0,0.0,0.0,0.0,4.0,3.0,2.0,0.75,1.0,1.3862943611198906,3.0,1.0,3.0,1.0,0.0,1.0,0.0,0.0,1.0,2.0,0.0,1.0,0.25,0.25,0.0,0.0,8.0,7.0,3.72294977194154,0.0,1.252762968495368,0.75,0.6611294361119892,-0.6729885530067983,synthetic_00083,0
73.0,62.0,3.0,24.333333333333332,0.0,0.0,0.0,4.0,3.0,2.0,0.75,1.0,1.3862943611198906,3.0,1.0,3.0,1.0,0.0,1.0,0.0,0.0,1.0,2.0,0.0,1.0,0.25,0.25,0.0,0.0,11.0,2.0,4.180312670157326,0.0,1.252762968495368,0.75,0.6611294361119892,-1.1303514512225843,synthetic_00084,0
60.0,51.0,3.0,20.0,0.0,0.0,0.0,4.0,3.0,2.0,0.75,1.0,1.3862943611198906,3.0,1.0,3.0,1.0,0.0,1.0,0.0,0.0,1.0,2.0,0.0,1.0,0.25,0.25,0.0,0.0,5.0,0.0,3.9961121802280286,0.0,1.252762968495368,0.75,0.6611294361119892,-0.946150961293287,synthetic_00085,0
52.0,38.0,2.0,26.0,0.0,0.0,0.0,4.0,3.0,2.0,0.75,1.0,1.3862943611198906,3.0,1.0,3.0,1.0,0.0,1.0,0.0,0.0,1.0,2.0,0.0,1.0,0.25,0.25,0.0,0.0,8.0,7.0,3.72294977194154,0.0,1.252762968495368,0.75,0.6611294361119892,-0.6729885530067983,synthetic_00086,0
73.0,62.0,3.0,24.333333333333332,0.0,0.0,0.0,4.0,3.0,2.0,0.75,1.0,1.3862943611198906,3.0,1.0,3.0,1.0,0.0,1.0,0.0,0.0,1.0,2.0,0.0,1.0,0.25,0.25,0.0,0.0,11.0,2.0,4.180312670157326,0.0,1.252762968495368,0.75,0.6611294361119892,-1.1303514512225843,synthetic_00087,0
44.0,42.0,3.0,14.666666666666666,1.0,0.0,0.0,3.0,2.0,2.0,0.6666666666666666,1.0,1.0986122886681096,2.0,1.0,2.0,0.0,0.0,1.0,0.0,1.0,0.0,0.0,0.0,1.0,0.0,0.3333333333333333,0.0,0.0,4.0,0.0,3.808851476382645,0.0,1.0986122886681096,2.0,0.40319456220014427,-0.3132241801464981,synthetic_00088,1
52.0,38.0,2.0,26.0,0.0,0.0,0.0,4.0,3.0,2.0,0.75,1.0,1.3862943611198906,3.0,1.0,3.0,1.0,0.0,1.0,0.0,0.0,1.0,2.0,0.0,1.0,0.25,0.25,0.0,0.0,8.0,7.0,3.72294977194154,0.0,1.252762968495368,0.75,0.6611294361119892,-0.6729885530067983,synthetic_00089,0
73.0,62.0,3.0,24.333333333333332,0.0,0.0,0.0,4.0,3.0,2.0,0.75,1.0,1.3862943611198906,3.0,1.0,3.0,1.0,0.0,1.0,0.0,0.0,1.0,2.0,0.0,1.0,0.25,0.25,0.0,0.0,11.0,2.0,4.180312670157326,0.0,1.252762968495368,0.75,0.6611294361119892,-1.1303514512225843,synthetic_00090,0
60.0,51.0,3.0,20.0,0.0,0.0,0.0,4.0,3.0,2.0,0.75,1.0,1.3862943611198906,3.0,1.0,3.0,1.0,0.0,1.0,0.0,0.0,1.0,2.0,0.0,1.0,0.25,0.25,0.0,0.0,5.0,0.0,3.9961121802280286,0.0,1.252762968495368,0.75,0.6611294361119892,-0.946150961293287,synthetic_00091,0
43.0,32.0,3.0,14.333333333333334,1.0,0.0,0.0,3.0,2.0,2.0,0.6666666666666666,1.0,1.0986122886681096,2.0,1.0,2.0,0.0,0.0,1.0,0.0,1.0,0.0,0.0,0.0,1.0,0.0,0.3333333333333333,0.0,0.0,10.0,3.0,3.558161593754873,0.0,1.0986122886681096,2.0,0.40319456220014427,-0.06253429751872597,synthetic_00092,1
73.0,62.0,3.0,24.333333333333332,0.0,0.0,0.0,4.0,3.0,2.0,0.75,1.0,1.3862943611198906,3.0,1.0,3.0,1.0,0.0,1.0,0.0,0.0,1.0,2.0,0.0,1.0,0.25,0.25,0.0,0.0,11.0,2.0,4.180312670157326,0.0,1.252762968495368,0.75,0.6611294361119892,-1.1303514512225843,synthetic_00093,0
60.0,51.0,3.0,20.0,0.0,0.0,0.0,4.0,3.0,2.0,0.75,1.0,1.3862943611198906,3.0,1.0,3.0,1.0,0.0,1.0,0.0,0.0,1.0,2.0,0.0,1.0,0.25,0.25,0.0,0.0,5.0,0.0,3.9961121802280286,0.0,1.252762968495368,0.75,0.6611294361119892,-0.946150961293287,synthetic_00094,0
43.0,32.0,3.0,14.333333333333334,1.0,0.0,0.0,3.0,2.0,2.0,0.6666666666666666,1.0,1.0986122886681096,2.0,1.0,2.0,0.0,0.0,1.0,0.0,1.0,0.0,0.0,0.0,1.0,0.0,0.3333333333333333,0.0,0.0,10.0,3.0,3.558161593754873,0.0,1.0986122886681096,2.0,0.40319456220014427,-0.06253429751872597,synthetic_00095,1
73.0,62.0,3.0,24.333333333333332,0.0,0.0,0.0,4.0,3.0,2.0,0.75,1.0,1.3862943611198906,3.0,1.0,3.0,1.0,0.0,1.0,0.0,0.0,1.0,2.0,0.0,1.0,0.25,0.25,0.0,0.0,11.0,2.0,4.180312670157326,0.0,1.252762968495368,0.75,0.6611294361119892,-1.1303514512225843,synthetic_00096,0
44.0,42.0,3.0,14.666666666666666,1.0,0.0,0.0,3.0,2.0,2.0,0.6666666666666666,1.0,1.0986122886681096,2.0,1.0,2.0,0.0,0.0,1.0,0.0,1.0,0.0,0.0,0.0,1.0,0.0,0.3333333333333333,0.0,0.0,4.0,0.0,3.808851476382645,0.0,1.0986122886681096,2.0,0.40319456220014427,-0.3132241801464981,synthetic_00097,1
52.0,38.0,2.0,26.0,0.0,0.0,0.0,4.0,3.0,2.0,0.75,1.0,1.3862943611198906,3.0,1.0,3.0,1.0,0.0,1.0,0.0,0.0,1.0,2.0,0.0,1.0,0.25,0.25,0.0,0.0,8.0,7.0,3.72294977194154,0.0,1.252762968495368,0.75,0.6611294361119892,-0.6729885530067983,synthetic_00098,0
54.0,45.0,3.0,18.0,0.0,0.0,0.0,3.0,2.0,2.0,0.6666666666666666,1.0,1.0986122886681096,2.0,1.0,2.0,0.0,0.0,1.0,0.0,1.0,0.0,0.0,0.0,1.0,0.0,0.3333333333333333,0.0,0.0,10.0,2.0,3.87325332614809,0.0,1.0986122886681096,2.0,0.40319456220014427,-0.37762602991194294,synthetic_00099,1
44.0,42.0,3.0,14.666666666666666,1.0,0.0,0.0,3.0,2.0,2.0,0.6666666666666666,1.0,1.0986122886681096,2.0,1.0,2.0,0.0,0.0,1.0,0.0,1.0,0.0,0.0,0.0,1.0,0.0,0.3333333333333333,0.0,0.0,4.0,0.0,3.808851476382645,0.0,1.0986122886681096,2.0,0.40319456220014427,-0.3132241801464981,synthetic_00100,1
52.0,38.0,2.0,26.0,0.0,0.0,0.0,4.0,3.0,2.0,0.75,1.0,1.3862943611198906,3.0,1.0,3.0,1.0,0.0,1.0,0.0,0.0,1.0,2.0,0.0,1.0,0.25,0.25,0.0,0.0,8.0,7.0,3.72294977194154,0.0,1.252762968495368,0.75,0.6611294361119892,-0.6729885530067983,synthetic_00101,0
54.0,45.0,3.0,18.0,0.0,0.0,0.0,3.0,2.0,2.0,0.6666666666666666,1.0,1.0986122886681096,2.0,1.0,2.0,0.0,0.0,1.0,0.0,1.0,0.0,0.0,0.0,1.0,0.0,0.3333333333333333,0.0,0.0,10.0,2.0,3.87325332614809,0.0,1.0986122886681096,2.0,0.40319456220014427,-0.37762602991194294,synthetic_00102,1
44.0,42.0,3.0,14.666666666666666,1.0,0.0,0.0,3.0,2.0,2.0,0.6666666666666666,1.0,1.0986122886681096,2.0,1.0,2.0,0.0,0.0,1.0,0.0,1.0,0.0,0.0,0.0,1.0,0.0,0.3333333333333333,0.0,0.0,4.0,0.0,3.808851476382645,0.0,1.0986122886681096,2.0,0.40319456220014427,-0.3132241801464981,synthetic_00103,1
52.0,38.0,2.0,26.0,0.0,0.0,0.0,4.0,3.0,2.0,0.75,1.0,1.3862943611198906,3.0,1.0,3.0,1.0,0.0,1.0,0.0,0.0,1.0,2.0,0.0,1.0,0.25,0.25,0.0,0.0,8.0,7.0,3.72294977194154,0.0,1.252762968495368,0.75,0.6611294361119892,-0.6729885530067983,synthetic_00104,0
54.0,45.0,3.0,18.0,0.0,0.0,0.0,3.0,2.0,2.0,0.6666666666666666,1.0,1.0986122886681096,2.0,1.0,2.0,0.0,0.0,1.0,0.0,1.0,0.0,0.0,0.0,1.0,0.0,0.3333333333333333,0.0,0.0,10.0,2.0,3.87325332614809,0.0,1.0986122886681096,2.0,0.40319456220014427,-0.37762602991194294,synthetic_00105,1
60.0,51.0,3.0,20.0,0.0,0.0,0.0,4.0,3.0,2.0,0.75,1.0,1.3862943611198906,3.0,1.0,3.0,1.0,0.0,1.0,0.0,0.0,1.0,2.0,0.0,1.0,0.25,0.25,0.0,0.0,5.0,0.0,3.9961121802280286,0.0,1.252762968495368,0.75,0.6611294361119892,-0.946150961293287,synthetic_00106,0
52.0,38.0,2.0,26.0,0.0,0.0,0.0,4.0,3.0,2.0,0.75,1.0,1.3862943611198906,3.0,1.0,3.0,1.0,0.0,1.0,0.0,0.0,1.0,2.0,0.0,1.0,0.25,0.25,0.0,0.0,8.0,7.0,3.72294977194154,0.0,1.252762968495368,0.75,0.6611294361119892,-0.6729885530067983,synthetic_00107,0
73.0,62.0,3.0,24.333333333333332,0.0,0.0,0.0,4.0,3.0,2.0,0.75,1.0,1.3862943611198906,3.0,1.0,3.0,1.0,0.0,1.0,0.0,0.0,1.0,2.0,0.0,1.0,0.25,0.25,0.0,0.0,11.0,2.0,4.180312670157326,0.0,1.252762968495368,0.75,0.6611294361119892,-1.1303514512225843,synthetic_00108,0
60.0,51.0,3.0,20.0,0.0,0.0,0.0,4.0,3.0,2.0,0.75,1.0,1.3862943611198906,3.0,1.0,3.0,1.0,0.0,1.0,0.0,0.0,1.0,2.0,0.0,1.0,0.25,0.25,0.0,0.0,5.0,0.0,3.9961121802280286,0.0,1.252762968495368,0.75,0.6611294361119892,-0.946150961293287,synthetic_00109,0
43.0,32.0,3.0,14.333333333333334,1.0,0.0,0.0,3.0,2.0,2.0,0.6666666666666666,1.0,1.0986122886681096,2.0,1.0,2.0,0.0,0.0,1.0,0.0,1.0,0.0,0.0,0.0,1.0,0.0,0.3333333333333333,0.0,0.0,10.0,3.0,3.558161593754873,0.0,1.0986122886681096,2.0,0.40319456220014427,-0.06253429751872597,synthetic_00110,1
73.0,62.0,3.0,24.333333333333332,0.0,0.0,0.0,4.0,3.0,2.0,0.75,1.0,1.3862943611198906,3.0,1.0,3.0,1.0,0.0,1.0,0.0,0.0,1.0,2.0,0.0,1.0,0.25,0.25,0.0,0.0,11.0,2.0,4.180312670157326,0.0,1.252762968495368,0.75,0.6611294361119892,-1.1303514512225843,synthetic_00111,0
60.0,51.0,3.0,20.0,0.0,0.0,0.0,4.0,3.0,2.0,0.75,1.0,1.3862943611198906,3.0,1.0,3.0,1.0,0.0,1.0,0.0,0.0,1.0,2.0,0.0,1.0,0.25,0.25,0.0,0.0,5.0,0.0,3.9961121802280286,0.0,1.252762968495368,0.75,0.6611294361119892,-0.946150961293287,synthetic_00112,0
52.0,38.0,2.0,26.0,0.0,0.0,0.0,4.0,3.0,2.0,0.75,1.0,1.3862943611198906,3.0,1.0,3.0,1.0,0.0,1.0,0.0,0.0,1.0,2.0,0.0,1.0,0.25,0.25,0.0,0.0,8.0,7.0,3.72294977194154,0.0,1.252762968495368,0.75,0.6611294361119892,-0.6729885530067983,synthetic_00113,0
73.0,62.0,3.0,24.333333333333332,0.0,0.0,0.0,4.0,3.0,2.0,0.75,1.0,1.3862943611198906,3.0,1.0,3.0,1.0,0.0,1.0,0.0,0.0,1.0,2.0,0.0,1.0,0.25,0.25,0.0,0.0,11.0,2.0,4.180312670157326,0.0,1.252762968495368,0.75,0.6611294361119892,-1.1303514512225843,synthetic_00114,0
44.0,42.0,3.0,14.666666666666666,1.0,0.0,0.0,3.0,2.0,2.0,0.6666666666666666,1.0,1.0986122886681096,2.0,1.0,2.0,0.0,0.0,1.0,0.0,1.0,0.0,0.0,0.0,1.0,0.0,0.3333333333333333,0.0,0.0,4.0,0.0,3.808851476382645,0.0,1.0986122886681096,2.0,0.40319456220014427,-0.3132241801464981,synthetic_00115,1
43.0,32.0,3.0,14.333333333333334,1.0,0.0,0.0,3.0,2.0,2.0,0.6666666666666666,1.0,1.0986122886681096,2.0,1.0,2.0,0.0,0.0,1.0,0.0,1.0,0.0,0.0,0.0,1.0,0.0,0.3333333333333333,0.0,0.0,10.0,3.0,3.558161593754873,0.0,1.0986122886681096,2.0,0.40319456220014427,-0.06253429751872597,synthetic_00116,1
54.0,45.0,3.0,18.0,0.0,0.0,0.0,3.0,2.0,2.0,0.6666666666666666,1.0,1.0986122886681096,2.0,1.0,2.0,0.0,0.0,1.0,0.0,1.0,0.0,0.0,0.0,1.0,0.0,0.3333333333333333,0.0,0.0,10.0,2.0,3.87325332614809,0.0,1.0986122886681096,2.0,0.40319456220014427,-0.37762602991194294,synthetic_00117,1
44.0,42.0,3.0,14.666666666666666,1.0,0.0,0.0,3.0,2.0,2.0,0.6666666666666666,1.0,1.0986122886681096,2.0,1.0,2.0,0.0,0.0,1.0,0.0,1.0,0.0,0.0,0.0,1.0,0.0,0.3333333333333333,0.0,0.0,4.0,0.0,3.808851476382645,0.0,1.0986122886681096,2.0,0.40319456220014427,-0.3132241801464981,synthetic_00118,1
52.0,38.0,2.0,26.0,0.0,0.0,0.0,4.0,3.0,2.0,0.75,1.0,1.3862943611198906,3.0,1.0,3.0,1.0,0.0,1.0,0.0,0.0,1.0,2.0,0.0,1.0,0.25,0.25,0.0,0.0,8.0,7.0,3.72294977194154,0.0,1.252762968495368,0.75,0.6611294361119892,-0.6729885530067983,synthetic_00119,0
54.0,45.0,3.0,18.0,0.0,0.0,0.0,3.0,2.0,2.0,0.6666666666666666,1.0,1.0986122886681096,2.0,1.0,2.0,0.0,0.0,1.0,0.0,1.0,0.0,0.0,0.0,1.0,0.0,0.3333333333333333,0.0,0.0,10.0,2.0,3.87325332614809,0.0,1.0986122886681096,2.0,0.40319456220014427,-0.37762602991194294,synthetic_00120,1
44.0,42.0,3.0,14.666666666666666,1.0,0.0,0.0,3.0,2.0,2.0,0.6666666666666666,1.0,1.0986122886681096,2.0,1.0,2.0,0.0,0.0,1.0,0.0,1.0,0.0,0.0,0.0,1.0,0.0,0.3333333333333333,0.0,0.0,4.0,0.0,3.808851476382645,0.0,1.0986122886681096,2.0,0.40319456220014427,-0.3132241801464981,synthetic_00121,1
52.0,38.0,2.0,26.0,0.0,0.0,0.0,4.0,3.0,2.0,0.75,1.0,1.3862943611198906,3.0,1.0,3.0,1.0,0.0,1.0,0.0,0.0,1.0,2.0,0.0,1.0,0.25,0.25,0.0,0.0,8.0,7.0,3.72294977194154,0.0,1.252762968495368,0.75,0.6611294361119892,-0.6729885530067983,synthetic_00122,0
54.0,45.0,3.0,18.0,0.0,0.0,0.0,3.0,2.0,2.0,0.6666666666666666,1.0,1.0986122886681096,2.0,1.0,2.0,0.0,0.0,1.0,0.0,1.0,0.0,0.0,0.0,1.0,0.0,0.3333333333333333,0.0,0.0,10.0,2.0,3.87325332614809,0.0,1.0986122886681096,2.0,0.40319456220014427,-0.37762602991194294,synthetic_00123,1
60.0,51.0,3.0,20.0,0.0,0.0,0.0,4.0,3.0,2.0,0.75,1.0,1.3862943611198906,3.0,1.0,3.0,1.0,0.0,1.0,0.0,0.0,1.0,2.0,0.0,1.0,0.25,0.25,0.0,0.0,5.0,0.0,3.9961121802280286,0.0,1.252762968495368,0.75,0.6611294361119892,-0.946150961293287,synthetic_00124,0
43.0,32.0,3.0,14.333333333333334,1.0,0.0,0.0,3.0,2.0,2.0,0.6666666666666666,1.0,1.0986122886681096,2.0,1.0,2.0,0.0,0.0,1.0,0.0,1.0,0.0,0.0,0.0,1.0,0.0,0.3333333333333333,0.0,0.0,10.0,3.0,3.558161593754873,0.0,1.0986122886681096,2.0,0.40319456220014427,-0.06253429751872597,synthetic_00125,1
73.0,62.0,3.0,24.333333333333332,0.0,0.0,0.0,4.0,3.0,2.0,0.75,1.0,1.3862943611198906,3.0,1.0,3.0,1.0,0.0,1.0,0.0,0.0,1.0,2.0,0.0,1.0,0.25,0.25,0.0,0.0,11.0,2.0,4.180312670157326,0.0,1.252762968495368,0.75,0.6611294361119892,-1.1303514512225843,synthetic_00126,0
44.0,42.0,3.0,14.666666666666666,1.0,0.0,0.0,3.0,2.0,2.0,0.6666666666666666,1.0,1.0986122886681096,2.0,1.0,2.0,0.0,0.0,1.0,0.0,1.0,0.0,0.0,0.0,1.0,0.0,0.3333333333333333,0.0,0.0,4.0,0.0,3.808851476382645,0.0,1.0986122886681096,2.0,0.40319456220014427,-0.3132241801464981,synthetic_00127,1
52.0,38.0,2.0,26.0,0.0,0.0,0.0,4.0,3.0,2.0,0.75,1.0,1.3862943611198906,3.0,1.0,3.0,1.0,0.0,1.0,0.0,0.0,1.0,2.0,0.0,1.0,0.25,0.25,0.0,0.0,8.0,7.0,3.72294977194154,0.0,1.252762968495368,0.75,0.6611294361119892,-0.6729885530067983,synthetic_00128,0
73.0,62.0,3.0,24.333333333333332,0.0,0.0,0.0,4.0,3.0,2.0,0.75,1.0,1.3862943611198906,3.0,1.0,3.0,1.0,0.0,1.0,0.0,0.0,1.0,2.0,0.0,1.0,0.25,0.25,0.0,0.0,11.0,2.0,4.180312670157326,0.0,1.252762968495368,0.75,0.6611294361119892,-1.1303514512225843,synthetic_00129,0
44.0,42.0,3.0,14.666666666666666,1.0,0.0,0.0,3.0,2.0,2.0,0.6666666666666666,1.0,1.0986122886681096,2.0,1.0,2.0,0.0,0.0,1.0,0.0,1.0,0.0,0.0,0.0,1.0,0.0,0.3333333333333333,0.0,0.0,4.0,0.0,3.808851476382645,0.0,1.0986122886681096,2.0,0.40319456220014427,-0.3132241801464981,synthetic_00130,1
52.0,38.0,2.0,26.0,0.0,0.0,0.0,4.0,3.0,2.0,0.75,1.0,1.3862943611198906,3.0,1.0,3.0,1.0,0.0,1.0,0.0,0.0,1.0,2.0,0.0,1.0,0.25,0.25,0.0,0.0,8.0,7.0,3.72294977194154,0.0,1.252762968495368,0.75,0.6611294361119892,-0.6729885530067983,synthetic_00131,0
54.0,45.0,3.0,18.0,0.0,0.0,0.0,3.0,2.0,2.0,0.6666666666666666,1.0,1.0986122886681096,2.0,1.0,2.0,0.0,0.0,1.0,0.0,1.0,0.0,0.0,0.0,1.0,0.0,0.3333333333333333,0.0,0.0,10.0,2.0,3.87325332614809,0.0,1.0986122886681096,2.0,0.40319456220014427,-0.37762602991194294,synthetic_00132,1
60.0,51.0,3.0,20.0,0.0,0.0,0.0,4.0,3.0,2.0,0.75,1.0,1.3862943611198906,3.0,1.0,3.0,1.0,0.0,1.0,0.0,0.0,1.0,2.0,0.0,1.0,0.25,0.25,0.0,0.0,5.0,0.0,3.9961121802280286,0.0,1.252762968495368,0.75,0.6611294361119892,-0.946150961293287,synthetic_00133,0
43.0,32.0,3.0,14.333333333333334,1.0,0.0,0.0,3.0,2.0,2.0,0.6666666666666666,1.0,1.0986122886681096,2.0,1.0,2.0,0.0,0.0,1.0,0.0,1.0,0.0,0.0,0.0,1.0,0.0,0.3333333333333333,0.0,0.0,10.0,3.0,3.558161593754873,0.0,1.0986122886681096,2.0,0.40319456220014427,-0.06253429751872597,synthetic_00134,1
54.0,45.0,3.0,18.0,0.0,0.0,0.0,3.0,2.0,2.0,0.6666666666666666,1.0,1.0986122886681096,2.0,1.0,2.0,0.0,0.0,1.0,0.0,1.0,0.0,0.0,0.0,1.0,0.0,0.3333333333333333,0.0,0.0,10.0,2.0,3.87325332614809,0.0,1.0986122886681096,2.0,0.40319456220014427,-0.37762602991194294,synthetic_00135,1
44.0,42.0,3.0,14.666666666666666,1.0,0.0,0.0,3.0,2.0,2.0,0.6666666666666666,1.0,1.0986122886681096,2.0,1.0,2.0,0.0,0.0,1.0,0.0,1.0,0.0,0.0,0.0,1.0,0.0,0.3333333333333333,0.0,0.0,4.0,0.0,3.808851476382645,0.0,1.0986122886681096,2.0,0.40319456220014427,-0.3132241801464981,synthetic_00136,1
52.0,38.0,2.0,26.0,0.0,0.0,0.0,4.0,3.0,2.0,0.75,1.0,1.3862943611198906,3.0,1.0,3.0,1.0,0.0,1.0,0.0,0.0,1.0,2.0,0.0,1.0,0.25,0.25,0.0,0.0,8.0,7.0,3.72294977194154,0.0,1.252762968495368,0.75,0.6611294361119892,-0.6729885530067983,synthetic_00137,0
73.0,62.0,3.0,24.333333333333332,0.0,0.0,0.0,4.0,3.0,2.0,0.75,1.0,1.3862943611198906,3.0,1.0,3.0,1.0,0.0,1.0,0.0,0.0,1.0,2.0,0.0,1.0,0.25,0.25,0.0,0.0,11.0,2.0,4.180312670157326,0.0,1.252762968495368,0.75,0.6611294361119892,-1.1303514512225843,synthetic_00138,0
60.0,51.0,3.0,20.0,0.0,0.0,0.0,4.0,3.0,2.0,0.75,1.0,1.3862943611198906,3.0,1.0,3.0,1.0,0.0,1.0,0.0,0.0,1.0,2.0,0.0,1.0,0.25,0.25,0.0,0.0,5.0,0.0,3.9961121802280286,0.0,1.252762968495368,0.75,0.6611294361119892,-0.946150961293287,synthetic_00139,0
43.0,32.0,3.0,14.333333333333334,1.0,0.0,0.0,3.0,2.0,2.0,0.6666666666666666,1.0,1.0986122886681096,2.0,1.0,2.0,0.0,0.0,1.0,0.0,1.0,0.0,0.0,0.0,1.0,0.0,0.3333333333333333,0.0,0.0,10.0,3.0,3.558161593754873,0.0,1.0986122886681096,2.0,0.40319456220014427,-0.06253429751872597,synthetic_00140,1
54.0,45.0,3.0,18.0,0.0,0.0,0.0,3.0,2.0,2.0,0.6666666666666666,1.0,1.0986122886681096,2.0,1.0,2.0,0.0,0.0,1.0,0.0,1.0,0.0,0.0,0.0,1.0,0.0,0.3333333333333333,0.0,0.0,10.0,2.0,3.87325332614809,0.0,1.0986122886681096,2.0,0.40319456220014427,-0.37762602991194294,synthetic_00141,1
44.0,42.0,3.0,14.666666666666666,1.0,0.0,0.0,3.0,2.0,2.0,0.6666666666666666,1.0,1.0986122886681096,2.0,1.0,2.0,0.0,0.0,1.0,0.0,1.0,0.0,0.0,0.0,1.0,0.0,0.3333333333333333,0.0,0.0,4.0,0.0,3.808851476382645,0.0,1.0986122886681096,2.0,0.40319456220014427,-0.3132241801464981,synthetic_00142,1
43.0,32.0,3.0,14.333333333333334,1.0,0.0,0.0,3.0,2.0,2.0,0.6666666666666666,1.0,1.0986122886681096,2.0,1.0,2.0,0.0,0.0,1.0,0.0,1.0,0.0,0.0,0.0,1.0,0.0,0.3333333333333333,0.0,0.0,10.0,3.0,3.558161593754873,0.0,1.0986122886681096,2.0,0.40319456220014427,-0.06253429751872597,synthetic_00143,1
54.0,45.0,3.0,18.0,0.0,0.0,0.0,3.0,2.0,2.0,0.6666666666666666,1.0,1.0986122886681096,2.0,1.0,2.0,0.0,0.0,1.0,0.0,1.0,0.0,0.0,0.0,1.0,0.0,0.3333333333333333,0.0,0.0,10.0,2.0,3.87325332614809,0.0,1.0986122886681096,2.0,0.40319456220014427,-0.37762602991194294,synthetic_00144,1
44.0,42.0,3.0,14.666666666666666,1.0,0.0,0.0,3.0,2.0,2.0,0.6666666666666666,1.0,1.0986122886681096,2.0,1.0,2.0,0.0,0.0,1.0,0.0,1.0,0.0,0.0,0.0,1.0,0.0,0.3333333333333333,0.0,0.0,4.0,0.0,3.808851476382645,0.0,1.0986122886681096,2.0,0.40319456220014427,-0.3132241801464981,synthetic_00145,1
43.0,32.0,3.0,14.333333333333334,1.0,0.0,0.0,3.0,2.0,2.0,0.6666666666666666,1.0,1.0986122886681096,2.0,1.0,2.0,0.0,0.0,1.0,0.0,1.0,0.0,0.0,0.0,1.0,0.0,0.3333333333333333,0.0,0.0,10.0,3.0,3.558161593754873,0.0,1.0986122886681096,2.0,0.40319456220014427,-0.06253429751872597,synthetic_00146,1
73.0,62.0,3.0,24.333333333333332,0.0,0.0,0.0,4.0,3.0,2.0,0.75,1.0,1.3862943611198906,3.0,1.0,3.0,1.0,0.0,1.0,0.0,0.0,1.0,2.0,0.0,1.0,0.25,0.25,0.0,0.0,11.0,2.0,4.180312670157326,0.0,1.252762968495368,0.75,0.6611294361119892,-1.1303514512225843,synthetic_00147,0
60.0,51.0,3.0,20.0,0.0,0.0,0.0,4.0,3.0,2.0,0.75,1.0,1.3862943611198906,3.0,1.0,3.0,1.0,0.0,1.0,0.0,0.0,1.0,2.0,0.0,1.0,0.25,0.25,0.0,0.0,5.0,0.0,3.9961121802280286,0.0,1.252762968495368,0.75,0.6611294361119892,-0.946150961293287,synthetic_00148,0
43.0,32.0,3.0,14.333333333333334,1.0,0.0,0.0,3.0,2.0,2.0,0.6666666666666666,1.0,1.0986122886681096,2.0,1.0,2.0,0.0,0.0,1.0,0.0,1.0,0.0,0.0,0.0,1.0,0.0,0.3333333333333333,0.0,0.0,10.0,3.0,3.558161593754873,0.0,1.0986122886681096,2.0,0.40319456220014427,-0.06253429751872597,synthetic_00149,1
54.0,45.0,3.0,18.0,0.0,0.0,0.0,3.0,2.0,2.0,0.6666666666666666,1.0,1.0986122886681096,2.0,1.0,2.0,0.0,0.0,1.0,0.0,1.0,0.0,0.0,0.0,1.0,0.0,0.3333333333333333,0.0,0.0,10.0,2.0,3.87325332614809,0.0,1.0986122886681096,2.0,0.40319456220014427,-0.37762602991194294,synthetic_00150,1
60.0,51.0,3.0,20.0,0.0,0.0,0.0,4.0,3.0,2.0,0.75,1.0,1.3862943611198906,3.0,1.0,3.0,1.0,0.0,1.0,0.0,0.0,1.0,2.0,0.0,1.0,0.25,0.25,0.0,0.0,5.0,0.0,3.9961121802280286,0.0,1.252762968495368,0.75,0.6611294361119892,-0.946150961293287,synthetic_00151,0
43.0,32.0,3.0,14.333333333333334,1.0,0.0,0.0,3.0,2.0,2.0,0.6666666666666666,1.0,1.0986122886681096,2.0,1.0,2.0,0.0,0.0,1.0,0.0,1.0,0.0,0.0,0.0,1.0,0.0,0.3333333333333333,0.0,0.0,10.0,3.0,3.558161593754873,0.0,1.0986122886681096,2.0,0.40319456220014427,-0.06253429751872597,synthetic_00152,1
54.0,45.0,3.0,18.0,0.0,0.0,0.0,3.0,2.0,2.0,0.6666666666666666,1.0,1.0986122886681096,2.0,1.0,2.0,0.0,0.0,1.0,0.0,1.0,0.0,0.0,0.0,1.0,0.0,0.3333333333333333,0.0,0.0,10.0,2.0,3.87325332614809,0.0,1.0986122886681096,2.0,0.40319456220014427,-0.37762602991194294,synthetic_00153,1
44.0,42.0,3.0,14.666666666666666,1.0,0.0,0.0,3.0,2.0,2.0,0.6666666666666666,1.0,1.0986122886681096,2.0,1.0,2.0,0.0,0.0,1.0,0.0,1.0,0.0,0.0,0.0,1.0,0.0,0.3333333333333333,0.0,0.0,4.0,0.0,3.808851476382645,0.0,1.0986122886681096,2.0,0.40319456220014427,-0.3132241801464981,synthetic_00154,1
52.0,38.0,2.0,26.0,0.0,0.0,0.0,4.0,3.0,2.0,0.75,1.0,1.3862943611198906,3.0,1.0,3.0,1.0,0.0,1.0,0.0,0.0,1.0,2.0,0.0,1.0,0.25,0.25,0.0,0.0,8.0,7.0,3.72294977194154,0.0,1.252762968495368,0.75,0.6611294361119892,-0.6729885530067983,synthetic_00155,0
73.0,62.0,3.0,24.333333333333332,0.0,0.0,0.0,4.0,3.0,2.0,0.75,1.0,1.3862943611198906,3.0,1.0,3.0,1.0,0.0,1.0,0.0,0.0,1.0,2.0,0.0,1.0,0.25,0.25,0.0,0.0,11.0,2.0,4.180312670157326,0.0,1.252762968495368,0.75,0.6611294361119892,-1.1303514512225843,synthetic_00156,0
44.0,42.0,3.0,14.666666666666666,1.0,0.0,0.0,3.0,2.0,2.0,0.6666666666666666,1.0,1.0986122886681096,2.0,1.0,2.0,0.0,0.0,1.0,0.0,1.0,0.0,0.0,0.0,1.0,0.0,0.3333333333333333,0.0,0.0,4.0,0.0,3.808851476382645,0.0,1.0986122886681096,2.0,0.40319456220014427,-0.3132241801464981,synthetic_00157,1
52.0,38.0,2.0,26.0,0.0,0.0,0.0,4.0,3.0,2.0,0.75,1.0,1.3862943611198906,3.0,1.0,3.0,1.0,0.0,1.0,0.0,0.0,1.0,2.0,0.0,1.0,0.25,0.25,0.0,0.0,8.0,7.0,3.72294977194154,0.0,1.252762968495368,0.75,0.6611294361119892,-0.6729885530067983,synthetic_00158,0
73.0,62.0,3.0,24.333333333333332,0.0,0.0,0.0,4.0,3.0,2.0,0.75,1.0,1.3862943611198906,3.0,1.0,3.0,1.0,0.0,1.0,0.0,0.0,1.0,2.0,0.0,1.0,0.25,0.25,0.0,0.0,11.0,2.0,4.180312670157326,0.0,1.252762968495368,0.75,0.6611294361119892,-1.1303514512225843,synthetic_00159,0
60.0,51.0,3.0,20.0,0.0,0.0,0.0,4.0,3.0,2.0,0.75,1.0,1.3862943611198906,3.0,1.0,3.0,1.0,0.0,1.0,0.0,0.0,1.0,2.0,0.0,1.0,0.25,0.25,0.0,0.0,5.0,0.0,3.9961121802280286,0.0,1.252762968495368,0.75,0.6611294361119892,-0.946150961293287,synthetic_00160,0
43.0,32.0,3.0,14.333333333333334,1.0,0.0,0.0,3.0,2.0,2.0,0.6666666666666666,1.0,1.0986122886681096,2.0,1.0,2.0,0.0,0.0,1.0,0.0,1.0,0.0,0.0,0.0,1.0,0.0,0.3333333333333333,0.0,0.0,10.0,3.0,3.558161593754873,0.0,1.0986122886681096,2.0,0.40319456220014427,-0.06253429751872597,synthetic_00161,1
73.0,62.0,3.0,24.333333333333332,0.0,0.0,0.0,4.0,3.0,2.0,0.75,1.0,1.3862943611198906,3.0,1.0,3.0,1.0,0.0,1.0,0.0,0.0,1.0,2.0,0.0,1.0,0.25,0.25,0.0,0.0,11.0,2.0,4.180312670157326,0.0,1.252762968495368,0.75,0.6611294361119892,-1.1303514512225843,synthetic_00162,0
44.0,42.0,3.0,14.666666666666666,1.0,0.0,0.0,3.0,2.0,2.0,0.6666666666666666,1.0,1.0986122886681096,2.0,1.0,2.0,0.0,0.0,1.0,0.0,1.0,0.0,0.0,0.0,1.0,0.0,0.3333333333333333,0.0,0.0,4.0,0.0,3.808851476382645,0.0,1.0986122886681096,2.0,0.40319456220014427,-0.3132241801464981,synthetic_00163,1
52.0,38.0,2.0,26.0,0.0,0.0,0.0,4.0,3.0,2.0,0.75,1.0,1.3862943611198906,3.0,1.0,3.0,1.0,0.0,1.0,0.0,0.0,1.0,2.0,0.0,1.0,0.25,0.25,0.0,0.0,8.0,7.0,3.72294977194154,0.0,1.252762968495368,0.75,0.6611294361119892,-0.6729885530067983,synthetic_00164,0
73.0,62.0,3.0,24.333333333333332,0.0,0.0,0.0,4.0,3.0,2.0,0.75,1.0,1.3862943611198906,3.0,1.0,3.0,1.0,0.0,1.0,0.0,0.0,1.0,2.0,0.0,1.0,0.25,0.25,0.0,0.0,11.0,2.0,4.180312670157326,0.0,1.252762968495368,0.75,0.6611294361119892,-1.1303514512225843,synthetic_00165,0
60.0,51.0,3.0,20.0,0.0,0.0,0.0,4.0,3.0,2.0,0.75,1.0,1.3862943611198906,3.0,1.0,3.0,1.0,0.0,1.0,0.0,0.0,1.0,2.0,0.0,1.0,0.25,0.25,0.0,0.0,5.0,0.0,3.9961121802280286,0.0,1.252762968495368,0.75,0.6611294361119892,-0.946150961293287,synthetic_00166,0
43.0,32.0,3.0,14.333333333333334,1.0,0.0,0.0,3.0,2.0,2.0,0.6666666666666666,1.0,1.0986122886681096,2.0,1.0,2.0,0.0,0.0,1.0,0.0,1.0,0.0,0.0,0.0,1.0,0.0,0.3333333333333333,0.0,0.0,10.0,3.0,3.558161593754873,0.0,1.0986122886681096,2.0,0.40319456220014427,-0.06253429751872597,synthetic_00167,1
54.0,45.0,3.0,18.0,0.0,0.0,0.0,3.0,2.0,2.0,0.6666666666666666,1.0,1.0986122886681096,2.0,1.0,2.0,0.0,0.0,1.0,0.0,1.0,0.0,0.0,0.0,1.0,0.0,0.3333333333333333,0.0,0.0,10.0,2.0,3.87325332614809,0.0,1.0986122886681096,2.0,0.40319456220014427,-0.37762602991194294,synthetic_00168,1
60.0,51.0,3.0,20.0,0.0,0.0,0.0,4.0,3.0,2.0,0.75,1.0,1.3862943611198906,3.0,1.0,3.0,1.0,0.0,1.0,0.0,0.0,1.0,2.0,0.0,1.0,0.25,0.25,0.0,0.0,5.0,0.0,3.9961121802280286,0.0,1.252762968495368,0.75,0.6611294361119892,-0.946150961293287,synthetic_00169,0
52.0,38.0,2.0,26.0,0.0,0.0,0.0,4.0,3.0,2.0,0.75,1.0,1.3862943611198906,3.0,1.0,3.0,1.0,0.0,1.0,0.0,0.0,1.0,2.0,0.0,1.0,0.25,0.25,0.0,0.0,8.0,7.0,3.72294977194154,0.0,1.252762968495368,0.75,0.6611294361119892,-0.6729885530067983,synthetic_00170,0
54.0,45.0,3.0,18.0,0.0,0.0,0.0,3.0,2.0,2.0,0.6666666666666666,1.0,1.0986122886681096,2.0,1.0,2.0,0.0,0.0,1.0,0.0,1.0,0.0,0.0,0.0,1.0,0.0,0.3333333333333333,0.0,0.0,10.0,2.0,3.87325332614809,0.0,1.0986122886681096,2.0,0.40319456220014427,-0.37762602991194294,synthetic_00171,1
44.0,42.0,3.0,14.666666666666666,1.0,0.0,0.0,3.0,2.0,2.0,0.6666666666666666,1.0,1.0986122886681096,2.0,1.0,2.0,0.0,0.0,1.0,0.0,1.0,0.0,0.0,0.0,1.0,0.0,0.3333333333333333,0.0,0.0,4.0,0.0,3.808851476382645,0.0,1.0986122886681096,2.0,0.40319456220014427,-0.3132241801464981,synthetic_00172,1
52.0,38.0,2.0,26.0,0.0,0.0,0.0,4.0,3.0,2.0,0.75,1.0,1.3862943611198906,3.0,1.0,3.0,1.0,0.0,1.0,0.0,0.0,1.0,2.0,0.0,1.0,0.25,0.25,0.0,0.0,8.0,7.0,3.72294977194154,0.0,1.252762968495368,0.75,0.6611294361119892,-0.6729885530067983,synthetic_00173,0
73.0,62.0,3.0,24.333333333333332,0.0,0.0,0.0,4.0,3.0,2.0,0.75,1.0,1.3862943611198906,3.0,1.0,3.0,1.0,0.0,1.0,0.0,0.0,1.0,2.0,0.0,1.0,0.25,0.25,0.0,0.0,11.0,2.0,4.180312670157326,0.0,1.252762968495368,0.75,0.6611294361119892,-1.1303514512225843,synthetic_00174,0
44.0,42.0,3.0,14.666666666666666,1.0,0.0,0.0,3.0,2.0,2.0,0.6666666666666666,1.0,1.0986122886681096,2.0,1.0,2.0,0.0,0.0,1.0,0.0,1.0,0.0,0.0,0.0,1.0,0.0,0.3333333333333333,0.0,0.0,4.0,0.0,3.808851476382645,0.0,1.0986122886681096,2.0,0.40319456220014427,-0.3132241801464981,synthetic_00175,1
52.0,38.0,2.0,26.0,0.0,0.0,0.0,4.0,3.0,2.0,0.75,1.0,1.3862943611198906,3.0,1.0,3.0,1.0,0.0,1.0,0.0,0.0,1.0,2.0,0.0,1.0,0.25,0.25,0.0,0.0,8.0,7.0,3.72294977194154,0.0,1.252762968495368,0.75,0.6611294361119892,-0.6729885530067983,synthetic_00176,0
73.0,62.0,3.0,24.333333333333332,0.0,0.0,0.0,4.0,3.0,2.0,0.75,1.0,1.3862943611198906,3.0,1.0,3.0,1.0,0.0,1.0,0.0,0.0,1.0,2.0,0.0,1.0,0.25,0.25,0.0,0.0,11.0,2.0,4.180312670157326,0.0,1.252762968495368,0.75,0.6611294361119892,-1.1303514512225843,synthetic_00177,0
44.0,42.0,3.0,14.666666666666666,1.0,0.0,0.0,3.0,2.0,2.0,0.6666666666666666,1.0,1.0986122886681096,2.0,1.0,2.0,0.0,0.0,1.0,0.0,1.0,0.0,0.0,0.0,1.0,0.0,0.3333333333333333,0.0,0.0,4.0,0.0,3.808851476382645,0.0,1.0986122886681096,2.0,0.40319456220014427,-0.3132241801464981,synthetic_00178,1
43.0,32.0,3.0,14.333333333333334,1.0,0.0,0.0,3.0,2.0,2.0,0.6666666666666666,1.0,1.0986122886681096,2.0,1.0,2.0,0.0,0.0,1.0,0.0,1.0,0.0,0.0,0.0,1.0,0.0,0.3333333333333333,0.0,0.0,10.0,3.0,3.558161593754873,0.0,1.0986122886681096,2.0,0.40319456220014427,-0.06253429751872597,synthetic_00179,1
73.0,62.0,3.0,24.333333333333332,0.0,0.0,0.0,4.0,3.0,2.0,0.75,1.0,1.3862943611198906,3.0,1.0,3.0,1.0,0.0,1.0,0.0,0.0,1.0,2.0,0.0,1.0,0.25,0.25,0.0,0.0,11.0,2.0,4.180312670157326,0.0,1.252762968495368,0.75,0.6611294361119892,-1.1303514512225843,synthetic_00180,0
60.0,51.0,3.0,20.0,0.0,0.0,0.0,4.0,3.0,2.0,0.75,1.0,1.3862943611198906,3.0,1.0,3.0,1.0,0.0,1.0,0.0,0.0,1.0,2.0,0.0,1.0,0.25,0.25,0.0,0.0,5.0,0.0,3.9961121802280286,0.0,1.252762968495368,0.75,0.6611294361119892,-0.946150961293287,synthetic_00181,0
43.0,32.0,3.0,14.333333333333334,1.0,0.0,0.0,3.0,2.0,2.0,0.6666666666666666,1.0,1.0986122886681096,2.0,1.0,2.0,0.0,0.0,1.0,0.0,1.0,0.0,0.0,0.0,1.0,0.0,0.3333333333333333,0.0,0.0,10.0,3.0,3.558161593754873,0.0,1.0986122886681096,2.0,0.40319456220014427,-0.06253429751872597,synthetic_00182,1
54.0,45.0,3.0,18.0,0.0,0.0,0.0,3.0,2.0,2.0,0.6666666666666666,1.0,1.0986122886681096,2.0,1.0,2.0,0.0,0.0,1.0,0.0,1.0,0.0,0.0,0.0,1.0,0.0,0.3333333333333333,0.0,0.0,10.0,2.0,3.87325332614809,0.0,1.0986122886681096,2.0,0.40319456220014427,-0.37762602991194294,synthetic_00183,1
44.0,42.0,3.0,14.666666666666666,1.0,0.0,0.0,3.0,2.0,2.0,0.6666666666666666,1.0,1.0986122886681096,2.0,1.0,2.0,0.0,0.0,1.0,0.0,1.0,0.0,0.0,0.0,1.0,0.0,0.3333333333333333,0.0,0.0,4.0,0.0,3.808851476382645,0.0,1.0986122886681096,2.0,0.40319456220014427,-0.3132241801464981,synthetic_00184,1
43.0,32.0,3.0,14.333333333333334,1.0,0.0,0.0,3.0,2.0,2.0,0.6666666666666666,1.0,1.0986122886681096,2.0,1.0,2.0,0.0,0.0,1.0,0.0,1.0,0.0,0.0,0.0,1.0,0.0,0.3333333333333333,0.0,0.0,10.0,3.0,3.558161593754873,0.0,1.0986122886681096,2.0,0.40319456220014427,-0.06253429751872597,synthetic_00185,1
54.0,45.0,3.0,18.0,0.0,0.0,0.0,3.0,2.0,2.0,0.6666666666666666,1.0,1.0986122886681096,2.0,1.0,2.0,0.0,0.0,1.0,0.0,1.0,0.0,0.0,0.0,1.0,0.0,0.3333333333333333,0.0,0.0,10.0,2.0,3.87325332614809,0.0,1.0986122886681096,2.0,0.40319456220014427,-0.37762602991194294,synthetic_00186,1
44.0,42.0,3.0,14.666666666666666,1.0,0.0,0.0,3.0,2.0,2.0,0.6666666666666666,1.0,1.0986122886681096,2.0,1.0,2.0,0.0,0.0,1.0,0.0,1.0,0.0,0.0,0.0,1.0,0.0,0.3333333333333333,0.0,0.0,4.0,0.0,3.808851476382645,0.0,1.0986122886681096,2.0,0.40319456220014427,-0.3132241801464981,synthetic_00187,1
52.0,38.0,2.0,26.0,0.0,0.0,0.0,4.0,3.0,2.0,0.75,1.0,1.3862943611198906,3.0,1.0,3.0,1.0,0.0,1.0,0.0,0.0,1.0,2.0,0.0,1.0,0.25,0.25,0.0,0.0,8.0,7.0,3.72294977194154,0.0,1.252762968495368,0.75,0.6611294361119892,-0.6729885530067983,synthetic_00188,0
73.0,62.0,3.0,24.333333333333332,0.0,0.0,0.0,4.0,3.0,2.0,0.75,1.0,1.3862943611198906,3.0,1.0,3.0,1.0,0.0,1.0,0.0,0.0,1.0,2.0,0.0,1.0,0.25,0.25,0.0,0.0,11.0,2.0,4.180312670157326,0.0,1.252762968495368,0.75,0.6611294361119892,-1.1303514512225843,synthetic_00189,0
60.0,51.0,3.0,20.0,0.0,0.0,0.0,4.0,3.0,2.0,0.75,1.0,1.3862943611198906,3.0,1.0,3.0,1.0,0.0,1.0,0.0,0.0,1.0,2.0,0.0,1.0,0.25,0.25,0.0,0.0,5.0,0.0,3.9961121802280286,0.0,1.252762968495368,0.75,0.6611294361119892,-0.946150961293287,synthetic_00190,0
52.0,38.0,2.0,26.0,0.0,0.0,0.0,4.0,3.0,2.0,0.75,1.0,1.3862943611198906,3.0,1.0,3.0,1.0,0.0,1.0,0.0,0.0,1.0,2.0,0.0,1.0,0.25,0.25,0.0,0.0,8.0,7.0,3.72294977194154,0.0,1.252762968495368,0.75,0.6611294361119892,-0.6729885530067983,synthetic_00191,0
54.0,45.0,3.0,18.0,0.0,0.0,0.0,3.0,2.0,2.0,0.6666666666666666,1.0,1.0986122886681096,2.0,1.0,2.0,0.0,0.0,1.0,0.0,1.0,0.0,0.0,0.0,1.0,0.0,0.3333333333333333,0.0,0.0,10.0,2.0,3.87325332614809,0.0,1.0986122886681096,2.0,0.40319456220014427,-0.37762602991194294,synthetic_00192,1
60.0,51.0,3.0,20.0,0.0,0.0,0.0,4.0,3.0,2.0,0.75,1.0,1.3862943611198906,3.0,1.0,3.0,1.0,0.0,1.0,0.0,0.0,1.0,2.0,0.0,1.0,0.25,0.25,0.0,0.0,5.0,0.0,3.9961121802280286,0.0,1.252762968495368,0.75,0.6611294361119892,-0.946150961293287,synthetic_00193,0
52.0,38.0,2.0,26.0,0.0,0.0,0.0,4.0,3.0,2.0,0.75,1.0,1.3862943611198906,3.0,1.0,3.0,1.0,0.0,1.0,0.0,0.0,1.0,2.0,0.0,1.0,0.25,0.25,0.0,0.0,8.0,7.0,3.72294977194154,0.0,1.252762968495368,0.75,0.6611294361119892,-0.6729885530067983,synthetic_00194,0
73.0,62.0,3.0,24.333333333333332,0.0,0.0,0.0,4.0,3.0,2.0,0.75,1.0,1.3862943611198906,3.0,1.0,3.0,1.0,0.0,1.0,0.0,0.0,1.0,2.0,0.0,1.0,0.25,0.25,0.0,0.0,11.0,2.0,4.180312670157326,0.0,1.252762968495368,0.75,0.6611294361119892,-1.1303514512225843,synthetic_00195,0
60.0,51.0,3.0,20.0,0.0,0.0,0.0,4.0,3.0,2.0,0.75,1.0,1.3862943611198906,3.0,1.0,3.0,1.0,0.0,1.0,0.0,0.0,1.0,2.0,0.0,1.0,0.25,0.25,0.0,0.0,5.0,0.0,3.9961121802280286,0.0,1.252762968495368,0.75,0.6611294361119892,-0.946150961293287,synthetic_00196,0
52.0,38.0,2.0,26.0,0.0,0.0,0.0,4.0,3.0,2.0,0.75,1.0,1.3862943611198906,3.0,1.0,3.0,1.0,0.0,1.0,0.0,0.0,1.0,2.0,0.0,1.0,0.25,0.25,0.0,0.0,8.0,7.0,3.72294977194154,0.0,1.252762968495368,0.75,0.6611294361119892,-0.6729885530067983,synthetic_00197,0
73.0,62.0,3.0,24.333333333333332,0.0,0.0,0.0,4.0,3.0,2.0,0.75,1.0,1.3862943611198906,3.0,1.0,3.0,1.0,0.0,1.0,0.0,0.0,1.0,2.0,0.0,1.0,0.25,0.25,0.0,0.0,11.0,2.0,4.180312670157326,0.0,1.252762968495368,0.75,0.6611294361119892,-1.1303514512225843,synthetic_00198,0
60.0,51.0,3.0,20.0,0.0,0.0,0.0,4.0,3.0,2.0,0.75,1.0,1.3862943611198906,3.0,1.0,3.0,1.0,0.0,1.0,0.0,0.0,1.0,2.0,0.0,1.0,0.25,0.25,0.0,0.0,5.0,0.0,3.9961121802280286,0.0,1.252762968495368,0.75,0.6611294361119892,-0.946150961293287,synthetic_00199,0
43.0,32.0,3.0,14.333333333333334,1.0,0.0,0.0,3.0,2.0,2.0,0.6666666666666666,1.0,1.0986122886681096,2.0,1.0,2.0,0.0,0.0,1.0,0.0,1.0,0.0,0.0,0.0,1.0,0.0,0.3333333333333333,0.0,0.0,10.0,3.0,3.558161593754873,0.0,1.0986122886681096,2.0,0.40319456220014427,-0.06253429751872597,synthetic_00200,1
54.0,45.0,3.0,18.0,0.0,0.0,0.0,3.0,2.0,2.0,0.6666666666666666,1.0,1.0986122886681096,2.0,1.0,2.0,0.0,0.0,1.0,0.0,1.0,0.0,0.0,0.0,1.0,0.0,0.3333333333333333,0.0,0.0,10.0,2.0,3.87325332614809,0.0,1.0986122886681096,2.0,0.40319456220014427,-0.37762602991194294,synthetic_00201,1
44.0,42.0,3.0,14.666666666666666,1.0,0.0,0.0,3.0,2.0,2.0,0.6666666666666666,1.0,1.0986122886681096,2.0,1.0,2.0,0.0,0.0,1.0,0.0,1.0,0.0,0.0,0.0,1.0,0.0,0.3333333333333333,0.0,0.0,4.0,0.0,3.808851476382645,0.0,1.0986122886681096,2.0,0.40319456220014427,-0.3132241801464981,synthetic_00202,1
52.0,38.0,2.0,26.0,0.0,0.0,0.0,4.0,3.0,2.0,0.75,1.0,1.3862943611198906,3.0,1.0,3.0,1.0,0.0,1.0,0.0,0.0,1.0,2.0,0.0,1.0,0.25,0.25,0.0,0.0,8.0,7.0,3.72294977194154,0.0,1.252762968495368,0.75,0.6611294361119892,-0.6729885530067983,synthetic_00203,0
54.0,45.0,3.0,18.0,0.0,0.0,0.0,3.0,2.0,2.0,0.6666666666666666,1.0,1.0986122886681096,2.0,1.0,2.0,0.0,0.0,1.0,0.0,1.0,0.0,0.0,0.0,1.0,0.0,0.3333333333333333,0.0,0.0,10.0,2.0,3.87325332614809,0.0,1.0986122886681096,2.0,0.40319456220014427,-0.37762602991194294,synthetic_00204,1
60.0,51.0,3.0,20.0,0.0,0.0,0.0,4.0,3.0,2.0,0.75,1.0,1.3862943611198906,3.0,1.0,3.0,1.0,0.0,1.0,0.0,0.0,1.0,2.0,0.0,1.0,0.25,0.25,0.0,0.0,5.0,0.0,3.9961121802280286,0.0,1.252762968495368,0.75,0.6611294361119892,-0.946150961293287,synthetic_00205,0
52.0,38.0,2.0,26.0,0.0,0.0,0.0,4.0,3.0,2.0,0.75,1.0,1.3862943611198906,3.0,1.0,3.0,1.0,0.0,1.0,0.0,0.0,1.0,2.0,0.0,1.0,0.25,0.25,0.0,0.0,8.0,7.0,3.72294977194154,0.0,1.252762968495368,0.75,0.6611294361119892,-0.6729885530067983,synthetic_00206,0
73.0,62.0,3.0,24.333333333333332,0.0,0.0,0.0,4.0,3.0,2.0,0.75,1.0,1.3862943611198906,3.0,1.0,3.0,1.0,0.0,1.0,0.0,0.0,1.0,2.0,0.0,1.0,0.25,0.25,0.0,0.0,11.0,2.0,4.180312670157326,0.0,1.252762968495368,0.75,0.6611294361119892,-1.1303514512225843,synthetic_00207,0
44.0,42.0,3.0,14.666666666666666,1.0,0.0,0.0,3.0,2.0,2.0,0.6666666666666666,1.0,1.0986122886681096,2.0,1.0,2.0,0.0,0.0,1.0,0.0,1.0,0.0,0.0,0.0,1.0,0.0,0.3333333333333333,0.0,0.0,4.0,0.0,3.808851476382645,0.0,1.0986122886681096,2.0,0.40319456220014427,-0.3132241801464981,synthetic_00208,1
52.0,38.0,2.0,26.0,0.0,0.0,0.0,4.0,3.0,2.0,0.75,1.0,1.3862943611198906,3.0,1.0,3.0,1.0,0.0,1.0,0.0,0.0,1.0,2.0,0.0,1.0,0.25,0.25,0.0,0.0,8.0,7.0,3.72294977194154,0.0,1.252762968495368,0.75,0.6611294361119892,-0.6729885530067983,synthetic_00209,0
54.0,45.0,3.0,18.0,0.0,0.0,0.0,3.0,2.0,2.0,0.6666666666666666,1.0,1.0986122886681096,2.0,1.0,2.0,0.0,0.0,1.0,0.0,1.0,0.0,0.0,0.0,1.0,0.0,0.3333333333333333,0.0,0.0,10.0,2.0,3.87325332614809,0.0,1.0986122886681096,2.0,0.40319456220014427,-0.37762602991194294,synthetic_00210,1
60.0,51.0,3.0,20.0,0.0,0.0,0.0,4.0,3.0,2.0,0.75,1.0,1.3862943611198906,3.0,1.0,3.0,1.0,0.0,1.0,0.0,0.0,1.0,2.0,0.0,1.0,0.25,0.25,0.0,0.0,5.0,0.0,3.9961121802280286,0.0,1.252762968495368,0.75,0.6611294361119892,-0.946150961293287,synthetic_00211,0
52.0,38.0,2.0,26.0,0.0,0.0,0.0,4.0,3.0,2.0,0.75,1.0,1.3862943611198906,3.0,1.0,3.0,1.0,0.0,1.0,0.0,0.0,1.0,2.0,0.0,1.0,0.25,0.25,0.0,0.0,8.0,7.0,3.72294977194154,0.0,1.252762968495368,0.75,0.6611294361119892,-0.6729885530067983,synthetic_00212,0
54.0,45.0,3.0,18.0,0.0,0.0,0.0,3.0,2.0,2.0,0.6666666666666666,1.0,1.0986122886681096,2.0,1.0,2.0,0.0,0.0,1.0,0.0,1.0,0.0,0.0,0.0,1.0,0.0,0.3333333333333333,0.0,0.0,10.0,2.0,3.87325332614809,0.0,1.0986122886681096,2.0,0.40319456220014427,-0.37762602991194294,synthetic_00213,1
44.0,42.0,3.0,14.666666666666666,1.0,0.0,0.0,3.0,2.0,2.0,0.6666666666666666,1.0,1.0986122886681096,2.0,1.0,2.0,0.0,0.0,1.0,0.0,1.0,0.0,0.0,0.0,1.0,0.0,0.3333333333333333,0.0,0.0,4.0,0.0,3.808851476382645,0.0,1.0986122886681096,2.0,0.40319456220014427,-0.3132241801464981,synthetic_00214,1
43.0,32.0,3.0,14.333333333333334,1.0,0.0,0.0,3.0,2.0,2.0,0.6666666666666666,1.0,1.0986122886681096,2.0,1.0,2.0,0.0,0.0,1.0,0.0,1.0,0.0,0.0,0.0,1.0,0.0,0.3333333333333333,0.0,0.0,10.0,3.0,3.558161593754873,0.0,1.0986122886681096,2.0,0.40319456220014427,-0.06253429751872597,synthetic_00215,1
54.0,45.0,3.0,18.0,0.0,0.0,0.0,3.0,2.0,2.0,0.6666666666666666,1.0,1.0986122886681096,2.0,1.0,2.0,0.0,0.0,1.0,0.0,1.0,0.0,0.0,0.0,1.0,0.0,0.3333333333333333,0.0,0.0,10.0,2.0,3.87325332614809,0.0,1.0986122886681096,2.0,0.40319456220014427,-0.37762602991194294,synthetic_00216,1
44.0,42.0,3.0,14.666666666666666,1.0,0.0,0.0,3.0,2.0,2.0,0.6666666666666666,1.0,1.0986122886681096,2.0,1.0,2.0,0.0,0.0,1.0,0.0,1.0,0.0,0.0,0.0,1.0,0.0,0.3333333333333333,0.0,0.0,4.0,0.0,3.808851476382645,0.0,1.0986122886681096,2.0,0.40319456220014427,-0.3132241801464981,synthetic_00217,1
43.0,32.0,3.0,14.333333333333334,1.0,0.0,0.0,3.0,2.0,2.0,0.6666666666666666,1.0,1.0986122886681096,2.0,1.0,2.0,0.0,0.0,1.0,0.0,1.0,0.0,0.0,0.0,1.0,0.0,0.3333333333333333,0.0,0.0,10.0,3.0,3.558161593754873,0.0,1.0986122886681096,2.0,0.40319456220014427,-0.06253429751872597,synthetic_00218,1
54.0,45.0,3.0,18.0,0.0,0.0,0.0,3.0,2.0,2.0,0.6666666666666666,1.0,1.0986122886681096,2.0,1.0,2.0,0.0,0.0,1.0,0.0,1.0,0.0,0.0,0.0,1.0,0.0,0.3333333333333333,0.0,0.0,10.0,2.0,3.87325332614809,0.0,1.0986122886681096,2.0,0.40319456220014427,-0.37762602991194294,synthetic_00219,1
44.0,42.0,3.0,14.666666666666666,1.0,0.0,0.0,3.0,2.0,2.0,0.6666666666666666,1.0,1.0986122886681096,2.0,1.0,2.0,0.0,0.0,1.0,0.0,1.0,0.0,0.0,0.0,1.0,0.0,0.3333333333333333,0.0,0.0,4.0,0.0,3.808851476382645,0.0,1.0986122886681096,2.0,0.40319456220014427,-0.3132241801464981,synthetic_00220,1
52.0,38.0,2.0,26.0,0.0,0.0,0.0,4.0,3.0,2.0,0.75,1.0,1.3862943611198906,3.0,1.0,3.0,1.0,0.0,1.0,0.0,0.0,1.0,2.0,0.0,1.0,0.25,0.25,0.0,0.0,8.0,7.0,3.72294977194154,0.0,1.252762968495368,0.75,0.6611294361119892,-0.6729885530067983,synthetic_00221,0
54.0,45.0,3.0,18.0,0.0,0.0,0.0,3.0,2.0,2.0,0.6666666666666666,1.0,1.0986122886681096,2.0,1.0,2.0,0.0,0.0,1.0,0.0,1.0,0.0,0.0,0.0,1.0,0.0,0.3333333333333333,0.0,0.0,10.0,2.0,3.87325332614809,0.0,1.0986122886681096,2.0,0.40319456220014427,-0.37762602991194294,synthetic_00222,1
44.0,42.0,3.0,14.666666666666666,1.0,0.0,0.0,3.0,2.0,2.0,0.6666666666666666,1.0,1.0986122886681096,2.0,1.0,2.0,0.0,0.0,1.0,0.0,1.0,0.0,0.0,0.0,1.0,0.0,0.3333333333333333,0.0,0.0,4.0,0.0,3.808851476382645,0.0,1.0986122886681096,2.0,0.40319456220014427,-0.3132241801464981,synthetic_00223,1
52.0,38.0,2.0,26.0,0.0,0.0,0.0,4.0,3.0,2.0,0.75,1.0,1.3862943611198906,3.0,1.0,3.0,1.0,0.0,1.0,0.0,0.0,1.0,2.0,0.0,1.0,0.25,0.25,0.0,0.0,8.0,7.0,3.72294977194154,0.0,1.252762968495368,0.75,0.6611294361119892,-0.6729885530067983,synthetic_00224,0
73.0,62.0,3.0,24.333333333333332,0.0,0.0,0.0,4.0,3.0,2.0,0.75,1.0,1.3862943611198906,3.0,1.0,3.0,1.0,0.0,1.0,0.0,0.0,1.0,2.0,0.0,1.0,0.25,0.25,0.0,0.0,11.0,2.0,4.180312670157326,0.0,1.252762968495368,0.75,0.6611294361119892,-1.1303514512225843,synthetic_00225,0
44.0,42.0,3.0,14.666666666666666,1.0,0.0,0.0,3.0,2.0,2.0,0.6666666666666666,1.0,1.0986122886681096,2.0,1.0,2.0,0.0,0.0,1.0,0.0,1.0,0.0,0.0,0.0,1.0,0.0,0.3333333333333333,0.0,0.0,4.0,0.0,3.808851476382645,0.0,1.0986122886681096,2.0,0.40319456220014427,-0.3132241801464981,synthetic_00226,1
43.0,32.0,3.0,14.333333333333334,1.0,0.0,0.0,3.0,2.0,2.0,0.6666666666666666,1.0,1.0986122886681096,2.0,1.0,2.0,0.0,0.0,1.0,0.0,1.0,0.0,0.0,0.0,1.0,0.0,0.3333333333333333,0.0,0.0,10.0,3.0,3.558161593754873,0.0,1.0986122886681096,2.0,0.40319456220014427,-0.06253429751872597,synthetic_00227,1
54.0,45.0,3.0,18.0,0.0,0.0,0.0,3.0,2.0,2.0,0.6666666666666666,1.0,1.0986122886681096,2.0,1.0,2.0,0.0,0.0,1.0,0.0,1.0,0.0,0.0,0.0,1.0,0.0,0.3333333333333333,0.0,0.0,10.0,2.0,3.87325332614809,0.0,1.0986122886681096,2.0,0.40319456220014427,-0.37762602991194294,synthetic_00228,1
60.0,51.0,3.0,20.0,0.0,0.0,0.0,4.0,3.0,2.0,0.75,1.0,1.3862943611198906,3.0,1.0,3.0,1.0,0.0,1.0,0.0,0.0,1.0,2.0,0.0,1.0,0.25,0.25,0.0,0.0,5.0,0.0,3.9961121802280286,0.0,1.252762968495368,0.75,0.6611294361119892,-0.946150961293287,synthetic_00229,0
52.0,38.0,2.0,26.0,0.0,0.0,0.0,4.0,3.0,2.0,0.75,1.0,1.3862943611198906,3.0,1.0,3.0,1.0,0.0,1.0,0.0,0.0,1.0,2.0,0.0,1.0,0.25,0.25,0.0,0.0,8.0,7.0,3.72294977194154,0.0,1.252762968495368,0.75,0.6611294361119892,-0.6729885530067983,synthetic_00230,0
73.0,62.0,3.0,24.333333333333332,0.0,0.0,0.0,4.0,3.0,2.0,0.75,1.0,1.3862943611198906,3.0,1.0,3.0,1.0,0.0,1.0,0.0,0.0,1.0,2.0,0.0,1.0,0.25,0.25,0.0,0.0,11.0,2.0,4.180312670157326,0.0,1.252762968495368,0.75,0.6611294361119892,-1.1303514512225843,synthetic_00231,0
44.0,42.0,3.0,14.666666666666666,1.0,0.0,0.0,3.0,2.0,2.0,0.6666666666666666,1.0,1.0986122886681096,2.0,1.0,2.0,0.0,0.0,1.0,0.0,1.0,0.0,0.0,0.0,1.0,0.0,0.3333333333333333,0.0,0.0,4.0,0.0,3.808851476382645,0.0,1.0986122886681096,2.0,0.40319456220014427,-0.3132241801464981,synthetic_00232,1
52.0,38.0,2.0,26.0,0.0,0.0,0.0,4.0,3.0,2.0,0.75,1.0,1.3862943611198906,3.0,1.0,3.0,1.0,0.0,1.0,0.0,0.0,1.0,2.0,0.0,1.0,0.25,0.25,0.0,0.0,8.0,7.0,3.72294977194154,0.0,1.252762968495368,0.75,0.6611294361119892,-0.6729885530067983,synthetic_00233,0
54.0,45.0,3.0,18.0,0.0,0.0,0.0,3.0,2.0,2.0,0.6666666666666666,1.0,1.0986122886681096,2.0,1.0,2.0,0.0,0.0,1.0,0.0,1.0,0.0,0.0,0.0,1.0,0.0,0.3333333333333333,0.0,0.0,10.0,2.0,3.87325332614809,0.0,1.0986122886681096,2.0,0.40319456220014427,-0.37762602991194294,synthetic_00234,1
44.0,42.0,3.0,14.666666666666666,1.0,0.0,0.0,3.0,2.0,2.0,0.6666666666666666,1.0,1.0986122886681096,2.0,1.0,2.0,0.0,0.0,1.0,0.0,1.0,0.0,0.0,0.0,1.0,0.0,0.3333333333333333,0.0,0.0,4.0,0.0,3.808851476382645,0.0,1.0986122886681096,2.0,0.40319456220014427,-0.3132241801464981,synthetic_00235,1
43.0,32.0,3.0,14.333333333333334,1.0,0.0,0.0,3.0,2.0,2.0,0.6666666666666666,1.0,1.0986122886681096,2.0,1.0,2.0,0.0,0.0,1.0,0.0,1.0,0.0,0.0,0.0,1.0,0.0,0.3333333333333333,0.0,0.0,10.0,3.0,3.558161593754873,0.0,1.0986122886681096,2.0,0.40319456220014427,-0.06253429751872597,synthetic_00236,1
54.0,45.0,3.0,18.0,0.0,0.0,0.0,3.0,2.0,2.0,0.6666666666666666,1.0,1.0986122886681096,2.0,1.0,2.0,0.0,0.0,1.0,0.0,1.0,0.0,0.0,0.0,1.0,0.0,0.3333333333333333,0.0,0.0,10.0,2.0,3.87325332614809,0.0,1.0986122886681096,2.0,0.40319456220014427,-0.37762602991194294,synthetic_00237,1
60.0,51.0,3.0,20.0,0.0,0.0,0.0,4.0,3.0,2.0,0.75,1.0,1.3862943611198906,3.0,1.0,3.0,1.0,0.0,1.0,0.0,0.0,1.0,2.0,0.0,1.0,0.25,0.25,0.0,0.0,5.0,0.0,3.9961121802280286,0.0,1.252762968495368,0.75,0.6611294361119892,-0.946150961293287,synthetic_00238,0
52.0,38.0,2.0,26.0,0.0,0.0,0.0,4.0,3.0,2.0,0.75,1.0,1.3862943611198906,3.0,1.0,3.0,1.0,0.0,1.0,0.0,0.0,1.0,2.0,0.0,1.0,0.25,0.25,0.0,0.0,8.0,7.0,3.72294977194154,0.0,1.252762968495368,0.75,0.6611294361119892,-0.6729885530067983,synthetic_00239,0
73.0,62.0,3.0,24.333333333333332,0.0,0.0,0.0,4.0,3.0,2.0,0.75,1.0,1.3862943611198906,3.0,1.0,3.0,1.0,0.0,1.0,0.0,0.0,1.0,2.0,0.0,1.0,0.25,0.25,0.0,0.0,11.0,2.0,4.180312670157326,0.0,1.252762968495368,0.75,0.6611294361119892,-1.1303514512225843,synthetic_00240,0
44.0,42.0,3.0,14.666666666666666,1.0,0.0,0.0,3.0,2.0,2.0,0.6666666666666666,1.0,1.0986122886681096,2.0,1.0,2.0,0.0,0.0,1.0,0.0,1.0,0.0,0.0,0.0,1.0,0.0,0.3333333333333333,0.0,0.0,4.0,0.0,3.808851476382645,0.0,1.0986122886681096,2.0,0.40319456220014427,-0.3132241801464981,synthetic_00241,1
52.0,38.0,2.0,26.0,0.0,0.0,0.0,4.0,3.0,2.0,0.75,1.0,1.3862943611198906,3.0,1.0,3.0,1.0,0.0,1.0,0.0,0.0,1.0,2.0,0.0,1.0,0.25,0.25,0.0,0.0,8.0,7.0,3.72294977194154,0.0,1.252762968495368,0.75,0.6611294361119892,-0.6729885530067983,synthetic_00242,0
73.0,62.0,3.0,24.333333333333332,0.0,0.0,0.0,4.0,3.0,2.0,0.75,1.0,1.3862943611198906,3.0,1.0,3.0,1.0,0.0,1.0,0.0,0.0,1.0,2.0,0.0,1.0,0.25,0.25,0.0,0.0,11.0,2.0,4.180312670157326,0.0,1.252762968495368,0.75,0.6611294361119892,-1.1303514512225843,synthetic_00243,0
60.0,51.0,3.0,20.0,0.0,0.0,0.0,4.0,3.0,2.0,0.75,1.0,1.3862943611198906,3.0,1.0,3.0,1.0,0.0,1.0,0.0,0.0,1.0,2.0,0.0,1.0,0.25,0.25,0.0,0.0,5.0,0.0,3.9961121802280286,0.0,1.252762968495368,0.75,0.6611294361119892,-0.946150961293287,synthetic_00244,0
52.0,38.0,2.0,26.0,0.0,0.0,0.0,4.0,3.0,2.0,0.75,1.0,1.3862943611198906,3.0,1.0,3.0,1.0,0.0,1.0,0.0,0.0,1.0,2.0,0.0,1.0,0.25,0.25,0.0,0.0,8.0,7.0,3.72294977194154,0.0,1.252762968495368,0.75,0.6611294361119892,-0.6729885530067983,synthetic_00245,0
54.0,45.0,3.0,18.0,0.0,0.0,0.0,3.0,2.0,2.0,0.6666666666666666,1.0,1.0986122886681096,2.0,1.0,2.0,0.0,0.0,1.0,0.0,1.0,0.0,0.0,0.0,1.0,0.0,0.3333333333333333,0.0,0.0,10.0,2.0,3.87325332614809,0.0,1.0986122886681096,2.0,0.40319456220014427,-0.37762602991194294,synthetic_00246,1
60.0,51.0,3.0,20.0,0.0,0.0,0.0,4.0,3.0,2.0,0.75,1.0,1.3862943611198906,3.0,1.0,3.0,1.0,0.0,1.0,0.0,0.0,1.0,2.0,0.0,1.0,0.25,0.25,0.0,0.0,5.0,0.0,3.9961121802280286,0.0,1.252762968495368,0.75,0.6611294361119892,-0.946150961293287,synthetic_00247,0
43.0,32.0,3.0,14.333333333333334,1.0,0.0,0.0,3.0,2.0,2.0,0.6666666666666666,1.0,1.0986122886681096,2.0,1.0,2.0,0.0,0.0,1.0,0.0,1.0,0.0,0.0,0.0,1.0,0.0,0.3333333333333333,0.0,0.0,10.0,3.0,3.558161593754873,0.0,1.0986122886681096,2.0,0.40319456220014427,-0.06253429751872597,synthetic_00248,1
73.0,62.0,3.0,24.333333333333332,0.0,0.0,0.0,4.0,3.0,2.0,0.75,1.0,1.3862943611198906,3.0,1.0,3.0,1.0,0.0,1.0,0.0,0.0,1.0,2.0,0.0,1.0,0.25,0.25,0.0,0.0,11.0,2.0,4.180312670157326,0.0,1.252762968495368,0.75,0.6611294361119892,-1.1303514512225843,synthetic_00249,0
44.0,42.0,3.0,14.666666666666666,1.0,0.0,0.0,3.0,2.0,2.0,0.6666666666666666,1.0,1.0986122886681096,2.0,1.0,2.0,0.0,0.0,1.0,0.0,1.0,0.0,0.0,0.0,1.0,0.0,0.3333333333333333,0.0,0.0,4.0,0.0,3.808851476382645,0.0,1.0986122886681096,2.0,0.40319456220014427,-0.3132241801464981,synthetic_00250,1
43.0,32.0,3.0,14.333333333333334,1.0,0.0,0.0,3.0,2.0,2.0,0.6666666666666666,1.0,1.0986122886681096,2.0,1.0,2.0,0.0,0.0,1.0,0.0,1.0,0.0,0.0,0.0,1.0,0.0,0.3333333333333333,0.0,0.0,10.0,3.0,3.558161593754873,0.0,1.0986122886681096,2.0,0.40319456220014427,-0.06253429751872597,synthetic_00251,1
73.0,62.0,3.0,24.333333333333332,0.0,0.0,0.0,4.0,3.0,2.0,0.75,1.0,1.3862943611198906,3.0,1.0,3.0,1.0,0.0,1.0,0.0,0.0,1.0,2.0,0.0,1.0,0.25,0.25,0.0,0.0,11.0,2.0,4.180312670157326,0.0,1.252762968495368,0.75,0.6611294361119892,-1.1303514512225843,synthetic_00252,0
44.0,42.0,3.0,14.666666666666666,1.0,0.0,0.0,3.0,2.0,2.0,0.6666666666666666,1.0,1.0986122886681096,2.0,1.0,2.0,0.0,0.0,1.0,0.0,1.0,0.0,0.0,0.0,1.0,0.0,0.3333333333333333,0.0,0.0,4.0,0.0,3.808851476382645,0.0,1.0986122886681096,2.0,0.40319456220014427,-0.3132241801464981,synthetic_00253,1
43.0,32.0,3.0,14.333333333333334,1.0,0.0,0.0,3.0,2.0,2.0,0.6666666666666666,1.0,1.0986122886681096,2.0,1.0,2.0,0.0,0.0,1.0,0.0,1.0,0.0,0.0,0.0,1.0,0.0,0.3333333333333333,0.0,0.0,10.0,3.0,3.558161593754873,0.0,1.0986122886681096,2.0,0.40319456220014427,-0.06253429751872597,synthetic_00254,1
73.0,62.0,3.0,24.333333333333332,0.0,0.0,0.0,4.0,3.0,2.0,0.75,1.0,1.3862943611198906,3.0,1.0,3.0,1.0,0.0,1.0,0.0,0.0,1.0,2.0,0.0,1.0,0.25,0.25,0.0,0.0,11.0,2.0,4.180312670157326,0.0,1.252762968495368,0.75,0.6611294361119892,-1.1303514512225843,synthetic_00255,0
44.0,42.0,3.0,14.666666666666666,1.0,0.0,0.0,3.0,2.0,2.0,0.6666666666666666,1.0,1.0986122886681096,2.0,1.0,2.0,0.0,0.0,1.0,0.0,1.0,0.0,0.0,0.0,1.0,0.0,0.3333333333333333,0.0,0.0,4.0,0.0,3.808851476382645,0.0,1.0986122886681096,2.0,0.40319456220014427,-0.3132241801464981,synthetic_00256,1
43.0,32.0,3.0,14.333333333333334,1.0,0.0,0.0,3.0,2.0,2.0,0.6666666666666666,1.0,1.0986122886681096,2.0,1.0,2.0,0.0,0.0,1.0,0.0,1.0,0.0,0.0,0.0,1.0,0.0,0.3333333333333333,0.0,0.0,10.0,3.0,3.558161593754873,0.0,1.0986122886681096,2.0,0.40319456220014427,-0.06253429751872597,synthetic_00257,1
54.0,45.0,3.0,18.0,0.0,0.0,0.0,3.0,2.0,2.0,0.6666666666666666,1.0,1.0986122886681096,2.0,1.0,2.0,0.0,0.0,1.0,0.0,1.0,0.0,0.0,0.0,1.0,0.0,0.3333333333333333,0.0,0.0,10.0,2.0,3.87325332614809,0.0,1.0986122886681096,2.0,0.40319456220014427,-0.37762602991194294,synthetic_00258,1
60.0,51.0,3.0,20.0,0.0,0.0,0.0,4.0,3.0,2.0,0.75,1.0,1.3862943611198906,3.0,1.0,3.0,1.0,0.0,1.0,0.0,0.0,1.0,2.0,0.0,1.0,0.25,0.25,0.0,0.0,5.0,0.0,3.9961121802280286,0.0,1.252762968495368,0.75,0.6611294361119892,-0.946150961293287,synthetic_00259,0
52.0,38.0,2.0,26.0,0.0,0.0,0.0,4.0,3.0,2.0,0.75,1.0,1.3862943611198906,3.0,1.0,3.0,1.0,0.0,1.0,0.0,0.0,1.0,2.0,0.0,1.0,0.25,0.25,0.0,0.0,8.0,7.0,3.72294977194154,0.0,1.252762968495368,0.75,0.6611294361119892,-0.6729885530067983,synthetic_00260,0
73.0,62.0,3.0,24.333333333333332,0.0,0.0,0.0,4.0,3.0,2.0,0.75,1.0,1.3862943611198906,3.0,1.0,3.0,1.0,0.0,1.0,0.0,0.0,1.0,2.0,0.0,1.0,0.25,0.25,0.0,0.0,11.0,2.0,4.180312670157326,0.0,1.252762968495368,0.75,0.6611294361119892,-1.1303514512225843,synthetic_00261,0
44.0,42.0,3.0,14.666666666666666,1.0,0.0,0.0,3.0,2.0,2.0,0.6666666666666666,1.0,1.0986122886681096,2.0,1.0,2.0,0.0,0.0,1.0,0.0,1.0,0.0,0.0,0.0,1.0,0.0,0.3333333333333333,0.0,0.0,4.0,0.0,3.808851476382645,0.0,1.0986122886681096,2.0,0.40319456220014427,-0.3132241801464981,synthetic_00262,1
43.0,32.0,3.0,14.333333333333334,1.0,0.0,0.0,3.0,2.0,2.0,0.6666666666666666,1.0,1.0986122886681096,2.0,1.0,2.0,0.0,0.0,1.0,0.0,1.0,0.0,0.0,0.0,1.0,0.0,0.3333333333333333,0.0,0.0,10.0,3.0,3.558161593754873,0.0,1.0986122886681096,2.0,0.40319456220014427,-0.06253429751872597,synthetic_00263,1
73.0,62.0,3.0,24.333333333333332,0.0,0.0,0.0,4.0,3.0,2.0,0.75,1.0,1.3862943611198906,3.0,1.0,3.0,1.0,0.0,1.0,0.0,0.0,1.0,2.0,0.0,1.0,0.25,0.25,0.0,0.0,11.0,2.0,4.180312670157326,0.0,1.252762968495368,0.75,0.6611294361119892,-1.1303514512225843,synthetic_00264,0
44.0,42.0,3.0,14.666666666666666,1.0,0.0,0.0,3.0,2.0,2.0,0.6666666666666666,1.0,1.0986122886681096,2.0,1.0,2.0,0.0,0.0,1.0,0.0,1.0,0.0,0.0,0.0,1.0,0.0,0.3333333333333333,0.0,0.0,4.0,0.0,3.808851476382645,0.0,1.0986122886681096,2.0,0.40319456220014427,-0.3132241801464981,synthetic_00265,1
52.0,38.0,2.0,26.0,0.0,0.0,0.0,4.0,3.0,2.0,0.75,1.0,1.3862943611198906,3.0,1.0,3.0,1.0,0.0,1.0,0.0,0.0,1.0,2.0,0.0,1.0,0.25,0.25,0.0,0.0,8.0,7.0,3.72294977194154,0.0,1.252762968495368,0.75,0.6611294361119892,-0.6729885530067983,synthetic_00266,0
73.0,62.0,3.0,24.333333333333332,0.0,0.0,0.0,4.0,3.0,2.0,0.75,1.0,1.3862943611198906,3.0,1.0,3.0,1.0,0.0,1.0,0.0,0.0,1.0,2.0,0.0,1.0,0.25,0.25,0.0,0.0,11.0,2.0,4.180312670157326,0.0,1.252762968495368,0.75,0.6611294361119892,-1.1303514512225843,synthetic_00267,0
60.0,51.0,3.0,20.0,0.0,0.0,0.0,4.0,3.0,2.0,0.75,1.0,1.3862943611198906,3.0,1.0,3.0,1.0,0.0,1.0,0.0,0.0,1.0,2.0,0.0,1.0,0.25,0.25,0.0,0.0,5.0,0.0,3.9961121802280286,0.0,1.252762968495368,0.75,0.6611294361119892,-0.946150961293287,synthetic_00268,0
43.0,32.0,3.0,14.333333333333334,1.0,0.0,0.0,3.0,2.0,2.0,0.6666666666666666,1.0,1.0986122886681096,2.0,1.0,2.0,0.0,0.0,1.0,0.0,1.0,0.0,0.0,0.0,1.0,0.0,0.3333333333333333,0.0,0.0,10.0,3.0,3.558161593754873,0.0,1.0986122886681096,2.0,0.40319456220014427,-0.06253429751872597,synthetic_00269,1
54.0,45.0,3.0,18.0,0.0,0.0,0.0,3.0,2.0,2.0,0.6666666666666666,1.0,1.0986122886681096,2.0,1.0,2.0,0.0,0.0,1.0,0.0,1.0,0.0,0.0,0.0,1.0,0.0,0.3333333333333333,0.0,0.0,10.0,2.0,3.87325332614809,0.0,1.0986122886681096,2.0,0.40319456220014427,-0.37762602991194294,synthetic_00270,1
44.0,42.0,3.0,14.666666666666666,1.0,0.0,0.0,3.0,2.0,2.0,0.6666666666666666,1.0,1.0986122886681096,2.0,1.0,2.0,0.0,0.0,1.0,0.0,1.0,0.0,0.0,0.0,1.0,0.0,0.3333333333333333,0.0,0.0,4.0,0.0,3.808851476382645,0.0,1.0986122886681096,2.0,0.40319456220014427,-0.3132241801464981,synthetic_00271,1
52.0,38.0,2.0,26.0,0.0,0.0,0.0,4.0,3.0,2.0,0.75,1.0,1.3862943611198906,3.0,1.0,3.0,1.0,0.0,1.0,0.0,0.0,1.0,2.0,0.0,1.0,0.25,0.25,0.0,0.0,8.0,7.0,3.72294977194154,0.0,1.252762968495368,0.75,0.6611294361119892,-0.6729885530067983,synthetic_00272,0
54.0,45.0,3.0,18.0,0.0,0.0,0.0,3.0,2.0,2.0,0.6666666666666666,1.0,1.0986122886681096,2.0,1.0,2.0,0.0,0.0,1.0,0.0,1.0,0.0,0.0,0.0,1.0,0.0,0.3333333333333333,0.0,0.0,10.0,2.0,3.87325332614809,0.0,1.0986122886681096,2.0,0.40319456220014427,-0.37762602991194294,synthetic_00273,1
44.0,42.0,3.0,14.666666666666666,1.0,0.0,0.0,3.0,2.0,2.0,0.6666666666666666,1.0,1.0986122886681096,2.0,1.0,2.0,0.0,0.0,1.0,0.0,1.0,0.0,0.0,0.0,1.0,0.0,0.3333333333333333,0.0,0.0,4.0,0.0,3.808851476382645,0.0,1.0986122886681096,2.0,0.40319456220014427,-0.3132241801464981,synthetic_00274,1
52.0,38.0,2.0,26.0,0.0,0.0,0.0,4.0,3.0,2.0,0.75,1.0,1.3862943611198906,3.0,1.0,3.0,1.0,0.0,1.0,0.0,0.0,1.0,2.0,0.0,1.0,0.25,0.25,0.0,0.0,8.0,7.0,3.72294977194154,0.0,1.252762968495368,0.75,0.6611294361119892,-0.6729885530067983,synthetic_00275,0
54.0,45.0,3.0,18.0,0.0,0.0,0.0,3.0,2.0,2.0,0.6666666666666666,1.0,1.0986122886681096,2.0,1.0,2.0,0.0,0.0,1.0,0.0,1.0,0.0,0.0,0.0,1.0,0.0,0.3333333333333333,0.0,0.0,10.0,2.0,3.87325332614809,0.0,1.0986122886681096,2.0,0.40319456220014427,-0.37762602991194294,synthetic_00276,1
44.0,42.0,3.0,14.666666666666666,1.0,0.0,0.0,3.0,2.0,2.0,0.6666666666666666,1.0,1.0986122886681096,2.0,1.0,2.0,0.0,0.0,1.0,0.0,1.0,0.0,0.0,0.0,1.0,0.0,0.3333333333333333,0.0,0.0,4.0,0.0,3.808851476382645,0.0,1.0986122886681096,2.0,0.40319456220014427,-0.3132241801464981,synthetic_00277,1
43.0,32.0,3.0,14.333333333333334,1.0,0.0,0.0,3.0,2.0,2.0,0.6666666666666666,1.0,1.0986122886681096,2.0,1.0,2.0,0.0,0.0,1.0,0.0,1.0,0.0,0.0,0.0,1.0,0.0,0.3333333333333333,0.0,0.0,10.0,3.0,3.558161593754873,0.0,1.0986122886681096,2.0,0.40319456220014427,-0.06253429751872597,synthetic_00278,1
73.0,62.0,3.0,24.333333333333332,0.0,0.0,0.0,4.0,3.0,2.0,0.75,1.0,1.3862943611198906,3.0,1.0,3.0,1.0,0.0,1.0,0.0,0.0,1.0,2.0,0.0,1.0,0.25,0.25,0.0,0.0,11.0,2.0,4.180312670157326,0.0,1.252762968495368,0.75,0.6611294361119892,-1.1303514512225843,synthetic_00279,0
44.0,42.0,3.0,14.666666666666666,1.0,0.0,0.0,3.0,2.0,2.0,0.6666666666666666,1.0,1.0986122886681096,2.0,1.0,2.0,0.0,0.0,1.0,0.0,1.0,0.0,0.0,0.0,1.0,0.0,0.3333333333333333,0.0,0.0,4.0,0.0,3.808851476382645,0.0,1.0986122886681096,2.0,0.40319456220014427,-0.3132241801464981,synthetic_00280,1
43.0,32.0,3.0,14.333333333333334,1.0,0.0,0.0,3.0,2.0,2.0,0.6666666666666666,1.0,1.0986122886681096,2.0,1.0,2.0,0.0,0.0,1.0,0.0,1.0,0.0,0.0,0.0,1.0,0.0,0.3333333333333333,0.0,0.0,10.0,3.0,3.558161593754873,0.0,1.0986122886681096,2.0,0.40319456220014427,-0.06253429751872597,synthetic_00281,1
54.0,45.0,3.0,18.0,0.0,0.0,0.0,3.0,2.0,2.0,0.6666666666666666,1.0,1.0986122886681096,2.0,1.0,2.0,0.0,0.0,1.0,0.0,1.0,0.0,0.0,0.0,1.0,0.0,0.3333333333333333,0.0,0.0,10.0,2.0,3.87325332614809,0.0,1.0986122886681096,2.0,0.40319456220014427,-0.37762602991194294,synthetic_00282,1
60.0,51.0,3.0,20.0,0.0,0.0,0.0,4.0,3.0,2.0,0.75,1.0,1.3862943611198906,3.0,1.0,3.0,1.0,0.0,1.0,0.0,0.0,1.0,2.0,0.0,1.0,0.25,0.25,0.0,0.0,5.0,0.0,3.9961121802280286,0.0,1.252762968495368,0.75,0.6611294361119892,-0.946150961293287,synthetic_00283,0
43.0,32.0,3.0,14.333333333333334,1.0,0.0,0.0,3.0,2.0,2.0,0.6666666666666666,1.0,1.0986122886681096,2.0,1.0,2.0,0.0,0.0,1.0,0.0,1.0,0.0,0.0,0.0,1.0,0.0,0.3333333333333333,0.0,0.0,10.0,3.0,3.558161593754873,0.0,1.0986122886681096,2.0,0.40319456220014427,-0.06253429751872597,synthetic_00284,1
54.0,45.0,3.0,18.0,0.0,0.0,0.0,3.0,2.0,2.0,0.6666666666666666,1.0,1.0986122886681096,2.0,1.0,2.0,0.0,0.0,1.0,0.0,1.0,0.0,0.0,0.0,1.0,0.0,0.3333333333333333,0.0,0.0,10.0,2.0,3.87325332614809,0.0,1.0986122886681096,2.0,0.40319456220014427,-0.37762602991194294,synthetic_00285,1
60.0,51.0,3.0,20.0,0.0,0.0,0.0,4.0,3.0,2.0,0.75,1.0,1.3862943611198906,3.0,1.0,3.0,1.0,0.0,1.0,0.0,0.0,1.0,2.0,0.0,1.0,0.25,0.25,0.0,0.0,5.0,0.0,3.9961121802280286,0.0,1.252762968495368,0.75,0.6611294361119892,-0.946150961293287,synthetic_00286,0
52.0,38.0,2.0,26.0,0.0,0.0,0.0,4.0,3.0,2.0,0.75,1.0,1.3862943611198906,3.0,1.0,3.0,1.0,0.0,1.0,0.0,0.0,1.0,2.0,0.0,1.0,0.25,0.25,0.0,0.0,8.0,7.0,3.72294977194154,0.0,1.252762968495368,0.75,0.6611294361119892,-0.6729885530067983,synthetic_00287,0
73.0,62.0,3.0,24.333333333333332,0.0,0.0,0.0,4.0,3.0,2.0,0.75,1.0,1.3862943611198906,3.0,1.0,3.0,1.0,0.0,1.0,0.0,0.0,1.0,2.0,0.0,1.0,0.25,0.25,0.0,0.0,11.0,2.0,4.180312670157326,0.0,1.252762968495368,0.75,0.6611294361119892,-1.1303514512225843,synthetic_00288,0
44.0,42.0,3.0,14.666666666666666,1.0,0.0,0.0,3.0,2.0,2.0,0.6666666666666666,1.0,1.0986122886681096,2.0,1.0,2.0,0.0,0.0,1.0,0.0,1.0,0.0,0.0,0.0,1.0,0.0,0.3333333333333333,0.0,0.0,4.0,0.0,3.808851476382645,0.0,1.0986122886681096,2.0,0.40319456220014427,-0.3132241801464981,synthetic_00289,1
52.0,38.0,2.0,26.0,0.0,0.0,0.0,4.0,3.0,2.0,0.75,1.0,1.3862943611198906,3.0,1.0,3.0,1.0,0.0,1.0,0.0,0.0,1.0,2.0,0.0,1.0,0.25,0.25,0.0,0.0,8.0,7.0,3.72294977194154,0.0,1.252762968495368,0.75,0.6611294361119892,-0.6729885530067983,synthetic_00290,0
54.0,45.0,3.0,18.0,0.0,0.0,0.0,3.0,2.0,2.0,0.6666666666666666,1.0,1.0986122886681096,2.0,1.0,2.0,0.0,0.0,1.0,0.0,1.0,0.0,0.0,0.0,1.0,0.0,0.3333333333333333,0.0,0.0,10.0,2.0,3.87325332614809,0.0,1.0986122886681096,2.0,0.40319456220014427,-0.37762602991194294,synthetic_00291,1
60.0,51.0,3.0,20.0,0.0,0.0,0.0,4.0,3.0,2.0,0.75,1.0,1.3862943611198906,3.0,1.0,3.0,1.0,0.0,1.0,0.0,0.0,1.0,2.0,0.0,1.0,0.25,0.25,0.0,0.0,5.0,0.0,3.9961121802280286,0.0,1.252762968495368,0.75,0.6611294361119892,-0.946150961293287,synthetic_00292,0
52.0,38.0,2.0,26.0,0.0,0.0,0.0,4.0,3.0,2.0,0.75,1.0,1.3862943611198906,3.0,1.0,3.0,1.0,0.0,1.0,0.0,0.0,1.0,2.0,0.0,1.0,0.25,0.25,0.0,0.0,8.0,7.0,3.72294977194154,0.0,1.252762968495368,0.75,0.6611294361119892,-0.6729885530067983,synthetic_00293,0
54.0,45.0,3.0,18.0,0.0,0.0,0.0,3.0,2.0,2.0,0.6666666666666666,1.0,1.0986122886681096,2.0,1.0,2.0,0.0,0.0,1.0,0.0,1.0,0.0,0.0,0.0,1.0,0.0,0.3333333333333333,0.0,0.0,10.0,2.0,3.87325332614809,0.0,1.0986122886681096,2.0,0.40319456220014427,-0.37762602991194294,synthetic_00294,1
60.0,51.0,3.0,20.0,0.0,0.0,0.0,4.0,3.0,2.0,0.75,1.0,1.3862943611198906,3.0,1.0,3.0,1.0,0.0,1.0,0.0,0.0,1.0,2.0,0.0,1.0,0.25,0.25,0.0,0.0,5.0,0.0,3.9961121802280286,0.0,1.252762968495368,0.75,0.6611294361119892,-0.946150961293287,synthetic_00295,0
52.0,38.0,2.0,26.0,0.0,0.0,0.0,4.0,3.0,2.0,0.75,1.0,1.3862943611198906,3.0,1.0,3.0,1.0,0.0,1.0,0.0,0.0,1.0,2.0,0.0,1.0,0.25,0.25,0.0,0.0,8.0,7.0,3.72294977194154,0.0,1.252762968495368,0.75,0.6611294361119892,-0.6729885530067983,synthetic_00296,0
54.0,45.0,3.0,18.0,0.0,0.0,0.0,3.0,2.0,2.0,0.6666666666666666,1.0,1.0986122886681096,2.0,1.0,2.0,0.0,0.0,1.0,0.0,1.0,0.0,0.0,0.0,1.0,0.0,0.3333333333333333,0.0,0.0,10.0,2.0,3.87325332614809,0.0,1.0986122886681096,2.0,0.40319456220014427,-0.37762602991194294,synthetic_00297,1
44.0,42.0,3.0,14.666666666666666,1.0,0.0,0.0,3.0,2.0,2.0,0.6666666666666666,1.0,1.0986122886681096,2.0,1.0,2.0,0.0,0.0,1.0,0.0,1.0,0.0,0.0,0.0,1.0,0.0,0.3333333333333333,0.0,0.0,4.0,0.0,3.808851476382645,0.0,1.0986122886681096,2.0,0.40319456220014427,-0.3132241801464981,synthetic_00298,1
52.0,38.0,2.0,26.0,0.0,0.0,0.0,4.0,3.0,2.0,0.75,1.0,1.3862943611198906,3.0,1.0,3.0,1.0,0.0,1.0,0.0,0.0,1.0,2.0,0.0,1.0,0.25,0.25,0.0,0.0,8.0,7.0,3.72294977194154,0.0,1.252762968495368,0.75,0.6611294361119892,-0.6729885530067983,synthetic_00299,0
73.0,62.0,3.0,24.333333333333332,0.0,0.0,0.0,4.0,3.0,2.0,0.75,1.0,1.3862943611198906,3.0,1.0,3.0,1.0,0.0,1.0,0.0,0.0,1.0,2.0,0.0,1.0,0.25,0.25,0.0,0.0,11.0,2.0,4.180312670157326,0.0,1.252762968495368,0.75,0.6611294361119892,-1.1303514512225843,synthetic_00300,0
44.0,42.0,3.0,14.666666666666666,1.0,0.0,0.0,3.0,2.0,2.0,0.6666666666666666,1.0,1.0986122886681096,2.0,1.0,2.0,0.0,0.0,1.0,0.0,1.0,0.0,0.0,0.0,1.0,0.0,0.3333333333333333,0.0,0.0,4.0,0.0,3.808851476382645,0.0,1.0986122886681096,2.0,0.40319456220014427,-0.3132241801464981,synthetic_00301,1
43.0,32.0,3.0,14.333333333333334,1.0,0.0,0.0,3.0,2.0,2.0,0.6666666666666666,1.0,1.0986122886681096,2.0,1.0,2.0,0.0,0.0,1.0,0.0,1.0,0.0,0.0,0.0,1.0,0.0,0.3333333333333333,0.0,0.0,10.0,3.0,3.558161593754873,0.0,1.0986122886681096,2.0,0.40319456220014427,-0.06253429751872597,synthetic_00302,1
73.0,62.0,3.0,24.333333333333332,0.0,0.0,0.0,4.0,3.0,2.0,0.75,1.0,1.3862943611198906,3.0,1.0,3.0,1.0,0.0,1.0,0.0,0.0,1.0,2.0,0.0,1.0,0.25,0.25,0.0,0.0,11.0,2.0,4.180312670157326,0.0,1.252762968495368,0.75,0.6611294361119892,-1.1303514512225843,synthetic_00303,0
44.0,42.0,3.0,14.666666666666666,1.0,0.0,0.0,3.0,2.0,2.0,0.6666666666666666,1.0,1.0986122886681096,2.0,1.0,2.0,0.0,0.0,1.0,0.0,1.0,0.0,0.0,0.0,1.0,0.0,0.3333333333333333,0.0,0.0,4.0,0.0,3.808851476382645,0.0,1.0986122886681096,2.0,0.40319456220014427,-0.3132241801464981,synthetic_00304,1
52.0,38.0,2.0,26.0,0.0,0.0,0.0,4.0,3.0,2.0,0.75,1.0,1.3862943611198906,3.0,1.0,3.0,1.0,0.0,1.0,0.0,0.0,1.0,2.0,0.0,1.0,0.25,0.25,0.0,0.0,8.0,7.0,3.72294977194154,0.0,1.252762968495368,0.75,0.6611294361119892,-0.6729885530067983,synthetic_00305,0
73.0,62.0,3.0,24.333333333333332,0.0,0.0,0.0,4.0,3.0,2.0,0.75,1.0,1.3862943611198906,3.0,1.0,3.0,1.0,0.0,1.0,0.0,0.0,1.0,2.0,0.0,1.0,0.25,0.25,0.0,0.0,11.0,2.0,4.180312670157326,0.0,1.252762968495368,0.75,0.6611294361119892,-1.1303514512225843,synthetic_00306,0
44.0,42.0,3.0,14.666666666666666,1.0,0.0,0.0,3.0,2.0,2.0,0.6666666666666666,1.0,1.0986122886681096,2.0,1.0,2.0,0.0,0.0,1.0,0.0,1.0,0.0,0.0,0.0,1.0,0.0,0.3333333333333333,0.0,0.0,4.0,0.0,3.808851476382645,0.0,1.0986122886681096,2.0,0.40319456220014427,-0.3132241801464981,synthetic_00307,1
43.0,32.0,3.0,14.333333333333334,1.0,0.0,0.0,3.0,2.0,2.0,0.6666666666666666,1.0,1.0986122886681096,2.0,1.0,2.0,0.0,0.0,1.0,0.0,1.0,0.0,0.0,0.0,1.0,0.0,0.3333333333333333,0.0,0.0,10.0,3.0,3.558161593754873,0.0,1.0986122886681096,2.0,0.40319456220014427,-0.06253429751872597,synthetic_00308,1
54.0,45.0,3.0,18.0,0.0,0.0,0.0,3.0,2.0,2.0,0.6666666666666666,1.0,1.0986122886681096,2.0,1.0,2.0,0.0,0.0,1.0,0.0,1.0,0.0,0.0,0.0,1.0,0.0,0.3333333333333333,0.0,0.0,10.0,2.0,3.87325332614809,0.0,1.0986122886681096,2.0,0.40319456220014427,-0.37762602991194294,synthetic_00309,1
44.0,42.0,3.0,14.666666666666666,1.0,0.0,0.0,3.0,2.0,2.0,0.6666666666666666,1.0,1.0986122886681096,2.0,1.0,2.0,0.0,0.0,1.0,0.0,1.0,0.0,0.0,0.0,1.0,0.0,0.3333333333333333,0.0,0.0,4.0,0.0,3.808851476382645,0.0,1.0986122886681096,2.0,0.40319456220014427,-0.3132241801464981,synthetic_00310,1
52.0,38.0,2.0,26.0,0.0,0.0,0.0,4.0,3.0,2.0,0.75,1.0,1.3862943611198906,3.0,1.0,3.0,1.0,0.0,1.0,0.0,0.0,1.0,2.0,0.0,1.0,0.25,0.25,0.0,0.0,8.0,7.0,3.72294977194154,0.0,1.252762968495368,0.75,0.6611294361119892,-0.6729885530067983,synthetic_00311,0
54.0,45.0,3.0,18.0,0.0,0.0,0.0,3.0,2.0,2.0,0.6666666666666666,1.0,1.0986122886681096,2.0,1.0,2.0,0.0,0.0,1.0,0.0,1.0,0.0,0.0,0.0,1.0,0.0,0.3333333333333333,0.0,0.0,10.0,2.0,3.87325332614809,0.0,1.0986122886681096,2.0,0.40319456220014427,-0.37762602991194294,synthetic_00312,1
60.0,51.0,3.0,20.0,0.0,0.0,0.0,4.0,3.0,2.0,0.75,1.0,1.3862943611198906,3.0,1.0,3.0,1.0,0.0,1.0,0.0,0.0,1.0,2.0,0.0,1.0,0.25,0.25,0.0,0.0,5.0,0.0,3.9961121802280286,0.0,1.252762968495368,0.75,0.6611294361119892,-0.946150961293287,synthetic_00313,0
43.0,32.0,3.0,14.333333333333334,1.0,0.0,0.0,3.0,2.0,2.0,0.6666666666666666,1.0,1.0986122886681096,2.0,1.0,2.0,0.0,0.0,1.0,0.0,1.0,0.0,0.0,0.0,1.0,0.0,0.3333333333333333,0.0,0.0,10.0,3.0,3.558161593754873,0.0,1.0986122886681096,2.0,0.40319456220014427,-0.06253429751872597,synthetic_00314,1
73.0,62.0,3.0,24.333333333333332,0.0,0.0,0.0,4.0,3.0,2.0,0.75,1.0,1.3862943611198906,3.0,1.0,3.0,1.0,0.0,1.0,0.0,0.0,1.0,2.0,0.0,1.0,0.25,0.25,0.0,0.0,11.0,2.0,4.180312670157326,0.0,1.252762968495368,0.75,0.6611294361119892,-1.1303514512225843,synthetic_00315,0
60.0,51.0,3.0,20.0,0.0,0.0,0.0,4.0,3.0,2.0,0.75,1.0,1.3862943611198906,3.0,1.0,3.0,1.0,0.0,1.0,0.0,0.0,1.0,2.0,0.0,1.0,0.25,0.25,0.0,0.0,5.0,0.0,3.9961121802280286,0.0,1.252762968495368,0.75,0.6611294361119892,-0.946150961293287,synthetic_00316,0
43.0,32.0,3.0,14.333333333333334,1.0,0.0,0.0,3.0,2.0,2.0,0.6666666666666666,1.0,1.0986122886681096,2.0,1.0,2.0,0.0,0.0,1.0,0.0,1.0,0.0,0.0,0.0,1.0,0.0,0.3333333333333333,0.0,0.0,10.0,3.0,3.558161593754873,0.0,1.0986122886681096,2.0,0.40319456220014427,-0.06253429751872597,synthetic_00317,1
73.0,62.0,3.0,24.333333333333332,0.0,0.0,0.0,4.0,3.0,2.0,0.75,1.0,1.3862943611198906,3.0,1.0,3.0,1.0,0.0,1.0,0.0,0.0,1.0,2.0,0.0,1.0,0.25,0.25,0.0,0.0,11.0,2.0,4.180312670157326,0.0,1.252762968495368,0.75,0.6611294361119892,-1.1303514512225843,synthetic_00318,0
60.0,51.0,3.0,20.0,0.0,0.0,0.0,4.0,3.0,2.0,0.75,1.0,1.3862943611198906,3.0,1.0,3.0,1.0,0.0,1.0,0.0,0.0,1.0,2.0,0.0,1.0,0.25,0.25,0.0,0.0,5.0,0.0,3.9961121802280286,0.0,1.252762968495368,0.75,0.6611294361119892,-0.946150961293287,synthetic_00319,0
43.0,32.0,3.0,14.333333333333334,1.0,0.0,0.0,3.0,2.0,2.0,0.6666666666666666,1.0,1.0986122886681096,2.0,1.0,2.0,0.0,0.0,1.0,0.0,1.0,0.0,0.0,0.0,1.0,0.0,0.3333333333333333,0.0,0.0,10.0,3.0,3.558161593754873,0.0,1.0986122886681096,2.0,0.40319456220014427,-0.06253429751872597,synthetic_00320,1
54.0,45.0,3.0,18.0,0.0,0.0,0.0,3.0,2.0,2.0,0.6666666666666666,1.0,1.0986122886681096,2.0,1.0,2.0,0.0,0.0,1.0,0.0,1.0,0.0,0.0,0.0,1.0,0.0,0.3333333333333333,0.0,0.0,10.0,2.0,3.87325332614809,0.0,1.0986122886681096,2.0,0.40319456220014427,-0.37762602991194294,synthetic_00321,1
60.0,51.0,3.0,20.0,0.0,0.0,0.0,4.0,3.0,2.0,0.75,1.0,1.3862943611198906,3.0,1.0,3.0,1.0,0.0,1.0,0.0,0.0,1.0,2.0,0.0,1.0,0.25,0.25,0.0,0.0,5.0,0.0,3.9961121802280286,0.0,1.252762968495368,0.75,0.6611294361119892,-0.946150961293287,synthetic_00322,0
43.0,32.0,3.0,14.333333333333334,1.0,0.0,0.0,3.0,2.0,2.0,0.6666666666666666,1.0,1.0986122886681096,2.0,1.0,2.0,0.0,0.0,1.0,0.0,1.0,0.0,0.0,0.0,1.0,0.0,0.3333333333333333,0.0,0.0,10.0,3.0,3.558161593754873,0.0,1.0986122886681096,2.0,0.40319456220014427,-0.06253429751872597,synthetic_00323,1
73.0,62.0,3.0,24.333333333333332,0.0,0.0,0.0,4.0,3.0,2.0,0.75,1.0,1.3862943611198906,3.0,1.0,3.0,1.0,0.0,1.0,0.0,0.0,1.0,2.0,0.0,1.0,0.25,0.25,0.0,0.0,11.0,2.0,4.180312670157326,0.0,1.252762968495368,0.75,0.6611294361119892,-1.1303514512225843,synthetic_00324,0
60.0,51.0,3.0,20.0,0.0,0.0,0.0,4.0,3.0,2.0,0.75,1.0,1.3862943611198906,3.0,1.0,3.0,1.0,0.0,1.0,0.0,0.0,1.0,2.0,0.0,1.0,0.25,0.25,0.0,0.0,5.0,0.0,3.9961121802280286,0.0,1.252762968495368,0.75,0.6611294361119892,-0.946150961293287,synthetic_00325,0
43.0,32.0,3.0,14.333333333333334,1.0,0.0,0.0,3.0,2.0,2.0,0.6666666666666666,1.0,1.0986122886681096,2.0,1.0,2.0,0.0,0.0,1.0,0.0,1.0,0.0,0.0,0.0,1.0,0.0,0.3333333333333333,0.0,0.0,10.0,3.0,3.558161593754873,0.0,1.0986122886681096,2.0,0.40319456220014427,-0.06253429751872597,synthetic_00326,1
73.0,62.0,3.0,24.333333333333332,0.0,0.0,0.0,4.0,3.0,2.0,0.75,1.0,1.3862943611198906,3.0,1.0,3.0,1.0,0.0,1.0,0.0,0.0,1.0,2.0,0.0,1.0,0.25,0.25,0.0,0.0,11.0,2.0,4.180312670157326,0.0,1.252762968495368,0.75,0.6611294361119892,-1.1303514512225843,synthetic_00327,0
44.0,42.0,3.0,14.666666666666666,1.0,0.0,0.0,3.0,2.0,2.0,0.6666666666666666,1.0,1.0986122886681096,2.0,1.0,2.0,0.0,0.0,1.0,0.0,1.0,0.0,0.0,0.0,1.0,0.0,0.3333333333333333,0.0,0.0,4.0,0.0,3.808851476382645,0.0,1.0986122886681096,2.0,0.40319456220014427,-0.3132241801464981,synthetic_00328,1
52.0,38.0,2.0,26.0,0.0,0.0,0.0,4.0,3.0,2.0,0.75,1.0,1.3862943611198906,3.0,1.0,3.0,1.0,0.0,1.0,0.0,0.0,1.0,2.0,0.0,1.0,0.25,0.25,0.0,0.0,8.0,7.0,3.72294977194154,0.0,1.252762968495368,0.75,0.6611294361119892,-0.6729885530067983,synthetic_00329,0
73.0,62.0,3.0,24.333333333333332,0.0,0.0,0.0,4.0,3.0,2.0,0.75,1.0,1.3862943611198906,3.0,1.0,3.0,1.0,0.0,1.0,0.0,0.0,1.0,2.0,0.0,1.0,0.25,0.25,0.0,0.0,11.0,2.0,4.180312670157326,0.0,1.252762968495368,0.75,0.6611294361119892,-1.1303514512225843,synthetic_00330,0
44.0,42.0,3.0,14.666666666666666,1.0,0.0,0.0,3.0,2.0,2.0,0.6666666666666666,1.0,1.0986122886681096,2.0,1.0,2.0,0.0,0.0,1.0,0.0,1.0,0.0,0.0,0.0,1.0,0.0,0.3333333333333333,0.0,0.0,4.0,0.0,3.808851476382645,0.0,1.0986122886681096,2.0,0.40319456220014427,-0.3132241801464981,synthetic_00331,1
43.0,32.0,3.0,14.333333333333334,1.0,0.0,0.0,3.0,2.0,2.0,0.6666666666666666,1.0,1.0986122886681096,2.0,1.0,2.0,0.0,0.0,1.0,0.0,1.0,0.0,0.0,0.0,1.0,0.0,0.3333333333333333,0.0,0.0,10.0,3.0,3.558161593754873,0.0,1.0986122886681096,2.0,0.40319456220014427,-0.06253429751872597,synthetic_00332,1
73.0,62.0,3.0,24.333333333333332,0.0,0.0,0.0,4.0,3.0,2.0,0.75,1.0,1.3862943611198906,3.0,1.0,3.0,1.0,0.0,1.0,0.0,0.0,1.0,2.0,0.0,1.0,0.25,0.25,0.0,0.0,11.0,2.0,4.180312670157326,0.0,1.252762968495368,0.75,0.6611294361119892,-1.1303514512225843,synthetic_00333,0
60.0,51.0,3.0,20.0,0.0,0.0,0.0,4.0,3.0,2.0,0.75,1.0,1.3862943611198906,3.0,1.0,3.0,1.0,0.0,1.0,0.0,0.0,1.0,2.0,0.0,1.0,0.25,0.25,0.0,0.0,5.0,0.0,3.9961121802280286,0.0,1.252762968495368,0.75,0.6611294361119892,-0.946150961293287,synthetic_00334,0
52.0,38.0,2.0,26.0,0.0,0.0,0.0,4.0,3.0,2.0,0.75,1.0,1.3862943611198906,3.0,1.0,3.0,1.0,0.0,1.0,0.0,0.0,1.0,2.0,0.0,1.0,0.25,0.25,0.0,0.0,8.0,7.0,3.72294977194154,0.0,1.252762968495368,0.75,0.6611294361119892,-0.6729885530067983,synthetic_00335,0
54.0,45.0,3.0,18.0,0.0,0.0,0.0,3.0,2.0,2.0,0.6666666666666666,1.0,1.0986122886681096,2.0,1.0,2.0,0.0,0.0,1.0,0.0,1.0,0.0,0.0,0.0,1.0,0.0,0.3333333333333333,0.0,0.0,10.0,2.0,3.87325332614809,0.0,1.0986122886681096,2.0,0.40319456220014427,-0.37762602991194294,synthetic_00336,1
60.0,51.0,3.0,20.0,0.0,0.0,0.0,4.0,3.0,2.0,0.75,1.0,1.3862943611198906,3.0,1.0,3.0,1.0,0.0,1.0,0.0,0.0,1.0,2.0,0.0,1.0,0.25,0.25,0.0,0.0,5.0,0.0,3.9961121802280286,0.0,1.252762968495368,0.75,0.6611294361119892,-0.946150961293287,synthetic_00337,0
43.0,32.0,3.0,14.333333333333334,1.0,0.0,0.0,3.0,2.0,2.0,0.6666666666666666,1.0,1.0986122886681096,2.0,1.0,2.0,0.0,0.0,1.0,0.0,1.0,0.0,0.0,0.0,1.0,0.0,0.3333333333333333,0.0,0.0,10.0,3.0,3.558161593754873,0.0,1.0986122886681096,2.0,0.40319456220014427,-0.06253429751872597,synthetic_00338,1
54.0,45.0,3.0,18.0,0.0,0.0,0.0,3.0,2.0,2.0,0.6666666666666666,1.0,1.0986122886681096,2.0,1.0,2.0,0.0,0.0,1.0,0.0,1.0,0.0,0.0,0.0,1.0,0.0,0.3333333333333333,0.0,0.0,10.0,2.0,3.87325332614809,0.0,1.0986122886681096,2.0,0.40319456220014427,-0.37762602991194294,synthetic_00339,1
44.0,42.0,3.0,14.666666666666666,1.0,0.0,0.0,3.0,2.0,2.0,0.6666666666666666,1.0,1.0986122886681096,2.0,1.0,2.0,0.0,0.0,1.0,0.0,1.0,0.0,0.0,0.0,1.0,0.0,0.3333333333333333,0.0,0.0,4.0,0.0,3.808851476382645,0.0,1.0986122886681096,2.0,0.40319456220014427,-0.3132241801464981,synthetic_00340,1
43.0,32.0,3.0,14.333333333333334,1.0,0.0,0.0,3.0,2.0,2.0,0.6666666666666666,1.0,1.0986122886681096,2.0,1.0,2.0,0.0,0.0,1.0,0.0,1.0,0.0,0.0,0.0,1.0,0.0,0.3333333333333333,0.0,0.0,10.0,3.0,3.558161593754873,0.0,1.0986122886681096,2.0,0.40319456220014427,-0.06253429751872597,synthetic_00341,1
54.0,45.0,3.0,18.0,0.0,0.0,0.0,3.0,2.0,2.0,0.6666666666666666,1.0,1.0986122886681096,2.0,1.0,2.0,0.0,0.0,1.0,0.0,1.0,0.0,0.0,0.0,1.0,0.0,0.3333333333333333,0.0,0.0,10.0,2.0,3.87325332614809,0.0,1.0986122886681096,2.0,0.40319456220014427,-0.37762602991194294,synthetic_00342,1
44.0,42.0,3.0,14.666666666666666,1.0,0.0,0.0,3.0,2.0,2.0,0.6666666666666666,1.0,1.0986122886681096,2.0,1.0,2.0,0.0,0.0,1.0,0.0,1.0,0.0,0.0,0.0,1.0,0.0,0.3333333333333333,0.0,0.0,4.0,0.0,3.808851476382645,0.0,1.0986122886681096,2.0,0.40319456220014427,-0.3132241801464981,synthetic_00343,1
52.0,38.0,2.0,26.0,0.0,0.0,0.0,4.0,3.0,2.0,0.75,1.0,1.3862943611198906,3.0,1.0,3.0,1.0,0.0,1.0,0.0,0.0,1.0,2.0,0.0,1.0,0.25,0.25,0.0,0.0,8.0,7.0,3.72294977194154,0.0,1.252762968495368,0.75,0.6611294361119892,-0.6729885530067983,synthetic_00344,0
54.0,45.0,3.0,18.0,0.0,0.0,0.0,3.0,2.0,2.0,0.6666666666666666,1.0,1.0986122886681096,2.0,1.0,2.0,0.0,0.0,1.0,0.0,1.0,0.0,0.0,0.0,1.0,0.0,0.3333333333333333,0.0,0.0,10.0,2.0,3.87325332614809,0.0,1.0986122886681096,2.0,0.40319456220014427,-0.37762602991194294,synthetic_00345,1
60.0,51.0,3.0,20.0,0.0,0.0,0.0,4.0,3.0,2.0,0.75,1.0,1.3862943611198906,3.0,1.0,3.0,1.0,0.0,1.0,0.0,0.0,1.0,2.0,0.0,1.0,0.25,0.25,0.0,0.0,5.0,0.0,3.9961121802280286,0.0,1.252762968495368,0.75,0.6611294361119892,-0.946150961293287,synthetic_00346,0
52.0,38.0,2.0,26.0,0.0,0.0,0.0,4.0,3.0,2.0,0.75,1.0,1.3862943611198906,3.0,1.0,3.0,1.0,0.0,1.0,0.0,0.0,1.0,2.0,0.0,1.0,0.25,0.25,0.0,0.0,8.0,7.0,3.72294977194154,0.0,1.252762968495368,0.75,0.6611294361119892,-0.6729885530067983,synthetic_00347,0
54.0,45.0,3.0,18.0,0.0,0.0,0.0,3.0,2.0,2.0,0.6666666666666666,1.0,1.0986122886681096,2.0,1.0,2.0,0.0,0.0,1.0,0.0,1.0,0.0,0.0,0.0,1.0,0.0,0.3333333333333333,0.0,0.0,10.0,2.0,3.87325332614809,0.0,1.0986122886681096,2.0,0.40319456220014427,-0.37762602991194294,synthetic_00348,1
44.0,42.0,3.0,14.666666666666666,1.0,0.0,0.0,3.0,2.0,2.0,0.6666666666666666,1.0,1.0986122886681096,2.0,1.0,2.0,0.0,0.0,1.0,0.0,1.0,0.0,0.0,0.0,1.0,0.0,0.3333333333333333,0.0,0.0,4.0,0.0,3.808851476382645,0.0,1.0986122886681096,2.0,0.40319456220014427,-0.3132241801464981,synthetic_00349,1
43.0,32.0,3.0,14.333333333333334,1.0,0.0,0.0,3.0,2.0,2.0,0.6666666666666666,1.0,1.0986122886681096,2.0,1.0,2.0,0.0,0.0,1.0,0.0,1.0,0.0,0.0,0.0,1.0,0.0,0.3333333333333333,0.0,0.0,10.0,3.0,3.558161593754873,0.0,1.0986122886681096,2.0,0.40319456220014427,-0.06253429751872597,synthetic_00350,1
54.0,45.0,3.0,18.0,0.0,0.0,0.0,3.0,2.0,2.0,0.6666666666666666,1.0,1.0986122886681096,2.0,1.0,2.0,0.0,0.0,1.0,0.0,1.0,0.0,0.0,0.0,1.0,0.0,0.3333333333333333,0.0,0.0,10.0,2.0,3.87325332614809,0.0,1.0986122886681096,2.0,0.40319456220014427,-0.37762602991194294,synthetic_00351,1
60.0,51.0,3.0,20.0,0.0,0.0,0.0,4.0,3.0,2.0,0.75,1.0,1.3862943611198906,3.0,1.0,3.0,1.0,0.0,1.0,0.0,0.0,1.0,2.0,0.0,1.0,0.25,0.25,0.0,0.0,5.0,0.0,3.9961121802280286,0.0,1.252762968495368,0.75,0.6611294361119892,-0.946150961293287,synthetic_00352,0
43.0,32.0,3.0,14.333333333333334,1.0,0.0,0.0,3.0,2.0,2.0,0.6666666666666666,1.0,1.0986122886681096,2.0,1.0,2.0,0.0,0.0,1.0,0.0,1.0,0.0,0.0,0.0,1.0,0.0,0.3333333333333333,0.0,0.0,10.0,3.0,3.558161593754873,0.0,1.0986122886681096,2.0,0.40319456220014427,-0.06253429751872597,synthetic_00353,1
73.0,62.0,3.0,24.333333333333332,0.0,0.0,0.0,4.0,3.0,2.0,0.75,1.0,1.3862943611198906,3.0,1.0,3.0,1.0,0.0,1.0,0.0,0.0,1.0,2.0,0.0,1.0,0.25,0.25,0.0,0.0,11.0,2.0,4.180312670157326,0.0,1.252762968495368,0.75,0.6611294361119892,-1.1303514512225843,synthetic_00354,0
60.0,51.0,3.0,20.0,0.0,0.0,0.0,4.0,3.0,2.0,0.75,1.0,1.3862943611198906,3.0,1.0,3.0,1.0,0.0,1.0,0.0,0.0,1.0,2.0,0.0,1.0,0.25,0.25,0.0,0.0,5.0,0.0,3.9961121802280286,0.0,1.252762968495368,0.75,0.6611294361119892,-0.946150961293287,synthetic_00355,0
43.0,32.0,3.0,14.333333333333334,1.0,0.0,0.0,3.0,2.0,2.0,0.6666666666666666,1.0,1.0986122886681096,2.0,1.0,2.0,0.0,0.0,1.0,0.0,1.0,0.0,0.0,0.0,1.0,0.0,0.3333333333333333,0.0,0.0,10.0,3.0,3.558161593754873,0.0,1.0986122886681096,2.0,0.40319456220014427,-0.06253429751872597,synthetic_00356,1
54.0,45.0,3.0,18.0,0.0,0.0,0.0,3.0,2.0,2.0,0.6666666666666666,1.0,1.0986122886681096,2.0,1.0,2.0,0.0,0.0,1.0,0.0,1.0,0.0,0.0,0.0,1.0,0.0,0.3333333333333333,0.0,0.0,10.0,2.0,3.87325332614809,0.0,1.0986122886681096,2.0,0.40319456220014427,-0.37762602991194294,synthetic_00357,1
60.0,51.0,3.0,20.0,0.0,0.0,0.0,4.0,3.0,2.0,0.75,1.0,1.3862943611198906,3.0,1.0,3.0,1.0,0.0,1.0,0.0,0.0,1.0,2.0,0.0,1.0,0.25,0.25,0.0,0.0,5.0,0.0,3.9961121802280286,0.0,1.252762968495368,0.75,0.6611294361119892,-0.946150961293287,synthetic_00358,0
43.0,32.0,3.0,14.333333333333334,1.0,0.0,0.0,3.0,2.0,2.0,0.6666666666666666,1.0,1.0986122886681096,2.0,1.0,2.0,0.0,0.0,1.0,0.0,1.0,0.0,0.0,0.0,1.0,0.0,0.3333333333333333,0.0,0.0,10.0,3.0,3.558161593754873,0.0,1.0986122886681096,2.0,0.40319456220014427,-0.06253429751872597,synthetic_00359,1
54.0,45.0,3.0,18.0,0.0,0.0,0.0,3.0,2.0,2.0,0.6666666666666666,1.0,1.0986122886681096,2.0,1.0,2.0,0.0,0.0,1.0,0.0,1.0,0.0,0.0,0.0,1.0,0.0,0.3333333333333333,0.0,0.0,10.0,2.0,3.87325332614809,0.0,1.0986122886681096,2.0,0.40319456220014427,-0.37762602991194294,synthetic_00360,1
44.0,42.0,3.0,14.666666666666666,1.0,0.0,0.0,3.0,2.0,2.0,0.6666666666666666,1.0,1.0986122886681096,2.0,1.0,2.0,0.0,0.0,1.0,0.0,1.0,0.0,0.0,0.0,1.0,0.0,0.3333333333333333,0.0,0.0,4.0,0.0,3.808851476382645,0.0,1.0986122886681096,2.0,0.40319456220014427,-0.3132241801464981,synthetic_00361,1
43.0,32.0,3.0,14.333333333333334,1.0,0.0,0.0,3.0,2.0,2.0,0.6666666666666666,1.0,1.0986122886681096,2.0,1.0,2.0,0.0,0.0,1.0,0.0,1.0,0.0,0.0,0.0,1.0,0.0,0.3333333333333333,0.0,0.0,10.0,3.0,3.558161593754873,0.0,1.0986122886681096,2.0,0.40319456220014427,-0.06253429751872597,synthetic_00362,1
54.0,45.0,3.0,18.0,0.0,0.0,0.0,3.0,2.0,2.0,0.6666666666666666,1.0,1.0986122886681096,2.0,1.0,2.0,0.0,0.0,1.0,0.0,1.0,0.0,0.0,0.0,1.0,0.0,0.3333333333333333,0.0,0.0,10.0,2.0,3.87325332614809,0.0,1.0986122886681096,2.0,0.40319456220014427,-0.37762602991194294,synthetic_00363,1
44.0,42.0,3.0,14.666666666666666,1.0,0.0,0.0,3.0,2.0,2.0,0.6666666666666666,1.0,1.0986122886681096,2.0,1.0,2.0,0.0,0.0,1.0,0.0,1.0,0.0,0.0,0.0,1.0,0.0,0.3333333333333333,0.0,0.0,4.0,0.0,3.808851476382645,0.0,1.0986122886681096,2.0,0.40319456220014427,-0.3132241801464981,synthetic_00364,1
43.0,32.0,3.0,14.333333333333334,1.0,0.0,0.0,3.0,2.0,2.0,0.6666666666666666,1.0,1.0986122886681096,2.0,1.0,2.0,0.0,0.0,1.0,0.0,1.0,0.0,0.0,0.0,1.0,0.0,0.3333333333333333,0.0,0.0,10.0,3.0,3.558161593754873,0.0,1.0986122886681096,2.0,0.40319456220014427,-0.06253429751872597,synthetic_00365,1
54.0,45.0,3.0,18.0,0.0,0.0,0.0,3.0,2.0,2.0,0.6666666666666666,1.0,1.0986122886681096,2.0,1.0,2.0,0.0,0.0,1.0,0.0,1.0,0.0,0.0,0.0,1.0,0.0,0.3333333333333333,0.0,0.0,10.0,2.0,3.87325332614809,0.0,1.0986122886681096,2.0,0.40319456220014427,-0.37762602991194294,synthetic_00366,1
60.0,51.0,3.0,20.0,0.0,0.0,0.0,4.0,3.0,2.0,0.75,1.0,1.3862943611198906,3.0,1.0,3.0,1.0,0.0,1.0,0.0,0.0,1.0,2.0,0.0,1.0,0.25,0.25,0.0,0.0,5.0,0.0,3.9961121802280286,0.0,1.252762968495368,0.75,0.6611294361119892,-0.946150961293287,synthetic_00367,0
52.0,38.0,2.0,26.0,0.0,0.0,0.0,4.0,3.0,2.0,0.75,1.0,1.3862943611198906,3.0,1.0,3.0,1.0,0.0,1.0,0.0,0.0,1.0,2.0,0.0,1.0,0.25,0.25,0.0,0.0,8.0,7.0,3.72294977194154,0.0,1.252762968495368,0.75,0.6611294361119892,-0.6729885530067983,synthetic_00368,0
73.0,62.0,3.0,24.333333333333332,0.0,0.0,0.0,4.0,3.0,2.0,0.75,1.0,1.3862943611198906,3.0,1.0,3.0,1.0,0.0,1.0,0.0,0.0,1.0,2.0,0.0,1.0,0.25,0.25,0.0,0.0,11.0,2.0,4.180312670157326,0.0,1.252762968495368,0.75,0.6611294361119892,-1.1303514512225843,synthetic_00369,0
44.0,42.0,3.0,14.666666666666666,1.0,0.0,0.0,3.0,2.0,2.0,0.6666666666666666,1.0,1.0986122886681096,2.0,1.0,2.0,0.0,0.0,1.0,0.0,1.0,0.0,0.0,0.0,1.0,0.0,0.3333333333333333,0.0,0.0,4.0,0.0,3.808851476382645,0.0,1.0986122886681096,2.0,0.40319456220014427,-0.3132241801464981,synthetic_00370,1
43.0,32.0,3.0,14.333333333333334,1.0,0.0,0.0,3.0,2.0,2.0,0.6666666666666666,1.0,1.0986122886681096,2.0,1.0,2.0,0.0,0.0,1.0,0.0,1.0,0.0,0.0,0.0,1.0,0.0,0.3333333333333333,0.0,0.0,10.0,3.0,3.558161593754873,0.0,1.0986122886681096,2.0,0.40319456220014427,-0.06253429751872597,synthetic_00371,1
54.0,45.0,3.0,18.0,0.0,0.0,0.0,3.0,2.0,2.0,0.6666666666666666,1.0,1.0986122886681096,2.0,1.0,2.0,0.0,0.0,1.0,0.0,1.0,0.0,0.0,0.0,1.0,0.0,0.3333333333333333,0.0,0.0,10.0,2.0,3.87325332614809,0.0,1.0986122886681096,2.0,0.40319456220014427,-0.37762602991194294,synthetic_00372,1
60.0,51.0,3.0,20.0,0.0,0.0,0.0,4.0,3.0,2.0,0.75,1.0,1.3862943611198906,3.0,1.0,3.0,1.0,0.0,1.0,0.0,0.0,1.0,2.0,0.0,1.0,0.25,0.25,0.0,0.0,5.0,0.0,3.9961121802280286,0.0,1.252762968495368,0.75,0.6611294361119892,-0.946150961293287,synthetic_00373,0
43.0,32.0,3.0,14.333333333333334,1.0,0.0,0.0,3.0,2.0,2.0,0.6666666666666666,1.0,1.0986122886681096,2.0,1.0,2.0,0.0,0.0,1.0,0.0,1.0,0.0,0.0,0.0,1.0,0.0,0.3333333333333333,0.0,0.0,10.0,3.0,3.558161593754873,0.0,1.0986122886681096,2.0,0.40319456220014427,-0.06253429751872597,synthetic_00374,1
73.0,62.0,3.0,24.333333333333332,0.0,0.0,0.0,4.0,3.0,2.0,0.75,1.0,1.3862943611198906,3.0,1.0,3.0,1.0,0.0,1.0,0.0,0.0,1.0,2.0,0.0,1.0,0.25,0.25,0.0,0.0,11.0,2.0,4.180312670157326,0.0,1.252762968495368,0.75,0.6611294361119892,-1.1303514512225843,synthetic_00375,0
44.0,42.0,3.0,14.666666666666666,1.0,0.0,0.0,3.0,2.0,2.0,0.6666666666666666,1.0,1.0986122886681096,2.0,1.0,2.0,0.0,0.0,1.0,0.0,1.0,0.0,0.0,0.0,1.0,0.0,0.3333333333333333,0.0,0.0,4.0,0.0,3.808851476382645,0.0,1.0986122886681096,2.0,0.40319456220014427,-0.3132241801464981,synthetic_00376,1
43.0,32.0,3.0,14.333333333333334,1.0,0.0,0.0,3.0,2.0,2.0,0.6666666666666666,1.0,1.0986122886681096,2.0,1.0,2.0,0.0,0.0,1.0,0.0,1.0,0.0,0.0,0.0,1.0,0.0,0.3333333333333333,0.0,0.0,10.0,3.0,3.558161593754873,0.0,1.0986122886681096,2.0,0.40319456220014427,-0.06253429751872597,synthetic_00377,1
73.0,62.0,3.0,24.333333333333332,0.0,0.0,0.0,4.0,3.0,2.0,0.75,1.0,1.3862943611198906,3.0,1.0,3.0,1.0,0.0,1.0,0.0,0.0,1.0,2.0,0.0,1.0,0.25,0.25,0.0,0.0,11.0,2.0,4.180312670157326,0.0,1.252762968495368,0.75,0.6611294361119892,-1.1303514512225843,synthetic_00378,0
60.0,51.0,3.0,20.0,0.0,0.0,0.0,4.0,3.0,2.0,0.75,1.0,1.3862943611198906,3.0,1.0,3.0,1.0,0.0,1.0,0.0,0.0,1.0,2.0,0.0,1.0,0.25,0.25,0.0,0.0,5.0,0.0,3.9961121802280286,0.0,1.252762968495368,0.75,0.6611294361119892,-0.946150961293287,synthetic_00379,0
52.0,38.0,2.0,26.0,0.0,0.0,0.0,4.0,3.0,2.0,0.75,1.0,1.3862943611198906,3.0,1.0,3.0,1.0,0.0,1.0,0.0,0.0,1.0,2.0,0.0,1.0,0.25,0.25,0.0,0.0,8.0,7.0,3.72294977194154,0.0,1.252762968495368,0.75,0.6611294361119892,-0.6729885530067983,synthetic_00380,0
54.0,45.0,3.0,18.0,0.0,0.0,0.0,3.0,2.0,2.0,0.6666666666666666,1.0,1.0986122886681096,2.0,1.0,2.0,0.0,0.0,1.0,0.0,1.0,0.0,0.0,0.0,1.0,0.0,0.3333333333333333,0.0,0.0,10.0,2.0,3.87325332614809,0.0,1.0986122886681096,2.0,0.40319456220014427,-0.37762602991194294,synthetic_00381,1
44.0,42.0,3.0,14.666666666666666,1.0,0.0,0.0,3.0,2.0,2.0,0.6666666666666666,1.0,1.0986122886681096,2.0,1.0,2.0,0.0,0.0,1.0,0.0,1.0,0.0,0.0,0.0,1.0,0.0,0.3333333333333333,0.0,0.0,4.0,0.0,3.808851476382645,0.0,1.0986122886681096,2.0,0.40319456220014427,-0.3132241801464981,synthetic_00382,1
43.0,32.0,3.0,14.333333333333334,1.0,0.0,0.0,3.0,2.0,2.0,0.6666666666666666,1.0,1.0986122886681096,2.0,1.0,2.0,0.0,0.0,1.0,0.0,1.0,0.0,0.0,0.0,1.0,0.0,0.3333333333333333,0.0,0.0,10.0,3.0,3.558161593754873,0.0,1.0986122886681096,2.0,0.40319456220014427,-0.06253429751872597,synthetic_00383,1
54.0,45.0,3.0,18.0,0.0,0.0,0.0,3.0,2.0,2.0,0.6666666666666666,1.0,1.0986122886681096,2.0,1.0,2.0,0.0,0.0,1.0,0.0,1.0,0.0,0.0,0.0,1.0,0.0,0.3333333333333333,0.0,0.0,10.0,2.0,3.87325332614809,0.0,1.0986122886681096,2.0,0.40319456220014427,-0.37762602991194294,synthetic_00384,1
44.0,42.0,3.0,14.666666666666666,1.0,0.0,0.0,3.0,2.0,2.0,0.6666666666666666,1.0,1.0986122886681096,2.0,1.0,2.0,0.0,0.0,1.0,0.0,1.0,0.0,0.0,0.0,1.0,0.0,0.3333333333333333,0.0,0.0,4.0,0.0,3.808851476382645,0.0,1.0986122886681096,2.0,0.40319456220014427,-0.3132241801464981,synthetic_00385,1
52.0,38.0,2.0,26.0,0.0,0.0,0.0,4.0,3.0,2.0,0.75,1.0,1.3862943611198906,3.0,1.0,3.0,1.0,0.0,1.0,0.0,0.0,1.0,2.0,0.0,1.0,0.25,0.25,0.0,0.0,8.0,7.0,3.72294977194154,0.0,1.252762968495368,0.75,0.6611294361119892,-0.6729885530067983,synthetic_00386,0
54.0,45.0,3.0,18.0,0.0,0.0,0.0,3.0,2.0,2.0,0.6666666666666666,1.0,1.0986122886681096,2.0,1.0,2.0,0.0,0.0,1.0,0.0,1.0,0.0,0.0,0.0,1.0,0.0,0.3333333333333333,0.0,0.0,10.0,2.0,3.87325332614809,0.0,1.0986122886681096,2.0,0.40319456220014427,-0.37762602991194294,synthetic_00387,1
60.0,51.0,3.0,20.0,0.0,0.0,0.0,4.0,3.0,2.0,0.75,1.0,1.3862943611198906,3.0,1.0,3.0,1.0,0.0,1.0,0.0,0.0,1.0,2.0,0.0,1.0,0.25,0.25,0.0,0.0,5.0,0.0,3.9961121802280286,0.0,1.252762968495368,0.75,0.6611294361119892,-0.946150961293287,synthetic_00388,0
52.0,38.0,2.0,26.0,0.0,0.0,0.0,4.0,3.0,2.0,0.75,1.0,1.3862943611198906,3.0,1.0,3.0,1.0,0.0,1.0,0.0,0.0,1.0,2.0,0.0,1.0,0.25,0.25,0.0,0.0,8.0,7.0,3.72294977194154,0.0,1.252762968495368,0.75,0.6611294361119892,-0.6729885530067983,synthetic_00389,0
73.0,62.0,3.0,24.333333333333332,0.0,0.0,0.0,4.0,3.0,2.0,0.75,1.0,1.3862943611198906,3.0,1.0,3.0,1.0,0.0,1.0,0.0,0.0,1.0,2.0,0.0,1.0,0.25,0.25,0.0,0.0,11.0,2.0,4.180312670157326,0.0,1.252762968495368,0.75,0.6611294361119892,-1.1303514512225843,synthetic_00390,0
44.0,42.0,3.0,14.666666666666666,1.0,0.0,0.0,3.0,2.0,2.0,0.6666666666666666,1.0,1.0986122886681096,2.0,1.0,2.0,0.0,0.0,1.0,0.0,1.0,0.0,0.0,0.0,1.0,0.0,0.3333333333333333,0.0,0.0,4.0,0.0,3.808851476382645,0.0,1.0986122886681096,2.0,0.40319456220014427,-0.3132241801464981,synthetic_00391,1
52.0,38.0,2.0,26.0,0.0,0.0,0.0,4.0,3.0,2.0,0.75,1.0,1.3862943611198906,3.0,1.0,3.0,1.0,0.0,1.0,0.0,0.0,1.0,2.0,0.0,1.0,0.25,0.25,0.0,0.0,8.0,7.0,3.72294977194154,0.0,1.252762968495368,0.75,0.6611294361119892,-0.6729885530067983,synthetic_00392,0
54.0,45.0,3.0,18.0,0.0,0.0,0.0,3.0,2.0,2.0,0.6666666666666666,1.0,1.0986122886681096,2.0,1.0,2.0,0.0,0.0,1.0,0.0,1.0,0.0,0.0,0.0,1.0,0.0,0.3333333333333333,0.0,0.0,10.0,2.0,3.87325332614809,0.0,1.0986122886681096,2.0,0.40319456220014427,-0.37762602991194294,synthetic_00393,1
44.0,42.0,3.0,14.666666666666666,1.0,0.0,0.0,3.0,2.0,2.0,0.6666666666666666,1.0,1.0986122886681096,2.0,1.0,2.0,0.0,0.0,1.0,0.0,1.0,0.0,0.0,0.0,1.0,0.0,0.3333333333333333,0.0,0.0,4.0,0.0,3.808851476382645,0.0,1.0986122886681096,2.0,0.40319456220014427,-0.3132241801464981,synthetic_00394,1
43.0,32.0,3.0,14.333333333333334,1.0,0.0,0.0,3.0,2.0,2.0,0.6666666666666666,1.0,1.0986122886681096,2.0,1.0,2.0,0.0,0.0,1.0,0.0,1.0,0.0,0.0,0.0,1.0,0.0,0.3333333333333333,0.0,0.0,10.0,3.0,3.558161593754873,0.0,1.0986122886681096,2.0,0.40319456220014427,-0.06253429751872597,synthetic_00395,1
54.0,45.0,3.0,18.0,0.0,0.0,0.0,3.0,2.0,2.0,0.6666666666666666,1.0,1.0986122886681096,2.0,1.0,2.0,0.0,0.0,1.0,0.0,1.0,0.0,0.0,0.0,1.0,0.0,0.3333333333333333,0.0,0.0,10.0,2.0,3.87325332614809,0.0,1.0986122886681096,2.0,0.40319456220014427,-0.37762602991194294,synthetic_00396,1
44.0,42.0,3.0,14.666666666666666,1.0,0.0,0.0,3.0,2.0,2.0,0.6666666666666666,1.0,1.0986122886681096,2.0,1.0,2.0,0.0,0.0,1.0,0.0,1.0,0.0,0.0,0.0,1.0,0.0,0.3333333333333333,0.0,0.0,4.0,0.0,3.808851476382645,0.0,1.0986122886681096,2.0,0.40319456220014427,-0.3132241801464981,synthetic_00397,1
43.0,32.0,3.0,14.333333333333334,1.0,0.0,0.0,3.0,2.0,2.0,0.6666666666666666,1.0,1.0986122886681096,2.0,1.0,2.0,0.0,0.0,1.0,0.0,1.0,0.0,0.0,0.0,1.0,0.0,0.3333333333333333,0.0,0.0,10.0,3.0,3.558161593754873,0.0,1.0986122886681096,2.0,0.40319456220014427,-0.06253429751872597,synthetic_00398,1
54.0,45.0,3.0,18.0,0.0,0.0,0.0,3.0,2.0,2.0,0.6666666666666666,1.0,1.0986122886681096,2.0,1.0,2.0,0.0,0.0,1.0,0.0,1.0,0.0,0.0,0.0,1.0,0.0,0.3333333333333333,0.0,0.0,10.0,2.0,3.87325332614809,0.0,1.0986122886681096,2.0,0.40319456220014427,-0.37762602991194294,synthetic_00399,1
60.0,51.0,3.0,20.0,0.0,0.0,0.0,4.0,3.0,2.0,0.75,1.0,1.3862943611198906,3.0,1.0,3.0,1.0,0.0,1.0,0.0,0.0,1.0,2.0,0.0,1.0,0.25,0.25,0.0,0.0,5.0,0.0,3.9961121802280286,0.0,1.252762968495368,0.75,0.6611294361119892,-0.946150961293287,synthetic_00400,0
43.0,32.0,3.0,14.333333333333334,1.0,0.0,0.0,3.0,2.0,2.0,0.6666666666666666,1.0,1.0986122886681096,2.0,1.0,2.0,0.0,0.0,1.0,0.0,1.0,0.0,0.0,0.0,1.0,0.0,0.3333333333333333,0.0,0.0,10.0,3.0,3.558161593754873,0.0,1.0986122886681096,2.0,0.40319456220014427,-0.06253429751872597,synthetic_00401,1
73.0,62.0,3.0,24.333333333333332,0.0,0.0,0.0,4.0,3.0,2.0,0.75,1.0,1.3862943611198906,3.0,1.0,3.0,1.0,0.0,1.0,0.0,0.0,1.0,2.0,0.0,1.0,0.25,0.25,0.0,0.0,11.0,2.0,4.180312670157326,0.0,1.252762968495368,0.75,0.6611294361119892,-1.1303514512225843,synthetic_00402,0
44.0,42.0,3.0,14.666666666666666,1.0,0.0,0.0,3.0,2.0,2.0,0.6666666666666666,1.0,1.0986122886681096,2.0,1.0,2.0,0.0,0.0,1.0,0.0,1.0,0.0,0.0,0.0,1.0,0.0,0.3333333333333333,0.0,0.0,4.0,0.0,3.808851476382645,0.0,1.0986122886681096,2.0,0.40319456220014427,-0.3132241801464981,synthetic_00403,1
52.0,38.0,2.0,26.0,0.0,0.0,0.0,4.0,3.0,2.0,0.75,1.0,1.3862943611198906,3.0,1.0,3.0,1.0,0.0,1.0,0.0,0.0,1.0,2.0,0.0,1.0,0.25,0.25,0.0,0.0,8.0,7.0,3.72294977194154,0.0,1.252762968495368,0.75,0.6611294361119892,-0.6729885530067983,synthetic_00404,0
73.0,62.0,3.0,24.333333333333332,0.0,0.0,0.0,4.0,3.0,2.0,0.75,1.0,1.3862943611198906,3.0,1.0,3.0,1.0,0.0,1.0,0.0,0.0,1.0,2.0,0.0,1.0,0.25,0.25,0.0,0.0,11.0,2.0,4.180312670157326,0.0,1.252762968495368,0.75,0.6611294361119892,-1.1303514512225843,synthetic_00405,0
44.0,42.0,3.0,14.666666666666666,1.0,0.0,0.0,3.0,2.0,2.0,0.6666666666666666,1.0,1.0986122886681096,2.0,1.0,2.0,0.0,0.0,1.0,0.0,1.0,0.0,0.0,0.0,1.0,0.0,0.3333333333333333,0.0,0.0,4.0,0.0,3.808851476382645,0.0,1.0986122886681096,2.0,0.40319456220014427,-0.3132241801464981,synthetic_00406,1
43.0,32.0,3.0,14.333333333333334,1.0,0.0,0.0,3.0,2.0,2.0,0.6666666666666666,1.0,1.0986122886681096,2.0,1.0,2.0,0.0,0.0,1.0,0.0,1.0,0.0,0.0,0.0,1.0,0.0,0.3333333333333333,0.0,0.0,10.0,3.0,3.558161593754873,0.0,1.0986122886681096,2.0,0.40319456220014427,-0.06253429751872597,synthetic_00407,1
73.0,62.0,3.0,24.333333333333332,0.0,0.0,0.0,4.0,3.0,2.0,0.75,1.0,1.3862943611198906,3.0,1.0,3.0,1.0,0.0,1.0,0.0,0.0,1.0,2.0,0.0,1.0,0.25,0.25,0.0,0.0,11.0,2.0,4.180312670157326,0.0,1.252762968495368,0.75,0.6611294361119892,-1.1303514512225843,synthetic_00408,0
44.0,42.0,3.0,14.666666666666666,1.0,0.0,0.0,3.0,2.0,2.0,0.6666666666666666,1.0,1.0986122886681096,2.0,1.0,2.0,0.0,0.0,1.0,0.0,1.0,0.0,0.0,0.0,1.0,0.0,0.3333333333333333,0.0,0.0,4.0,0.0,3.808851476382645,0.0,1.0986122886681096,2.0,0.40319456220014427,-0.3132241801464981,synthetic_00409,1
43.0,32.0,3.0,14.333333333333334,1.0,0.0,0.0,3.0,2.0,2.0,0.6666666666666666,1.0,1.0986122886681096,2.0,1.0,2.0,0.0,0.0,1.0,0.0,1.0,0.0,0.0,0.0,1.0,0.0,0.3333333333333333,0.0,0.0,10.0,3.0,3.558161593754873,0.0,1.0986122886681096,2.0,0.40319456220014427,-0.06253429751872597,synthetic_00410,1
54.0,45.0,3.0,18.0,0.0,0.0,0.0,3.0,2.0,2.0,0.6666666666666666,1.0,1.0986122886681096,2.0,1.0,2.0,0.0,0.0,1.0,0.0,1.0,0.0,0.0,0.0,1.0,0.0,0.3333333333333333,0.0,0.0,10.0,2.0,3.87325332614809,0.0,1.0986122886681096,2.0,0.40319456220014427,-0.37762602991194294,synthetic_00411,1
60.0,51.0,3.0,20.0,0.0,0.0,0.0,4.0,3.0,2.0,0.75,1.0,1.3862943611198906,3.0,1.0,3.0,1.0,0.0,1.0,0.0,0.0,1.0,2.0,0.0,1.0,0.25,0.25,0.0,0.0,5.0,0.0,3.9961121802280286,0.0,1.252762968495368,0.75,0.6611294361119892,-0.946150961293287,synthetic_00412,0
52.0,38.0,2.0,26.0,0.0,0.0,0.0,4.0,3.0,2.0,0.75,1.0,1.3862943611198906,3.0,1.0,3.0,1.0,0.0,1.0,0.0,0.0,1.0,2.0,0.0,1.0,0.25,0.25,0.0,0.0,8.0,7.0,3.72294977194154,0.0,1.252762968495368,0.75,0.6611294361119892,-0.6729885530067983,synthetic_00413,0
54.0,45.0,3.0,18.0,0.0,0.0,0.0,3.0,2.0,2.0,0.6666666666666666,1.0,1.0986122886681096,2.0,1.0,2.0,0.0,0.0,1.0,0.0,1.0,0.0,0.0,0.0,1.0,0.0,0.3333333333333333,0.0,0.0,10.0,2.0,3.87325332614809,0.0,1.0986122886681096,2.0,0.40319456220014427,-0.37762602991194294,synthetic_00414,1
60.0,51.0,3.0,20.0,0.0,0.0,0.0,4.0,3.0,2.0,0.75,1.0,1.3862943611198906,3.0,1.0,3.0,1.0,0.0,1.0,0.0,0.0,1.0,2.0,0.0,1.0,0.25,0.25,0.0,0.0,5.0,0.0,3.9961121802280286,0.0,1.252762968495368,0.75,0.6611294361119892,-0.946150961293287,synthetic_00415,0
43.0,32.0,3.0,14.333333333333334,1.0,0.0,0.0,3.0,2.0,2.0,0.6666666666666666,1.0,1.0986122886681096,2.0,1.0,2.0,0.0,0.0,1.0,0.0,1.0,0.0,0.0,0.0,1.0,0.0,0.3333333333333333,0.0,0.0,10.0,3.0,3.558161593754873,0.0,1.0986122886681096,2.0,0.40319456220014427,-0.06253429751872597,synthetic_00416,1
73.0,62.0,3.0,24.333333333333332,0.0,0.0,0.0,4.0,3.0,2.0,0.75,1.0,1.3862943611198906,3.0,1.0,3.0,1.0,0.0,1.0,0.0,0.0,1.0,2.0,0.0,1.0,0.25,0.25,0.0,0.0,11.0,2.0,4.180312670157326,0.0,1.252762968495368,0.75,0.6611294361119892,-1.1303514512225843,synthetic_00417,0
44.0,42.0,3.0,14.666666666666666,1.0,0.0,0.0,3.0,2.0,2.0,0.6666666666666666,1.0,1.0986122886681096,2.0,1.0,2.0,0.0,0.0,1.0,0.0,1.0,0.0,0.0,0.0,1.0,0.0,0.3333333333333333,0.0,0.0,4.0,0.0,3.808851476382645,0.0,1.0986122886681096,2.0,0.40319456220014427,-0.3132241801464981,synthetic_00418,1
52.0,38.0,2.0,26.0,0.0,0.0,0.0,4.0,3.0,2.0,0.75,1.0,1.3862943611198906,3.0,1.0,3.0,1.0,0.0,1.0,0.0,0.0,1.0,2.0,0.0,1.0,0.25,0.25,0.0,0.0,8.0,7.0,3.72294977194154,0.0,1.252762968495368,0.75,0.6611294361119892,-0.6729885530067983,synthetic_00419,0
73.0,62.0,3.0,24.333333333333332,0.0,0.0,0.0,4.0,3.0,2.0,0.75,1.0,1.3862943611198906,3.0,1.0,3.0,1.0,0.0,1.0,0.0,0.0,1.0,2.0,0.0,1.0,0.25,0.25,0.0,0.0,11.0,2.0,4.180312670157326,0.0,1.252762968495368,0.75,0.6611294361119892,-1.1303514512225843,synthetic_00420,0
44.0,42.0,3.0,14.666666666666666,1.0,0.0,0.0,3.0,2.0,2.0,0.6666666666666666,1.0,1.0986122886681096,2.0,1.0,2.0,0.0,0.0,1.0,0.0,1.0,0.0,0.0,0.0,1.0,0.0,0.3333333333333333,0.0,0.0,4.0,0.0,3.808851476382645,0.0,1.0986122886681096,2.0,0.40319456220014427,-0.3132241801464981,synthetic_00421,1
52.0,38.0,2.0,26.0,0.0,0.0,0.0,4.0,3.0,2.0,0.75,1.0,1.3862943611198906,3.0,1.0,3.0,1.0,0.0,1.0,0.0,0.0,1.0,2.0,0.0,1.0,0.25,0.25,0.0,0.0,8.0,7.0,3.72294977194154,0.0,1.252762968495368,0.75,0.6611294361119892,-0.6729885530067983,synthetic_00422,0
73.0,62.0,3.0,24.333333333333332,0.0,0.0,0.0,4.0,3.0,2.0,0.75,1.0,1.3862943611198906,3.0,1.0,3.0,1.0,0.0,1.0,0.0,0.0,1.0,2.0,0.0,1.0,0.25,0.25,0.0,0.0,11.0,2.0,4.180312670157326,0.0,1.252762968495368,0.75,0.6611294361119892,-1.1303514512225843,synthetic_00423,0
60.0,51.0,3.0,20.0,0.0,0.0,0.0,4.0,3.0,2.0,0.75,1.0,1.3862943611198906,3.0,1.0,3.0,1.0,0.0,1.0,0.0,0.0,1.0,2.0,0.0,1.0,0.25,0.25,0.0,0.0,5.0,0.0,3.9961121802280286,0.0,1.252762968495368,0.75,0.6611294361119892,-0.946150961293287,synthetic_00424,0
43.0,32.0,3.0,14.333333333333334,1.0,0.0,0.0,3.0,2.0,2.0,0.6666666666666666,1.0,1.0986122886681096,2.0,1.0,2.0,0.0,0.0,1.0,0.0,1.0,0.0,0.0,0.0,1.0,0.0,0.3333333333333333,0.0,0.0,10.0,3.0,3.558161593754873,0.0,1.0986122886681096,2.0,0.40319456220014427,-0.06253429751872597,synthetic_00425,1
73.0,62.0,3.0,24.333333333333332,0.0,0.0,0.0,4.0,3.0,2.0,0.75,1.0,1.3862943611198906,3.0,1.0,3.0,1.0,0.0,1.0,0.0,0.0,1.0,2.0,0.0,1.0,0.25,0.25,0.0,0.0,11.0,2.0,4.180312670157326,0.0,1.252762968495368,0.75,0.6611294361119892,-1.1303514512225843,synthetic_00426,0
60.0,51.0,3.0,20.0,0.0,0.0,0.0,4.0,3.0,2.0,0.75,1.0,1.3862943611198906,3.0,1.0,3.0,1.0,0.0,1.0,0.0,0.0,1.0,2.0,0.0,1.0,0.25,0.25,0.0,0.0,5.0,0.0,3.9961121802280286,0.0,1.252762968495368,0.75,0.6611294361119892,-0.946150961293287,synthetic_00427,0
52.0,38.0,2.0,26.0,0.0,0.0,0.0,4.0,3.0,2.0,0.75,1.0,1.3862943611198906,3.0,1.0,3.0,1.0,0.0,1.0,0.0,0.0,1.0,2.0,0.0,1.0,0.25,0.25,0.0,0.0,8.0,7.0,3.72294977194154,0.0,1.252762968495368,0.75,0.6611294361119892,-0.6729885530067983,synthetic_00428,0
54.0,45.0,3.0,18.0,0.0,0.0,0.0,3.0,2.0,2.0,0.6666666666666666,1.0,1.0986122886681096,2.0,1.0,2.0,0.0,0.0,1.0,0.0,1.0,0.0,0.0,0.0,1.0,0.0,0.3333333333333333,0.0,0.0,10.0,2.0,3.87325332614809,0.0,1.0986122886681096,2.0,0.40319456220014427,-0.37762602991194294,synthetic_00429,1
44.0,42.0,3.0,14.666666666666666,1.0,0.0,0.0,3.0,2.0,2.0,0.6666666666666666,1.0,1.0986122886681096,2.0,1.0,2.0,0.0,0.0,1.0,0.0,1.0,0.0,0.0,0.0,1.0,0.0,0.3333333333333333,0.0,0.0,4.0,0.0,3.808851476382645,0.0,1.0986122886681096,2.0,0.40319456220014427,-0.3132241801464981,synthetic_00430,1
52.0,38.0,2.0,26.0,0.0,0.0,0.0,4.0,3.0,2.0,0.75,1.0,1.3862943611198906,3.0,1.0,3.0,1.0,0.0,1.0,0.0,0.0,1.0,2.0,0.0,1.0,0.25,0.25,0.0,0.0,8.0,7.0,3.72294977194154,0.0,1.252762968495368,0.75,0.6611294361119892,-0.6729885530067983,synthetic_00431,0
54.0,45.0,3.0,18.0,0.0,0.0,0.0,3.0,2.0,2.0,0.6666666666666666,1.0,1.0986122886681096,2.0,1.0,2.0,0.0,0.0,1.0,0.0,1.0,0.0,0.0,0.0,1.0,0.0,0.3333333333333333,0.0,0.0,10.0,2.0,3.87325332614809,0.0,1.0986122886681096,2.0,0.40319456220014427,-0.37762602991194294,synthetic_00432,1
44.0,42.0,3.0,14.666666666666666,1.0,0.0,0.0,3.0,2.0,2.0,0.6666666666666666,1.0,1.0986122886681096,2.0,1.0,2.0,0.0,0.0,1.0,0.0,1.0,0.0,0.0,0.0,1.0,0.0,0.3333333333333333,0.0,0.0,4.0,0.0,3.808851476382645,0.0,1.0986122886681096,2.0,0.40319456220014427,-0.3132241801464981,synthetic_00433,1
52.0,38.0,2.0,26.0,0.0,0.0,0.0,4.0,3.0,2.0,0.75,1.0,1.3862943611198906,3.0,1.0,3.0,1.0,0.0,1.0,0.0,0.0,1.0,2.0,0.0,1.0,0.25,0.25,0.0,0.0,8.0,7.0,3.72294977194154,0.0,1.252762968495368,0.75,0.6611294361119892,-0.6729885530067983,synthetic_00434,0
54.0,45.0,3.0,18.0,0.0,0.0,0.0,3.0,2.0,2.0,0.6666666666666666,1.0,1.0986122886681096,2.0,1.0,2.0,0.0,0.0,1.0,0.0,1.0,0.0,0.0,0.0,1.0,0.0,0.3333333333333333,0.0,0.0,10.0,2.0,3.87325332614809,0.0,1.0986122886681096,2.0,0.40319456220014427,-0.37762602991194294,synthetic_00435,1
44.0,42.0,3.0,14.666666666666666,1.0,0.0,0.0,3.0,2.0,2.0,0.6666666666666666,1.0,1.0986122886681096,2.0,1.0,2.0,0.0,0.0,1.0,0.0,1.0,0.0,0.0,0.0,1.0,0.0,0.3333333333333333,0.0,0.0,4.0,0.0,3.808851476382645,0.0,1.0986122886681096,2.0,0.40319456220014427,-0.3132241801464981,synthetic_00436,1
52.0,38.0,2.0,26.0,0.0,0.0,0.0,4.0,3.0,2.0,0.75,1.0,1.3862943611198906,3.0,1.0,3.0,1.0,0.0,1.0,0.0,0.0,1.0,2.0,0.0,1.0,0.25,0.25,0.0,0.0,8.0,7.0,3.72294977194154,0.0,1.252762968495368,0.75,0.6611294361119892,-0.6729885530067983,synthetic_00437,0
73.0,62.0,3.0,24.333333333333332,0.0,0.0,0.0,4.0,3.0,2.0,0.75,1.0,1.3862943611198906,3.0,1.0,3.0,1.0,0.0,1.0,0.0,0.0,1.0,2.0,0.0,1.0,0.25,0.25,0.0,0.0,11.0,2.0,4.180312670157326,0.0,1.252762968495368,0.75,0.6611294361119892,-1.1303514512225843,synthetic_00438,0
60.0,51.0,3.0,20.0,0.0,0.0,0.0,4.0,3.0,2.0,0.75,1.0,1.3862943611198906,3.0,1.0,3.0,1.0,0.0,1.0,0.0,0.0,1.0,2.0,0.0,1.0,0.25,0.25,0.0,0.0,5.0,0.0,3.9961121802280286,0.0,1.252762968495368,0.75,0.6611294361119892,-0.946150961293287,synthetic_00439,0
43.0,32.0,3.0,14.333333333333334,1.0,0.0,0.0,3.0,2.0,2.0,0.6666666666666666,1.0,1.0986122886681096,2.0,1.0,2.0,0.0,0.0,1.0,0.0,1.0,0.0,0.0,0.0,1.0,0.0,0.3333333333333333,0.0,0.0,10.0,3.0,3.558161593754873,0.0,1.0986122886681096,2.0,0.40319456220014427,-0.06253429751872597,synthetic_00440,1
54.0,45.0,3.0,18.0,0.0,0.0,0.0,3.0,2.0,2.0,0.6666666666666666,1.0,1.0986122886681096,2.0,1.0,2.0,0.0,0.0,1.0,0.0,1.0,0.0,0.0,0.0,1.0,0.0,0.3333333333333333,0.0,0.0,10.0,2.0,3.87325332614809,0.0,1.0986122886681096,2.0,0.40319456220014427,-0.37762602991194294,synthetic_00441,1
44.0,42.0,3.0,14.666666666666666,1.0,0.0,0.0,3.0,2.0,2.0,0.6666666666666666,1.0,1.0986122886681096,2.0,1.0,2.0,0.0,0.0,1.0,0.0,1.0,0.0,0.0,0.0,1.0,0.0,0.3333333333333333,0.0,0.0,4.0,0.0,3.808851476382645,0.0,1.0986122886681096,2.0,0.40319456220014427,-0.3132241801464981,synthetic_00442,1
43.0,32.0,3.0,14.333333333333334,1.0,0.0,0.0,3.0,2.0,2.0,0.6666666666666666,1.0,1.0986122886681096,2.0,1.0,2.0,0.0,0.0,1.0,0.0,1.0,0.0,0.0,0.0,1.0,0.0,0.3333333333333333,0.0,0.0,10.0,3.0,3.558161593754873,0.0,1.0986122886681096,2.0,0.40319456220014427,-0.06253429751872597,synthetic_00443,1
73.0,62.0,3.0,24.333333333333332,0.0,0.0,0.0,4.0,3.0,2.0,0.75,1.0,1.3862943611198906,3.0,1.0,3.0,1.0,0.0,1.0,0.0,0.0,1.0,2.0,0.0,1.0,0.25,0.25,0.0,0.0,11.0,2.0,4.180312670157326,0.0,1.252762968495368,0.75,0.6611294361119892,-1.1303514512225843,synthetic_00444,0
44.0,42.0,3.0,14.666666666666666,1.0,0.0,0.0,3.0,2.0,2.0,0.6666666666666666,1.0,1.0986122886681096,2.0,1.0,2.0,0.0,0.0,1.0,0.0,1.0,0.0,0.0,0.0,1.0,0.0,0.3333333333333333,0.0,0.0,4.0,0.0,3.808851476382645,0.0,1.0986122886681096,2.0,0.40319456220014427,-0.3132241801464981,synthetic_00445,1
52.0,38.0,2.0,26.0,0.0,0.0,0.0,4.0,3.0,2.0,0.75,1.0,1.3862943611198906,3.0,1.0,3.0,1.0,0.0,1.0,0.0,0.0,1.0,2.0,0.0,1.0,0.25,0.25,0.0,0.0,8.0,7.0,3.72294977194154,0.0,1.252762968495368,0.75,0.6611294361119892,-0.6729885530067983,synthetic_00446,0
54.0,45.0,3.0,18.0,0.0,0.0,0.0,3.0,2.0,2.0,0.6666666666666666,1.0,1.0986122886681096,2.0,1.0,2.0,0.0,0.0,1.0,0.0,1.0,0.0,0.0,0.0,1.0,0.0,0.3333333333333333,0.0,0.0,10.0,2.0,3.87325332614809,0.0,1.0986122886681096,2.0,0.40319456220014427,-0.37762602991194294,synthetic_00447,1
44.0,42.0,3.0,14.666666666666666,1.0,0.0,0.0,3.0,2.0,2.0,0.6666666666666666,1.0,1.0986122886681096,2.0,1.0,2.0,0.0,0.0,1.0,0.0,1.0,0.0,0.0,0.0,1.0,0.0,0.3333333333333333,0.0,0.0,4.0,0.0,3.808851476382645,0.0,1.0986122886681096,2.0,0.40319456220014427,-0.3132241801464981,synthetic_00448,1
43.0,32.0,3.0,14.333333333333334,1.0,0.0,0.0,3.0,2.0,2.0,0.6666666666666666,1.0,1.0986122886681096,2.0,1.0,2.0,0.0,0.0,1.0,0.0,1.0,0.0,0.0,0.0,1.0,0.0,0.3333333333333333,0.0,0.0,10.0,3.0,3.558161593754873,0.0,1.0986122886681096,2.0,0.40319456220014427,-0.06253429751872597,synthetic_00449,1
54.0,45.0,3.0,18.0,0.0,0.0,0.0,3.0,2.0,2.0,0.6666666666666666,1.0,1.0986122886681096,2.0,1.0,2.0,0.0,0.0,1.0,0.0,1.0,0.0,0.0,0.0,1.0,0.0,0.3333333333333333,0.0,0.0,10.0,2.0,3.87325332614809,0.0,1.0986122886681096,2.0,0.40319456220014427,-0.37762602991194294,synthetic_00450,1
44.0,42.0,3.0,14.666666666666666,1.0,0.0,0.0,3.0,2.0,2.0,0.6666666666666666,1.0,1.0986122886681096,2.0,1.0,2.0,0.0,0.0,1.0,0.0,1.0,0.0,0.0,0.0,1.0,0.0,0.3333333333333333,0.0,0.0,4.0,0.0,3.808851476382645,0.0,1.0986122886681096,2.0,0.40319456220014427,-0.3132241801464981,synthetic_00451,1
52.0,38.0,2.0,26.0,0.0,0.0,0.0,4.0,3.0,2.0,0.75,1.0,1.3862943611198906,3.0,1.0,3.0,1.0,0.0,1.0,0.0,0.0,1.0,2.0,0.0,1.0,0.25,0.25,0.0,0.0,8.0,7.0,3.72294977194154,0.0,1.252762968495368,0.75,0.6611294361119892,-0.6729885530067983,synthetic_00452,0
54.0,45.0,3.0,18.0,0.0,0.0,0.0,3.0,2.0,2.0,0.6666666666666666,1.0,1.0986122886681096,2.0,1.0,2.0,0.0,0.0,1.0,0.0,1.0,0.0,0.0,0.0,1.0,0.0,0.3333333333333333,0.0,0.0,10.0,2.0,3.87325332614809,0.0,1.0986122886681096,2.0,0.40319456220014427,-0.37762602991194294,synthetic_00453,1
60.0,51.0,3.0,20.0,0.0,0.0,0.0,4.0,3.0,2.0,0.75,1.0,1.3862943611198906,3.0,1.0,3.0,1.0,0.0,1.0,0.0,0.0,1.0,2.0,0.0,1.0,0.25,0.25,0.0,0.0,5.0,0.0,3.9961121802280286,0.0,1.252762968495368,0.75,0.6611294361119892,-0.946150961293287,synthetic_00454,0
52.0,38.0,2.0,26.0,0.0,0.0,0.0,4.0,3.0,2.0,0.75,1.0,1.3862943611198906,3.0,1.0,3.0,1.0,0.0,1.0,0.0,0.0,1.0,2.0,0.0,1.0,0.25,0.25,0.0,0.0,8.0,7.0,3.72294977194154,0.0,1.252762968495368,0.75,0.6611294361119892,-0.6729885530067983,synthetic_00455,0
73.0,62.0,3.0,24.333333333333332,0.0,0.0,0.0,4.0,3.0,2.0,0.75,1.0,1.3862943611198906,3.0,1.0,3.0,1.0,0.0,1.0,0.0,0.0,1.0,2.0,0.0,1.0,0.25,0.25,0.0,0.0,11.0,2.0,4.180312670157326,0.0,1.252762968495368,0.75,0.6611294361119892,-1.1303514512225843,synthetic_00456,0
44.0,42.0,3.0,14.666666666666666,1.0,0.0,0.0,3.0,2.0,2.0,0.6666666666666666,1.0,1.0986122886681096,2.0,1.0,2.0,0.0,0.0,1.0,0.0,1.0,0.0,0.0,0.0,1.0,0.0,0.3333333333333333,0.0,0.0,4.0,0.0,3.808851476382645,0.0,1.0986122886681096,2.0,0.40319456220014427,-0.3132241801464981,synthetic_00457,1
52.0,38.0,2.0,26.0,0.0,0.0,0.0,4.0,3.0,2.0,0.75,1.0,1.3862943611198906,3.0,1.0,3.0,1.0,0.0,1.0,0.0,0.0,1.0,2.0,0.0,1.0,0.25,0.25,0.0,0.0,8.0,7.0,3.72294977194154,0.0,1.252762968495368,0.75,0.6611294361119892,-0.6729885530067983,synthetic_00458,0
73.0,62.0,3.0,24.333333333333332,0.0,0.0,0.0,4.0,3.0,2.0,0.75,1.0,1.3862943611198906,3.0,1.0,3.0,1.0,0.0,1.0,0.0,0.0,1.0,2.0,0.0,1.0,0.25,0.25,0.0,0.0,11.0,2.0,4.180312670157326,0.0,1.252762968495368,0.75,0.6611294361119892,-1.1303514512225843,synthetic_00459,0
60.0,51.0,3.0,20.0,0.0,0.0,0.0,4.0,3.0,2.0,0.75,1.0,1.3862943611198906,3.0,1.0,3.0,1.0,0.0,1.0,0.0,0.0,1.0,2.0,0.0,1.0,0.25,0.25,0.0,0.0,5.0,0.0,3.9961121802280286,0.0,1.252762968495368,0.75,0.6611294361119892,-0.946150961293287,synthetic_00460,0
52.0,38.0,2.0,26.0,0.0,0.0,0.0,4.0,3.0,2.0,0.75,1.0,1.3862943611198906,3.0,1.0,3.0,1.0,0.0,1.0,0.0,0.0,1.0,2.0,0.0,1.0,0.25,0.25,0.0,0.0,8.0,7.0,3.72294977194154,0.0,1.252762968495368,0.75,0.6611294361119892,-0.6729885530067983,synthetic_00461,0
73.0,62.0,3.0,24.333333333333332,0.0,0.0,0.0,4.0,3.0,2.0,0.75,1.0,1.3862943611198906,3.0,1.0,3.0,1.0,0.0,1.0,0.0,0.0,1.0,2.0,0.0,1.0,0.25,0.25,0.0,0.0,11.0,2.0,4.180312670157326,0.0,1.252762968495368,0.75,0.6611294361119892,-1.1303514512225843,synthetic_00462,0
44.0,42.0,3.0,14.666666666666666,1.0,0.0,0.0,3.0,2.0,2.0,0.6666666666666666,1.0,1.0986122886681096,2.0,1.0,2.0,0.0,0.0,1.0,0.0,1.0,0.0,0.0,0.0,1.0,0.0,0.3333333333333333,0.0,0.0,4.0,0.0,3.808851476382645,0.0,1.0986122886681096,2.0,0.40319456220014427,-0.3132241801464981,synthetic_00463,1
52.0,38.0,2.0,26.0,0.0,0.0,0.0,4.0,3.0,2.0,0.75,1.0,1.3862943611198906,3.0,1.0,3.0,1.0,0.0,1.0,0.0,0.0,1.0,2.0,0.0,1.0,0.25,0.25,0.0,0.0,8.0,7.0,3.72294977194154,0.0,1.252762968495368,0.75,0.6611294361119892,-0.6729885530067983,synthetic_00464,0
73.0,62.0,3.0,24.333333333333332,0.0,0.0,0.0,4.0,3.0,2.0,0.75,1.0,1.3862943611198906,3.0,1.0,3.0,1.0,0.0,1.0,0.0,0.0,1.0,2.0,0.0,1.0,0.25,0.25,0.0,0.0,11.0,2.0,4.180312670157326,0.0,1.252762968495368,0.75,0.6611294361119892,-1.1303514512225843,synthetic_00465,0
44.0,42.0,3.0,14.666666666666666,1.0,0.0,0.0,3.0,2.0,2.0,0.6666666666666666,1.0,1.0986122886681096,2.0,1.0,2.0,0.0,0.0,1.0,0.0,1.0,0.0,0.0,0.0,1.0,0.0,0.3333333333333333,0.0,0.0,4.0,0.0,3.808851476382645,0.0,1.0986122886681096,2.0,0.40319456220014427,-0.3132241801464981,synthetic_00466,1
52.0,38.0,2.0,26.0,0.0,0.0,0.0,4.0,3.0,2.0,0.75,1.0,1.3862943611198906,3.0,1.0,3.0,1.0,0.0,1.0,0.0,0.0,1.0,2.0,0.0,1.0,0.25,0.25,0.0,0.0,8.0,7.0,3.72294977194154,0.0,1.252762968495368,0.75,0.6611294361119892,-0.6729885530067983,synthetic_00467,0
54.0,45.0,3.0,18.0,0.0,0.0,0.0,3.0,2.0,2.0,0.6666666666666666,1.0,1.0986122886681096,2.0,1.0,2.0,0.0,0.0,1.0,0.0,1.0,0.0,0.0,0.0,1.0,0.0,0.3333333333333333,0.0,0.0,10.0,2.0,3.87325332614809,0.0,1.0986122886681096,2.0,0.40319456220014427,-0.37762602991194294,synthetic_00468,1
44.0,42.0,3.0,14.666666666666666,1.0,0.0,0.0,3.0,2.0,2.0,0.6666666666666666,1.0,1.0986122886681096,2.0,1.0,2.0,0.0,0.0,1.0,0.0,1.0,0.0,0.0,0.0,1.0,0.0,0.3333333333333333,0.0,0.0,4.0,0.0,3.808851476382645,0.0,1.0986122886681096,2.0,0.40319456220014427,-0.3132241801464981,synthetic_00469,1
52.0,38.0,2.0,26.0,0.0,0.0,0.0,4.0,3.0,2.0,0.75,1.0,1.3862943611198906,3.0,1.0,3.0,1.0,0.0,1.0,0.0,0.0,1.0,2.0,0.0,1.0,0.25,0.25,0.0,0.0,8.0,7.0,3.72294977194154,0.0,1.252762968495368,0.75,0.6611294361119892,-0.6729885530067983,synthetic_00470,0
73.0,62.0,3.0,24.333333333333332,0.0,0.0,0.0,4.0,3.0,2.0,0.75,1.0,1.3862943611198906,3.0,1.0,3.0,1.0,0.0,1.0,0.0,0.0,1.0,2.0,0.0,1.0,0.25,0.25,0.0,0.0,11.0,2.0,4.180312670157326,0.0,1.252762968495368,0.75,0.6611294361119892,-1.1303514512225843,synthetic_00471,0
44.0,42.0,3.0,14.666666666666666,1.0,0.0,0.0,3.0,2.0,2.0,0.6666666666666666,1.0,1.0986122886681096,2.0,1.0,2.0,0.0,0.0,1.0,0.0,1.0,0.0,0.0,0.0,1.0,0.0,0.3333333333333333,0.0,0.0,4.0,0.0,3.808851476382645,0.0,1.0986122886681096,2.0,0.40319456220014427,-0.3132241801464981,synthetic_00472,1
43.0,32.0,3.0,14.333333333333334,1.0,0.0,0.0,3.0,2.0,2.0,0.6666666666666666,1.0,1.0986122886681096,2.0,1.0,2.0,0.0,0.0,1.0,0.0,1.0,0.0,0.0,0.0,1.0,0.0,0.3333333333333333,0.0,0.0,10.0,3.0,3.558161593754873,0.0,1.0986122886681096,2.0,0.40319456220014427,-0.06253429751872597,synthetic_00473,1
54.0,45.0,3.0,18.0,0.0,0.0,0.0,3.0,2.0,2.0,0.6666666666666666,1.0,1.0986122886681096,2.0,1.0,2.0,0.0,0.0,1.0,0.0,1.0,0.0,0.0,0.0,1.0,0.0,0.3333333333333333,0.0,0.0,10.0,2.0,3.87325332614809,0.0,1.0986122886681096,2.0,0.40319456220014427,-0.37762602991194294,synthetic_00474,1
44.0,42.0,3.0,14.666666666666666,1.0,0.0,0.0,3.0,2.0,2.0,0.6666666666666666,1.0,1.0986122886681096,2.0,1.0,2.0,0.0,0.0,1.0,0.0,1.0,0.0,0.0,0.0,1.0,0.0,0.3333333333333333,0.0,0.0,4.0,0.0,3.808851476382645,0.0,1.0986122886681096,2.0,0.40319456220014427,-0.3132241801464981,synthetic_00475,1
43.0,32.0,3.0,14.333333333333334,1.0,0.0,0.0,3.0,2.0,2.0,0.6666666666666666,1.0,1.0986122886681096,2.0,1.0,2.0,0.0,0.0,1.0,0.0,1.0,0.0,0.0,0.0,1.0,0.0,0.3333333333333333,0.0,0.0,10.0,3.0,3.558161593754873,0.0,1.0986122886681096,2.0,0.40319456220014427,-0.06253429751872597,synthetic_00476,1
54.0,45.0,3.0,18.0,0.0,0.0,0.0,3.0,2.0,2.0,0.6666666666666666,1.0,1.0986122886681096,2.0,1.0,2.0,0.0,0.0,1.0,0.0,1.0,0.0,0.0,0.0,1.0,0.0,0.3333333333333333,0.0,0.0,10.0,2.0,3.87325332614809,0.0,1.0986122886681096,2.0,0.40319456220014427,-0.37762602991194294,synthetic_00477,1
44.0,42.0,3.0,14.666666666666666,1.0,0.0,0.0,3.0,2.0,2.0,0.6666666666666666,1.0,1.0986122886681096,2.0,1.0,2.0,0.0,0.0,1.0,0.0,1.0,0.0,0.0,0.0,1.0,0.0,0.3333333333333333,0.0,0.0,4.0,0.0,3.808851476382645,0.0,1.0986122886681096,2.0,0.40319456220014427,-0.3132241801464981,synthetic_00478,1
43.0,32.0,3.0,14.333333333333334,1.0,0.0,0.0,3.0,2.0,2.0,0.6666666666666666,1.0,1.0986122886681096,2.0,1.0,2.0,0.0,0.0,1.0,0.0,1.0,0.0,0.0,0.0,1.0,0.0,0.3333333333333333,0.0,0.0,10.0,3.0,3.558161593754873,0.0,1.0986122886681096,2.0,0.40319456220014427,-0.06253429751872597,synthetic_00479,1
73.0,62.0,3.0,24.333333333333332,0.0,0.0,0.0,4.0,3.0,2.0,0.75,1.0,1.3862943611198906,3.0,1.0,3.0,1.0,0.0,1.0,0.0,0.0,1.0,2.0,0.0,1.0,0.25,0.25,0.0,0.0,11.0,2.0,4.180312670157326,0.0,1.252762968495368,0.75,0.6611294361119892,-1.1303514512225843,synthetic_00480,0
44.0,42.0,3.0,14.666666666666666,1.0,0.0,0.0,3.0,2.0,2.0,0.6666666666666666,1.0,1.0986122886681096,2.0,1.0,2.0,0.0,0.0,1.0,0.0,1.0,0.0,0.0,0.0,1.0,0.0,0.3333333333333333,0.0,0.0,4.0,0.0,3.808851476382645,0.0,1.0986122886681096,2.0,0.40319456220014427,-0.3132241801464981,synthetic_00481,1
43.0,32.0,3.0,14.333333333333334,1.0,0.0,0.0,3.0,2.0,2.0,0.6666666666666666,1.0,1.0986122886681096,2.0,1.0,2.0,0.0,0.0,1.0,0.0,1.0,0.0,0.0,0.0,1.0,0.0,0.3333333333333333,0.0,0.0,10.0,3.0,3.558161593754873,0.0,1.0986122886681096,2.0,0.40319456220014427,-0.06253429751872597,synthetic_00482,1
54.0,45.0,3.0,18.0,0.0,0.0,0.0,3.0,2.0,2.0,0.6666666666666666,1.0,1.0986122886681096,2.0,1.0,2.0,0.0,0.0,1.0,0.0,1.0,0.0,0.0,0.0,1.0,0.0,0.3333333333333333,0.0,0.0,10.0,2.0,3.87325332614809,0.0,1.0986122886681096,2.0,0.40319456220014427,-0.37762602991194294,synthetic_00483,1
60.0,51.0,3.0,20.0,0.0,0.0,0.0,4.0,3.0,2.0,0.75,1.0,1.3862943611198906,3.0,1.0,3.0,1.0,0.0,1.0,0.0,0.0,1.0,2.0,0.0,1.0,0.25,0.25,0.0,0.0,5.0,0.0,3.9961121802280286,0.0,1.252762968495368,0.75,0.6611294361119892,-0.946150961293287,synthetic_00484,0
52.0,38.0,2.0,26.0,0.0,0.0,0.0,4.0,3.0,2.0,0.75,1.0,1.3862943611198906,3.0,1.0,3.0,1.0,0.0,1.0,0.0,0.0,1.0,2.0,0.0,1.0,0.25,0.25,0.0,0.0,8.0,7.0,3.72294977194154,0.0,1.252762968495368,0.75,0.6611294361119892,-0.6729885530067983,synthetic_00485,0
73.0,62.0,3.0,24.333333333333332,0.0,0.0,0.0,4.0,3.0,2.0,0.75,1.0,1.3862943611198906,3.0,1.0,3.0,1.0,0.0,1.0,0.0,0.0,1.0,2.0,0.0,1.0,0.25,0.25,0.0,0.0,11.0,2.0,4.180312670157326,0.0,1.252762968495368,0.75,0.6611294361119892,-1.1303514512225843,synthetic_00486,0
44.0,42.0,3.0,14.666666666666666,1.0,0.0,0.0,3.0,2.0,2.0,0.6666666666666666,1.0,1.0986122886681096,2.0,1.0,2.0,0.0,0.0,1.0,0.0,1.0,0.0,0.0,0.0,1.0,0.0,0.3333333333333333,0.0,0.0,4.0,0.0,3.808851476382645,0.0,1.0986122886681096,2.0,0.40319456220014427,-0.3132241801464981,synthetic_00487,1
52.0,38.0,2.0,26.0,0.0,0.0,0.0,4.0,3.0,2.0,0.75,1.0,1.3862943611198906,3.0,1.0,3.0,1.0,0.0,1.0,0.0,0.0,1.0,2.0,0.0,1.0,0.25,0.25,0.0,0.0,8.0,7.0,3.72294977194154,0.0,1.252762968495368,0.75,0.6611294361119892,-0.6729885530067983,synthetic_00488,0
73.0,62.0,3.0,24.333333333333332,0.0,0.0,0.0,4.0,3.0,2.0,0.75,1.0,1.3862943611198906,3.0,1.0,3.0,1.0,0.0,1.0,0.0,0.0,1.0,2.0,0.0,1.0,0.25,0.25,0.0,0.0,11.0,2.0,4.180312670157326,0.0,1.252762968495368,0.75,0.6611294361119892,-1.1303514512225843,synthetic_00489,0
60.0,51.0,3.0,20.0,0.0,0.0,0.0,4.0,3.0,2.0,0.75,1.0,1.3862943611198906,3.0,1.0,3.0,1.0,0.0,1.0,0.0,0.0,1.0,2.0,0.0,1.0,0.25,0.25,0.0,0.0,5.0,0.0,3.9961121802280286,0.0,1.252762968495368,0.75,0.6611294361119892,-0.946150961293287,synthetic_00490,0
52.0,38.0,2.0,26.0,0.0,0.0,0.0,4.0,3.0,2.0,0.75,1.0,1.3862943611198906,3.0,1.0,3.0,1.0,0.0,1.0,0.0,0.0,1.0,2.0,0.0,1.0,0.25,0.25,0.0,0.0,8.0,7.0,3.72294977194154,0.0,1.252762968495368,0.75,0.6611294361119892,-0.6729885530067983,synthetic_00491,0
73.0,62.0,3.0,24.333333333333332,0.0,0.0,0.0,4.0,3.0,2.0,0.75,1.0,1.3862943611198906,3.0,1.0,3.0,1.0,0.0,1.0,0.0,0.0,1.0,2.0,0.0,1.0,0.25,0.25,0.0,0.0,11.0,2.0,4.180312670157326,0.0,1.252762968495368,0.75,0.6611294361119892,-1.1303514512225843,synthetic_00492,0
60.0,51.0,3.0,20.0,0.0,0.0,0.0,4.0,3.0,2.0,0.75,1.0,1.3862943611198906,3.0,1.0,3.0,1.0,0.0,1.0,0.0,0.0,1.0,2.0,0.0,1.0,0.25,0.25,0.0,0.0,5.0,0.0,3.9961121802280286,0.0,1.252762968495368,0.75,0.6611294361119892,-0.946150961293287,synthetic_00493,0
43.0,32.0,3.0,14.333333333333334,1.0,0.0,0.0,3.0,2.0,2.0,0.6666666666666666,1.0,1.0986122886681096,2.0,1.0,2.0,0.0,0.0,1.0,0.0,1.0,0.0,0.0,0.0,1.0,0.0,0.3333333333333333,0.0,0.0,10.0,3.0,3.558161593754873,0.0,1.0986122886681096,2.0,0.40319456220014427,-0.06253429751872597,synthetic_00494,1
54.0,45.0,3.0,18.0,0.0,0.0,0.0,3.0,2.0,2.0,0.6666666666666666,1.0,1.0986122886681096,2.0,1.0,2.0,0.0,0.0,1.0,0.0,1.0,0.0,0.0,0.0,1.0,0.0,0.3333333333333333,0.0,0.0,10.0,2.0,3.87325332614809,0.0,1.0986122886681096,2.0,0.40319456220014427,-0.37762602991194294,synthetic_00495,1
60.0,51.0,3.0,20.0,0.0,0.0,0.0,4.0,3.0,2.0,0.75,1.0,1.3862943611198906,3.0,1.0,3.0,1.0,0.0,1.0,0.0,0.0,1.0,2.0,0.0,1.0,0.25,0.25,0.0,0.0,5.0,0.0,3.9961121802280286,0.0,1.252762968495368,0.75,0.6611294361119892,-0.946150961293287,synthetic_00496,0
43.0,32.0,3.0,14.333333333333334,1.0,0.0,0.0,3.0,2.0,2.0,0.6666666666666666,1.0,1.0986122886681096,2.0,1.0,2.0,0.0,0.0,1.0,0.0,1.0,0.0,0.0,0.0,1.0,0.0,0.3333333333333333,0.0,0.0,10.0,3.0,3.558161593754873,0.0,1.0986122886681096,2.0,0.40319456220014427,-0.06253429751872597,synthetic_00497,1
54.0,45.0,3.0,18.0,0.0,0.0,0.0,3.0,2.0,2.0,0.6666666666666666,1.0,1.0986122886681096,2.0,1.0,2.0,0.0,0.0,1.0,0.0,1.0,0.0,0.0,0.0,1.0,0.0,0.3333333333333333,0.0,0.0,10.0,2.0,3.87325332614809,0.0,1.0986122886681096,2.0,0.40319456220014427,-0.37762602991194294,synthetic_00498,1
44.0,42.0,3.0,14.666666666666666,1.0,0.0,0.0,3.0,2.0,2.0,0.6666666666666666,1.0,1.0986122886681096,2.0,1.0,2.0,0.0,0.0,1.0,0.0,1.0,0.0,0.0,0.0,1.0,0.0,0.3333333333333333,0.0,0.0,4.0,0.0,3.808851476382645,0.0,1.0986122886681096,2.0,0.40319456220014427,-0.3132241801464981,synthetic_00499,1
52.0,38.0,2.0,26.0,0.0,0.0,0.0,4.0,3.0,2.0,0.75,1.0,1.3862943611198906,3.0,1.0,3.0,1.0,0.0,1.0,0.0,0.0,1.0,2.0,0.0,1.0,0.25,0.25,0.0,0.0,8.0,7.0,3.72294977194154,0.0,1.252762968495368,0.75,0.6611294361119892,-0.6729885530067983,synthetic_00500,0
54.0,45.0,3.0,18.0,0.0,0.0,0.0,3.0,2.0,2.0,0.6666666666666666,1.0,1.0986122886681096,2.0,1.0,2.0,0.0,0.0,1.0,0.0,1.0,0.0,0.0,0.0,1.0,0.0,0.3333333333333333,0.0,0.0,10.0,2.0,3.87325332614809,0.0,1.0986122886681096,2.0,0.40319456220014427,-0.37762602991194294,synthetic_00501,1
60.0,51.0,3.0,20.0,0.0,0.0,0.0,4.0,3.0,2.0,0.75,1.0,1.3862943611198906,3.0,1.0,3.0,1.0,0.0,1.0,0.0,0.0,1.0,2.0,0.0,1.0,0.25,0.25,0.0,0.0,5.0,0.0,3.9961121802280286,0.0,1.252762968495368,0.75,0.6611294361119892,-0.946150961293287,synthetic_00502,0
52.0,38.0,2.0,26.0,0.0,0.0,0.0,4.0,3.0,2.0,0.75,1.0,1.3862943611198906,3.0,1.0,3.0,1.0,0.0,1.0,0.0,0.0,1.0,2.0,0.0,1.0,0.25,0.25,0.0,0.0,8.0,7.0,3.72294977194154,0.0,1.252762968495368,0.75,0.6611294361119892,-0.6729885530067983,synthetic_00503,0
54.0,45.0,3.0,18.0,0.0,0.0,0.0,3.0,2.0,2.0,0.6666666666666666,1.0,1.0986122886681096,2.0,1.0,2.0,0.0,0.0,1.0,0.0,1.0,0.0,0.0,0.0,1.0,0.0,0.3333333333333333,0.0,0.0,10.0,2.0,3.87325332614809,0.0,1.0986122886681096,2.0,0.40319456220014427,-0.37762602991194294,synthetic_00504,1
44.0,42.0,3.0,14.666666666666666,1.0,0.0,0.0,3.0,2.0,2.0,0.6666666666666666,1.0,1.0986122886681096,2.0,1.0,2.0,0.0,0.0,1.0,0.0,1.0,0.0,0.0,0.0,1.0,0.0,0.3333333333333333,0.0,0.0,4.0,0.0,3.808851476382645,0.0,1.0986122886681096,2.0,0.40319456220014427,-0.3132241801464981,synthetic_00505,1
43.0,32.0,3.0,14.333333333333334,1.0,0.0,0.0,3.0,2.0,2.0,0.6666666666666666,1.0,1.0986122886681096,2.0,1.0,2.0,0.0,0.0,1.0,0.0,1.0,0.0,0.0,0.0,1.0,0.0,0.3333333333333333,0.0,0.0,10.0,3.0,3.558161593754873,0.0,1.0986122886681096,2.0,0.40319456220014427,-0.06253429751872597,synthetic_00506,1
54.0,45.0,3.0,18.0,0.0,0.0,0.0,3.0,2.0,2.0,0.6666666666666666,1.0,1.0986122886681096,2.0,1.0,2.0,0.0,0.0,1.0,0.0,1.0,0.0,0.0,0.0,1.0,0.0,0.3333333333333333,0.0,0.0,10.0,2.0,3.87325332614809,0.0,1.0986122886681096,2.0,0.40319456220014427,-0.37762602991194294,synthetic_00507,1
44.0,42.0,3.0,14.666666666666666,1.0,0.0,0.0,3.0,2.0,2.0,0.6666666666666666,1.0,1.0986122886681096,2.0,1.0,2.0,0.0,0.0,1.0,0.0,1.0,0.0,0.0,0.0,1.0,0.0,0.3333333333333333,0.0,0.0,4.0,0.0,3.808851476382645,0.0,1.0986122886681096,2.0,0.40319456220014427,-0.3132241801464981,synthetic_00508,1
52.0,38.0,2.0,26.0,0.0,0.0,0.0,4.0,3.0,2.0,0.75,1.0,1.3862943611198906,3.0,1.0,3.0,1.0,0.0,1.0,0.0,0.0,1.0,2.0,0.0,1.0,0.25,0.25,0.0,0.0,8.0,7.0,3.72294977194154,0.0,1.252762968495368,0.75,0.6611294361119892,-0.6729885530067983,synthetic_00509,0
54.0,45.0,3.0,18.0,0.0,0.0,0.0,3.0,2.0,2.0,0.6666666666666666,1.0,1.0986122886681096,2.0,1.0,2.0,0.0,0.0,1.0,0.0,1.0,0.0,0.0,0.0,1.0,0.0,0.3333333333333333,0.0,0.0,10.0,2.0,3.87325332614809,0.0,1.0986122886681096,2.0,0.40319456220014427,-0.37762602991194294,synthetic_00510,1
44.0,42.0,3.0,14.666666666666666,1.0,0.0,0.0,3.0,2.0,2.0,0.6666666666666666,1.0,1.0986122886681096,2.0,1.0,2.0,0.0,0.0,1.0,0.0,1.0,0.0,0.0,0.0,1.0,0.0,0.3333333333333333,0.0,0.0,4.0,0.0,3.808851476382645,0.0,1.0986122886681096,2.0,0.40319456220014427,-0.3132241801464981,synthetic_00511,1
52.0,38.0,2.0,26.0,0.0,0.0,0.0,4.0,3.0,2.0,0.75,1.0,1.3862943611198906,3.0,1.0,3.0,1.0,0.0,1.0,0.0,0.0,1.0,2.0,0.0,1.0,0.25,0.25,0.0,0.0,8.0,7.0,3.72294977194154,0.0,1.252762968495368,0.75,0.6611294361119892,-0.6729885530067983,synthetic_00512,0
73.0,62.0,3.0,24.333333333333332,0.0,0.0,0.0,4.0,3.0,2.0,0.75,1.0,1.3862943611198906,3.0,1.0,3.0,1.0,0.0,1.0,0.0,0.0,1.0,2.0,0.0,1.0,0.25,0.25,0.0,0.0,11.0,2.0,4.180312670157326,0.0,1.252762968495368,0.75,0.6611294361119892,-1.1303514512225843,synthetic_00513,0
60.0,51.0,3.0,20.0,0.0,0.0,0.0,4.0,3.0,2.0,0.75,1.0,1.3862943611198906,3.0,1.0,3.0,1.0,0.0,1.0,0.0,0.0,1.0,2.0,0.0,1.0,0.25,0.25,0.0,0.0,5.0,0.0,3.9961121802280286,0.0,1.252762968495368,0.75,0.6611294361119892,-0.946150961293287,synthetic_00514,0
43.0,32.0,3.0,14.333333333333334,1.0,0.0,0.0,3.0,2.0,2.0,0.6666666666666666,1.0,1.0986122886681096,2.0,1.0,2.0,0.0,0.0,1.0,0.0,1.0,0.0,0.0,0.0,1.0,0.0,0.3333333333333333,0.0,0.0,10.0,3.0,3.558161593754873,0.0,1.0986122886681096,2.0,0.40319456220014427,-0.06253429751872597,synthetic_00515,1
73.0,62.0,3.0,24.333333333333332,0.0,0.0,0.0,4.0,3.0,2.0,0.75,1.0,1.3862943611198906,3.0,1.0,3.0,1.0,0.0,1.0,0.0,0.0,1.0,2.0,0.0,1.0,0.25,0.25,0.0,0.0,11.0,2.0,4.180312670157326,0.0,1.252762968495368,0.75,0.6611294361119892,-1.1303514512225843,synthetic_00516,0
60.0,51.0,3.0,20.0,0.0,0.0,0.0,4.0,3.0,2.0,0.75,1.0,1.3862943611198906,3.0,1.0,3.0,1.0,0.0,1.0,0.0,0.0,1.0,2.0,0.0,1.0,0.25,0.25,0.0,0.0,5.0,0.0,3.9961121802280286,0.0,1.252762968495368,0.75,0.6611294361119892,-0.946150961293287,synthetic_00517,0
52.0,38.0,2.0,26.0,0.0,0.0,0.0,4.0,3.0,2.0,0.75,1.0,1.3862943611198906,3.0,1.0,3.0,1.0,0.0,1.0,0.0,0.0,1.0,2.0,0.0,1.0,0.25,0.25,0.0,0.0,8.0,7.0,3.72294977194154,0.0,1.252762968495368,0.75,0.6611294361119892,-0.6729885530067983,synthetic_00518,0
73.0,62.0,3.0,24.333333333333332,0.0,0.0,0.0,4.0,3.0,2.0,0.75,1.0,1.3862943611198906,3.0,1.0,3.0,1.0,0.0,1.0,0.0,0.0,1.0,2.0,0.0,1.0,0.25,0.25,0.0,0.0,11.0,2.0,4.180312670157326,0.0,1.252762968495368,0.75,0.6611294361119892,-1.1303514512225843,synthetic_00519,0
44.0,42.0,3.0,14.666666666666666,1.0,0.0,0.0,3.0,2.0,2.0,0.6666666666666666,1.0,1.0986122886681096,2.0,1.0,2.0,0.0,0.0,1.0,0.0,1.0,0.0,0.0,0.0,1.0,0.0,0.3333333333333333,0.0,0.0,4.0,0.0,3.808851476382645,0.0,1.0986122886681096,2.0,0.40319456220014427,-0.3132241801464981,synthetic_00520,1
43.0,32.0,3.0,14.333333333333334,1.0,0.0,0.0,3.0,2.0,2.0,0.6666666666666666,1.0,1.0986122886681096,2.0,1.0,2.0,0.0,0.0,1.0,0.0,1.0,0.0,0.0,0.0,1.0,0.0,0.3333333333333333,0.0,0.0,10.0,3.0,3.558161593754873,0.0,1.0986122886681096,2.0,0.40319456220014427,-0.06253429751872597,synthetic_00521,1
54.0,45.0,3.0,18.0,0.0,0.0,0.0,3.0,2.0,2.0,0.6666666666666666,1.0,1.0986122886681096,2.0,1.0,2.0,0.0,0.0,1.0,0.0,1.0,0.0,0.0,0.0,1.0,0.0,0.3333333333333333,0.0,0.0,10.0,2.0,3.87325332614809,0.0,1.0986122886681096,2.0,0.40319456220014427,-0.37762602991194294,synthetic_00522,1
44.0,42.0,3.0,14.666666666666666,1.0,0.0,0.0,3.0,2.0,2.0,0.6666666666666666,1.0,1.0986122886681096,2.0,1.0,2.0,0.0,0.0,1.0,0.0,1.0,0.0,0.0,0.0,1.0,0.0,0.3333333333333333,0.0,0.0,4.0,0.0,3.808851476382645,0.0,1.0986122886681096,2.0,0.40319456220014427,-0.3132241801464981,synthetic_00523,1
52.0,38.0,2.0,26.0,0.0,0.0,0.0,4.0,3.0,2.0,0.75,1.0,1.3862943611198906,3.0,1.0,3.0,1.0,0.0,1.0,0.0,0.0,1.0,2.0,0.0,1.0,0.25,0.25,0.0,0.0,8.0,7.0,3.72294977194154,0.0,1.252762968495368,0.75,0.6611294361119892,-0.6729885530067983,synthetic_00524,0
73.0,62.0,3.0,24.333333333333332,0.0,0.0,0.0,4.0,3.0,2.0,0.75,1.0,1.3862943611198906,3.0,1.0,3.0,1.0,0.0,1.0,0.0,0.0,1.0,2.0,0.0,1.0,0.25,0.25,0.0,0.0,11.0,2.0,4.180312670157326,0.0,1.252762968495368,0.75,0.6611294361119892,-1.1303514512225843,synthetic_00525,0
44.0,42.0,3.0,14.666666666666666,1.0,0.0,0.0,3.0,2.0,2.0,0.6666666666666666,1.0,1.0986122886681096,2.0,1.0,2.0,0.0,0.0,1.0,0.0,1.0,0.0,0.0,0.0,1.0,0.0,0.3333333333333333,0.0,0.0,4.0,0.0,3.808851476382645,0.0,1.0986122886681096,2.0,0.40319456220014427,-0.3132241801464981,synthetic_00526,1
52.0,38.0,2.0,26.0,0.0,0.0,0.0,4.0,3.0,2.0,0.75,1.0,1.3862943611198906,3.0,1.0,3.0,1.0,0.0,1.0,0.0,0.0,1.0,2.0,0.0,1.0,0.25,0.25,0.0,0.0,8.0,7.0,3.72294977194154,0.0,1.252762968495368,0.75,0.6611294361119892,-0.6729885530067983,synthetic_00527,0
73.0,62.0,3.0,24.333333333333332,0.0,0.0,0.0,4.0,3.0,2.0,0.75,1.0,1.3862943611198906,3.0,1.0,3.0,1.0,0.0,1.0,0.0,0.0,1.0,2.0,0.0,1.0,0.25,0.25,0.0,0.0,11.0,2.0,4.180312670157326,0.0,1.252762968495368,0.75,0.6611294361119892,-1.1303514512225843,synthetic_00528,0
44.0,42.0,3.0,14.666666666666666,1.0,0.0,0.0,3.0,2.0,2.0,0.6666666666666666,1.0,1.0986122886681096,2.0,1.0,2.0,0.0,0.0,1.0,0.0,1.0,0.0,0.0,0.0,1.0,0.0,0.3333333333333333,0.0,0.0,4.0,0.0,3.808851476382645,0.0,1.0986122886681096,2.0,0.40319456220014427,-0.3132241801464981,synthetic_00529,1
52.0,38.0,2.0,26.0,0.0,0.0,0.0,4.0,3.0,2.0,0.75,1.0,1.3862943611198906,3.0,1.0,3.0,1.0,0.0,1.0,0.0,0.0,1.0,2.0,0.0,1.0,0.25,0.25,0.0,0.0,8.0,7.0,3.72294977194154,0.0,1.252762968495368,0.75,0.6611294361119892,-0.6729885530067983,synthetic_00530,0
54.0,45.0,3.0,18.0,0.0,0.0,0.0,3.0,2.0,2.0,0.6666666666666666,1.0,1.0986122886681096,2.0,1.0,2.0,0.0,0.0,1.0,0.0,1.0,0.0,0.0,0.0,1.0,0.0,0.3333333333333333,0.0,0.0,10.0,2.0,3.87325332614809,0.0,1.0986122886681096,2.0,0.40319456220014427,-0.37762602991194294,synthetic_00531,1
60.0,51.0,3.0,20.0,0.0,0.0,0.0,4.0,3.0,2.0,0.75,1.0,1.3862943611198906,3.0,1.0,3.0,1.0,0.0,1.0,0.0,0.0,1.0,2.0,0.0,1.0,0.25,0.25,0.0,0.0,5.0,0.0,3.9961121802280286,0.0,1.252762968495368,0.75,0.6611294361119892,-0.946150961293287,synthetic_00532,0
43.0,32.0,3.0,14.333333333333334,1.0,0.0,0.0,3.0,2.0,2.0,0.6666666666666666,1.0,1.0986122886681096,2.0,1.0,2.0,0.0,0.0,1.0,0.0,1.0,0.0,0.0,0.0,1.0,0.0,0.3333333333333333,0.0,0.0,10.0,3.0,3.558161593754873,0.0,1.0986122886681096,2.0,0.40319456220014427,-0.06253429751872597,synthetic_00533,1
73.0,62.0,3.0,24.333333333333332,0.0,0.0,0.0,4.0,3.0,2.0,0.75,1.0,1.3862943611198906,3.0,1.0,3.0,1.0,0.0,1.0,0.0,0.0,1.0,2.0,0.0,1.0,0.25,0.25,0.0,0.0,11.0,2.0,4.180312670157326,0.0,1.252762968495368,0.75,0.6611294361119892,-1.1303514512225843,synthetic_00534,0
60.0,51.0,3.0,20.0,0.0,0.0,0.0,4.0,3.0,2.0,0.75,1.0,1.3862943611198906,3.0,1.0,3.0,1.0,0.0,1.0,0.0,0.0,1.0,2.0,0.0,1.0,0.25,0.25,0.0,0.0,5.0,0.0,3.9961121802280286,0.0,1.252762968495368,0.75,0.6611294361119892,-0.946150961293287,synthetic_00535,0
52.0,38.0,2.0,26.0,0.0,0.0,0.0,4.0,3.0,2.0,0.75,1.0,1.3862943611198906,3.0,1.0,3.0,1.0,0.0,1.0,0.0,0.0,1.0,2.0,0.0,1.0,0.25,0.25,0.0,0.0,8.0,7.0,3.72294977194154,0.0,1.252762968495368,0.75,0.6611294361119892,-0.6729885530067983,synthetic_00536,0
54.0,45.0,3.0,18.0,0.0,0.0,0.0,3.0,2.0,2.0,0.6666666666666666,1.0,1.0986122886681096,2.0,1.0,2.0,0.0,0.0,1.0,0.0,1.0,0.0,0.0,0.0,1.0,0.0,0.3333333333333333,0.0,0.0,10.0,2.0,3.87325332614809,0.0,1.0986122886681096,2.0,0.40319456220014427,-0.37762602991194294,synthetic_00537,1
44.0,42.0,3.0,14.666666666666666,1.0,0.0,0.0,3.0,2.0,2.0,0.6666666666666666,1.0,1.0986122886681096,2.0,1.0,2.0,0.0,0.0,1.0,0.0,1.0,0.0,0.0,0.0,1.0,0.0,0.3333333333333333,0.0,0.0,4.0,0.0,3.808851476382645,0.0,1.0986122886681096,2.0,0.40319456220014427,-0.3132241801464981,synthetic_00538,1
52.0,38.0,2.0,26.0,0.0,0.0,0.0,4.0,3.0,2.0,0.75,1.0,1.3862943611198906,3.0,1.0,3.0,1.0,0.0,1.0,0.0,0.0,1.0,2.0,0.0,1.0,0.25,0.25,0.0,0.0,8.0,7.0,3.72294977194154,0.0,1.252762968495368,0.75,0.6611294361119892,-0.6729885530067983,synthetic_00539,0
54.0,45.0,3.0,18.0,0.0,0.0,0.0,3.0,2.0,2.0,0.6666666666666666,1.0,1.0986122886681096,2.0,1.0,2.0,0.0,0.0,1.0,0.0,1.0,0.0,0.0,0.0,1.0,0.0,0.3333333333333333,0.0,0.0,10.0,2.0,3.87325332614809,0.0,1.0986122886681096,2.0,0.40319456220014427,-0.37762602991194294,synthetic_00540,1
44.0,42.0,3.0,14.666666666666666,1.0,0.0,0.0,3.0,2.0,2.0,0.6666666666666666,1.0,1.0986122886681096,2.0,1.0,2.0,0.0,0.0,1.0,0.0,1.0,0.0,0.0,0.0,1.0,0.0,0.3333333333333333,0.0,0.0,4.0,0.0,3.808851476382645,0.0,1.0986122886681096,2.0,0.40319456220014427,-0.3132241801464981,synthetic_00541,1
52.0,38.0,2.0,26.0,0.0,0.0,0.0,4.0,3.0,2.0,0.75,1.0,1.3862943611198906,3.0,1.0,3.0,1.0,0.0,1.0,0.0,0.0,1.0,2.0,0.0,1.0,0.25,0.25,0.0,0.0,8.0,7.0,3.72294977194154,0.0,1.252762968495368,0.75,0.6611294361119892,-0.6729885530067983,synthetic_00542,0
73.0,62.0,3.0,24.333333333333332,0.0,0.0,0.0,4.0,3.0,2.0,0.75,1.0,1.3862943611198906,3.0,1.0,3.0,1.0,0.0,1.0,0.0,0.0,1.0,2.0,0.0,1.0,0.25,0.25,0.0,0.0,11.0,2.0,4.180312670157326,0.0,1.252762968495368,0.75,0.6611294361119892,-1.1303514512225843,synthetic_00543,0
44.0,42.0,3.0,14.666666666666666,1.0,0.0,0.0,3.0,2.0,2.0,0.6666666666666666,1.0,1.0986122886681096,2.0,1.0,2.0,0.0,0.0,1.0,0.0,1.0,0.0,0.0,0.0,1.0,0.0,0.3333333333333333,0.0,0.0,4.0,0.0,3.808851476382645,0.0,1.0986122886681096,2.0,0.40319456220014427,-0.3132241801464981,synthetic_00544,1
43.0,32.0,3.0,14.333333333333334,1.0,0.0,0.0,3.0,2.0,2.0,0.6666666666666666,1.0,1.0986122886681096,2.0,1.0,2.0,0.0,0.0,1.0,0.0,1.0,0.0,0.0,0.0,1.0,0.0,0.3333333333333333,0.0,0.0,10.0,3.0,3.558161593754873,0.0,1.0986122886681096,2.0,0.40319456220014427,-0.06253429751872597,synthetic_00545,1
73.0,62.0,3.0,24.333333333333332,0.0,0.0,0.0,4.0,3.0,2.0,0.75,1.0,1.3862943611198906,3.0,1.0,3.0,1.0,0.0,1.0,0.0,0.0,1.0,2.0,0.0,1.0,0.25,0.25,0.0,0.0,11.0,2.0,4.180312670157326,0.0,1.252762968495368,0.75,0.6611294361119892,-1.1303514512225843,synthetic_00546,0
44.0,42.0,3.0,14.666666666666666,1.0,0.0,0.0,3.0,2.0,2.0,0.6666666666666666,1.0,1.0986122886681096,2.0,1.0,2.0,0.0,0.0,1.0,0.0,1.0,0.0,0.0,0.0,1.0,0.0,0.3333333333333333,0.0,0.0,4.0,0.0,3.808851476382645,0.0,1.0986122886681096,2.0,0.40319456220014427,-0.3132241801464981,synthetic_00547,1
43.0,32.0,3.0,14.333333333333334,1.0,0.0,0.0,3.0,2.0,2.0,0.6666666666666666,1.0,1.0986122886681096,2.0,1.0,2.0,0.0,0.0,1.0,0.0,1.0,0.0,0.0,0.0,1.0,0.0,0.3333333333333333,0.0,0.0,10.0,3.0,3.558161593754873,0.0,1.0986122886681096,2.0,0.40319456220014427,-0.06253429751872597,synthetic_00548,1
54.0,45.0,3.0,18.0,0.0,0.0,0.0,3.0,2.0,2.0,0.6666666666666666,1.0,1.0986122886681096,2.0,1.0,2.0,0.0,0.0,1.0,0.0,1.0,0.0,0.0,0.0,1.0,0.0,0.3333333333333333,0.0,0.0,10.0,2.0,3.87325332614809,0.0,1.0986122886681096,2.0,0.40319456220014427,-0.37762602991194294,synthetic_00549,1
44.0,42.0,3.0,14.666666666666666,1.0,0.0,0.0,3.0,2.0,2.0,0.6666666666666666,1.0,1.0986122886681096,2.0,1.0,2.0,0.0,0.0,1.0,0.0,1.0,0.0,0.0,0.0,1.0,0.0,0.3333333333333333,0.0,0.0,4.0,0.0,3.808851476382645,0.0,1.0986122886681096,2.0,0.40319456220014427,-0.3132241801464981,synthetic_00550,1
52.0,38.0,2.0,26.0,0.0,0.0,0.0,4.0,3.0,2.0,0.75,1.0,1.3862943611198906,3.0,1.0,3.0,1.0,0.0,1.0,0.0,0.0,1.0,2.0,0.0,1.0,0.25,0.25,0.0,0.0,8.0,7.0,3.72294977194154,0.0,1.252762968495368,0.75,0.6611294361119892,-0.6729885530067983,synthetic_00551,0
73.0,62.0,3.0,24.333333333333332,0.0,0.0,0.0,4.0,3.0,2.0,0.75,1.0,1.3862943611198906,3.0,1.0,3.0,1.0,0.0,1.0,0.0,0.0,1.0,2.0,0.0,1.0,0.25,0.25,0.0,0.0,11.0,2.0,4.180312670157326,0.0,1.252762968495368,0.75,0.6611294361119892,-1.1303514512225843,synthetic_00552,0
44.0,42.0,3.0,14.666666666666666,1.0,0.0,0.0,3.0,2.0,2.0,0.6666666666666666,1.0,1.0986122886681096,2.0,1.0,2.0,0.0,0.0,1.0,0.0,1.0,0.0,0.0,0.0,1.0,0.0,0.3333333333333333,0.0,0.0,4.0,0.0,3.808851476382645,0.0,1.0986122886681096,2.0,0.40319456220014427,-0.3132241801464981,synthetic_00553,1
43.0,32.0,3.0,14.333333333333334,1.0,0.0,0.0,3.0,2.0,2.0,0.6666666666666666,1.0,1.0986122886681096,2.0,1.0,2.0,0.0,0.0,1.0,0.0,1.0,0.0,0.0,0.0,1.0,0.0,0.3333333333333333,0.0,0.0,10.0,3.0,3.558161593754873,0.0,1.0986122886681096,2.0,0.40319456220014427,-0.06253429751872597,synthetic_00554,1
73.0,62.0,3.0,24.333333333333332,0.0,0.0,0.0,4.0,3.0,2.0,0.75,1.0,1.3862943611198906,3.0,1.0,3.0,1.0,0.0,1.0,0.0,0.0,1.0,2.0,0.0,1.0,0.25,0.25,0.0,0.0,11.0,2.0,4.180312670157326,0.0,1.252762968495368,0.75,0.6611294361119892,-1.1303514512225843,synthetic_00555,0
60.0,51.0,3.0,20.0,0.0,0.0,0.0,4.0,3.0,2.0,0.75,1.0,1.3862943611198906,3.0,1.0,3.0,1.0,0.0,1.0,0.0,0.0,1.0,2.0,0.0,1.0,0.25,0.25,0.0,0.0,5.0,0.0,3.9961121802280286,0.0,1.252762968495368,0.75,0.6611294361119892,-0.946150961293287,synthetic_00556,0
43.0,32.0,3.0,14.333333333333334,1.0,0.0,0.0,3.0,2.0,2.0,0.6666666666666666,1.0,1.0986122886681096,2.0,1.0,2.0,0.0,0.0,1.0,0.0,1.0,0.0,0.0,0.0,1.0,0.0,0.3333333333333333,0.0,0.0,10.0,3.0,3.558161593754873,0.0,1.0986122886681096,2.0,0.40319456220014427,-0.06253429751872597,synthetic_00557,1
73.0,62.0,3.0,24.333333333333332,0.0,0.0,0.0,4.0,3.0,2.0,0.75,1.0,1.3862943611198906,3.0,1.0,3.0,1.0,0.0,1.0,0.0,0.0,1.0,2.0,0.0,1.0,0.25,0.25,0.0,0.0,11.0,2.0,4.180312670157326,0.0,1.252762968495368,0.75,0.6611294361119892,-1.1303514512225843,synthetic_00558,0
60.0,51.0,3.0,20.0,0.0,0.0,0.0,4.0,3.0,2.0,0.75,1.0,1.3862943611198906,3.0,1.0,3.0,1.0,0.0,1.0,0.0,0.0,1.0,2.0,0.0,1.0,0.25,0.25,0.0,0.0,5.0,0.0,3.9961121802280286,0.0,1.252762968495368,0.75,0.6611294361119892,-0.946150961293287,synthetic_00559,0
52.0,38.0,2.0,26.0,0.0,0.0,0.0,4.0,3.0,2.0,0.75,1.0,1.3862943611198906,3.0,1.0,3.0,1.0,0.0,1.0,0.0,0.0,1.0,2.0,0.0,1.0,0.25,0.25,0.0,0.0,8.0,7.0,3.72294977194154,0.0,1.252762968495368,0.75,0.6611294361119892,-0.6729885530067983,synthetic_00560,0
73.0,62.0,3.0,24.333333333333332,0.0,0.0,0.0,4.0,3.0,2.0,0.75,1.0,1.3862943611198906,3.0,1.0,3.0,1.0,0.0,1.0,0.0,0.0,1.0,2.0,0.0,1.0,0.25,0.25,0.0,0.0,11.0,2.0,4.180312670157326,0.0,1.252762968495368,0.75,0.6611294361119892,-1.1303514512225843,synthetic_00561,0
44.0,42.0,3.0,14.666666666666666,1.0,0.0,0.0,3.0,2.0,2.0,0.6666666666666666,1.0,1.0986122886681096,2.0,1.0,2.0,0.0,0.0,1.0,0.0,1.0,0.0,0.0,0.0,1.0,0.0,0.3333333333333333,0.0,0.0,4.0,0.0,3.808851476382645,0.0,1.0986122886681096,2.0,0.40319456220014427,-0.3132241801464981,synthetic_00562,1
52.0,38.0,2.0,26.0,0.0,0.0,0.0,4.0,3.0,2.0,0.75,1.0,1.3862943611198906,3.0,1.0,3.0,1.0,0.0,1.0,0.0,0.0,1.0,2.0,0.0,1.0,0.25,0.25,0.0,0.0,8.0,7.0,3.72294977194154,0.0,1.252762968495368,0.75,0.6611294361119892,-0.6729885530067983,synthetic_00563,0
73.0,62.0,3.0,24.333333333333332,0.0,0.0,0.0,4.0,3.0,2.0,0.75,1.0,1.3862943611198906,3.0,1.0,3.0,1.0,0.0,1.0,0.0,0.0,1.0,2.0,0.0,1.0,0.25,0.25,0.0,0.0,11.0,2.0,4.180312670157326,0.0,1.252762968495368,0.75,0.6611294361119892,-1.1303514512225843,synthetic_00564,0
60.0,51.0,3.0,20.0,0.0,0.0,0.0,4.0,3.0,2.0,0.75,1.0,1.3862943611198906,3.0,1.0,3.0,1.0,0.0,1.0,0.0,0.0,1.0,2.0,0.0,1.0,0.25,0.25,0.0,0.0,5.0,0.0,3.9961121802280286,0.0,1.252762968495368,0.75,0.6611294361119892,-0.946150961293287,synthetic_00565,0
43.0,32.0,3.0,14.333333333333334,1.0,0.0,0.0,3.0,2.0,2.0,0.6666666666666666,1.0,1.0986122886681096,2.0,1.0,2.0,0.0,0.0,1.0,0.0,1.0,0.0,0.0,0.0,1.0,0.0,0.3333333333333333,0.0,0.0,10.0,3.0,3.558161593754873,0.0,1.0986122886681096,2.0,0.40319456220014427,-0.06253429751872597,synthetic_00566,1
73.0,62.0,3.0,24.333333333333332,0.0,0.0,0.0,4.0,3.0,2.0,0.75,1.0,1.3862943611198906,3.0,1.0,3.0,1.0,0.0,1.0,0.0,0.0,1.0,2.0,0.0,1.0,0.25,0.25,0.0,0.0,11.0,2.0,4.180312670157326,0.0,1.252762968495368,0.75,0.6611294361119892,-1.1303514512225843,synthetic_00567,0
60.0,51.0,3.0,20.0,0.0,0.0,0.0,4.0,3.0,2.0,0.75,1.0,1.3862943611198906,3.0,1.0,3.0,1.0,0.0,1.0,0.0,0.0,1.0,2.0,0.0,1.0,0.25,0.25,0.0,0.0,5.0,0.0,3.9961121802280286,0.0,1.252762968495368,0.75,0.6611294361119892,-0.946150961293287,synthetic_00568,0
43.0,32.0,3.0,14.333333333333334,1.0,0.0,0.0,3.0,2.0,2.0,0.6666666666666666,1.0,1.0986122886681096,2.0,1.0,2.0,0.0,0.0,1.0,0.0,1.0,0.0,0.0,0.0,1.0,0.0,0.3333333333333333,0.0,0.0,10.0,3.0,3.558161593754873,0.0,1.0986122886681096,2.0,0.40319456220014427,-0.06253429751872597,synthetic_00569,1
54.0,45.0,3.0,18.0,0.0,0.0,0.0,3.0,2.0,2.0,0.6666666666666666,1.0,1.0986122886681096,2.0,1.0,2.0,0.0,0.0,1.0,0.0,1.0,0.0,0.0,0.0,1.0,0.0,0.3333333333333333,0.0,0.0,10.0,2.0,3.87325332614809,0.0,1.0986122886681096,2.0,0.40319456220014427,-0.37762602991194294,synthetic_00570,1
60.0,51.0,3.0,20.0,0.0,0.0,0.0,4.0,3.0,2.0,0.75,1.0,1.3862943611198906,3.0,1.0,3.0,1.0,0.0,1.0,0.0,0.0,1.0,2.0,0.0,1.0,0.25,0.25,0.0,0.0,5.0,0.0,3.9961121802280286,0.0,1.252762968495368,0.75,0.6611294361119892,-0.946150961293287,synthetic_00571,0
43.0,32.0,3.0,14.333333333333334,1.0,0.0,0.0,3.0,2.0,2.0,0.6666666666666666,1.0,1.0986122886681096,2.0,1.0,2.0,0.0,0.0,1.0,0.0,1.0,0.0,0.0,0.0,1.0,0.0,0.3333333333333333,0.0,0.0,10.0,3.0,3.558161593754873,0.0,1.0986122886681096,2.0,0.40319456220014427,-0.06253429751872597,synthetic_00572,1
54.0,45.0,3.0,18.0,0.0,0.0,0.0,3.0,2.0,2.0,0.6666666666666666,1.0,1.0986122886681096,2.0,1.0,2.0,0.0,0.0,1.0,0.0,1.0,0.0,0.0,0.0,1.0,0.0,0.3333333333333333,0.0,0.0,10.0,2.0,3.87325332614809,0.0,1.0986122886681096,2.0,0.40319456220014427,-0.37762602991194294,synthetic_00573,1
44.0,42.0,3.0,14.666666666666666,1.0,0.0,0.0,3.0,2.0,2.0,0.6666666666666666,1.0,1.0986122886681096,2.0,1.0,2.0,0.0,0.0,1.0,0.0,1.0,0.0,0.0,0.0,1.0,0.0,0.3333333333333333,0.0,0.0,4.0,0.0,3.808851476382645,0.0,1.0986122886681096,2.0,0.40319456220014427,-0.3132241801464981,synthetic_00574,1
43.0,32.0,3.0,14.333333333333334,1.0,0.0,0.0,3.0,2.0,2.0,0.6666666666666666,1.0,1.0986122886681096,2.0,1.0,2.0,0.0,0.0,1.0,0.0,1.0,0.0,0.0,0.0,1.0,0.0,0.3333333333333333,0.0,0.0,10.0,3.0,3.558161593754873,0.0,1.0986122886681096,2.0,0.40319456220014427,-0.06253429751872597,synthetic_00575,1
54.0,45.0,3.0,18.0,0.0,0.0,0.0,3.0,2.0,2.0,0.6666666666666666,1.0,1.0986122886681096,2.0,1.0,2.0,0.0,0.0,1.0,0.0,1.0,0.0,0.0,0.0,1.0,0.0,0.3333333333333333,0.0,0.0,10.0,2.0,3.87325332614809,0.0,1.0986122886681096,2.0,0.40319456220014427,-0.37762602991194294,synthetic_00576,1
60.0,51.0,3.0,20.0,0.0,0.0,0.0,4.0,3.0,2.0,0.75,1.0,1.3862943611198906,3.0,1.0,3.0,1.0,0.0,1.0,0.0,0.0,1.0,2.0,0.0,1.0,0.25,0.25,0.0,0.0,5.0,0.0,3.9961121802280286,0.0,1.252762968495368,0.75,0.6611294361119892,-0.946150961293287,synthetic_00577,0
52.0,38.0,2.0,26.0,0.0,0.0,0.0,4.0,3.0,2.0,0.75,1.0,1.3862943611198906,3.0,1.0,3.0,1.0,0.0,1.0,0.0,0.0,1.0,2.0,0.0,1.0,0.25,0.25,0.0,0.0,8.0,7.0,3.72294977194154,0.0,1.252762968495368,0.75,0.6611294361119892,-0.6729885530067983,synthetic_00578,0
54.0,45.0,3.0,18.0,0.0,0.0,0.0,3.0,2.0,2.0,0.6666666666666666,1.0,1.0986122886681096,2.0,1.0,2.0,0.0,0.0,1.0,0.0,1.0,0.0,0.0,0.0,1.0,0.0,0.3333333333333333,0.0,0.0,10.0,2.0,3.87325332614809,0.0,1.0986122886681096,2.0,0.40319456220014427,-0.37762602991194294,synthetic_00579,1
60.0,51.0,3.0,20.0,0.0,0.0,0.0,4.0,3.0,2.0,0.75,1.0,1.3862943611198906,3.0,1.0,3.0,1.0,0.0,1.0,0.0,0.0,1.0,2.0,0.0,1.0,0.25,0.25,0.0,0.0,5.0,0.0,3.9961121802280286,0.0,1.252762968495368,0.75,0.6611294361119892,-0.946150961293287,synthetic_00580,0
52.0,38.0,2.0,26.0,0.0,0.0,0.0,4.0,3.0,2.0,0.75,1.0,1.3862943611198906,3.0,1.0,3.0,1.0,0.0,1.0,0.0,0.0,1.0,2.0,0.0,1.0,0.25,0.25,0.0,0.0,8.0,7.0,3.72294977194154,0.0,1.252762968495368,0.75,0.6611294361119892,-0.6729885530067983,synthetic_00581,0
54.0,45.0,3.0,18.0,0.0,0.0,0.0,3.0,2.0,2.0,0.6666666666666666,1.0,1.0986122886681096,2.0,1.0,2.0,0.0,0.0,1.0,0.0,1.0,0.0,0.0,0.0,1.0,0.0,0.3333333333333333,0.0,0.0,10.0,2.0,3.87325332614809,0.0,1.0986122886681096,2.0,0.40319456220014427,-0.37762602991194294,synthetic_00582,1
44.0,42.0,3.0,14.666666666666666,1.0,0.0,0.0,3.0,2.0,2.0,0.6666666666666666,1.0,1.0986122886681096,2.0,1.0,2.0,0.0,0.0,1.0,0.0,1.0,0.0,0.0,0.0,1.0,0.0,0.3333333333333333,0.0,0.0,4.0,0.0,3.808851476382645,0.0,1.0986122886681096,2.0,0.40319456220014427,-0.3132241801464981,synthetic_00583,1
52.0,38.0,2.0,26.0,0.0,0.0,0.0,4.0,3.0,2.0,0.75,1.0,1.3862943611198906,3.0,1.0,3.0,1.0,0.0,1.0,0.0,0.0,1.0,2.0,0.0,1.0,0.25,0.25,0.0,0.0,8.0,7.0,3.72294977194154,0.0,1.252762968495368,0.75,0.6611294361119892,-0.6729885530067983,synthetic_00584,0
73.0,62.0,3.0,24.333333333333332,0.0,0.0,0.0,4.0,3.0,2.0,0.75,1.0,1.3862943611198906,3.0,1.0,3.0,1.0,0.0,1.0,0.0,0.0,1.0,2.0,0.0,1.0,0.25,0.25,0.0,0.0,11.0,2.0,4.180312670157326,0.0,1.252762968495368,0.75,0.6611294361119892,-1.1303514512225843,synthetic_00585,0
44.0,42.0,3.0,14.666666666666666,1.0,0.0,0.0,3.0,2.0,2.0,0.6666666666666666,1.0,1.0986122886681096,2.0,1.0,2.0,0.0,0.0,1.0,0.0,1.0,0.0,0.0,0.0,1.0,0.0,0.3333333333333333,0.0,0.0,4.0,0.0,3.808851476382645,0.0,1.0986122886681096,2.0,0.40319456220014427,-0.3132241801464981,synthetic_00586,1
43.0,32.0,3.0,14.333333333333334,1.0,0.0,0.0,3.0,2.0,2.0,0.6666666666666666,1.0,1.0986122886681096,2.0,1.0,2.0,0.0,0.0,1.0,0.0,1.0,0.0,0.0,0.0,1.0,0.0,0.3333333333333333,0.0,0.0,10.0,3.0,3.558161593754873,0.0,1.0986122886681096,2.0,0.40319456220014427,-0.06253429751872597,synthetic_00587,1
73.0,62.0,3.0,24.333333333333332,0.0,0.0,0.0,4.0,3.0,2.0,0.75,1.0,1.3862943611198906,3.0,1.0,3.0,1.0,0.0,1.0,0.0,0.0,1.0,2.0,0.0,1.0,0.25,0.25,0.0,0.0,11.0,2.0,4.180312670157326,0.0,1.252762968495368,0.75,0.6611294361119892,-1.1303514512225843,synthetic_00588,0
60.0,51.0,3.0,20.0,0.0,0.0,0.0,4.0,3.0,2.0,0.75,1.0,1.3862943611198906,3.0,1.0,3.0,1.0,0.0,1.0,0.0,0.0,1.0,2.0,0.0,1.0,0.25,0.25,0.0,0.0,5.0,0.0,3.9961121802280286,0.0,1.252762968495368,0.75,0.6611294361119892,-0.946150961293287,synthetic_00589,0
43.0,32.0,3.0,14.333333333333334,1.0,0.0,0.0,3.0,2.0,2.0,0.6666666666666666,1.0,1.0986122886681096,2.0,1.0,2.0,0.0,0.0,1.0,0.0,1.0,0.0,0.0,0.0,1.0,0.0,0.3333333333333333,0.0,0.0,10.0,3.0,3.558161593754873,0.0,1.0986122886681096,2.0,0.40319456220014427,-0.06253429751872597,synthetic_00590,1
54.0,45.0,3.0,18.0,0.0,0.0,0.0,3.0,2.0,2.0,0.6666666666666666,1.0,1.0986122886681096,2.0,1.0,2.0,0.0,0.0,1.0,0.0,1.0,0.0,0.0,0.0,1.0,0.0,0.3333333333333333,0.0,0.0,10.0,2.0,3.87325332614809,0.0,1.0986122886681096,2.0,0.40319456220014427,-0.37762602991194294,synthetic_00591,1
44.0,42.0,3.0,14.666666666666666,1.0,0.0,0.0,3.0,2.0,2.0,0.6666666666666666,1.0,1.0986122886681096,2.0,1.0,2.0,0.0,0.0,1.0,0.0,1.0,0.0,0.0,0.0,1.0,0.0,0.3333333333333333,0.0,0.0,4.0,0.0,3.808851476382645,0.0,1.0986122886681096,2.0,0.40319456220014427,-0.3132241801464981,synthetic_00592,1
52.0,38.0,2.0,26.0,0.0,0.0,0.0,4.0,3.0,2.0,0.75,1.0,1.3862943611198906,3.0,1.0,3.0,1.0,0.0,1.0,0.0,0.0,1.0,2.0,0.0,1.0,0.25,0.25,0.0,0.0,8.0,7.0,3.72294977194154,0.0,1.252762968495368,0.75,0.6611294361119892,-0.6729885530067983,synthetic_00593,0
73.0,62.0,3.0,24.333333333333332,0.0,0.0,0.0,4.0,3.0,2.0,0.75,1.0,1.3862943611198906,3.0,1.0,3.0,1.0,0.0,1.0,0.0,0.0,1.0,2.0,0.0,1.0,0.25,0.25,0.0,0.0,11.0,2.0,4.180312670157326,0.0,1.252762968495368,0.75,0.6611294361119892,-1.1303514512225843,synthetic_00594,0
44.0,42.0,3.0,14.666666666666666,1.0,0.0,0.0,3.0,2.0,2.0,0.6666666666666666,1.0,1.0986122886681096,2.0,1.0,2.0,0.0,0.0,1.0,0.0,1.0,0.0,0.0,0.0,1.0,0.0,0.3333333333333333,0.0,0.0,4.0,0.0,3.808851476382645,0.0,1.0986122886681096,2.0,0.40319456220014427,-0.3132241801464981,synthetic_00595,1
43.0,32.0,3.0,14.333333333333334,1.0,0.0,0.0,3.0,2.0,2.0,0.6666666666666666,1.0,1.0986122886681096,2.0,1.0,2.0,0.0,0.0,1.0,0.0,1.0,0.0,0.0,0.0,1.0,0.0,0.3333333333333333,0.0,0.0,10.0,3.0,3.558161593754873,0.0,1.0986122886681096,2.0,0.40319456220014427,-0.06253429751872597,synthetic_00596,1
73.0,62.0,3.0,24.333333333333332,0.0,0.0,0.0,4.0,3.0,2.0,0.75,1.0,1.3862943611198906,3.0,1.0,3.0,1.0,0.0,1.0,0.0,0.0,1.0,2.0,0.0,1.0,0.25,0.25,0.0,0.0,11.0,2.0,4.180312670157326,0.0,1.252762968495368,0.75,0.6611294361119892,-1.1303514512225843,synthetic_00597,0
60.0,51.0,3.0,20.0,0.0,0.0,0.0,4.0,3.0,2.0,0.75,1.0,1.3862943611198906,3.0,1.0,3.0,1.0,0.0,1.0,0.0,0.0,1.0,2.0,0.0,1.0,0.25,0.25,0.0,0.0,5.0,0.0,3.9961121802280286,0.0,1.252762968495368,0.75,0.6611294361119892,-0.946150961293287,synthetic_00598,0
43.0,32.0,3.0,14.333333333333334,1.0,0.0,0.0,3.0,2.0,2.0,0.6666666666666666,1.0,1.0986122886681096,2.0,1.0,2.0,0.0,0.0,1.0,0.0,1.0,0.0,0.0,0.0,1.0,0.0,0.3333333333333333,0.0,0.0,10.0,3.0,3.558161593754873,0.0,1.0986122886681096,2.0,0.40319456220014427,-0.06253429751872597,synthetic_00599,1
73.0,62.0,3.0,24.333333333333332,0.0,0.0,0.0,4.0,3.0,2.0,0.75,1.0,1.3862943611198906,3.0,1.0,3.0,1.0,0.0,1.0,0.0,0.0,1.0,2.0,0.0,1.0,0.25,0.25,0.0,0.0,11.0,2.0,4.180312670157326,0.0,1.252762968495368,0.75,0.6611294361119892,-1.1303514512225843,synthetic_00600,0
60.0,51.0,3.0,20.0,0.0,0.0,0.0,4.0,3.0,2.0,0.75,1.0,1.3862943611198906,3.0,1.0,3.0,1.0,0.0,1.0,0.0,0.0,1.0,2.0,0.0,1.0,0.25,0.25,0.0,0.0,5.0,0.0,3.9961121802280286,0.0,1.252762968495368,0.75,0.6611294361119892,-0.946150961293287,synthetic_00601,0
43.0,32.0,3.0,14.333333333333334,1.0,0.0,0.0,3.0,2.0,2.0,0.6666666666666666,1.0,1.0986122886681096,2.0,1.0,2.0,0.0,0.0,1.0,0.0,1.0,0.0,0.0,0.0,1.0,0.0,0.3333333333333333,0.0,0.0,10.0,3.0,3.558161593754873,0.0,1.0986122886681096,2.0,0.40319456220014427,-0.06253429751872597,synthetic_00602,1
73.0,62.0,3.0,24.333333333333332,0.0,0.0,0.0,4.0,3.0,2.0,0.75,1.0,1.3862943611198906,3.0,1.0,3.0,1.0,0.0,1.0,0.0,0.0,1.0,2.0,0.0,1.0,0.25,0.25,0.0,0.0,11.0,2.0,4.180312670157326,0.0,1.252762968495368,0.75,0.6611294361119892,-1.1303514512225843,synthetic_00603,0
44.0,42.0,3.0,14.666666666666666,1.0,0.0,0.0,3.0,2.0,2.0,0.6666666666666666,1.0,1.0986122886681096,2.0,1.0,2.0,0.0,0.0,1.0,0.0,1.0,0.0,0.0,0.0,1.0,0.0,0.3333333333333333,0.0,0.0,4.0,0.0,3.808851476382645,0.0,1.0986122886681096,2.0,0.40319456220014427,-0.3132241801464981,synthetic_00604,1
52.0,38.0,2.0,26.0,0.0,0.0,0.0,4.0,3.0,2.0,0.75,1.0,1.3862943611198906,3.0,1.0,3.0,1.0,0.0,1.0,0.0,0.0,1.0,2.0,0.0,1.0,0.25,0.25,0.0,0.0,8.0,7.0,3.72294977194154,0.0,1.252762968495368,0.75,0.6611294361119892,-0.6729885530067983,synthetic_00605,0
73.0,62.0,3.0,24.333333333333332,0.0,0.0,0.0,4.0,3.0,2.0,0.75,1.0,1.3862943611198906,3.0,1.0,3.0,1.0,0.0,1.0,0.0,0.0,1.0,2.0,0.0,1.0,0.25,0.25,0.0,0.0,11.0,2.0,4.180312670157326,0.0,1.252762968495368,0.75,0.6611294361119892,-1.1303514512225843,synthetic_00606,0
60.0,51.0,3.0,20.0,0.0,0.0,0.0,4.0,3.0,2.0,0.75,1.0,1.3862943611198906,3.0,1.0,3.0,1.0,0.0,1.0,0.0,0.0,1.0,2.0,0.0,1.0,0.25,0.25,0.0,0.0,5.0,0.0,3.9961121802280286,0.0,1.252762968495368,0.75,0.6611294361119892,-0.946150961293287,synthetic_00607,0
43.0,32.0,3.0,14.333333333333334,1.0,0.0,0.0,3.0,2.0,2.0,0.6666666666666666,1.0,1.0986122886681096,2.0,1.0,2.0,0.0,0.0,1.0,0.0,1.0,0.0,0.0,0.0,1.0,0.0,0.3333333333333333,0.0,0.0,10.0,3.0,3.558161593754873,0.0,1.0986122886681096,2.0,0.40319456220014427,-0.06253429751872597,synthetic_00608,1
54.0,45.0,3.0,18.0,0.0,0.0,0.0,3.0,2.0,2.0,0.6666666666666666,1.0,1.0986122886681096,2.0,1.0,2.0,0.0,0.0,1.0,0.0,1.0,0.0,0.0,0.0,1.0,0.0,0.3333333333333333,0.0,0.0,10.0,2.0,3.87325332614809,0.0,1.0986122886681096,2.0,0.40319456220014427,-0.37762602991194294,synthetic_00609,1
44.0,42.0,3.0,14.666666666666666,1.0,0.0,0.0,3.0,2.0,2.0,0.6666666666666666,1.0,1.0986122886681096,2.0,1.0,2.0,0.0,0.0,1.0,0.0,1.0,0.0,0.0,0.0,1.0,0.0,0.3333333333333333,0.0,0.0,4.0,0.0,3.808851476382645,0.0,1.0986122886681096,2.0,0.40319456220014427,-0.3132241801464981,synthetic_00610,1
52.0,38.0,2.0,26.0,0.0,0.0,0.0,4.0,3.0,2.0,0.75,1.0,1.3862943611198906,3.0,1.0,3.0,1.0,0.0,1.0,0.0,0.0,1.0,2.0,0.0,1.0,0.25,0.25,0.0,0.0,8.0,7.0,3.72294977194154,0.0,1.252762968495368,0.75,0.6611294361119892,-0.6729885530067983,synthetic_00611,0
73.0,62.0,3.0,24.333333333333332,0.0,0.0,0.0,4.0,3.0,2.0,0.75,1.0,1.3862943611198906,3.0,1.0,3.0,1.0,0.0,1.0,0.0,0.0,1.0,2.0,0.0,1.0,0.25,0.25,0.0,0.0,11.0,2.0,4.180312670157326,0.0,1.252762968495368,0.75,0.6611294361119892,-1.1303514512225843,synthetic_00612,0
60.0,51.0,3.0,20.0,0.0,0.0,0.0,4.0,3.0,2.0,0.75,1.0,1.3862943611198906,3.0,1.0,3.0,1.0,0.0,1.0,0.0,0.0,1.0,2.0,0.0,1.0,0.25,0.25,0.0,0.0,5.0,0.0,3.9961121802280286,0.0,1.252762968495368,0.75,0.6611294361119892,-0.946150961293287,synthetic_00613,0
52.0,38.0,2.0,26.0,0.0,0.0,0.0,4.0,3.0,2.0,0.75,1.0,1.3862943611198906,3.0,1.0,3.0,1.0,0.0,1.0,0.0,0.0,1.0,2.0,0.0,1.0,0.25,0.25,0.0,0.0,8.0,7.0,3.72294977194154,0.0,1.252762968495368,0.75,0.6611294361119892,-0.6729885530067983,synthetic_00614,0
54.0,45.0,3.0,18.0,0.0,0.0,0.0,3.0,2.0,2.0,0.6666666666666666,1.0,1.0986122886681096,2.0,1.0,2.0,0.0,0.0,1.0,0.0,1.0,0.0,0.0,0.0,1.0,0.0,0.3333333333333333,0.0,0.0,10.0,2.0,3.87325332614809,0.0,1.0986122886681096,2.0,0.40319456220014427,-0.37762602991194294,synthetic_00615,1
60.0,51.0,3.0,20.0,0.0,0.0,0.0,4.0,3.0,2.0,0.75,1.0,1.3862943611198906,3.0,1.0,3.0,1.0,0.0,1.0,0.0,0.0,1.0,2.0,0.0,1.0,0.25,0.25,0.0,0.0,5.0,0.0,3.9961121802280286,0.0,1.252762968495368,0.75,0.6611294361119892,-0.946150961293287,synthetic_00616,0
52.0,38.0,2.0,26.0,0.0,0.0,0.0,4.0,3.0,2.0,0.75,1.0,1.3862943611198906,3.0,1.0,3.0,1.0,0.0,1.0,0.0,0.0,1.0,2.0,0.0,1.0,0.25,0.25,0.0,0.0,8.0,7.0,3.72294977194154,0.0,1.252762968495368,0.75,0.6611294361119892,-0.6729885530067983,synthetic_00617,0
54.0,45.0,3.0,18.0,0.0,0.0,0.0,3.0,2.0,2.0,0.6666666666666666,1.0,1.0986122886681096,2.0,1.0,2.0,0.0,0.0,1.0,0.0,1.0,0.0,0.0,0.0,1.0,0.0,0.3333333333333333,0.0,0.0,10.0,2.0,3.87325332614809,0.0,1.0986122886681096,2.0,0.40319456220014427,-0.37762602991194294,synthetic_00618,1
44.0,42.0,3.0,14.666666666666666,1.0,0.0,0.0,3.0,2.0,2.0,0.6666666666666666,1.0,1.0986122886681096,2.0,1.0,2.0,0.0,0.0,1.0,0.0,1.0,0.0,0.0,0.0,1.0,0.0,0.3333333333333333,0.0,0.0,4.0,0.0,3.808851476382645,0.0,1.0986122886681096,2.0,0.40319456220014427,-0.3132241801464981,synthetic_00619,1
43.0,32.0,3.0,14.333333333333334,1.0,0.0,0.0,3.0,2.0,2.0,0.6666666666666666,1.0,1.0986122886681096,2.0,1.0,2.0,0.0,0.0,1.0,0.0,1.0,0.0,0.0,0.0,1.0,0.0,0.3333333333333333,0.0,0.0,10.0,3.0,3.558161593754873,0.0,1.0986122886681096,2.0,0.40319456220014427,-0.06253429751872597,synthetic_00620,1
54.0,45.0,3.0,18.0,0.0,0.0,0.0,3.0,2.0,2.0,0.6666666666666666,1.0,1.0986122886681096,2.0,1.0,2.0,0.0,0.0,1.0,0.0,1.0,0.0,0.0,0.0,1.0,0.0,0.3333333333333333,0.0,0.0,10.0,2.0,3.87325332614809,0.0,1.0986122886681096,2.0,0.40319456220014427,-0.37762602991194294,synthetic_00621,1
44.0,42.0,3.0,14.666666666666666,1.0,0.0,0.0,3.0,2.0,2.0,0.6666666666666666,1.0,1.0986122886681096,2.0,1.0,2.0,0.0,0.0,1.0,0.0,1.0,0.0,0.0,0.0,1.0,0.0,0.3333333333333333,0.0,0.0,4.0,0.0,3.808851476382645,0.0,1.0986122886681096,2.0,0.40319456220014427,-0.3132241801464981,synthetic_00622,1
52.0,38.0,2.0,26.0,0.0,0.0,0.0,4.0,3.0,2.0,0.75,1.0,1.3862943611198906,3.0,1.0,3.0,1.0,0.0,1.0,0.0,0.0,1.0,2.0,0.0,1.0,0.25,0.25,0.0,0.0,8.0,7.0,3.72294977194154,0.0,1.252762968495368,0.75,0.6611294361119892,-0.6729885530067983,synthetic_00623,0
73.0,62.0,3.0,24.333333333333332,0.0,0.0,0.0,4.0,3.0,2.0,0.75,1.0,1.3862943611198906,3.0,1.0,3.0,1.0,0.0,1.0,0.0,0.0,1.0,2.0,0.0,1.0,0.25,0.25,0.0,0.0,11.0,2.0,4.180312670157326,0.0,1.252762968495368,0.75,0.6611294361119892,-1.1303514512225843,synthetic_00624,0
44.0,42.0,3.0,14.666666666666666,1.0,0.0,0.0,3.0,2.0,2.0,0.6666666666666666,1.0,1.0986122886681096,2.0,1.0,2.0,0.0,0.0,1.0,0.0,1.0,0.0,0.0,0.0,1.0,0.0,0.3333333333333333,0.0,0.0,4.0,0.0,3.808851476382645,0.0,1.0986122886681096,2.0,0.40319456220014427,-0.3132241801464981,synthetic_00625,1
52.0,38.0,2.0,26.0,0.0,0.0,0.0,4.0,3.0,2.0,0.75,1.0,1.3862943611198906,3.0,1.0,3.0,1.0,0.0,1.0,0.0,0.0,1.0,2.0,0.0,1.0,0.25,0.25,0.0,0.0,8.0,7.0,3.72294977194154,0.0,1.252762968495368,0.75,0.6611294361119892,-0.6729885530067983,synthetic_00626,0
54.0,45.0,3.0,18.0,0.0,0.0,0.0,3.0,2.0,2.0,0.6666666666666666,1.0,1.0986122886681096,2.0,1.0,2.0,0.0,0.0,1.0,0.0,1.0,0.0,0.0,0.0,1.0,0.0,0.3333333333333333,0.0,0.0,10.0,2.0,3.87325332614809,0.0,1.0986122886681096,2.0,0.40319456220014427,-0.37762602991194294,synthetic_00627,1
44.0,42.0,3.0,14.666666666666666,1.0,0.0,0.0,3.0,2.0,2.0,0.6666666666666666,1.0,1.0986122886681096,2.0,1.0,2.0,0.0,0.0,1.0,0.0,1.0,0.0,0.0,0.0,1.0,0.0,0.3333333333333333,0.0,0.0,4.0,0.0,3.808851476382645,0.0,1.0986122886681096,2.0,0.40319456220014427,-0.3132241801464981,synthetic_00628,1
52.0,38.0,2.0,26.0,0.0,0.0,0.0,4.0,3.0,2.0,0.75,1.0,1.3862943611198906,3.0,1.0,3.0,1.0,0.0,1.0,0.0,0.0,1.0,2.0,0.0,1.0,0.25,0.25,0.0,0.0,8.0,7.0,3.72294977194154,0.0,1.252762968495368,0.75,0.6611294361119892,-0.6729885530067983,synthetic_00629,0
73.0,62.0,3.0,24.333333333333332,0.0,0.0,0.0,4.0,3.0,2.0,0.75,1.0,1.3862943611198906,3.0,1.0,3.0,1.0,0.0,1.0,0.0,0.0,1.0,2.0,0.0,1.0,0.25,0.25,0.0,0.0,11.0,2.0,4.180312670157326,0.0,1.252762968495368,0.75,0.6611294361119892,-1.1303514512225843,synthetic_00630,0
60.0,51.0,3.0,20.0,0.0,0.0,0.0,4.0,3.0,2.0,0.75,1.0,1.3862943611198906,3.0,1.0,3.0,1.0,0.0,1.0,0.0,0.0,1.0,2.0,0.0,1.0,0.25,0.25,0.0,0.0,5.0,0.0,3.9961121802280286,0.0,1.252762968495368,0.75,0.6611294361119892,-0.946150961293287,synthetic_00631,0
52.0,38.0,2.0,26.0,0.0,0.0,0.0,4.0,3.0,2.0,0.75,1.0,1.3862943611198906,3.0,1.0,3.0,1.0,0.0,1.0,0.0,0.0,1.0,2.0,0.0,1.0,0.25,0.25,0.0,0.0,8.0,7.0,3.72294977194154,0.0,1.252762968495368,0.75,0.6611294361119892,-0.6729885530067983,synthetic_00632,0
54.0,45.0,3.0,18.0,0.0,0.0,0.0,3.0,2.0,2.0,0.6666666666666666,1.0,1.0986122886681096,2.0,1.0,2.0,0.0,0.0,1.0,0.0,1.0,0.0,0.0,0.0,1.0,0.0,0.3333333333333333,0.0,0.0,10.0,2.0,3.87325332614809,0.0,1.0986122886681096,2.0,0.40319456220014427,-0.37762602991194294,synthetic_00633,1
60.0,51.0,3.0,20.0,0.0,0.0,0.0,4.0,3.0,2.0,0.75,1.0,1.3862943611198906,3.0,1.0,3.0,1.0,0.0,1.0,0.0,0.0,1.0,2.0,0.0,1.0,0.25,0.25,0.0,0.0,5.0,0.0,3.9961121802280286,0.0,1.252762968495368,0.75,0.6611294361119892,-0.946150961293287,synthetic_00634,0
52.0,38.0,2.0,26.0,0.0,0.0,0.0,4.0,3.0,2.0,0.75,1.0,1.3862943611198906,3.0,1.0,3.0,1.0,0.0,1.0,0.0,0.0,1.0,2.0,0.0,1.0,0.25,0.25,0.0,0.0,8.0,7.0,3.72294977194154,0.0,1.252762968495368,0.75,0.6611294361119892,-0.6729885530067983,synthetic_00635,0
73.0,62.0,3.0,24.333333333333332,0.0,0.0,0.0,4.0,3.0,2.0,0.75,1.0,1.3862943611198906,3.0,1.0,3.0,1.0,0.0,1.0,0.0,0.0,1.0,2.0,0.0,1.0,0.25,0.25,0.0,0.0,11.0,2.0,4.180312670157326,0.0,1.252762968495368,0.75,0.6611294361119892,-1.1303514512225843,synthetic_00636,0
44.0,42.0,3.0,14.666666666666666,1.0,0.0,0.0,3.0,2.0,2.0,0.6666666666666666,1.0,1.0986122886681096,2.0,1.0,2.0,0.0,0.0,1.0,0.0,1.0,0.0,0.0,0.0,1.0,0.0,0.3333333333333333,0.0,0.0,4.0,0.0,3.808851476382645,0.0,1.0986122886681096,2.0,0.40319456220014427,-0.3132241801464981,synthetic_00637,1
43.0,32.0,3.0,14.333333333333334,1.0,0.0,0.0,3.0,2.0,2.0,0.6666666666666666,1.0,1.0986122886681096,2.0,1.0,2.0,0.0,0.0,1.0,0.0,1.0,0.0,0.0,0.0,1.0,0.0,0.3333333333333333,0.0,0.0,10.0,3.0,3.558161593754873,0.0,1.0986122886681096,2.0,0.40319456220014427,-0.06253429751872597,synthetic_00638,1
73.0,62.0,3.0,24.333333333333332,0.0,0.0,0.0,4.0,3.0,2.0,0.75,1.0,1.3862943611198906,3.0,1.0,3.0,1.0,0.0,1.0,0.0,0.0,1.0,2.0,0.0,1.0,0.25,0.25,0.0,0.0,11.0,2.0,4.180312670157326,0.0,1.252762968495368,0.75,0.6611294361119892,-1.1303514512225843,synthetic_00639,0
44.0,42.0,3.0,14.666666666666666,1.0,0.0,0.0,3.0,2.0,2.0,0.6666666666666666,1.0,1.0986122886681096,2.0,1.0,2.0,0.0,0.0,1.0,0.0,1.0,0.0,0.0,0.0,1.0,0.0,0.3333333333333333,0.0,0.0,4.0,0.0,3.808851476382645,0.0,1.0986122886681096,2.0,0.40319456220014427,-0.3132241801464981,synthetic_00640,1
52.0,38.0,2.0,26.0,0.0,0.0,0.0,4.0,3.0,2.0,0.75,1.0,1.3862943611198906,3.0,1.0,3.0,1.0,0.0,1.0,0.0,0.0,1.0,2.0,0.0,1.0,0.25,0.25,0.0,0.0,8.0,7.0,3.72294977194154,0.0,1.252762968495368,0.75,0.6611294361119892,-0.6729885530067983,synthetic_00641,0
73.0,62.0,3.0,24.333333333333332,0.0,0.0,0.0,4.0,3.0,2.0,0.75,1.0,1.3862943611198906,3.0,1.0,3.0,1.0,0.0,1.0,0.0,0.0,1.0,2.0,0.0,1.0,0.25,0.25,0.0,0.0,11.0,2.0,4.180312670157326,0.0,1.252762968495368,0.75,0.6611294361119892,-1.1303514512225843,synthetic_00642,0
60.0,51.0,3.0,20.0,0.0,0.0,0.0,4.0,3.0,2.0,0.75,1.0,1.3862943611198906,3.0,1.0,3.0,1.0,0.0,1.0,0.0,0.0,1.0,2.0,0.0,1.0,0.25,0.25,0.0,0.0,5.0,0.0,3.9961121802280286,0.0,1.252762968495368,0.75,0.6611294361119892,-0.946150961293287,synthetic_00643,0
52.0,38.0,2.0,26.0,0.0,0.0,0.0,4.0,3.0,2.0,0.75,1.0,1.3862943611198906,3.0,1.0,3.0,1.0,0.0,1.0,0.0,0.0,1.0,2.0,0.0,1.0,0.25,0.25,0.0,0.0,8.0,7.0,3.72294977194154,0.0,1.252762968495368,0.75,0.6611294361119892,-0.6729885530067983,synthetic_00644,0
73.0,62.0,3.0,24.333333333333332,0.0,0.0,0.0,4.0,3.0,2.0,0.75,1.0,1.3862943611198906,3.0,1.0,3.0,1.0,0.0,1.0,0.0,0.0,1.0,2.0,0.0,1.0,0.25,0.25,0.0,0.0,11.0,2.0,4.180312670157326,0.0,1.252762968495368,0.75,0.6611294361119892,-1.1303514512225843,synthetic_00645,0
44.0,42.0,3.0,14.666666666666666,1.0,0.0,0.0,3.0,2.0,2.0,0.6666666666666666,1.0,1.0986122886681096,2.0,1.0,2.0,0.0,0.0,1.0,0.0,1.0,0.0,0.0,0.0,1.0,0.0,0.3333333333333333,0.0,0.0,4.0,0.0,3.808851476382645,0.0,1.0986122886681096,2.0,0.40319456220014427,-0.3132241801464981,synthetic_00646,1
52.0,38.0,2.0,26.0,0.0,0.0,0.0,4.0,3.0,2.0,0.75,1.0,1.3862943611198906,3.0,1.0,3.0,1.0,0.0,1.0,0.0,0.0,1.0,2.0,0.0,1.0,0.25,0.25,0.0,0.0,8.0,7.0,3.72294977194154,0.0,1.252762968495368,0.75,0.6611294361119892,-0.6729885530067983,synthetic_00647,0
73.0,62.0,3.0,24.333333333333332,0.0,0.0,0.0,4.0,3.0,2.0,0.75,1.0,1.3862943611198906,3.0,1.0,3.0,1.0,0.0,1.0,0.0,0.0,1.0,2.0,0.0,1.0,0.25,0.25,0.0,0.0,11.0,2.0,4.180312670157326,0.0,1.252762968495368,0.75,0.6611294361119892,-1.1303514512225843,synthetic_00648,0
44.0,42.0,3.0,14.666666666666666,1.0,0.0,0.0,3.0,2.0,2.0,0.6666666666666666,1.0,1.0986122886681096,2.0,1.0,2.0,0.0,0.0,1.0,0.0,1.0,0.0,0.0,0.0,1.0,0.0,0.3333333333333333,0.0,0.0,4.0,0.0,3.808851476382645,0.0,1.0986122886681096,2.0,0.40319456220014427,-0.3132241801464981,synthetic_00649,1
43.0,32.0,3.0,14.333333333333334,1.0,0.0,0.0,3.0,2.0,2.0,0.6666666666666666,1.0,1.0986122886681096,2.0,1.0,2.0,0.0,0.0,1.0,0.0,1.0,0.0,0.0,0.0,1.0,0.0,0.3333333333333333,0.0,0.0,10.0,3.0,3.558161593754873,0.0,1.0986122886681096,2.0,0.40319456220014427,-0.06253429751872597,synthetic_00650,1
54.0,45.0,3.0,18.0,0.0,0.0,0.0,3.0,2.0,2.0,0.6666666666666666,1.0,1.0986122886681096,2.0,1.0,2.0,0.0,0.0,1.0,0.0,1.0,0.0,0.0,0.0,1.0,0.0,0.3333333333333333,0.0,0.0,10.0,2.0,3.87325332614809,0.0,1.0986122886681096,2.0,0.40319456220014427,-0.37762602991194294,synthetic_00651,1
44.0,42.0,3.0,14.666666666666666,1.0,0.0,0.0,3.0,2.0,2.0,0.6666666666666666,1.0,1.0986122886681096,2.0,1.0,2.0,0.0,0.0,1.0,0.0,1.0,0.0,0.0,0.0,1.0,0.0,0.3333333333333333,0.0,0.0,4.0,0.0,3.808851476382645,0.0,1.0986122886681096,2.0,0.40319456220014427,-0.3132241801464981,synthetic_00652,1
43.0,32.0,3.0,14.333333333333334,1.0,0.0,0.0,3.0,2.0,2.0,0.6666666666666666,1.0,1.0986122886681096,2.0,1.0,2.0,0.0,0.0,1.0,0.0,1.0,0.0,0.0,0.0,1.0,0.0,0.3333333333333333,0.0,0.0,10.0,3.0,3.558161593754873,0.0,1.0986122886681096,2.0,0.40319456220014427,-0.06253429751872597,synthetic_00653,1
73.0,62.0,3.0,24.333333333333332,0.0,0.0,0.0,4.0,3.0,2.0,0.75,1.0,1.3862943611198906,3.0,1.0,3.0,1.0,0.0,1.0,0.0,0.0,1.0,2.0,0.0,1.0,0.25,0.25,0.0,0.0,11.0,2.0,4.180312670157326,0.0,1.252762968495368,0.75,0.6611294361119892,-1.1303514512225843,synthetic_00654,0
44.0,42.0,3.0,14.666666666666666,1.0,0.0,0.0,3.0,2.0,2.0,0.6666666666666666,1.0,1.0986122886681096,2.0,1.0,2.0,0.0,0.0,1.0,0.0,1.0,0.0,0.0,0.0,1.0,0.0,0.3333333333333333,0.0,0.0,4.0,0.0,3.808851476382645,0.0,1.0986122886681096,2.0,0.40319456220014427,-0.3132241801464981,synthetic_00655,1
52.0,38.0,2.0,26.0,0.0,0.0,0.0,4.0,3.0,2.0,0.75,1.0,1.3862943611198906,3.0,1.0,3.0,1.0,0.0,1.0,0.0,0.0,1.0,2.0,0.0,1.0,0.25,0.25,0.0,0.0,8.0,7.0,3.72294977194154,0.0,1.252762968495368,0.75,0.6611294361119892,-0.6729885530067983,synthetic_00656,0
73.0,62.0,3.0,24.333333333333332,0.0,0.0,0.0,4.0,3.0,2.0,0.75,1.0,1.3862943611198906,3.0,1.0,3.0,1.0,0.0,1.0,0.0,0.0,1.0,2.0,0.0,1.0,0.25,0.25,0.0,0.0,11.0,2.0,4.180312670157326,0.0,1.252762968495368,0.75,0.6611294361119892,-1.1303514512225843,synthetic_00657,0
44.0,42.0,3.0,14.666666666666666,1.0,0.0,0.0,3.0,2.0,2.0,0.6666666666666666,1.0,1.0986122886681096,2.0,1.0,2.0,0.0,0.0,1.0,0.0,1.0,0.0,0.0,0.0,1.0,0.0,0.3333333333333333,0.0,0.0,4.0,0.0,3.808851476382645,0.0,1.0986122886681096,2.0,0.40319456220014427,-0.3132241801464981,synthetic_00658,1
43.0,32.0,3.0,14.333333333333334,1.0,0.0,0.0,3.0,2.0,2.0,0.6666666666666666,1.0,1.0986122886681096,2.0,1.0,2.0,0.0,0.0,1.0,0.0,1.0,0.0,0.0,0.0,1.0,0.0,0.3333333333333333,0.0,0.0,10.0,3.0,3.558161593754873,0.0,1.0986122886681096,2.0,0.40319456220014427,-0.06253429751872597,synthetic_00659,1
73.0,62.0,3.0,24.333333333333332,0.0,0.0,0.0,4.0,3.0,2.0,0.75,1.0,1.3862943611198906,3.0,1.0,3.0,1.0,0.0,1.0,0.0,0.0,1.0,2.0,0.0,1.0,0.25,0.25,0.0,0.0,11.0,2.0,4.180312670157326,0.0,1.252762968495368,0.75,0.6611294361119892,-1.1303514512225843,synthetic_00660,0
44.0,42.0,3.0,14.666666666666666,1.0,0.0,0.0,3.0,2.0,2.0,0.6666666666666666,1.0,1.0986122886681096,2.0,1.0,2.0,0.0,0.0,1.0,0.0,1.0,0.0,0.0,0.0,1.0,0.0,0.3333333333333333,0.0,0.0,4.0,0.0,3.808851476382645,0.0,1.0986122886681096,2.0,0.40319456220014427,-0.3132241801464981,synthetic_00661,1
52.0,38.0,2.0,26.0,0.0,0.0,0.0,4.0,3.0,2.0,0.75,1.0,1.3862943611198906,3.0,1.0,3.0,1.0,0.0,1.0,0.0,0.0,1.0,2.0,0.0,1.0,0.25,0.25,0.0,0.0,8.0,7.0,3.72294977194154,0.0,1.252762968495368,0.75,0.6611294361119892,-0.6729885530067983,synthetic_00662,0
73.0,62.0,3.0,24.333333333333332,0.0,0.0,0.0,4.0,3.0,2.0,0.75,1.0,1.3862943611198906,3.0,1.0,3.0,1.0,0.0,1.0,0.0,0.0,1.0,2.0,0.0,1.0,0.25,0.25,0.0,0.0,11.0,2.0,4.180312670157326,0.0,1.252762968495368,0.75,0.6611294361119892,-1.1303514512225843,synthetic_00663,0
44.0,42.0,3.0,14.666666666666666,1.0,0.0,0.0,3.0,2.0,2.0,0.6666666666666666,1.0,1.0986122886681096,2.0,1.0,2.0,0.0,0.0,1.0,0.0,1.0,0.0,0.0,0.0,1.0,0.0,0.3333333333333333,0.0,0.0,4.0,0.0,3.808851476382645,0.0,1.0986122886681096,2.0,0.40319456220014427,-0.3132241801464981,synthetic_00664,1
52.0,38.0,2.0,26.0,0.0,0.0,0.0,4.0,3.0,2.0,0.75,1.0,1.3862943611198906,3.0,1.0,3.0,1.0,0.0,1.0,0.0,0.0,1.0,2.0,0.0,1.0,0.25,0.25,0.0,0.0,8.0,7.0,3.72294977194154,0.0,1.252762968495368,0.75,0.6611294361119892,-0.6729885530067983,synthetic_00665,0
54.0,45.0,3.0,18.0,0.0,0.0,0.0,3.0,2.0,2.0,0.6666666666666666,1.0,1.0986122886681096,2.0,1.0,2.0,0.0,0.0,1.0,0.0,1.0,0.0,0.0,0.0,1.0,0.0,0.3333333333333333,0.0,0.0,10.0,2.0,3.87325332614809,0.0,1.0986122886681096,2.0,0.40319456220014427,-0.37762602991194294,synthetic_00666,1
44.0,42.0,3.0,14.666666666666666,1.0,0.0,0.0,3.0,2.0,2.0,0.6666666666666666,1.0,1.0986122886681096,2.0,1.0,2.0,0.0,0.0,1.0,0.0,1.0,0.0,0.0,0.0,1.0,0.0,0.3333333333333333,0.0,0.0,4.0,0.0,3.808851476382645,0.0,1.0986122886681096,2.0,0.40319456220014427,-0.3132241801464981,synthetic_00667,1
52.0,38.0,2.0,26.0,0.0,0.0,0.0,4.0,3.0,2.0,0.75,1.0,1.3862943611198906,3.0,1.0,3.0,1.0,0.0,1.0,0.0,0.0,1.0,2.0,0.0,1.0,0.25,0.25,0.0,0.0,8.0,7.0,3.72294977194154,0.0,1.252762968495368,0.75,0.6611294361119892,-0.6729885530067983,synthetic_00668,0
73.0,62.0,3.0,24.333333333333332,0.0,0.0,0.0,4.0,3.0,2.0,0.75,1.0,1.3862943611198906,3.0,1.0,3.0,1.0,0.0,1.0,0.0,0.0,1.0,2.0,0.0,1.0,0.25,0.25,0.0,0.0,11.0,2.0,4.180312670157326,0.0,1.252762968495368,0.75,0.6611294361119892,-1.1303514512225843,synthetic_00669,0
60.0,51.0,3.0,20.0,0.0,0.0,0.0,4.0,3.0,2.0,0.75,1.0,1.3862943611198906,3.0,1.0,3.0,1.0,0.0,1.0,0.0,0.0,1.0,2.0,0.0,1.0,0.25,0.25,0.0,0.0,5.0,0.0,3.9961121802280286,0.0,1.252762968495368,0.75,0.6611294361119892,-0.946150961293287,synthetic_00670,0
43.0,32.0,3.0,14.333333333333334,1.0,0.0,0.0,3.0,2.0,2.0,0.6666666666666666,1.0,1.0986122886681096,2.0,1.0,2.0,0.0,0.0,1.0,0.0,1.0,0.0,0.0,0.0,1.0,0.0,0.3333333333333333,0.0,0.0,10.0,3.0,3.558161593754873,0.0,1.0986122886681096,2.0,0.40319456220014427,-0.06253429751872597,synthetic_00671,1
73.0,62.0,3.0,24.333333333333332,0.0,0.0,0.0,4.0,3.0,2.0,0.75,1.0,1.3862943611198906,3.0,1.0,3.0,1.0,0.0,1.0,0.0,0.0,1.0,2.0,0.0,1.0,0.25,0.25,0.0,0.0,11.0,2.0,4.180312670157326,0.0,1.252762968495368,0.75,0.6611294361119892,-1.1303514512225843,synthetic_00672,0
44.0,42.0,3.0,14.666666666666666,1.0,0.0,0.0,3.0,2.0,2.0,0.6666666666666666,1.0,1.0986122886681096,2.0,1.0,2.0,0.0,0.0,1.0,0.0,1.0,0.0,0.0,0.0,1.0,0.0,0.3333333333333333,0.0,0.0,4.0,0.0,3.808851476382645,0.0,1.0986122886681096,2.0,0.40319456220014427,-0.3132241801464981,synthetic_00673,1
52.0,38.0,2.0,26.0,0.0,0.0,0.0,4.0,3.0,2.0,0.75,1.0,1.3862943611198906,3.0,1.0,3.0,1.0,0.0,1.0,0.0,0.0,1.0,2.0,0.0,1.0,0.25,0.25,0.0,0.0,8.0,7.0,3.72294977194154,0.0,1.252762968495368,0.75,0.6611294361119892,-0.6729885530067983,synthetic_00674,0
54.0,45.0,3.0,18.0,0.0,0.0,0.0,3.0,2.0,2.0,0.6666666666666666,1.0,1.0986122886681096,2.0,1.0,2.0,0.0,0.0,1.0,0.0,1.0,0.0,0.0,0.0,1.0,0.0,0.3333333333333333,0.0,0.0,10.0,2.0,3.87325332614809,0.0,1.0986122886681096,2.0,0.40319456220014427,-0.37762602991194294,synthetic_00675,1
60.0,51.0,3.0,20.0,0.0,0.0,0.0,4.0,3.0,2.0,0.75,1.0,1.3862943611198906,3.0,1.0,3.0,1.0,0.0,1.0,0.0,0.0,1.0,2.0,0.0,1.0,0.25,0.25,0.0,0.0,5.0,0.0,3.9961121802280286,0.0,1.252762968495368,0.75,0.6611294361119892,-0.946150961293287,synthetic_00676,0
52.0,38.0,2.0,26.0,0.0,0.0,0.0,4.0,3.0,2.0,0.75,1.0,1.3862943611198906,3.0,1.0,3.0,1.0,0.0,1.0,0.0,0.0,1.0,2.0,0.0,1.0,0.25,0.25,0.0,0.0,8.0,7.0,3.72294977194154,0.0,1.252762968495368,0.75,0.6611294361119892,-0.6729885530067983,synthetic_00677,0
73.0,62.0,3.0,24.333333333333332,0.0,0.0,0.0,4.0,3.0,2.0,0.75,1.0,1.3862943611198906,3.0,1.0,3.0,1.0,0.0,1.0,0.0,0.0,1.0,2.0,0.0,1.0,0.25,0.25,0.0,0.0,11.0,2.0,4.180312670157326,0.0,1.252762968495368,0.75,0.6611294361119892,-1.1303514512225843,synthetic_00678,0
60.0,51.0,3.0,20.0,0.0,0.0,0.0,4.0,3.0,2.0,0.75,1.0,1.3862943611198906,3.0,1.0,3.0,1.0,0.0,1.0,0.0,0.0,1.0,2.0,0.0,1.0,0.25,0.25,0.0,0.0,5.0,0.0,3.9961121802280286,0.0,1.252762968495368,0.75,0.6611294361119892,-0.946150961293287,synthetic_00679,0
43.0,32.0,3.0,14.333333333333334,1.0,0.0,0.0,3.0,2.0,2.0,0.6666666666666666,1.0,1.0986122886681096,2.0,1.0,2.0,0.0,0.0,1.0,0.0,1.0,0.0,0.0,0.0,1.0,0.0,0.3333333333333333,0.0,0.0,10.0,3.0,3.558161593754873,0.0,1.0986122886681096,2.0,0.40319456220014427,-0.06253429751872597,synthetic_00680,1
54.0,45.0,3.0,18.0,0.0,0.0,0.0,3.0,2.0,2.0,0.6666666666666666,1.0,1.0986122886681096,2.0,1.0,2.0,0.0,0.0,1.0,0.0,1.0,0.0,0.0,0.0,1.0,0.0,0.3333333333333333,0.0,0.0,10.0,2.0,3.87325332614809,0.0,1.0986122886681096,2.0,0.40319456220014427,-0.37762602991194294,synthetic_00681,1
60.0,51.0,3.0,20.0,0.0,0.0,0.0,4.0,3.0,2.0,0.75,1.0,1.3862943611198906,3.0,1.0,3.0,1.0,0.0,1.0,0.0,0.0,1.0,2.0,0.0,1.0,0.25,0.25,0.0,0.0,5.0,0.0,3.9961121802280286,0.0,1.252762968495368,0.75,0.6611294361119892,-0.946150961293287,synthetic_00682,0
43.0,32.0,3.0,14.333333333333334,1.0,0.0,0.0,3.0,2.0,2.0,0.6666666666666666,1.0,1.0986122886681096,2.0,1.0,2.0,0.0,0.0,1.0,0.0,1.0,0.0,0.0,0.0,1.0,0.0,0.3333333333333333,0.0,0.0,10.0,3.0,3.558161593754873,0.0,1.0986122886681096,2.0,0.40319456220014427,-0.06253429751872597,synthetic_00683,1
73.0,62.0,3.0,24.333333333333332,0.0,0.0,0.0,4.0,3.0,2.0,0.75,1.0,1.3862943611198906,3.0,1.0,3.0,1.0,0.0,1.0,0.0,0.0,1.0,2.0,0.0,1.0,0.25,0.25,0.0,0.0,11.0,2.0,4.180312670157326,0.0,1.252762968495368,0.75,0.6611294361119892,-1.1303514512225843,synthetic_00684,0
44.0,42.0,3.0,14.666666666666666,1.0,0.0,0.0,3.0,2.0,2.0,0.6666666666666666,1.0,1.0986122886681096,2.0,1.0,2.0,0.0,0.0,1.0,0.0,1.0,0.0,0.0,0.0,1.0,0.0,0.3333333333333333,0.0,0.0,4.0,0.0,3.808851476382645,0.0,1.0986122886681096,2.0,0.40319456220014427,-0.3132241801464981,synthetic_00685,1
43.0,32.0,3.0,14.333333333333334,1.0,0.0,0.0,3.0,2.0,2.0,0.6666666666666666,1.0,1.0986122886681096,2.0,1.0,2.0,0.0,0.0,1.0,0.0,1.0,0.0,0.0,0.0,1.0,0.0,0.3333333333333333,0.0,0.0,10.0,3.0,3.558161593754873,0.0,1.0986122886681096,2.0,0.40319456220014427,-0.06253429751872597,synthetic_00686,1
54.0,45.0,3.0,18.0,0.0,0.0,0.0,3.0,2.0,2.0,0.6666666666666666,1.0,1.0986122886681096,2.0,1.0,2.0,0.0,0.0,1.0,0.0,1.0,0.0,0.0,0.0,1.0,0.0,0.3333333333333333,0.0,0.0,10.0,2.0,3.87325332614809,0.0,1.0986122886681096,2.0,0.40319456220014427,-0.37762602991194294,synthetic_00687,1
60.0,51.0,3.0,20.0,0.0,0.0,0.0,4.0,3.0,2.0,0.75,1.0,1.3862943611198906,3.0,1.0,3.0,1.0,0.0,1.0,0.0,0.0,1.0,2.0,0.0,1.0,0.25,0.25,0.0,0.0,5.0,0.0,3.9961121802280286,0.0,1.252762968495368,0.75,0.6611294361119892,-0.946150961293287,synthetic_00688,0
43.0,32.0,3.0,14.333333333333334,1.0,0.0,0.0,3.0,2.0,2.0,0.6666666666666666,1.0,1.0986122886681096,2.0,1.0,2.0,0.0,0.0,1.0,0.0,1.0,0.0,0.0,0.0,1.0,0.0,0.3333333333333333,0.0,0.0,10.0,3.0,3.558161593754873,0.0,1.0986122886681096,2.0,0.40319456220014427,-0.06253429751872597,synthetic_00689,1
54.0,45.0,3.0,18.0,0.0,0.0,0.0,3.0,2.0,2.0,0.6666666666666666,1.0,1.0986122886681096,2.0,1.0,2.0,0.0,0.0,1.0,0.0,1.0,0.0,0.0,0.0,1.0,0.0,0.3333333333333333,0.0,0.0,10.0,2.0,3.87325332614809,0.0,1.0986122886681096,2.0,0.40319456220014427,-0.37762602991194294,synthetic_00690,1
44.0,42.0,3.0,14.666666666666666,1.0,0.0,0.0,3.0,2.0,2.0,0.6666666666666666,1.0,1.0986122886681096,2.0,1.0,2.0,0.0,0.0,1.0,0.0,1.0,0.0,0.0,0.0,1.0,0.0,0.3333333333333333,0.0,0.0,4.0,0.0,3.808851476382645,0.0,1.0986122886681096,2.0,0.40319456220014427,-0.3132241801464981,synthetic_00691,1
43.0,32.0,3.0,14.333333333333334,1.0,0.0,0.0,3.0,2.0,2.0,0.6666666666666666,1.0,1.0986122886681096,2.0,1.0,2.0,0.0,0.0,1.0,0.0,1.0,0.0,0.0,0.0,1.0,0.0,0.3333333333333333,0.0,0.0,10.0,3.0,3.558161593754873,0.0,1.0986122886681096,2.0,0.40319456220014427,-0.06253429751872597,synthetic_00692,1
54.0,45.0,3.0,18.0,0.0,0.0,0.0,3.0,2.0,2.0,0.6666666666666666,1.0,1.0986122886681096,2.0,1.0,2.0,0.0,0.0,1.0,0.0,1.0,0.0,0.0,0.0,1.0,0.0,0.3333333333333333,0.0,0.0,10.0,2.0,3.87325332614809,0.0,1.0986122886681096,2.0,0.40319456220014427,-0.37762602991194294,synthetic_00693,1
60.0,51.0,3.0,20.0,0.0,0.0,0.0,4.0,3.0,2.0,0.75,1.0,1.3862943611198906,3.0,1.0,3.0,1.0,0.0,1.0,0.0,0.0,1.0,2.0,0.0,1.0,0.25,0.25,0.0,0.0,5.0,0.0,3.9961121802280286,0.0,1.252762968495368,0.75,0.6611294361119892,-0.946150961293287,synthetic_00694,0
52.0,38.0,2.0,26.0,0.0,0.0,0.0,4.0,3.0,2.0,0.75,1.0,1.3862943611198906,3.0,1.0,3.0,1.0,0.0,1.0,0.0,0.0,1.0,2.0,0.0,1.0,0.25,0.25,0.0,0.0,8.0,7.0,3.72294977194154,0.0,1.252762968495368,0.75,0.6611294361119892,-0.6729885530067983,synthetic_00695,0
73.0,62.0,3.0,24.333333333333332,0.0,0.0,0.0,4.0,3.0,2.0,0.75,1.0,1.3862943611198906,3.0,1.0,3.0,1.0,0.0,1.0,0.0,0.0,1.0,2.0,0.0,1.0,0.25,0.25,0.0,0.0,11.0,2.0,4.180312670157326,0.0,1.252762968495368,0.75,0.6611294361119892,-1.1303514512225843,synthetic_00696,0
44.0,42.0,3.0,14.666666666666666,1.0,0.0,0.0,3.0,2.0,2.0,0.6666666666666666,1.0,1.0986122886681096,2.0,1.0,2.0,0.0,0.0,1.0,0.0,1.0,0.0,0.0,0.0,1.0,0.0,0.3333333333333333,0.0,0.0,4.0,0.0,3.808851476382645,0.0,1.0986122886681096,2.0,0.40319456220014427,-0.3132241801464981,synthetic_00697,1
43.0,32.0,3.0,14.333333333333334,1.0,0.0,0.0,3.0,2.0,2.0,0.6666666666666666,1.0,1.0986122886681096,2.0,1.0,2.0,0.0,0.0,1.0,0.0,1.0,0.0,0.0,0.0,1.0,0.0,0.3333333333333333,0.0,0.0,10.0,3.0,3.558161593754873,0.0,1.0986122886681096,2.0,0.40319456220014427,-0.06253429751872597,synthetic_00698,1
73.0,62.0,3.0,24.333333333333332,0.0,0.0,0.0,4.0,3.0,2.0,0.75,1.0,1.3862943611198906,3.0,1.0,3.0,1.0,0.0,1.0,0.0,0.0,1.0,2.0,0.0,1.0,0.25,0.25,0.0,0.0,11.0,2.0,4.180312670157326,0.0,1.252762968495368,0.75,0.6611294361119892,-1.1303514512225843,synthetic_00699,0
60.0,51.0,3.0,20.0,0.0,0.0,0.0,4.0,3.0,2.0,0.75,1.0,1.3862943611198906,3.0,1.0,3.0,1.0,0.0,1.0,0.0,0.0,1.0,2.0,0.0,1.0,0.25,0.25,0.0,0.0,5.0,0.0,3.9961121802280286,0.0,1.252762968495368,0.75,0.6611294361119892,-0.946150961293287,synthetic_00700,0
43.0,32.0,3.0,14.333333333333334,1.0,0.0,0.0,3.0,2.0,2.0,0.6666666666666666,1.0,1.0986122886681096,2.0,1.0,2.0,0.0,0.0,1.0,0.0,1.0,0.0,0.0,0.0,1.0,0.0,0.3333333333333333,0.0,0.0,10.0,3.0,3.558161593754873,0.0,1.0986122886681096,2.0,0.40319456220014427,-0.06253429751872597,synthetic_00701,1
73.0,62.0,3.0,24.333333333333332,0.0,0.0,0.0,4.0,3.0,2.0,0.75,1.0,1.3862943611198906,3.0,1.0,3.0,1.0,0.0,1.0,0.0,0.0,1.0,2.0,0.0,1.0,0.25,0.25,0.0,0.0,11.0,2.0,4.180312670157326,0.0,1.252762968495368,0.75,0.6611294361119892,-1.1303514512225843,synthetic_00702,0
60.0,51.0,3.0,20.0,0.0,0.0,0.0,4.0,3.0,2.0,0.75,1.0,1.3862943611198906,3.0,1.0,3.0,1.0,0.0,1.0,0.0,0.0,1.0,2.0,0.0,1.0,0.25,0.25,0.0,0.0,5.0,0.0,3.9961121802280286,0.0,1.252762968495368,0.75,0.6611294361119892,-0.946150961293287,synthetic_00703,0
43.0,32.0,3.0,14.333333333333334,1.0,0.0,0.0,3.0,2.0,2.0,0.6666666666666666,1.0,1.0986122886681096,2.0,1.0,2.0,0.0,0.0,1.0,0.0,1.0,0.0,0.0,0.0,1.0,0.0,0.3333333333333333,0.0,0.0,10.0,3.0,3.558161593754873,0.0,1.0986122886681096,2.0,0.40319456220014427,-0.06253429751872597,synthetic_00704,1
54.0,45.0,3.0,18.0,0.0,0.0,0.0,3.0,2.0,2.0,0.6666666666666666,1.0,1.0986122886681096,2.0,1.0,2.0,0.0,0.0,1.0,0.0,1.0,0.0,0.0,0.0,1.0,0.0,0.3333333333333333,0.0,0.0,10.0,2.0,3.87325332614809,0.0,1.0986122886681096,2.0,0.40319456220014427,-0.37762602991194294,synthetic_00705,1
44.0,42.0,3.0,14.666666666666666,1.0,0.0,0.0,3.0,2.0,2.0,0.6666666666666666,1.0,1.0986122886681096,2.0,1.0,2.0,0.0,0.0,1.0,0.0,1.0,0.0,0.0,0.0,1.0,0.0,0.3333333333333333,0.0,0.0,4.0,0.0,3.808851476382645,0.0,1.0986122886681096,2.0,0.40319456220014427,-0.3132241801464981,synthetic_00706,1
52.0,38.0,2.0,26.0,0.0,0.0,0.0,4.0,3.0,2.0,0.75,1.0,1.3862943611198906,3.0,1.0,3.0,1.0,0.0,1.0,0.0,0.0,1.0,2.0,0.0,1.0,0.25,0.25,0.0,0.0,8.0,7.0,3.72294977194154,0.0,1.252762968495368,0.75,0.6611294361119892,-0.6729885530067983,synthetic_00707,0
54.0,45.0,3.0,18.0,0.0,0.0,0.0,3.0,2.0,2.0,0.6666666666666666,1.0,1.0986122886681096,2.0,1.0,2.0,0.0,0.0,1.0,0.0,1.0,0.0,0.0,0.0,1.0,0.0,0.3333333333333333,0.0,0.0,10.0,2.0,3.87325332614809,0.0,1.0986122886681096,2.0,0.40319456220014427,-0.37762602991194294,synthetic_00708,1
60.0,51.0,3.0,20.0,0.0,0.0,0.0,4.0,3.0,2.0,0.75,1.0,1.3862943611198906,3.0,1.0,3.0,1.0,0.0,1.0,0.0,0.0,1.0,2.0,0.0,1.0,0.25,0.25,0.0,0.0,5.0,0.0,3.9961121802280286,0.0,1.252762968495368,0.75,0.6611294361119892,-0.946150961293287,synthetic_00709,0
43.0,32.0,3.0,14.333333333333334,1.0,0.0,0.0,3.0,2.0,2.0,0.6666666666666666,1.0,1.0986122886681096,2.0,1.0,2.0,0.0,0.0,1.0,0.0,1.0,0.0,0.0,0.0,1.0,0.0,0.3333333333333333,0.0,0.0,10.0,3.0,3.558161593754873,0.0,1.0986122886681096,2.0,0.40319456220014427,-0.06253429751872597,synthetic_00710,1
73.0,62.0,3.0,24.333333333333332,0.0,0.0,0.0,4.0,3.0,2.0,0.75,1.0,1.3862943611198906,3.0,1.0,3.0,1.0,0.0,1.0,0.0,0.0,1.0,2.0,0.0,1.0,0.25,0.25,0.0,0.0,11.0,2.0,4.180312670157326,0.0,1.252762968495368,0.75,0.6611294361119892,-1.1303514512225843,synthetic_00711,0
60.0,51.0,3.0,20.0,0.0,0.0,0.0,4.0,3.0,2.0,0.75,1.0,1.3862943611198906,3.0,1.0,3.0,1.0,0.0,1.0,0.0,0.0,1.0,2.0,0.0,1.0,0.25,0.25,0.0,0.0,5.0,0.0,3.9961121802280286,0.0,1.252762968495368,0.75,0.6611294361119892,-0.946150961293287,synthetic_00712,0
43.0,32.0,3.0,14.333333333333334,1.0,0.0,0.0,3.0,2.0,2.0,0.6666666666666666,1.0,1.0986122886681096,2.0,1.0,2.0,0.0,0.0,1.0,0.0,1.0,0.0,0.0,0.0,1.0,0.0,0.3333333333333333,0.0,0.0,10.0,3.0,3.558161593754873,0.0,1.0986122886681096,2.0,0.40319456220014427,-0.06253429751872597,synthetic_00713,1
54.0,45.0,3.0,18.0,0.0,0.0,0.0,3.0,2.0,2.0,0.6666666666666666,1.0,1.0986122886681096,2.0,1.0,2.0,0.0,0.0,1.0,0.0,1.0,0.0,0.0,0.0,1.0,0.0,0.3333333333333333,0.0,0.0,10.0,2.0,3.87325332614809,0.0,1.0986122886681096,2.0,0.40319456220014427,-0.37762602991194294,synthetic_00714,1
60.0,51.0,3.0,20.0,0.0,0.0,0.0,4.0,3.0,2.0,0.75,1.0,1.3862943611198906,3.0,1.0,3.0,1.0,0.0,1.0,0.0,0.0,1.0,2.0,0.0,1.0,0.25,0.25,0.0,0.0,5.0,0.0,3.9961121802280286,0.0,1.252762968495368,0.75,0.6611294361119892,-0.946150961293287,synthetic_00715,0
43.0,32.0,3.0,14.333333333333334,1.0,0.0,0.0,3.0,2.0,2.0,0.6666666666666666,1.0,1.0986122886681096,2.0,1.0,2.0,0.0,0.0,1.0,0.0,1.0,0.0,0.0,0.0,1.0,0.0,0.3333333333333333,0.0,0.0,10.0,3.0,3.558161593754873,0.0,1.0986122886681096,2.0,0.40319456220014427,-0.06253429751872597,synthetic_00716,1
73.0,62.0,3.0,24.333333333333332,0.0,0.0,0.0,4.0,3.0,2.0,0.75,1.0,1.3862943611198906,3.0,1.0,3.0,1.0,0.0,1.0,0.0,0.0,1.0,2.0,0.0,1.0,0.25,0.25,0.0,0.0,11.0,2.0,4.180312670157326,0.0,1.252762968495368,0.75,0.6611294361119892,-1.1303514512225843,synthetic_00717,0
44.0,42.0,3.0,14.666666666666666,1.0,0.0,0.0,3.0,2.0,2.0,0.6666666666666666,1.0,1.0986122886681096,2.0,1.0,2.0,0.0,0.0,1.0,0.0,1.0,0.0,0.0,0.0,1.0,0.0,0.3333333333333333,0.0,0.0,4.0,0.0,3.808851476382645,0.0,1.0986122886681096,2.0,0.40319456220014427,-0.3132241801464981,synthetic_00718,1
43.0,32.0,3.0,14.333333333333334,1.0,0.0,0.0,3.0,2.0,2.0,0.6666666666666666,1.0,1.0986122886681096,2.0,1.0,2.0,0.0,0.0,1.0,0.0,1.0,0.0,0.0,0.0,1.0,0.0,0.3333333333333333,0.0,0.0,10.0,3.0,3.558161593754873,0.0,1.0986122886681096,2.0,0.40319456220014427,-0.06253429751872597,synthetic_00719,1
54.0,45.0,3.0,18.0,0.0,0.0,0.0,3.0,2.0,2.0,0.6666666666666666,1.0,1.0986122886681096,2.0,1.0,2.0,0.0,0.0,1.0,0.0,1.0,0.0,0.0,0.0,1.0,0.0,0.3333333333333333,0.0,0.0,10.0,2.0,3.87325332614809,0.0,1.0986122886681096,2.0,0.40319456220014427,-0.37762602991194294,synthetic_00720,1
44.0,42.0,3.0,14.666666666666666,1.0,0.0,0.0,3.0,2.0,2.0,0.6666666666666666,1.0,1.0986122886681096,2.0,1.0,2.0,0.0,0.0,1.0,0.0,1.0,0.0,0.0,0.0,1.0,0.0,0.3333333333333333,0.0,0.0,4.0,0.0,3.808851476382645,0.0,1.0986122886681096,2.0,0.40319456220014427,-0.3132241801464981,synthetic_00721,1
43.0,32.0,3.0,14.333333333333334,1.0,0.0,0.0,3.0,2.0,2.0,0.6666666666666666,1.0,1.0986122886681096,2.0,1.0,2.0,0.0,0.0,1.0,0.0,1.0,0.0,0.0,0.0,1.0,0.0,0.3333333333333333,0.0,0.0,10.0,3.0,3.558161593754873,0.0,1.0986122886681096,2.0,0.40319456220014427,-0.06253429751872597,synthetic_00722,1
54.0,45.0,3.0,18.0,0.0,0.0,0.0,3.0,2.0,2.0,0.6666666666666666,1.0,1.0986122886681096,2.0,1.0,2.0,0.0,0.0,1.0,0.0,1.0,0.0,0.0,0.0,1.0,0.0,0.3333333333333333,0.0,0.0,10.0,2.0,3.87325332614809,0.0,1.0986122886681096,2.0,0.40319456220014427,-0.37762602991194294,synthetic_00723,1
60.0,51.0,3.0,20.0,0.0,0.0,0.0,4.0,3.0,2.0,0.75,1.0,1.3862943611198906,3.0,1.0,3.0,1.0,0.0,1.0,0.0,0.0,1.0,2.0,0.0,1.0,0.25,0.25,0.0,0.0,5.0,0.0,3.9961121802280286,0.0,1.252762968495368,0.75,0.6611294361119892,-0.946150961293287,synthetic_00724,0
43.0,32.0,3.0,14.333333333333334,1.0,0.0,0.0,3.0,2.0,2.0,0.6666666666666666,1.0,1.0986122886681096,2.0,1.0,2.0,0.0,0.0,1.0,0.0,1.0,0.0,0.0,0.0,1.0,0.0,0.3333333333333333,0.0,0.0,10.0,3.0,3.558161593754873,0.0,1.0986122886681096,2.0,0.40319456220014427,-0.06253429751872597,synthetic_00725,1
73.0,62.0,3.0,24.333333333333332,0.0,0.0,0.0,4.0,3.0,2.0,0.75,1.0,1.3862943611198906,3.0,1.0,3.0,1.0,0.0,1.0,0.0,0.0,1.0,2.0,0.0,1.0,0.25,0.25,0.0,0.0,11.0,2.0,4.180312670157326,0.0,1.252762968495368,0.75,0.6611294361119892,-1.1303514512225843,synthetic_00726,0
60.0,51.0,3.0,20.0,0.0,0.0,0.0,4.0,3.0,2.0,0.75,1.0,1.3862943611198906,3.0,1.0,3.0,1.0,0.0,1.0,0.0,0.0,1.0,2.0,0.0,1.0,0.25,0.25,0.0,0.0,5.0,0.0,3.9961121802280286,0.0,1.252762968495368,0.75,0.6611294361119892,-0.946150961293287,synthetic_00727,0
43.0,32.0,3.0,14.333333333333334,1.0,0.0,0.0,3.0,2.0,2.0,0.6666666666666666,1.0,1.0986122886681096,2.0,1.0,2.0,0.0,0.0,1.0,0.0,1.0,0.0,0.0,0.0,1.0,0.0,0.3333333333333333,0.0,0.0,10.0,3.0,3.558161593754873,0.0,1.0986122886681096,2.0,0.40319456220014427,-0.06253429751872597,synthetic_00728,1
73.0,62.0,3.0,24.333333333333332,0.0,0.0,0.0,4.0,3.0,2.0,0.75,1.0,1.3862943611198906,3.0,1.0,3.0,1.0,0.0,1.0,0.0,0.0,1.0,2.0,0.0,1.0,0.25,0.25,0.0,0.0,11.0,2.0,4.180312670157326,0.0,1.252762968495368,0.75,0.6611294361119892,-1.1303514512225843,synthetic_00729,0
44.0,42.0,3.0,14.666666666666666,1.0,0.0,0.0,3.0,2.0,2.0,0.6666666666666666,1.0,1.0986122886681096,2.0,1.0,2.0,0.0,0.0,1.0,0.0,1.0,0.0,0.0,0.0,1.0,0.0,0.3333333333333333,0.0,0.0,4.0,0.0,3.808851476382645,0.0,1.0986122886681096,2.0,0.40319456220014427,-0.3132241801464981,synthetic_00730,1
52.0,38.0,2.0,26.0,0.0,0.0,0.0,4.0,3.0,2.0,0.75,1.0,1.3862943611198906,3.0,1.0,3.0,1.0,0.0,1.0,0.0,0.0,1.0,2.0,0.0,1.0,0.25,0.25,0.0,0.0,8.0,7.0,3.72294977194154,0.0,1.252762968495368,0.75,0.6611294361119892,-0.6729885530067983,synthetic_00731,0
73.0,62.0,3.0,24.333333333333332,0.0,0.0,0.0,4.0,3.0,2.0,0.75,1.0,1.3862943611198906,3.0,1.0,3.0,1.0,0.0,1.0,0.0,0.0,1.0,2.0,0.0,1.0,0.25,0.25,0.0,0.0,11.0,2.0,4.180312670157326,0.0,1.252762968495368,0.75,0.6611294361119892,-1.1303514512225843,synthetic_00732,0
60.0,51.0,3.0,20.0,0.0,0.0,0.0,4.0,3.0,2.0,0.75,1.0,1.3862943611198906,3.0,1.0,3.0,1.0,0.0,1.0,0.0,0.0,1.0,2.0,0.0,1.0,0.25,0.25,0.0,0.0,5.0,0.0,3.9961121802280286,0.0,1.252762968495368,0.75,0.6611294361119892,-0.946150961293287,synthetic_00733,0
43.0,32.0,3.0,14.333333333333334,1.0,0.0,0.0,3.0,2.0,2.0,0.6666666666666666,1.0,1.0986122886681096,2.0,1.0,2.0,0.0,0.0,1.0,0.0,1.0,0.0,0.0,0.0,1.0,0.0,0.3333333333333333,0.0,0.0,10.0,3.0,3.558161593754873,0.0,1.0986122886681096,2.0,0.40319456220014427,-0.06253429751872597,synthetic_00734,1
73.0,62.0,3.0,24.333333333333332,0.0,0.0,0.0,4.0,3.0,2.0,0.75,1.0,1.3862943611198906,3.0,1.0,3.0,1.0,0.0,1.0,0.0,0.0,1.0,2.0,0.0,1.0,0.25,0.25,0.0,0.0,11.0,2.0,4.180312670157326,0.0,1.252762968495368,0.75,0.6611294361119892,-1.1303514512225843,synthetic_00735,0
44.0,42.0,3.0,14.666666666666666,1.0,0.0,0.0,3.0,2.0,2.0,0.6666666666666666,1.0,1.0986122886681096,2.0,1.0,2.0,0.0,0.0,1.0,0.0,1.0,0.0,0.0,0.0,1.0,0.0,0.3333333333333333,0.0,0.0,4.0,0.0,3.808851476382645,0.0,1.0986122886681096,2.0,0.40319456220014427,-0.3132241801464981,synthetic_00736,1
43.0,32.0,3.0,14.333333333333334,1.0,0.0,0.0,3.0,2.0,2.0,0.6666666666666666,1.0,1.0986122886681096,2.0,1.0,2.0,0.0,0.0,1.0,0.0,1.0,0.0,0.0,0.0,1.0,0.0,0.3333333333333333,0.0,0.0,10.0,3.0,3.558161593754873,0.0,1.0986122886681096,2.0,0.40319456220014427,-0.06253429751872597,synthetic_00737,1
73.0,62.0,3.0,24.333333333333332,0.0,0.0,0.0,4.0,3.0,2.0,0.75,1.0,1.3862943611198906,3.0,1.0,3.0,1.0,0.0,1.0,0.0,0.0,1.0,2.0,0.0,1.0,0.25,0.25,0.0,0.0,11.0,2.0,4.180312670157326,0.0,1.252762968495368,0.75,0.6611294361119892,-1.1303514512225843,synthetic_00738,0
44.0,42.0,3.0,14.666666666666666,1.0,0.0,0.0,3.0,2.0,2.0,0.6666666666666666,1.0,1.0986122886681096,2.0,1.0,2.0,0.0,0.0,1.0,0.0,1.0,0.0,0.0,0.0,1.0,0.0,0.3333333333333333,0.0,0.0,4.0,0.0,3.808851476382645,0.0,1.0986122886681096,2.0,0.40319456220014427,-0.3132241801464981,synthetic_00739,1
52.0,38.0,2.0,26.0,0.0,0.0,0.0,4.0,3.0,2.0,0.75,1.0,1.3862943611198906,3.0,1.0,3.0,1.0,0.0,1.0,0.0,0.0,1.0,2.0,0.0,1.0,0.25,0.25,0.0,0.0,8.0,7.0,3.72294977194154,0.0,1.252762968495368,0.75,0.6611294361119892,-0.6729885530067983,synthetic_00740,0
54.0,45.0,3.0,18.0,0.0,0.0,0.0,3.0,2.0,2.0,0.6666666666666666,1.0,1.0986122886681096,2.0,1.0,2.0,0.0,0.0,1.0,0.0,1.0,0.0,0.0,0.0,1.0,0.0,0.3333333333333333,0.0,0.0,10.0,2.0,3.87325332614809,0.0,1.0986122886681096,2.0,0.40319456220014427,-0.37762602991194294,synthetic_00741,1
60.0,51.0,3.0,20.0,0.0,0.0,0.0,4.0,3.0,2.0,0.75,1.0,1.3862943611198906,3.0,1.0,3.0,1.0,0.0,1.0,0.0,0.0,1.0,2.0,0.0,1.0,0.25,0.25,0.0,0.0,5.0,0.0,3.9961121802280286,0.0,1.252762968495368,0.75,0.6611294361119892,-0.946150961293287,synthetic_00742,0
43.0,32.0,3.0,14.333333333333334,1.0,0.0,0.0,3.0,2.0,2.0,0.6666666666666666,1.0,1.0986122886681096,2.0,1.0,2.0,0.0,0.0,1.0,0.0,1.0,0.0,0.0,0.0,1.0,0.0,0.3333333333333333,0.0,0.0,10.0,3.0,3.558161593754873,0.0,1.0986122886681096,2.0,0.40319456220014427,-0.06253429751872597,synthetic_00743,1
54.0,45.0,3.0,18.0,0.0,0.0,0.0,3.0,2.0,2.0,0.6666666666666666,1.0,1.0986122886681096,2.0,1.0,2.0,0.0,0.0,1.0,0.0,1.0,0.0,0.0,0.0,1.0,0.0,0.3333333333333333,0.0,0.0,10.0,2.0,3.87325332614809,0.0,1.0986122886681096,2.0,0.40319456220014427,-0.37762602991194294,synthetic_00744,1
44.0,42.0,3.0,14.666666666666666,1.0,0.0,0.0,3.0,2.0,2.0,0.6666666666666666,1.0,1.0986122886681096,2.0,1.0,2.0,0.0,0.0,1.0,0.0,1.0,0.0,0.0,0.0,1.0,0.0,0.3333333333333333,0.0,0.0,4.0,0.0,3.808851476382645,0.0,1.0986122886681096,2.0,0.40319456220014427,-0.3132241801464981,synthetic_00745,1
52.0,38.0,2.0,26.0,0.0,0.0,0.0,4.0,3.0,2.0,0.75,1.0,1.3862943611198906,3.0,1.0,3.0,1.0,0.0,1.0,0.0,0.0,1.0,2.0,0.0,1.0,0.25,0.25,0.0,0.0,8.0,7.0,3.72294977194154,0.0,1.252762968495368,0.75,0.6611294361119892,-0.6729885530067983,synthetic_00746,0
73.0,62.0,3.0,24.333333333333332,0.0,0.0,0.0,4.0,3.0,2.0,0.75,1.0,1.3862943611198906,3.0,1.0,3.0,1.0,0.0,1.0,0.0,0.0,1.0,2.0,0.0,1.0,0.25,0.25,0.0,0.0,11.0,2.0,4.180312670157326,0.0,1.252762968495368,0.75,0.6611294361119892,-1.1303514512225843,synthetic_00747,0
60.0,51.0,3.0,20.0,0.0,0.0,0.0,4.0,3.0,2.0,0.75,1.0,1.3862943611198906,3.0,1.0,3.0,1.0,0.0,1.0,0.0,0.0,1.0,2.0,0.0,1.0,0.25,0.25,0.0,0.0,5.0,0.0,3.9961121802280286,0.0,1.252762968495368,0.75,0.6611294361119892,-0.946150961293287,synthetic_00748,0
52.0,38.0,2.0,26.0,0.0,0.0,0.0,4.0,3.0,2.0,0.75,1.0,1.3862943611198906,3.0,1.0,3.0,1.0,0.0,1.0,0.0,0.0,1.0,2.0,0.0,1.0,0.25,0.25,0.0,0.0,8.0,7.0,3.72294977194154,0.0,1.252762968495368,0.75,0.6611294361119892,-0.6729885530067983,synthetic_00749,0
73.0,62.0,3.0,24.333333333333332,0.0,0.0,0.0,4.0,3.0,2.0,0.75,1.0,1.3862943611198906,3.0,1.0,3.0,1.0,0.0,1.0,0.0,0.0,1.0,2.0,0.0,1.0,0.25,0.25,0.0,0.0,11.0,2.0,4.180312670157326,0.0,1.252762968495368,0.75,0.6611294361119892,-1.1303514512225843,synthetic_00750,0
60.0,51.0,3.0,20.0,0.0,0.0,0.0,4.0,3.0,2.0,0.75,1.0,1.3862943611198906,3.0,1.0,3.0,1.0,0.0,1.0,0.0,0.0,1.0,2.0,0.0,1.0,0.25,0.25,0.0,0.0,5.0,0.0,3.9961121802280286,0.0,1.252762968495368,0.75,0.6611294361119892,-0.946150961293287,synthetic_00751,0
52.0,38.0,2.0,26.0,0.0,0.0,0.0,4.0,3.0,2.0,0.75,1.0,1.3862943611198906,3.0,1.0,3.0,1.0,0.0,1.0,0.0,0.0,1.0,2.0,0.0,1.0,0.25,0.25,0.0,0.0,8.0,7.0,3.72294977194154,0.0,1.252762968495368,0.75,0.6611294361119892,-0.6729885530067983,synthetic_00752,0
54.0,45.0,3.0,18.0,0.0,0.0,0.0,3.0,2.0,2.0,0.6666666666666666,1.0,1.0986122886681096,2.0,1.0,2.0,0.0,0.0,1.0,0.0,1.0,0.0,0.0,0.0,1.0,0.0,0.3333333333333333,0.0,0.0,10.0,2.0,3.87325332614809,0.0,1.0986122886681096,2.0,0.40319456220014427,-0.37762602991194294,synthetic_00753,1
60.0,51.0,3.0,20.0,0.0,0.0,0.0,4.0,3.0,2.0,0.75,1.0,1.3862943611198906,3.0,1.0,3.0,1.0,0.0,1.0,0.0,0.0,1.0,2.0,0.0,1.0,0.25,0.25,0.0,0.0,5.0,0.0,3.9961121802280286,0.0,1.252762968495368,0.75,0.6611294361119892,-0.946150961293287,synthetic_00754,0
43.0,32.0,3.0,14.333333333333334,1.0,0.0,0.0,3.0,2.0,2.0,0.6666666666666666,1.0,1.0986122886681096,2.0,1.0,2.0,0.0,0.0,1.0,0.0,1.0,0.0,0.0,0.0,1.0,0.0,0.3333333333333333,0.0,0.0,10.0,3.0,3.558161593754873,0.0,1.0986122886681096,2.0,0.40319456220014427,-0.06253429751872597,synthetic_00755,1
54.0,45.0,3.0,18.0,0.0,0.0,0.0,3.0,2.0,2.0,0.6666666666666666,1.0,1.0986122886681096,2.0,1.0,2.0,0.0,0.0,1.0,0.0,1.0,0.0,0.0,0.0,1.0,0.0,0.3333333333333333,0.0,0.0,10.0,2.0,3.87325332614809,0.0,1.0986122886681096,2.0,0.40319456220014427,-0.37762602991194294,synthetic_00756,1
60.0,51.0,3.0,20.0,0.0,0.0,0.0,4.0,3.0,2.0,0.75,1.0,1.3862943611198906,3.0,1.0,3.0,1.0,0.0,1.0,0.0,0.0,1.0,2.0,0.0,1.0,0.25,0.25,0.0,0.0,5.0,0.0,3.9961121802280286,0.0,1.252762968495368,0.75,0.6611294361119892,-0.946150961293287,synthetic_00757,0
52.0,38.0,2.0,26.0,0.0,0.0,0.0,4.0,3.0,2.0,0.75,1.0,1.3862943611198906,3.0,1.0,3.0,1.0,0.0,1.0,0.0,0.0,1.0,2.0,0.0,1.0,0.25,0.25,0.0,0.0,8.0,7.0,3.72294977194154,0.0,1.252762968495368,0.75,0.6611294361119892,-0.6729885530067983,synthetic_00758,0
54.0,45.0,3.0,18.0,0.0,0.0,0.0,3.0,2.0,2.0,0.6666666666666666,1.0,1.0986122886681096,2.0,1.0,2.0,0.0,0.0,1.0,0.0,1.0,0.0,0.0,0.0,1.0,0.0,0.3333333333333333,0.0,0.0,10.0,2.0,3.87325332614809,0.0,1.0986122886681096,2.0,0.40319456220014427,-0.37762602991194294,synthetic_00759,1
60.0,51.0,3.0,20.0,0.0,0.0,0.0,4.0,3.0,2.0,0.75,1.0,1.3862943611198906,3.0,1.0,3.0,1.0,0.0,1.0,0.0,0.0,1.0,2.0,0.0,1.0,0.25,0.25,0.0,0.0,5.0,0.0,3.9961121802280286,0.0,1.252762968495368,0.75,0.6611294361119892,-0.946150961293287,synthetic_00760,0
52.0,38.0,2.0,26.0,0.0,0.0,0.0,4.0,3.0,2.0,0.75,1.0,1.3862943611198906,3.0,1.0,3.0,1.0,0.0,1.0,0.0,0.0,1.0,2.0,0.0,1.0,0.25,0.25,0.0,0.0,8.0,7.0,3.72294977194154,0.0,1.252762968495368,0.75,0.6611294361119892,-0.6729885530067983,synthetic_00761,0
73.0,62.0,3.0,24.333333333333332,0.0,0.0,0.0,4.0,3.0,2.0,0.75,1.0,1.3862943611198906,3.0,1.0,3.0,1.0,0.0,1.0,0.0,0.0,1.0,2.0,0.0,1.0,0.25,0.25,0.0,0.0,11.0,2.0,4.180312670157326,0.0,1.252762968495368,0.75,0.6611294361119892,-1.1303514512225843,synthetic_00762,0
44.0,42.0,3.0,14.666666666666666,1.0,0.0,0.0,3.0,2.0,2.0,0.6666666666666666,1.0,1.0986122886681096,2.0,1.0,2.0,0.0,0.0,1.0,0.0,1.0,0.0,0.0,0.0,1.0,0.0,0.3333333333333333,0.0,0.0,4.0,0.0,3.808851476382645,0.0,1.0986122886681096,2.0,0.40319456220014427,-0.3132241801464981,synthetic_00763,1
52.0,38.0,2.0,26.0,0.0,0.0,0.0,4.0,3.0,2.0,0.75,1.0,1.3862943611198906,3.0,1.0,3.0,1.0,0.0,1.0,0.0,0.0,1.0,2.0,0.0,1.0,0.25,0.25,0.0,0.0,8.0,7.0,3.72294977194154,0.0,1.252762968495368,0.75,0.6611294361119892,-0.6729885530067983,synthetic_00764,0
54.0,45.0,3.0,18.0,0.0,0.0,0.0,3.0,2.0,2.0,0.6666666666666666,1.0,1.0986122886681096,2.0,1.0,2.0,0.0,0.0,1.0,0.0,1.0,0.0,0.0,0.0,1.0,0.0,0.3333333333333333,0.0,0.0,10.0,2.0,3.87325332614809,0.0,1.0986122886681096,2.0,0.40319456220014427,-0.37762602991194294,synthetic_00765,1
60.0,51.0,3.0,20.0,0.0,0.0,0.0,4.0,3.0,2.0,0.75,1.0,1.3862943611198906,3.0,1.0,3.0,1.0,0.0,1.0,0.0,0.0,1.0,2.0,0.0,1.0,0.25,0.25,0.0,0.0,5.0,0.0,3.9961121802280286,0.0,1.252762968495368,0.75,0.6611294361119892,-0.946150961293287,synthetic_00766,0
43.0,32.0,3.0,14.333333333333334,1.0,0.0,0.0,3.0,2.0,2.0,0.6666666666666666,1.0,1.0986122886681096,2.0,1.0,2.0,0.0,0.0,1.0,0.0,1.0,0.0,0.0,0.0,1.0,0.0,0.3333333333333333,0.0,0.0,10.0,3.0,3.558161593754873,0.0,1.0986122886681096,2.0,0.40319456220014427,-0.06253429751872597,synthetic_00767,1
54.0,45.0,3.0,18.0,0.0,0.0,0.0,3.0,2.0,2.0,0.6666666666666666,1.0,1.0986122886681096,2.0,1.0,2.0,0.0,0.0,1.0,0.0,1.0,0.0,0.0,0.0,1.0,0.0,0.3333333333333333,0.0,0.0,10.0,2.0,3.87325332614809,0.0,1.0986122886681096,2.0,0.40319456220014427,-0.37762602991194294,synthetic_00768,1
44.0,42.0,3.0,14.666666666666666,1.0,0.0,0.0,3.0,2.0,2.0,0.6666666666666666,1.0,1.0986122886681096,2.0,1.0,2.0,0.0,0.0,1.0,0.0,1.0,0.0,0.0,0.0,1.0,0.0,0.3333333333333333,0.0,0.0,4.0,0.0,3.808851476382645,0.0,1.0986122886681096,2.0,0.40319456220014427,-0.3132241801464981,synthetic_00769,1
52.0,38.0,2.0,26.0,0.0,0.0,0.0,4.0,3.0,2.0,0.75,1.0,1.3862943611198906,3.0,1.0,3.0,1.0,0.0,1.0,0.0,0.0,1.0,2.0,0.0,1.0,0.25,0.25,0.0,0.0,8.0,7.0,3.72294977194154,0.0,1.252762968495368,0.75,0.6611294361119892,-0.6729885530067983,synthetic_00770,0
73.0,62.0,3.0,24.333333333333332,0.0,0.0,0.0,4.0,3.0,2.0,0.75,1.0,1.3862943611198906,3.0,1.0,3.0,1.0,0.0,1.0,0.0,0.0,1.0,2.0,0.0,1.0,0.25,0.25,0.0,0.0,11.0,2.0,4.180312670157326,0.0,1.252762968495368,0.75,0.6611294361119892,-1.1303514512225843,synthetic_00771,0
60.0,51.0,3.0,20.0,0.0,0.0,0.0,4.0,3.0,2.0,0.75,1.0,1.3862943611198906,3.0,1.0,3.0,1.0,0.0,1.0,0.0,0.0,1.0,2.0,0.0,1.0,0.25,0.25,0.0,0.0,5.0,0.0,3.9961121802280286,0.0,1.252762968495368,0.75,0.6611294361119892,-0.946150961293287,synthetic_00772,0
43.0,32.0,3.0,14.333333333333334,1.0,0.0,0.0,3.0,2.0,2.0,0.6666666666666666,1.0,1.0986122886681096,2.0,1.0,2.0,0.0,0.0,1.0,0.0,1.0,0.0,0.0,0.0,1.0,0.0,0.3333333333333333,0.0,0.0,10.0,3.0,3.558161593754873,0.0,1.0986122886681096,2.0,0.40319456220014427,-0.06253429751872597,synthetic_00773,1
54.0,45.0,3.0,18.0,0.0,0.0,0.0,3.0,2.0,2.0,0.6666666666666666,1.0,1.0986122886681096,2.0,1.0,2.0,0.0,0.0,1.0,0.0,1.0,0.0,0.0,0.0,1.0,0.0,0.3333333333333333,0.0,0.0,10.0,2.0,3.87325332614809,0.0,1.0986122886681096,2.0,0.40319456220014427,-0.37762602991194294,synthetic_00774,1
44.0,42.0,3.0,14.666666666666666,1.0,0.0,0.0,3.0,2.0,2.0,0.6666666666666666,1.0,1.0986122886681096,2.0,1.0,2.0,0.0,0.0,1.0,0.0,1.0,0.0,0.0,0.0,1.0,0.0,0.3333333333333333,0.0,0.0,4.0,0.0,3.808851476382645,0.0,1.0986122886681096,2.0,0.40319456220014427,-0.3132241801464981,synthetic_00775,1
43.0,32.0,3.0,14.333333333333334,1.0,0.0,0.0,3.0,2.0,2.0,0.6666666666666666,1.0,1.0986122886681096,2.0,1.0,2.0,0.0,0.0,1.0,0.0,1.0,0.0,0.0,0.0,1.0,0.0,0.3333333333333333,0.0,0.0,10.0,3.0,3.558161593754873,0.0,1.0986122886681096,2.0,0.40319456220014427,-0.06253429751872597,synthetic_00776,1
54.0,45.0,3.0,18.0,0.0,0.0,0.0,3.0,2.0,2.0,0.6666666666666666,1.0,1.0986122886681096,2.0,1.0,2.0,0.0,0.0,1.0,0.0,1.0,0.0,0.0,0.0,1.0,0.0,0.3333333333333333,0.0,0.0,10.0,2.0,3.87325332614809,0.0,1.0986122886681096,2.0,0.40319456220014427,-0.37762602991194294,synthetic_00777,1
44.0,42.0,3.0,14.666666666666666,1.0,0.0,0.0,3.0,2.0,2.0,0.6666666666666666,1.0,1.0986122886681096,2.0,1.0,2.0,0.0,0.0,1.0,0.0,1.0,0.0,0.0,0.0,1.0,0.0,0.3333333333333333,0.0,0.0,4.0,0.0,3.808851476382645,0.0,1.0986122886681096,2.0,0.40319456220014427,-0.3132241801464981,synthetic_00778,1
43.0,32.0,3.0,14.333333333333334,1.0,0.0,0.0,3.0,2.0,2.0,0.6666666666666666,1.0,1.0986122886681096,2.0,1.0,2.0,0.0,0.0,1.0,0.0,1.0,0.0,0.0,0.0,1.0,0.0,0.3333333333333333,0.0,0.0,10.0,3.0,3.558161593754873,0.0,1.0986122886681096,2.0,0.40319456220014427,-0.06253429751872597,synthetic_00779,1
73.0,62.0,3.0,24.333333333333332,0.0,0.0,0.0,4.0,3.0,2.0,0.75,1.0,1.3862943611198906,3.0,1.0,3.0,1.0,0.0,1.0,0.0,0.0,1.0,2.0,0.0,1.0,0.25,0.25,0.0,0.0,11.0,2.0,4.180312670157326,0.0,1.252762968495368,0.75,0.6611294361119892,-1.1303514512225843,synthetic_00780,0
44.0,42.0,3.0,14.666666666666666,1.0,0.0,0.0,3.0,2.0,2.0,0.6666666666666666,1.0,1.0986122886681096,2.0,1.0,2.0,0.0,0.0,1.0,0.0,1.0,0.0,0.0,0.0,1.0,0.0,0.3333333333333333,0.0,0.0,4.0,0.0,3.808851476382645,0.0,1.0986122886681096,2.0,0.40319456220014427,-0.3132241801464981,synthetic_00781,1
52.0,38.0,2.0,26.0,0.0,0.0,0.0,4.0,3.0,2.0,0.75,1.0,1.3862943611198906,3.0,1.0,3.0,1.0,0.0,1.0,0.0,0.0,1.0,2.0,0.0,1.0,0.25,0.25,0.0,0.0,8.0,7.0,3.72294977194154,0.0,1.252762968495368,0.75,0.6611294361119892,-0.6729885530067983,synthetic_00782,0
54.0,45.0,3.0,18.0,0.0,0.0,0.0,3.0,2.0,2.0,0.6666666666666666,1.0,1.0986122886681096,2.0,1.0,2.0,0.0,0.0,1.0,0.0,1.0,0.0,0.0,0.0,1.0,0.0,0.3333333333333333,0.0,0.0,10.0,2.0,3.87325332614809,0.0,1.0986122886681096,2.0,0.40319456220014427,-0.37762602991194294,synthetic_00783,1
44.0,42.0,3.0,14.666666666666666,1.0,0.0,0.0,3.0,2.0,2.0,0.6666666666666666,1.0,1.0986122886681096,2.0,1.0,2.0,0.0,0.0,1.0,0.0,1.0,0.0,0.0,0.0,1.0,0.0,0.3333333333333333,0.0,0.0,4.0,0.0,3.808851476382645,0.0,1.0986122886681096,2.0,0.40319456220014427,-0.3132241801464981,synthetic_00784,1
52.0,38.0,2.0,26.0,0.0,0.0,0.0,4.0,3.0,2.0,0.75,1.0,1.3862943611198906,3.0,1.0,3.0,1.0,0.0,1.0,0.0,0.0,1.0,2.0,0.0,1.0,0.25,0.25,0.0,0.0,8.0,7.0,3.72294977194154,0.0,1.252762968495368,0.75,0.6611294361119892,-0.6729885530067983,synthetic_00785,0
54.0,45.0,3.0,18.0,0.0,0.0,0.0,3.0,2.0,2.0,0.6666666666666666,1.0,1.0986122886681096,2.0,1.0,2.0,0.0,0.0,1.0,0.0,1.0,0.0,0.0,0.0,1.0,0.0,0.3333333333333333,0.0,0.0,10.0,2.0,3.87325332614809,0.0,1.0986122886681096,2.0,0.40319456220014427,-0.37762602991194294,synthetic_00786,1
44.0,42.0,3.0,14.666666666666666,1.0,0.0,0.0,3.0,2.0,2.0,0.6666666666666666,1.0,1.0986122886681096,2.0,1.0,2.0,0.0,0.0,1.0,0.0,1.0,0.0,0.0,0.0,1.0,0.0,0.3333333333333333,0.0,0.0,4.0,0.0,3.808851476382645,0.0,1.0986122886681096,2.0,0.40319456220014427,-0.3132241801464981,synthetic_00787,1
52.0,38.0,2.0,26.0,0.0,0.0,0.0,4.0,3.0,2.0,0.75,1.0,1.3862943611198906,3.0,1.0,3.0,1.0,0.0,1.0,0.0,0.0,1.0,2.0,0.0,1.0,0.25,0.25,0.0,0.0,8.0,7.0,3.72294977194154,0.0,1.252762968495368,0.75,0.6611294361119892,-0.6729885530067983,synthetic_00788,0
73.0,62.0,3.0,24.333333333333332,0.0,0.0,0.0,4.0,3.0,2.0,0.75,1.0,1.3862943611198906,3.0,1.0,3.0,1.0,0.0,1.0,0.0,0.0,1.0,2.0,0.0,1.0,0.25,0.25,0.0,0.0,11.0,2.0,4.180312670157326,0.0,1.252762968495368,0.75,0.6611294361119892,-1.1303514512225843,synthetic_00789,0
44.0,42.0,3.0,14.666666666666666,1.0,0.0,0.0,3.0,2.0,2.0,0.6666666666666666,1.0,1.0986122886681096,2.0,1.0,2.0,0.0,0.0,1.0,0.0,1.0,0.0,0.0,0.0,1.0,0.0,0.3333333333333333,0.0,0.0,4.0,0.0,3.808851476382645,0.0,1.0986122886681096,2.0,0.40319456220014427,-0.3132241801464981,synthetic_00790,1
43.0,32.0,3.0,14.333333333333334,1.0,0.0,0.0,3.0,2.0,2.0,0.6666666666666666,1.0,1.0986122886681096,2.0,1.0,2.0,0.0,0.0,1.0,0.0,1.0,0.0,0.0,0.0,1.0,0.0,0.3333333333333333,0.0,0.0,10.0,3.0,3.558161593754873,0.0,1.0986122886681096,2.0,0.40319456220014427,-0.06253429751872597,synthetic_00791,1
54.0,45.0,3.0,18.0,0.0,0.0,0.0,3.0,2.0,2.0,0.6666666666666666,1.0,1.0986122886681096,2.0,1.0,2.0,0.0,0.0,1.0,0.0,1.0,0.0,0.0,0.0,1.0,0.0,0.3333333333333333,0.0,0.0,10.0,2.0,3.87325332614809,0.0,1.0986122886681096,2.0,0.40319456220014427,-0.37762602991194294,synthetic_00792,1
44.0,42.0,3.0,14.666666666666666,1.0,0.0,0.0,3.0,2.0,2.0,0.6666666666666666,1.0,1.0986122886681096,2.0,1.0,2.0,0.0,0.0,1.0,0.0,1.0,0.0,0.0,0.0,1.0,0.0,0.3333333333333333,0.0,0.0,4.0,0.0,3.808851476382645,0.0,1.0986122886681096,2.0,0.40319456220014427,-0.3132241801464981,synthetic_00793,1
52.0,38.0,2.0,26.0,0.0,0.0,0.0,4.0,3.0,2.0,0.75,1.0,1.3862943611198906,3.0,1.0,3.0,1.0,0.0,1.0,0.0,0.0,1.0,2.0,0.0,1.0,0.25,0.25,0.0,0.0,8.0,7.0,3.72294977194154,0.0,1.252762968495368,0.75,0.6611294361119892,-0.6729885530067983,synthetic_00794,0
73.0,62.0,3.0,24.333333333333332,0.0,0.0,0.0,4.0,3.0,2.0,0.75,1.0,1.3862943611198906,3.0,1.0,3.0,1.0,0.0,1.0,0.0,0.0,1.0,2.0,0.0,1.0,0.25,0.25,0.0,0.0,11.0,2.0,4.180312670157326,0.0,1.252762968495368,0.75,0.6611294361119892,-1.1303514512225843,synthetic_00795,0
44.0,42.0,3.0,14.666666666666666,1.0,0.0,0.0,3.0,2.0,2.0,0.6666666666666666,1.0,1.0986122886681096,2.0,1.0,2.0,0.0,0.0,1.0,0.0,1.0,0.0,0.0,0.0,1.0,0.0,0.3333333333333333,0.0,0.0,4.0,0.0,3.808851476382645,0.0,1.0986122886681096,2.0,0.40319456220014427,-0.3132241801464981,synthetic_00796,1
52.0,38.0,2.0,26.0,0.0,0.0,0.0,4.0,3.0,2.0,0.75,1.0,1.3862943611198906,3.0,1.0,3.0,1.0,0.0,1.0,0.0,0.0,1.0,2.0,0.0,1.0,0.25,0.25,0.0,0.0,8.0,7.0,3.72294977194154,0.0,1.252762968495368,0.75,0.6611294361119892,-0.6729885530067983,synthetic_00797,0
73.0,62.0,3.0,24.333333333333332,0.0,0.0,0.0,4.0,3.0,2.0,0.75,1.0,1.3862943611198906,3.0,1.0,3.0,1.0,0.0,1.0,0.0,0.0,1.0,2.0,0.0,1.0,0.25,0.25,0.0,0.0,11.0,2.0,4.180312670157326,0.0,1.252762968495368,0.75,0.6611294361119892,-1.1303514512225843,synthetic_00798,0
44.0,42.0,3.0,14.666666666666666,1.0,0.0,0.0,3.0,2.0,2.0,0.6666666666666666,1.0,1.0986122886681096,2.0,1.0,2.0,0.0,0.0,1.0,0.0,1.0,0.0,0.0,0.0,1.0,0.0,0.3333333333333333,0.0,0.0,4.0,0.0,3.808851476382645,0.0,1.0986122886681096,2.0,0.40319456220014427,-0.3132241801464981,synthetic_00799,1
52.0,38.0,2.0,26.0,0.0,0.0,0.0,4.0,3.0,2.0,0.75,1.0,1.3862943611198906,3.0,1.0,3.0,1.0,0.0,1.0,0.0,0.0,1.0,2.0,0.0,1.0,0.25,0.25,0.0,0.0,8.0,7.0,3.72294977194154,0.0,1.252762968495368,0.75,0.6611294361119892,-0.6729885530067983,synthetic_00800,0
54.0,45.0,3.0,18.0,0.0,0.0,0.0,3.0,2.0,2.0,0.6666666666666666,1.0,1.0986122886681096,2.0,1.0,2.0,0.0,0.0,1.0,0.0,1.0,0.0,0.0,0.0,1.0,0.0,0.3333333333333333,0.0,0.0,10.0,2.0,3.87325332614809,0.0,1.0986122886681096,2.0,0.40319456220014427,-0.37762602991194294,synthetic_00801,1
60.0,51.0,3.0,20.0,0.0,0.0,0.0,4.0,3.0,2.0,0.75,1.0,1.3862943611198906,3.0,1.0,3.0,1.0,0.0,1.0,0.0,0.0,1.0,2.0,0.0,1.0,0.25,0.25,0.0,0.0,5.0,0.0,3.9961121802280286,0.0,1.252762968495368,0.75,0.6611294361119892,-0.946150961293287,synthetic_00802,0
52.0,38.0,2.0,26.0,0.0,0.0,0.0,4.0,3.0,2.0,0.75,1.0,1.3862943611198906,3.0,1.0,3.0,1.0,0.0,1.0,0.0,0.0,1.0,2.0,0.0,1.0,0.25,0.25,0.0,0.0,8.0,7.0,3.72294977194154,0.0,1.252762968495368,0.75,0.6611294361119892,-0.6729885530067983,synthetic_00803,0
73.0,62.0,3.0,24.333333333333332,0.0,0.0,0.0,4.0,3.0,2.0,0.75,1.0,1.3862943611198906,3.0,1.0,3.0,1.0,0.0,1.0,0.0,0.0,1.0,2.0,0.0,1.0,0.25,0.25,0.0,0.0,11.0,2.0,4.180312670157326,0.0,1.252762968495368,0.75,0.6611294361119892,-1.1303514512225843,synthetic_00804,0
44.0,42.0,3.0,14.666666666666666,1.0,0.0,0.0,3.0,2.0,2.0,0.6666666666666666,1.0,1.0986122886681096,2.0,1.0,2.0,0.0,0.0,1.0,0.0,1.0,0.0,0.0,0.0,1.0,0.0,0.3333333333333333,0.0,0.0,4.0,0.0,3.808851476382645,0.0,1.0986122886681096,2.0,0.40319456220014427,-0.3132241801464981,synthetic_00805,1
52.0,38.0,2.0,26.0,0.0,0.0,0.0,4.0,3.0,2.0,0.75,1.0,1.3862943611198906,3.0,1.0,3.0,1.0,0.0,1.0,0.0,0.0,1.0,2.0,0.0,1.0,0.25,0.25,0.0,0.0,8.0,7.0,3.72294977194154,0.0,1.252762968495368,0.75,0.6611294361119892,-0.6729885530067983,synthetic_00806,0
54.0,45.0,3.0,18.0,0.0,0.0,0.0,3.0,2.0,2.0,0.6666666666666666,1.0,1.0986122886681096,2.0,1.0,2.0,0.0,0.0,1.0,0.0,1.0,0.0,0.0,0.0,1.0,0.0,0.3333333333333333,0.0,0.0,10.0,2.0,3.87325332614809,0.0,1.0986122886681096,2.0,0.40319456220014427,-0.37762602991194294,synthetic_00807,1
60.0,51.0,3.0,20.0,0.0,0.0,0.0,4.0,3.0,2.0,0.75,1.0,1.3862943611198906,3.0,1.0,3.0,1.0,0.0,1.0,0.0,0.0,1.0,2.0,0.0,1.0,0.25,0.25,0.0,0.0,5.0,0.0,3.9961121802280286,0.0,1.252762968495368,0.75,0.6611294361119892,-0.946150961293287,synthetic_00808,0
52.0,38.0,2.0,26.0,0.0,0.0,0.0,4.0,3.0,2.0,0.75,1.0,1.3862943611198906,3.0,1.0,3.0,1.0,0.0,1.0,0.0,0.0,1.0,2.0,0.0,1.0,0.25,0.25,0.0,0.0,8.0,7.0,3.72294977194154,0.0,1.252762968495368,0.75,0.6611294361119892,-0.6729885530067983,synthetic_00809,0
73.0,62.0,3.0,24.333333333333332,0.0,0.0,0.0,4.0,3.0,2.0,0.75,1.0,1.3862943611198906,3.0,1.0,3.0,1.0,0.0,1.0,0.0,0.0,1.0,2.0,0.0,1.0,0.25,0.25,0.0,0.0,11.0,2.0,4.180312670157326,0.0,1.252762968495368,0.75,0.6611294361119892,-1.1303514512225843,synthetic_00810,0
60.0,51.0,3.0,20.0,0.0,0.0,0.0,4.0,3.0,2.0,0.75,1.0,1.3862943611198906,3.0,1.0,3.0,1.0,0.0,1.0,0.0,0.0,1.0,2.0,0.0,1.0,0.25,0.25,0.0,0.0,5.0,0.0,3.9961121802280286,0.0,1.252762968495368,0.75,0.6611294361119892,-0.946150961293287,synthetic_00811,0
43.0,32.0,3.0,14.333333333333334,1.0,0.0,0.0,3.0,2.0,2.0,0.6666666666666666,1.0,1.0986122886681096,2.0,1.0,2.0,0.0,0.0,1.0,0.0,1.0,0.0,0.0,0.0,1.0,0.0,0.3333333333333333,0.0,0.0,10.0,3.0,3.558161593754873,0.0,1.0986122886681096,2.0,0.40319456220014427,-0.06253429751872597,synthetic_00812,1
54.0,45.0,3.0,18.0,0.0,0.0,0.0,3.0,2.0,2.0,0.6666666666666666,1.0,1.0986122886681096,2.0,1.0,2.0,0.0,0.0,1.0,0.0,1.0,0.0,0.0,0.0,1.0,0.0,0.3333333333333333,0.0,0.0,10.0,2.0,3.87325332614809,0.0,1.0986122886681096,2.0,0.40319456220014427,-0.37762602991194294,synthetic_00813,1
60.0,51.0,3.0,20.0,0.0,0.0,0.0,4.0,3.0,2.0,0.75,1.0,1.3862943611198906,3.0,1.0,3.0,1.0,0.0,1.0,0.0,0.0,1.0,2.0,0.0,1.0,0.25,0.25,0.0,0.0,5.0,0.0,3.9961121802280286,0.0,1.252762968495368,0.75,0.6611294361119892,-0.946150961293287,synthetic_00814,0
52.0,38.0,2.0,26.0,0.0,0.0,0.0,4.0,3.0,2.0,0.75,1.0,1.3862943611198906,3.0,1.0,3.0,1.0,0.0,1.0,0.0,0.0,1.0,2.0,0.0,1.0,0.25,0.25,0.0,0.0,8.0,7.0,3.72294977194154,0.0,1.252762968495368,0.75,0.6611294361119892,-0.6729885530067983,synthetic_00815,0
54.0,45.0,3.0,18.0,0.0,0.0,0.0,3.0,2.0,2.0,0.6666666666666666,1.0,1.0986122886681096,2.0,1.0,2.0,0.0,0.0,1.0,0.0,1.0,0.0,0.0,0.0,1.0,0.0,0.3333333333333333,0.0,0.0,10.0,2.0,3.87325332614809,0.0,1.0986122886681096,2.0,0.40319456220014427,-0.37762602991194294,synthetic_00816,1
60.0,51.0,3.0,20.0,0.0,0.0,0.0,4.0,3.0,2.0,0.75,1.0,1.3862943611198906,3.0,1.0,3.0,1.0,0.0,1.0,0.0,0.0,1.0,2.0,0.0,1.0,0.25,0.25,0.0,0.0,5.0,0.0,3.9961121802280286,0.0,1.252762968495368,0.75,0.6611294361119892,-0.946150961293287,synthetic_00817,0
43.0,32.0,3.0,14.333333333333334,1.0,0.0,0.0,3.0,2.0,2.0,0.6666666666666666,1.0,1.0986122886681096,2.0,1.0,2.0,0.0,0.0,1.0,0.0,1.0,0.0,0.0,0.0,1.0,0.0,0.3333333333333333,0.0,0.0,10.0,3.0,3.558161593754873,0.0,1.0986122886681096,2.0,0.40319456220014427,-0.06253429751872597,synthetic_00818,1
73.0,62.0,3.0,24.333333333333332,0.0,0.0,0.0,4.0,3.0,2.0,0.75,1.0,1.3862943611198906,3.0,1.0,3.0,1.0,0.0,1.0,0.0,0.0,1.0,2.0,0.0,1.0,0.25,0.25,0.0,0.0,11.0,2.0,4.180312670157326,0.0,1.252762968495368,0.75,0.6611294361119892,-1.1303514512225843,synthetic_00819,0
44.0,42.0,3.0,14.666666666666666,1.0,0.0,0.0,3.0,2.0,2.0,0.6666666666666666,1.0,1.0986122886681096,2.0,1.0,2.0,0.0,0.0,1.0,0.0,1.0,0.0,0.0,0.0,1.0,0.0,0.3333333333333333,0.0,0.0,4.0,0.0,3.808851476382645,0.0,1.0986122886681096,2.0,0.40319456220014427,-0.3132241801464981,synthetic_00820,1
52.0,38.0,2.0,26.0,0.0,0.0,0.0,4.0,3.0,2.0,0.75,1.0,1.3862943611198906,3.0,1.0,3.0,1.0,0.0,1.0,0.0,0.0,1.0,2.0,0.0,1.0,0.25,0.25,0.0,0.0,8.0,7.0,3.72294977194154,0.0,1.252762968495368,0.75,0.6611294361119892,-0.6729885530067983,synthetic_00821,0
73.0,62.0,3.0,24.333333333333332,0.0,0.0,0.0,4.0,3.0,2.0,0.75,1.0,1.3862943611198906,3.0,1.0,3.0,1.0,0.0,1.0,0.0,0.0,1.0,2.0,0.0,1.0,0.25,0.25,0.0,0.0,11.0,2.0,4.180312670157326,0.0,1.252762968495368,0.75,0.6611294361119892,-1.1303514512225843,synthetic_00822,0
60.0,51.0,3.0,20.0,0.0,0.0,0.0,4.0,3.0,2.0,0.75,1.0,1.3862943611198906,3.0,1.0,3.0,1.0,0.0,1.0,0.0,0.0,1.0,2.0,0.0,1.0,0.25,0.25,0.0,0.0,5.0,0.0,3.9961121802280286,0.0,1.252762968495368,0.75,0.6611294361119892,-0.946150961293287,synthetic_00823,0
52.0,38.0,2.0,26.0,0.0,0.0,0.0,4.0,3.0,2.0,0.75,1.0,1.3862943611198906,3.0,1.0,3.0,1.0,0.0,1.0,0.0,0.0,1.0,2.0,0.0,1.0,0.25,0.25,0.0,0.0,8.0,7.0,3.72294977194154,0.0,1.252762968495368,0.75,0.6611294361119892,-0.6729885530067983,synthetic_00824,0
54.0,45.0,3.0,18.0,0.0,0.0,0.0,3.0,2.0,2.0,0.6666666666666666,1.0,1.0986122886681096,2.0,1.0,2.0,0.0,0.0,1.0,0.0,1.0,0.0,0.0,0.0,1.0,0.0,0.3333333333333333,0.0,0.0,10.0,2.0,3.87325332614809,0.0,1.0986122886681096,2.0,0.40319456220014427,-0.37762602991194294,synthetic_00825,1
60.0,51.0,3.0,20.0,0.0,0.0,0.0,4.0,3.0,2.0,0.75,1.0,1.3862943611198906,3.0,1.0,3.0,1.0,0.0,1.0,0.0,0.0,1.0,2.0,0.0,1.0,0.25,0.25,0.0,0.0,5.0,0.0,3.9961121802280286,0.0,1.252762968495368,0.75,0.6611294361119892,-0.946150961293287,synthetic_00826,0
52.0,38.0,2.0,26.0,0.0,0.0,0.0,4.0,3.0,2.0,0.75,1.0,1.3862943611198906,3.0,1.0,3.0,1.0,0.0,1.0,0.0,0.0,1.0,2.0,0.0,1.0,0.25,0.25,0.0,0.0,8.0,7.0,3.72294977194154,0.0,1.252762968495368,0.75,0.6611294361119892,-0.6729885530067983,synthetic_00827,0
54.0,45.0,3.0,18.0,0.0,0.0,0.0,3.0,2.0,2.0,0.6666666666666666,1.0,1.0986122886681096,2.0,1.0,2.0,0.0,0.0,1.0,0.0,1.0,0.0,0.0,0.0,1.0,0.0,0.3333333333333333,0.0,0.0,10.0,2.0,3.87325332614809,0.0,1.0986122886681096,2.0,0.40319456220014427,-0.37762602991194294,synthetic_00828,1
60.0,51.0,3.0,20.0,0.0,0.0,0.0,4.0,3.0,2.0,0.75,1.0,1.3862943611198906,3.0,1.0,3.0,1.0,0.0,1.0,0.0,0.0,1.0,2.0,0.0,1.0,0.25,0.25,0.0,0.0,5.0,0.0,3.9961121802280286,0.0,1.252762968495368,0.75,0.6611294361119892,-0.946150961293287,synthetic_00829,0
43.0,32.0,3.0,14.333333333333334,1.0,0.0,0.0,3.0,2.0,2.0,0.6666666666666666,1.0,1.0986122886681096,2.0,1.0,2.0,0.0,0.0,1.0,0.0,1.0,0.0,0.0,0.0,1.0,0.0,0.3333333333333333,0.0,0.0,10.0,3.0,3.558161593754873,0.0,1.0986122886681096,2.0,0.40319456220014427,-0.06253429751872597,synthetic_00830,1
73.0,62.0,3.0,24.333333333333332,0.0,0.0,0.0,4.0,3.0,2.0,0.75,1.0,1.3862943611198906,3.0,1.0,3.0,1.0,0.0,1.0,0.0,0.0,1.0,2.0,0.0,1.0,0.25,0.25,0.0,0.0,11.0,2.0,4.180312670157326,0.0,1.252762968495368,0.75,0.6611294361119892,-1.1303514512225843,synthetic_00831,0
44.0,42.0,3.0,14.666666666666666,1.0,0.0,0.0,3.0,2.0,2.0,0.6666666666666666,1.0,1.0986122886681096,2.0,1.0,2.0,0.0,0.0,1.0,0.0,1.0,0.0,0.0,0.0,1.0,0.0,0.3333333333333333,0.0,0.0,4.0,0.0,3.808851476382645,0.0,1.0986122886681096,2.0,0.40319456220014427,-0.3132241801464981,synthetic_00832,1
52.0,38.0,2.0,26.0,0.0,0.0,0.0,4.0,3.0,2.0,0.75,1.0,1.3862943611198906,3.0,1.0,3.0,1.0,0.0,1.0,0.0,0.0,1.0,2.0,0.0,1.0,0.25,0.25,0.0,0.0,8.0,7.0,3.72294977194154,0.0,1.252762968495368,0.75,0.6611294361119892,-0.6729885530067983,synthetic_00833,0
73.0,62.0,3.0,24.333333333333332,0.0,0.0,0.0,4.0,3.0,2.0,0.75,1.0,1.3862943611198906,3.0,1.0,3.0,1.0,0.0,1.0,0.0,0.0,1.0,2.0,0.0,1.0,0.25,0.25,0.0,0.0,11.0,2.0,4.180312670157326,0.0,1.252762968495368,0.75,0.6611294361119892,-1.1303514512225843,synthetic_00834,0
60.0,51.0,3.0,20.0,0.0,0.0,0.0,4.0,3.0,2.0,0.75,1.0,1.3862943611198906,3.0,1.0,3.0,1.0,0.0,1.0,0.0,0.0,1.0,2.0,0.0,1.0,0.25,0.25,0.0,0.0,5.0,0.0,3.9961121802280286,0.0,1.252762968495368,0.75,0.6611294361119892,-0.946150961293287,synthetic_00835,0
52.0,38.0,2.0,26.0,0.0,0.0,0.0,4.0,3.0,2.0,0.75,1.0,1.3862943611198906,3.0,1.0,3.0,1.0,0.0,1.0,0.0,0.0,1.0,2.0,0.0,1.0,0.25,0.25,0.0,0.0,8.0,7.0,3.72294977194154,0.0,1.252762968495368,0.75,0.6611294361119892,-0.6729885530067983,synthetic_00836,0
73.0,62.0,3.0,24.333333333333332,0.0,0.0,0.0,4.0,3.0,2.0,0.75,1.0,1.3862943611198906,3.0,1.0,3.0,1.0,0.0,1.0,0.0,0.0,1.0,2.0,0.0,1.0,0.25,0.25,0.0,0.0,11.0,2.0,4.180312670157326,0.0,1.252762968495368,0.75,0.6611294361119892,-1.1303514512225843,synthetic_00837,0
60.0,51.0,3.0,20.0,0.0,0.0,0.0,4.0,3.0,2.0,0.75,1.0,1.3862943611198906,3.0,1.0,3.0,1.0,0.0,1.0,0.0,0.0,1.0,2.0,0.0,1.0,0.25,0.25,0.0,0.0,5.0,0.0,3.9961121802280286,0.0,1.252762968495368,0.75,0.6611294361119892,-0.946150961293287,synthetic_00838,0
43.0,32.0,3.0,14.333333333333334,1.0,0.0,0.0,3.0,2.0,2.0,0.6666666666666666,1.0,1.0986122886681096,2.0,1.0,2.0,0.0,0.0,1.0,0.0,1.0,0.0,0.0,0.0,1.0,0.0,0.3333333333333333,0.0,0.0,10.0,3.0,3.558161593754873,0.0,1.0986122886681096,2.0,0.40319456220014427,-0.06253429751872597,synthetic_00839,1
73.0,62.0,3.0,24.333333333333332,0.0,0.0,0.0,4.0,3.0,2.0,0.75,1.0,1.3862943611198906,3.0,1.0,3.0,1.0,0.0,1.0,0.0,0.0,1.0,2.0,0.0,1.0,0.25,0.25,0.0,0.0,11.0,2.0,4.180312670157326,0.0,1.252762968495368,0.75,0.6611294361119892,-1.1303514512225843,synthetic_00840,0
60.0,51.0,3.0,20.0,0.0,0.0,0.0,4.0,3.0,2.0,0.75,1.0,1.3862943611198906,3.0,1.0,3.0,1.0,0.0,1.0,0.0,0.0,1.0,2.0,0.0,1.0,0.25,0.25,0.0,0.0,5.0,0.0,3.9961121802280286,0.0,1.252762968495368,0.75,0.6611294361119892,-0.946150961293287,synthetic_00841,0
43.0,32.0,3.0,14.333333333333334,1.0,0.0,0.0,3.0,2.0,2.0,0.6666666666666666,1.0,1.0986122886681096,2.0,1.0,2.0,0.0,0.0,1.0,0.0,1.0,0.0,0.0,0.0,1.0,0.0,0.3333333333333333,0.0,0.0,10.0,3.0,3.558161593754873,0.0,1.0986122886681096,2.0,0.40319456220014427,-0.06253429751872597,synthetic_00842,1
54.0,45.0,3.0,18.0,0.0,0.0,0.0,3.0,2.0,2.0,0.6666666666666666,1.0,1.0986122886681096,2.0,1.0,2.0,0.0,0.0,1.0,0.0,1.0,0.0,0.0,0.0,1.0,0.0,0.3333333333333333,0.0,0.0,10.0,2.0,3.87325332614809,0.0,1.0986122886681096,2.0,0.40319456220014427,-0.37762602991194294,synthetic_00843,1
60.0,51.0,3.0,20.0,0.0,0.0,0.0,4.0,3.0,2.0,0.75,1.0,1.3862943611198906,3.0,1.0,3.0,1.0,0.0,1.0,0.0,0.0,1.0,2.0,0.0,1.0,0.25,0.25,0.0,0.0,5.0,0.0,3.9961121802280286,0.0,1.252762968495368,0.75,0.6611294361119892,-0.946150961293287,synthetic_00844,0
43.0,32.0,3.0,14.333333333333334,1.0,0.0,0.0,3.0,2.0,2.0,0.6666666666666666,1.0,1.0986122886681096,2.0,1.0,2.0,0.0,0.0,1.0,0.0,1.0,0.0,0.0,0.0,1.0,0.0,0.3333333333333333,0.0,0.0,10.0,3.0,3.558161593754873,0.0,1.0986122886681096,2.0,0.40319456220014427,-0.06253429751872597,synthetic_00845,1
54.0,45.0,3.0,18.0,0.0,0.0,0.0,3.0,2.0,2.0,0.6666666666666666,1.0,1.0986122886681096,2.0,1.0,2.0,0.0,0.0,1.0,0.0,1.0,0.0,0.0,0.0,1.0,0.0,0.3333333333333333,0.0,0.0,10.0,2.0,3.87325332614809,0.0,1.0986122886681096,2.0,0.40319456220014427,-0.37762602991194294,synthetic_00846,1
44.0,42.0,3.0,14.666666666666666,1.0,0.0,0.0,3.0,2.0,2.0,0.6666666666666666,1.0,1.0986122886681096,2.0,1.0,2.0,0.0,0.0,1.0,0.0,1.0,0.0,0.0,0.0,1.0,0.0,0.3333333333333333,0.0,0.0,4.0,0.0,3.808851476382645,0.0,1.0986122886681096,2.0,0.40319456220014427,-0.3132241801464981,synthetic_00847,1
52.0,38.0,2.0,26.0,0.0,0.0,0.0,4.0,3.0,2.0,0.75,1.0,1.3862943611198906,3.0,1.0,3.0,1.0,0.0,1.0,0.0,0.0,1.0,2.0,0.0,1.0,0.25,0.25,0.0,0.0,8.0,7.0,3.72294977194154,0.0,1.252762968495368,0.75,0.6611294361119892,-0.6729885530067983,synthetic_00848,0
54.0,45.0,3.0,18.0,0.0,0.0,0.0,3.0,2.0,2.0,0.6666666666666666,1.0,1.0986122886681096,2.0,1.0,2.0,0.0,0.0,1.0,0.0,1.0,0.0,0.0,0.0,1.0,0.0,0.3333333333333333,0.0,0.0,10.0,2.0,3.87325332614809,0.0,1.0986122886681096,2.0,0.40319456220014427,-0.37762602991194294,synthetic_00849,1
60.0,51.0,3.0,20.0,0.0,0.0,0.0,4.0,3.0,2.0,0.75,1.0,1.3862943611198906,3.0,1.0,3.0,1.0,0.0,1.0,0.0,0.0,1.0,2.0,0.0,1.0,0.25,0.25,0.0,0.0,5.0,0.0,3.9961121802280286,0.0,1.252762968495368,0.75,0.6611294361119892,-0.946150961293287,synthetic_00850,0
52.0,38.0,2.0,26.0,0.0,0.0,0.0,4.0,3.0,2.0,0.75,1.0,1.3862943611198906,3.0,1.0,3.0,1.0,0.0,1.0,0.0,0.0,1.0,2.0,0.0,1.0,0.25,0.25,0.0,0.0,8.0,7.0,3.72294977194154,0.0,1.252762968495368,0.75,0.6611294361119892,-0.6729885530067983,synthetic_00851,0
54.0,45.0,3.0,18.0,0.0,0.0,0.0,3.0,2.0,2.0,0.6666666666666666,1.0,1.0986122886681096,2.0,1.0,2.0,0.0,0.0,1.0,0.0,1.0,0.0,0.0,0.0,1.0,0.0,0.3333333333333333,0.0,0.0,10.0,2.0,3.87325332614809,0.0,1.0986122886681096,2.0,0.40319456220014427,-0.37762602991194294,synthetic_00852,1
60.0,51.0,3.0,20.0,0.0,0.0,0.0,4.0,3.0,2.0,0.75,1.0,1.3862943611198906,3.0,1.0,3.0,1.0,0.0,1.0,0.0,0.0,1.0,2.0,0.0,1.0,0.25,0.25,0.0,0.0,5.0,0.0,3.9961121802280286,0.0,1.252762968495368,0.75,0.6611294361119892,-0.946150961293287,synthetic_00853,0
52.0,38.0,2.0,26.0,0.0,0.0,0.0,4.0,3.0,2.0,0.75,1.0,1.3862943611198906,3.0,1.0,3.0,1.0,0.0,1.0,0.0,0.0,1.0,2.0,0.0,1.0,0.25,0.25,0.0,0.0,8.0,7.0,3.72294977194154,0.0,1.252762968495368,0.75,0.6611294361119892,-0.6729885530067983,synthetic_00854,0
54.0,45.0,3.0,18.0,0.0,0.0,0.0,3.0,2.0,2.0,0.6666666666666666,1.0,1.0986122886681096,2.0,1.0,2.0,0.0,0.0,1.0,0.0,1.0,0.0,0.0,0.0,1.0,0.0,0.3333333333333333,0.0,0.0,10.0,2.0,3.87325332614809,0.0,1.0986122886681096,2.0,0.40319456220014427,-0.37762602991194294,synthetic_00855,1
44.0,42.0,3.0,14.666666666666666,1.0,0.0,0.0,3.0,2.0,2.0,0.6666666666666666,1.0,1.0986122886681096,2.0,1.0,2.0,0.0,0.0,1.0,0.0,1.0,0.0,0.0,0.0,1.0,0.0,0.3333333333333333,0.0,0.0,4.0,0.0,3.808851476382645,0.0,1.0986122886681096,2.0,0.40319456220014427,-0.3132241801464981,synthetic_00856,1
43.0,32.0,3.0,14.333333333333334,1.0,0.0,0.0,3.0,2.0,2.0,0.6666666666666666,1.0,1.0986122886681096,2.0,1.0,2.0,0.0,0.0,1.0,0.0,1.0,0.0,0.0,0.0,1.0,0.0,0.3333333333333333,0.0,0.0,10.0,3.0,3.558161593754873,0.0,1.0986122886681096,2.0,0.40319456220014427,-0.06253429751872597,synthetic_00857,1
73.0,62.0,3.0,24.333333333333332,0.0,0.0,0.0,4.0,3.0,2.0,0.75,1.0,1.3862943611198906,3.0,1.0,3.0,1.0,0.0,1.0,0.0,0.0,1.0,2.0,0.0,1.0,0.25,0.25,0.0,0.0,11.0,2.0,4.180312670157326,0.0,1.252762968495368,0.75,0.6611294361119892,-1.1303514512225843,synthetic_00858,0
44.0,42.0,3.0,14.666666666666666,1.0,0.0,0.0,3.0,2.0,2.0,0.6666666666666666,1.0,1.0986122886681096,2.0,1.0,2.0,0.0,0.0,1.0,0.0,1.0,0.0,0.0,0.0,1.0,0.0,0.3333333333333333,0.0,0.0,4.0,0.0,3.808851476382645,0.0,1.0986122886681096,2.0,0.40319456220014427,-0.3132241801464981,synthetic_00859,1
43.0,32.0,3.0,14.333333333333334,1.0,0.0,0.0,3.0,2.0,2.0,0.6666666666666666,1.0,1.0986122886681096,2.0,1.0,2.0,0.0,0.0,1.0,0.0,1.0,0.0,0.0,0.0,1.0,0.0,0.3333333333333333,0.0,0.0,10.0,3.0,3.558161593754873,0.0,1.0986122886681096,2.0,0.40319456220014427,-0.06253429751872597,synthetic_00860,1
54.0,45.0,3.0,18.0,0.0,0.0,0.0,3.0,2.0,2.0,0.6666666666666666,1.0,1.0986122886681096,2.0,1.0,2.0,0.0,0.0,1.0,0.0,1.0,0.0,0.0,0.0,1.0,0.0,0.3333333333333333,0.0,0.0,10.0,2.0,3.87325332614809,0.0,1.0986122886681096,2.0,0.40319456220014427,-0.37762602991194294,synthetic_00861,1
60.0,51.0,3.0,20.0,0.0,0.0,0.0,4.0,3.0,2.0,0.75,1.0,1.3862943611198906,3.0,1.0,3.0,1.0,0.0,1.0,0.0,0.0,1.0,2.0,0.0,1.0,0.25,0.25,0.0,0.0,5.0,0.0,3.9961121802280286,0.0,1.252762968495368,0.75,0.6611294361119892,-0.946150961293287,synthetic_00862,0
43.0,32.0,3.0,14.333333333333334,1.0,0.0,0.0,3.0,2.0,2.0,0.6666666666666666,1.0,1.0986122886681096,2.0,1.0,2.0,0.0,0.0,1.0,0.0,1.0,0.0,0.0,0.0,1.0,0.0,0.3333333333333333,0.0,0.0,10.0,3.0,3.558161593754873,0.0,1.0986122886681096,2.0,0.40319456220014427,-0.06253429751872597,synthetic_00863,1
73.0,62.0,3.0,24.333333333333332,0.0,0.0,0.0,4.0,3.0,2.0,0.75,1.0,1.3862943611198906,3.0,1.0,3.0,1.0,0.0,1.0,0.0,0.0,1.0,2.0,0.0,1.0,0.25,0.25,0.0,0.0,11.0,2.0,4.180312670157326,0.0,1.252762968495368,0.75,0.6611294361119892,-1.1303514512225843,synthetic_00864,0
44.0,42.0,3.0,14.666666666666666,1.0,0.0,0.0,3.0,2.0,2.0,0.6666666666666666,1.0,1.0986122886681096,2.0,1.0,2.0,0.0,0.0,1.0,0.0,1.0,0.0,0.0,0.0,1.0,0.0,0.3333333333333333,0.0,0.0,4.0,0.0,3.808851476382645,0.0,1.0986122886681096,2.0,0.40319456220014427,-0.3132241801464981,synthetic_00865,1
43.0,32.0,3.0,14.333333333333334,1.0,0.0,0.0,3.0,2.0,2.0,0.6666666666666666,1.0,1.0986122886681096,2.0,1.0,2.0,0.0,0.0,1.0,0.0,1.0,0.0,0.0,0.0,1.0,0.0,0.3333333333333333,0.0,0.0,10.0,3.0,3.558161593754873,0.0,1.0986122886681096,2.0,0.40319456220014427,-0.06253429751872597,synthetic_00866,1
54.0,45.0,3.0,18.0,0.0,0.0,0.0,3.0,2.0,2.0,0.6666666666666666,1.0,1.0986122886681096,2.0,1.0,2.0,0.0,0.0,1.0,0.0,1.0,0.0,0.0,0.0,1.0,0.0,0.3333333333333333,0.0,0.0,10.0,2.0,3.87325332614809,0.0,1.0986122886681096,2.0,0.40319456220014427,-0.37762602991194294,synthetic_00867,1
60.0,51.0,3.0,20.0,0.0,0.0,0.0,4.0,3.0,2.0,0.75,1.0,1.3862943611198906,3.0,1.0,3.0,1.0,0.0,1.0,0.0,0.0,1.0,2.0,0.0,1.0,0.25,0.25,0.0,0.0,5.0,0.0,3.9961121802280286,0.0,1.252762968495368,0.75,0.6611294361119892,-0.946150961293287,synthetic_00868,0
43.0,32.0,3.0,14.333333333333334,1.0,0.0,0.0,3.0,2.0,2.0,0.6666666666666666,1.0,1.0986122886681096,2.0,1.0,2.0,0.0,0.0,1.0,0.0,1.0,0.0,0.0,0.0,1.0,0.0,0.3333333333333333,0.0,0.0,10.0,3.0,3.558161593754873,0.0,1.0986122886681096,2.0,0.40319456220014427,-0.06253429751872597,synthetic_00869,1
54.0,45.0,3.0,18.0,0.0,0.0,0.0,3.0,2.0,2.0,0.6666666666666666,1.0,1.0986122886681096,2.0,1.0,2.0,0.0,0.0,1.0,0.0,1.0,0.0,0.0,0.0,1.0,0.0,0.3333333333333333,0.0,0.0,10.0,2.0,3.87325332614809,0.0,1.0986122886681096,2.0,0.40319456220014427,-0.37762602991194294,synthetic_00870,1
60.0,51.0,3.0,20.0,0.0,0.0,0.0,4.0,3.0,2.0,0.75,1.0,1.3862943611198906,3.0,1.0,3.0,1.0,0.0,1.0,0.0,0.0,1.0,2.0,0.0,1.0,0.25,0.25,0.0,0.0,5.0,0.0,3.9961121802280286,0.0,1.252762968495368,0.75,0.6611294361119892,-0.946150961293287,synthetic_00871,0
52.0,38.0,2.0,26.0,0.0,0.0,0.0,4.0,3.0,2.0,0.75,1.0,1.3862943611198906,3.0,1.0,3.0,1.0,0.0,1.0,0.0,0.0,1.0,2.0,0.0,1.0,0.25,0.25,0.0,0.0,8.0,7.0,3.72294977194154,0.0,1.252762968495368,0.75,0.6611294361119892,-0.6729885530067983,synthetic_00872,0
54.0,45.0,3.0,18.0,0.0,0.0,0.0,3.0,2.0,2.0,0.6666666666666666,1.0,1.0986122886681096,2.0,1.0,2.0,0.0,0.0,1.0,0.0,1.0,0.0,0.0,0.0,1.0,0.0,0.3333333333333333,0.0,0.0,10.0,2.0,3.87325332614809,0.0,1.0986122886681096,2.0,0.40319456220014427,-0.37762602991194294,synthetic_00873,1
60.0,51.0,3.0,20.0,0.0,0.0,0.0,4.0,3.0,2.0,0.75,1.0,1.3862943611198906,3.0,1.0,3.0,1.0,0.0,1.0,0.0,0.0,1.0,2.0,0.0,1.0,0.25,0.25,0.0,0.0,5.0,0.0,3.9961121802280286,0.0,1.252762968495368,0.75,0.6611294361119892,-0.946150961293287,synthetic_00874,0
43.0,32.0,3.0,14.333333333333334,1.0,0.0,0.0,3.0,2.0,2.0,0.6666666666666666,1.0,1.0986122886681096,2.0,1.0,2.0,0.0,0.0,1.0,0.0,1.0,0.0,0.0,0.0,1.0,0.0,0.3333333333333333,0.0,0.0,10.0,3.0,3.558161593754873,0.0,1.0986122886681096,2.0,0.40319456220014427,-0.06253429751872597,synthetic_00875,1
73.0,62.0,3.0,24.333333333333332,0.0,0.0,0.0,4.0,3.0,2.0,0.75,1.0,1.3862943611198906,3.0,1.0,3.0,1.0,0.0,1.0,0.0,0.0,1.0,2.0,0.0,1.0,0.25,0.25,0.0,0.0,11.0,2.0,4.180312670157326,0.0,1.252762968495368,0.75,0.6611294361119892,-1.1303514512225843,synthetic_00876,0
60.0,51.0,3.0,20.0,0.0,0.0,0.0,4.0,3.0,2.0,0.75,1.0,1.3862943611198906,3.0,1.0,3.0,1.0,0.0,1.0,0.0,0.0,1.0,2.0,0.0,1.0,0.25,0.25,0.0,0.0,5.0,0.0,3.9961121802280286,0.0,1.252762968495368,0.75,0.6611294361119892,-0.946150961293287,synthetic_00877,0
43.0,32.0,3.0,14.333333333333334,1.0,0.0,0.0,3.0,2.0,2.0,0.6666666666666666,1.0,1.0986122886681096,2.0,1.0,2.0,0.0,0.0,1.0,0.0,1.0,0.0,0.0,0.0,1.0,0.0,0.3333333333333333,0.0,0.0,10.0,3.0,3.558161593754873,0.0,1.0986122886681096,2.0,0.40319456220014427,-0.06253429751872597,synthetic_00878,1
54.0,45.0,3.0,18.0,0.0,0.0,0.0,3.0,2.0,2.0,0.6666666666666666,1.0,1.0986122886681096,2.0,1.0,2.0,0.0,0.0,1.0,0.0,1.0,0.0,0.0,0.0,1.0,0.0,0.3333333333333333,0.0,0.0,10.0,2.0,3.87325332614809,0.0,1.0986122886681096,2.0,0.40319456220014427,-0.37762602991194294,synthetic_00879,1
60.0,51.0,3.0,20.0,0.0,0.0,0.0,4.0,3.0,2.0,0.75,1.0,1.3862943611198906,3.0,1.0,3.0,1.0,0.0,1.0,0.0,0.0,1.0,2.0,0.0,1.0,0.25,0.25,0.0,0.0,5.0,0.0,3.9961121802280286,0.0,1.252762968495368,0.75,0.6611294361119892,-0.946150961293287,synthetic_00880,0
52.0,38.0,2.0,26.0,0.0,0.0,0.0,4.0,3.0,2.0,0.75,1.0,1.3862943611198906,3.0,1.0,3.0,1.0,0.0,1.0,0.0,0.0,1.0,2.0,0.0,1.0,0.25,0.25,0.0,0.0,8.0,7.0,3.72294977194154,0.0,1.252762968495368,0.75,0.6611294361119892,-0.6729885530067983,synthetic_00881,0
54.0,45.0,3.0,18.0,0.0,0.0,0.0,3.0,2.0,2.0,0.6666666666666666,1.0,1.0986122886681096,2.0,1.0,2.0,0.0,0.0,1.0,0.0,1.0,0.0,0.0,0.0,1.0,0.0,0.3333333333333333,0.0,0.0,10.0,2.0,3.87325332614809,0.0,1.0986122886681096,2.0,0.40319456220014427,-0.37762602991194294,synthetic_00882,1
44.0,42.0,3.0,14.666666666666666,1.0,0.0,0.0,3.0,2.0,2.0,0.6666666666666666,1.0,1.0986122886681096,2.0,1.0,2.0,0.0,0.0,1.0,0.0,1.0,0.0,0.0,0.0,1.0,0.0,0.3333333333333333,0.0,0.0,4.0,0.0,3.808851476382645,0.0,1.0986122886681096,2.0,0.40319456220014427,-0.3132241801464981,synthetic_00883,1
43.0,32.0,3.0,14.333333333333334,1.0,0.0,0.0,3.0,2.0,2.0,0.6666666666666666,1.0,1.0986122886681096,2.0,1.0,2.0,0.0,0.0,1.0,0.0,1.0,0.0,0.0,0.0,1.0,0.0,0.3333333333333333,0.0,0.0,10.0,3.0,3.558161593754873,0.0,1.0986122886681096,2.0,0.40319456220014427,-0.06253429751872597,synthetic_00884,1
73.0,62.0,3.0,24.333333333333332,0.0,0.0,0.0,4.0,3.0,2.0,0.75,1.0,1.3862943611198906,3.0,1.0,3.0,1.0,0.0,1.0,0.0,0.0,1.0,2.0,0.0,1.0,0.25,0.25,0.0,0.0,11.0,2.0,4.180312670157326,0.0,1.252762968495368,0.75,0.6611294361119892,-1.1303514512225843,synthetic_00885,0
44.0,42.0,3.0,14.666666666666666,1.0,0.0,0.0,3.0,2.0,2.0,0.6666666666666666,1.0,1.0986122886681096,2.0,1.0,2.0,0.0,0.0,1.0,0.0,1.0,0.0,0.0,0.0,1.0,0.0,0.3333333333333333,0.0,0.0,4.0,0.0,3.808851476382645,0.0,1.0986122886681096,2.0,0.40319456220014427,-0.3132241801464981,synthetic_00886,1
43.0,32.0,3.0,14.333333333333334,1.0,0.0,0.0,3.0,2.0,2.0,0.6666666666666666,1.0,1.0986122886681096,2.0,1.0,2.0,0.0,0.0,1.0,0.0,1.0,0.0,0.0,0.0,1.0,0.0,0.3333333333333333,0.0,0.0,10.0,3.0,3.558161593754873,0.0,1.0986122886681096,2.0,0.40319456220014427,-0.06253429751872597,synthetic_00887,1
54.0,45.0,3.0,18.0,0.0,0.0,0.0,3.0,2.0,2.0,0.6666666666666666,1.0,1.0986122886681096,2.0,1.0,2.0,0.0,0.0,1.0,0.0,1.0,0.0,0.0,0.0,1.0,0.0,0.3333333333333333,0.0,0.0,10.0,2.0,3.87325332614809,0.0,1.0986122886681096,2.0,0.40319456220014427,-0.37762602991194294,synthetic_00888,1
60.0,51.0,3.0,20.0,0.0,0.0,0.0,4.0,3.0,2.0,0.75,1.0,1.3862943611198906,3.0,1.0,3.0,1.0,0.0,1.0,0.0,0.0,1.0,2.0,0.0,1.0,0.25,0.25,0.0,0.0,5.0,0.0,3.9961121802280286,0.0,1.252762968495368,0.75,0.6611294361119892,-0.946150961293287,synthetic_00889,0
43.0,32.0,3.0,14.333333333333334,1.0,0.0,0.0,3.0,2.0,2.0,0.6666666666666666,1.0,1.0986122886681096,2.0,1.0,2.0,0.0,0.0,1.0,0.0,1.0,0.0,0.0,0.0,1.0,0.0,0.3333333333333333,0.0,0.0,10.0,3.0,3.558161593754873,0.0,1.0986122886681096,2.0,0.40319456220014427,-0.06253429751872597,synthetic_00890,1
54.0,45.0,3.0,18.0,0.0,0.0,0.0,3.0,2.0,2.0,0.6666666666666666,1.0,1.0986122886681096,2.0,1.0,2.0,0.0,0.0,1.0,0.0,1.0,0.0,0.0,0.0,1.0,0.0,0.3333333333333333,0.0,0.0,10.0,2.0,3.87325332614809,0.0,1.0986122886681096,2.0,0.40319456220014427,-0.37762602991194294,synthetic_00891,1
60.0,51.0,3.0,20.0,0.0,0.0,0.0,4.0,3.0,2.0,0.75,1.0,1.3862943611198906,3.0,1.0,3.0,1.0,0.0,1.0,0.0,0.0,1.0,2.0,0.0,1.0,0.25,0.25,0.0,0.0,5.0,0.0,3.9961121802280286,0.0,1.252762968495368,0.75,0.6611294361119892,-0.946150961293287,synthetic_00892,0
43.0,32.0,3.0,14.333333333333334,1.0,0.0,0.0,3.0,2.0,2.0,0.6666666666666666,1.0,1.0986122886681096,2.0,1.0,2.0,0.0,0.0,1.0,0.0,1.0,0.0,0.0,0.0,1.0,0.0,0.3333333333333333,0.0,0.0,10.0,3.0,3.558161593754873,0.0,1.0986122886681096,2.0,0.40319456220014427,-0.06253429751872597,synthetic_00893,1
73.0,62.0,3.0,24.333333333333332,0.0,0.0,0.0,4.0,3.0,2.0,0.75,1.0,1.3862943611198906,3.0,1.0,3.0,1.0,0.0,1.0,0.0,0.0,1.0,2.0,0.0,1.0,0.25,0.25,0.0,0.0,11.0,2.0,4.180312670157326,0.0,1.252762968495368,0.75,0.6611294361119892,-1.1303514512225843,synthetic_00894,0
44.0,42.0,3.0,14.666666666666666,1.0,0.0,0.0,3.0,2.0,2.0,0.6666666666666666,1.0,1.0986122886681096,2.0,1.0,2.0,0.0,0.0,1.0,0.0,1.0,0.0,0.0,0.0,1.0,0.0,0.3333333333333333,0.0,0.0,4.0,0.0,3.808851476382645,0.0,1.0986122886681096,2.0,0.40319456220014427,-0.3132241801464981,synthetic_00895,1
52.0,38.0,2.0,26.0,0.0,0.0,0.0,4.0,3.0,2.0,0.75,1.0,1.3862943611198906,3.0,1.0,3.0,1.0,0.0,1.0,0.0,0.0,1.0,2.0,0.0,1.0,0.25,0.25,0.0,0.0,8.0,7.0,3.72294977194154,0.0,1.252762968495368,0.75,0.6611294361119892,-0.6729885530067983,synthetic_00896,0
73.0,62.0,3.0,24.333333333333332,0.0,0.0,0.0,4.0,3.0,2.0,0.75,1.0,1.3862943611198906,3.0,1.0,3.0,1.0,0.0,1.0,0.0,0.0,1.0,2.0,0.0,1.0,0.25,0.25,0.0,0.0,11.0,2.0,4.180312670157326,0.0,1.252762968495368,0.75,0.6611294361119892,-1.1303514512225843,synthetic_00897,0
44.0,42.0,3.0,14.666666666666666,1.0,0.0,0.0,3.0,2.0,2.0,0.6666666666666666,1.0,1.0986122886681096,2.0,1.0,2.0,0.0,0.0,1.0,0.0,1.0,0.0,0.0,0.0,1.0,0.0,0.3333333333333333,0.0,0.0,4.0,0.0,3.808851476382645,0.0,1.0986122886681096,2.0,0.40319456220014427,-0.3132241801464981,synthetic_00898,1
43.0,32.0,3.0,14.333333333333334,1.0,0.0,0.0,3.0,2.0,2.0,0.6666666666666666,1.0,1.0986122886681096,2.0,1.0,2.0,0.0,0.0,1.0,0.0,1.0,0.0,0.0,0.0,1.0,0.0,0.3333333333333333,0.0,0.0,10.0,3.0,3.558161593754873,0.0,1.0986122886681096,2.0,0.40319456220014427,-0.06253429751872597,synthetic_00899,1
73.0,62.0,3.0,24.333333333333332,0.0,0.0,0.0,4.0,3.0,2.0,0.75,1.0,1.3862943611198906,3.0,1.0,3.0,1.0,0.0,1.0,0.0,0.0,1.0,2.0,0.0,1.0,0.25,0.25,0.0,0.0,11.0,2.0,4.180312670157326,0.0,1.252762968495368,0.75,0.6611294361119892,-1.1303514512225843,synthetic_00900,0
60.0,51.0,3.0,20.0,0.0,0.0,0.0,4.0,3.0,2.0,0.75,1.0,1.3862943611198906,3.0,1.0,3.0,1.0,0.0,1.0,0.0,0.0,1.0,2.0,0.0,1.0,0.25,0.25,0.0,0.0,5.0,0.0,3.9961121802280286,0.0,1.252762968495368,0.75,0.6611294361119892,-0.946150961293287,synthetic_00901,0
52.0,38.0,2.0,26.0,0.0,0.0,0.0,4.0,3.0,2.0,0.75,1.0,1.3862943611198906,3.0,1.0,3.0,1.0,0.0,1.0,0.0,0.0,1.0,2.0,0.0,1.0,0.25,0.25,0.0,0.0,8.0,7.0,3.72294977194154,0.0,1.252762968495368,0.75,0.6611294361119892,-0.6729885530067983,synthetic_00902,0
54.0,45.0,3.0,18.0,0.0,0.0,0.0,3.0,2.0,2.0,0.6666666666666666,1.0,1.0986122886681096,2.0,1.0,2.0,0.0,0.0,1.0,0.0,1.0,0.0,0.0,0.0,1.0,0.0,0.3333333333333333,0.0,0.0,10.0,2.0,3.87325332614809,0.0,1.0986122886681096,2.0,0.40319456220014427,-0.37762602991194294,synthetic_00903,1
60.0,51.0,3.0,20.0,0.0,0.0,0.0,4.0,3.0,2.0,0.75,1.0,1.3862943611198906,3.0,1.0,3.0,1.0,0.0,1.0,0.0,0.0,1.0,2.0,0.0,1.0,0.25,0.25,0.0,0.0,5.0,0.0,3.9961121802280286,0.0,1.252762968495368,0.75,0.6611294361119892,-0.946150961293287,synthetic_00904,0
43.0,32.0,3.0,14.333333333333334,1.0,0.0,0.0,3.0,2.0,2.0,0.6666666666666666,1.0,1.0986122886681096,2.0,1.0,2.0,0.0,0.0,1.0,0.0,1.0,0.0,0.0,0.0,1.0,0.0,0.3333333333333333,0.0,0.0,10.0,3.0,3.558161593754873,0.0,1.0986122886681096,2.0,0.40319456220014427,-0.06253429751872597,synthetic_00905,1
54.0,45.0,3.0,18.0,0.0,0.0,0.0,3.0,2.0,2.0,0.6666666666666666,1.0,1.0986122886681096,2.0,1.0,2.0,0.0,0.0,1.0,0.0,1.0,0.0,0.0,0.0,1.0,0.0,0.3333333333333333,0.0,0.0,10.0,2.0,3.87325332614809,0.0,1.0986122886681096,2.0,0.40319456220014427,-0.37762602991194294,synthetic_00906,1
60.0,51.0,3.0,20.0,0.0,0.0,0.0,4.0,3.0,2.0,0.75,1.0,1.3862943611198906,3.0,1.0,3.0,1.0,0.0,1.0,0.0,0.0,1.0,2.0,0.0,1.0,0.25,0.25,0.0,0.0,5.0,0.0,3.9961121802280286,0.0,1.252762968495368,0.75,0.6611294361119892,-0.946150961293287,synthetic_00907,0
52.0,38.0,2.0,26.0,0.0,0.0,0.0,4.0,3.0,2.0,0.75,1.0,1.3862943611198906,3.0,1.0,3.0,1.0,0.0,1.0,0.0,0.0,1.0,2.0,0.0,1.0,0.25,0.25,0.0,0.0,8.0,7.0,3.72294977194154,0.0,1.252762968495368,0.75,0.6611294361119892,-0.6729885530067983,synthetic_00908,0
54.0,45.0,3.0,18.0,0.0,0.0,0.0,3.0,2.0,2.0,0.6666666666666666,1.0,1.0986122886681096,2.0,1.0,2.0,0.0,0.0,1.0,0.0,1.0,0.0,0.0,0.0,1.0,0.0,0.3333333333333333,0.0,0.0,10.0,2.0,3.87325332614809,0.0,1.0986122886681096,2.0,0.40319456220014427,-0.37762602991194294,synthetic_00909,1
60.0,51.0,3.0,20.0,0.0,0.0,0.0,4.0,3.0,2.0,0.75,1.0,1.3862943611198906,3.0,1.0,3.0,1.0,0.0,1.0,0.0,0.0,1.0,2.0,0.0,1.0,0.25,0.25,0.0,0.0,5.0,0.0,3.9961121802280286,0.0,1.252762968495368,0.75,0.6611294361119892,-0.946150961293287,synthetic_00910,0
43.0,32.0,3.0,14.333333333333334,1.0,0.0,0.0,3.0,2.0,2.0,0.6666666666666666,1.0,1.0986122886681096,2.0,1.0,2.0,0.0,0.0,1.0,0.0,1.0,0.0,0.0,0.0,1.0,0.0,0.3333333333333333,0.0,0.0,10.0,3.0,3.558161593754873,0.0,1.0986122886681096,2.0,0.40319456220014427,-0.06253429751872597,synthetic_00911,1
54.0,45.0,3.0,18.0,0.0,0.0,0.0,3.0,2.0,2.0,0.6666666666666666,1.0,1.0986122886681096,2.0,1.0,2.0,0.0,0.0,1.0,0.0,1.0,0.0,0.0,0.0,1.0,0.0,0.3333333333333333,0.0,0.0,10.0,2.0,3.87325332614809,0.0,1.0986122886681096,2.0,0.40319456220014427,-0.37762602991194294,synthetic_00912,1
44.0,42.0,3.0,14.666666666666666,1.0,0.0,0.0,3.0,2.0,2.0,0.6666666666666666,1.0,1.0986122886681096,2.0,1.0,2.0,0.0,0.0,1.0,0.0,1.0,0.0,0.0,0.0,1.0,0.0,0.3333333333333333,0.0,0.0,4.0,0.0,3.808851476382645,0.0,1.0986122886681096,2.0,0.40319456220014427,-0.3132241801464981,synthetic_00913,1
52.0,38.0,2.0,26.0,0.0,0.0,0.0,4.0,3.0,2.0,0.75,1.0,1.3862943611198906,3.0,1.0,3.0,1.0,0.0,1.0,0.0,0.0,1.0,2.0,0.0,1.0,0.25,0.25,0.0,0.0,8.0,7.0,3.72294977194154,0.0,1.252762968495368,0.75,0.6611294361119892,-0.6729885530067983,synthetic_00914,0
54.0,45.0,3.0,18.0,0.0,0.0,0.0,3.0,2.0,2.0,0.6666666666666666,1.0,1.0986122886681096,2.0,1.0,2.0,0.0,0.0,1.0,0.0,1.0,0.0,0.0,0.0,1.0,0.0,0.3333333333333333,0.0,0.0,10.0,2.0,3.87325332614809,0.0,1.0986122886681096,2.0,0.40319456220014427,-0.37762602991194294,synthetic_00915,1
60.0,51.0,3.0,20.0,0.0,0.0,0.0,4.0,3.0,2.0,0.75,1.0,1.3862943611198906,3.0,1.0,3.0,1.0,0.0,1.0,0.0,0.0,1.0,2.0,0.0,1.0,0.25,0.25,0.0,0.0,5.0,0.0,3.9961121802280286,0.0,1.252762968495368,0.75,0.6611294361119892,-0.946150961293287,synthetic_00916,0
52.0,38.0,2.0,26.0,0.0,0.0,0.0,4.0,3.0,2.0,0.75,1.0,1.3862943611198906,3.0,1.0,3.0,1.0,0.0,1.0,0.0,0.0,1.0,2.0,0.0,1.0,0.25,0.25,0.0,0.0,8.0,7.0,3.72294977194154,0.0,1.252762968495368,0.75,0.6611294361119892,-0.6729885530067983,synthetic_00917,0
73.0,62.0,3.0,24.333333333333332,0.0,0.0,0.0,4.0,3.0,2.0,0.75,1.0,1.3862943611198906,3.0,1.0,3.0,1.0,0.0,1.0,0.0,0.0,1.0,2.0,0.0,1.0,0.25,0.25,0.0,0.0,11.0,2.0,4.180312670157326,0.0,1.252762968495368,0.75,0.6611294361119892,-1.1303514512225843,synthetic_00918,0
44.0,42.0,3.0,14.666666666666666,1.0,0.0,0.0,3.0,2.0,2.0,0.6666666666666666,1.0,1.0986122886681096,2.0,1.0,2.0,0.0,0.0,1.0,0.0,1.0,0.0,0.0,0.0,1.0,0.0,0.3333333333333333,0.0,0.0,4.0,0.0,3.808851476382645,0.0,1.0986122886681096,2.0,0.40319456220014427,-0.3132241801464981,synthetic_00919,1
43.0,32.0,3.0,14.333333333333334,1.0,0.0,0.0,3.0,2.0,2.0,0.6666666666666666,1.0,1.0986122886681096,2.0,1.0,2.0,0.0,0.0,1.0,0.0,1.0,0.0,0.0,0.0,1.0,0.0,0.3333333333333333,0.0,0.0,10.0,3.0,3.558161593754873,0.0,1.0986122886681096,2.0,0.40319456220014427,-0.06253429751872597,synthetic_00920,1
73.0,62.0,3.0,24.333333333333332,0.0,0.0,0.0,4.0,3.0,2.0,0.75,1.0,1.3862943611198906,3.0,1.0,3.0,1.0,0.0,1.0,0.0,0.0,1.0,2.0,0.0,1.0,0.25,0.25,0.0,0.0,11.0,2.0,4.180312670157326,0.0,1.252762968495368,0.75,0.6611294361119892,-1.1303514512225843,synthetic_00921,0
44.0,42.0,3.0,14.666666666666666,1.0,0.0,0.0,3.0,2.0,2.0,0.6666666666666666,1.0,1.0986122886681096,2.0,1.0,2.0,0.0,0.0,1.0,0.0,1.0,0.0,0.0,0.0,1.0,0.0,0.3333333333333333,0.0,0.0,4.0,0.0,3.808851476382645,0.0,1.0986122886681096,2.0,0.40319456220014427,-0.3132241801464981,synthetic_00922,1
43.0,32.0,3.0,14.333333333333334,1.0,0.0,0.0,3.0,2.0,2.0,0.6666666666666666,1.0,1.0986122886681096,2.0,1.0,2.0,0.0,0.0,1.0,0.0,1.0,0.0,0.0,0.0,1.0,0.0,0.3333333333333333,0.0,0.0,10.0,3.0,3.558161593754873,0.0,1.0986122886681096,2.0,0.40319456220014427,-0.06253429751872597,synthetic_00923,1
54.0,45.0,3.0,18.0,0.0,0.0,0.0,3.0,2.0,2.0,0.6666666666666666,1.0,1.0986122886681096,2.0,1.0,2.0,0.0,0.0,1.0,0.0,1.0,0.0,0.0,0.0,1.0,0.0,0.3333333333333333,0.0,0.0,10.0,2.0,3.87325332614809,0.0,1.0986122886681096,2.0,0.40319456220014427,-0.37762602991194294,synthetic_00924,1
44.0,42.0,3.0,14.666666666666666,1.0,0.0,0.0,3.0,2.0,2.0,0.6666666666666666,1.0,1.0986122886681096,2.0,1.0,2.0,0.0,0.0,1.0,0.0,1.0,0.0,0.0,0.0,1.0,0.0,0.3333333333333333,0.0,0.0,4.0,0.0,3.808851476382645,0.0,1.0986122886681096,2.0,0.40319456220014427,-0.3132241801464981,synthetic_00925,1
43.0,32.0,3.0,14.333333333333334,1.0,0.0,0.0,3.0,2.0,2.0,0.6666666666666666,1.0,1.0986122886681096,2.0,1.0,2.0,0.0,0.0,1.0,0.0,1.0,0.0,0.0,0.0,1.0,0.0,0.3333333333333333,0.0,0.0,10.0,3.0,3.558161593754873,0.0,1.0986122886681096,2.0,0.40319456220014427,-0.06253429751872597,synthetic_00926,1
54.0,45.0,3.0,18.0,0.0,0.0,0.0,3.0,2.0,2.0,0.6666666666666666,1.0,1.0986122886681096,2.0,1.0,2.0,0.0,0.0,1.0,0.0,1.0,0.0,0.0,0.0,1.0,0.0,0.3333333333333333,0.0,0.0,10.0,2.0,3.87325332614809,0.0,1.0986122886681096,2.0,0.40319456220014427,-0.37762602991194294,synthetic_00927,1
60.0,51.0,3.0,20.0,0.0,0.0,0.0,4.0,3.0,2.0,0.75,1.0,1.3862943611198906,3.0,1.0,3.0,1.0,0.0,1.0,0.0,0.0,1.0,2.0,0.0,1.0,0.25,0.25,0.0,0.0,5.0,0.0,3.9961121802280286,0.0,1.252762968495368,0.75,0.6611294361119892,-0.946150961293287,synthetic_00928,0
52.0,38.0,2.0,26.0,0.0,0.0,0.0,4.0,3.0,2.0,0.75,1.0,1.3862943611198906,3.0,1.0,3.0,1.0,0.0,1.0,0.0,0.0,1.0,2.0,0.0,1.0,0.25,0.25,0.0,0.0,8.0,7.0,3.72294977194154,0.0,1.252762968495368,0.75,0.6611294361119892,-0.6729885530067983,synthetic_00929,0
54.0,45.0,3.0,18.0,0.0,0.0,0.0,3.0,2.0,2.0,0.6666666666666666,1.0,1.0986122886681096,2.0,1.0,2.0,0.0,0.0,1.0,0.0,1.0,0.0,0.0,0.0,1.0,0.0,0.3333333333333333,0.0,0.0,10.0,2.0,3.87325332614809,0.0,1.0986122886681096,2.0,0.40319456220014427,-0.37762602991194294,synthetic_00930,1
44.0,42.0,3.0,14.666666666666666,1.0,0.0,0.0,3.0,2.0,2.0,0.6666666666666666,1.0,1.0986122886681096,2.0,1.0,2.0,0.0,0.0,1.0,0.0,1.0,0.0,0.0,0.0,1.0,0.0,0.3333333333333333,0.0,0.0,4.0,0.0,3.808851476382645,0.0,1.0986122886681096,2.0,0.40319456220014427,-0.3132241801464981,synthetic_00931,1
43.0,32.0,3.0,14.333333333333334,1.0,0.0,0.0,3.0,2.0,2.0,0.6666666666666666,1.0,1.0986122886681096,2.0,1.0,2.0,0.0,0.0,1.0,0.0,1.0,0.0,0.0,0.0,1.0,0.0,0.3333333333333333,0.0,0.0,10.0,3.0,3.558161593754873,0.0,1.0986122886681096,2.0,0.40319456220014427,-0.06253429751872597,synthetic_00932,1
73.0,62.0,3.0,24.333333333333332,0.0,0.0,0.0,4.0,3.0,2.0,0.75,1.0,1.3862943611198906,3.0,1.0,3.0,1.0,0.0,1.0,0.0,0.0,1.0,2.0,0.0,1.0,0.25,0.25,0.0,0.0,11.0,2.0,4.180312670157326,0.0,1.252762968495368,0.75,0.6611294361119892,-1.1303514512225843,synthetic_00933,0
44.0,42.0,3.0,14.666666666666666,1.0,0.0,0.0,3.0,2.0,2.0,0.6666666666666666,1.0,1.0986122886681096,2.0,1.0,2.0,0.0,0.0,1.0,0.0,1.0,0.0,0.0,0.0,1.0,0.0,0.3333333333333333,0.0,0.0,4.0,0.0,3.808851476382645,0.0,1.0986122886681096,2.0,0.40319456220014427,-0.3132241801464981,synthetic_00934,1
52.0,38.0,2.0,26.0,0.0,0.0,0.0,4.0,3.0,2.0,0.75,1.0,1.3862943611198906,3.0,1.0,3.0,1.0,0.0,1.0,0.0,0.0,1.0,2.0,0.0,1.0,0.25,0.25,0.0,0.0,8.0,7.0,3.72294977194154,0.0,1.252762968495368,0.75,0.6611294361119892,-0.6729885530067983,synthetic_00935,0
73.0,62.0,3.0,24.333333333333332,0.0,0.0,0.0,4.0,3.0,2.0,0.75,1.0,1.3862943611198906,3.0,1.0,3.0,1.0,0.0,1.0,0.0,0.0,1.0,2.0,0.0,1.0,0.25,0.25,0.0,0.0,11.0,2.0,4.180312670157326,0.0,1.252762968495368,0.75,0.6611294361119892,-1.1303514512225843,synthetic_00936,0
60.0,51.0,3.0,20.0,0.0,0.0,0.0,4.0,3.0,2.0,0.75,1.0,1.3862943611198906,3.0,1.0,3.0,1.0,0.0,1.0,0.0,0.0,1.0,2.0,0.0,1.0,0.25,0.25,0.0,0.0,5.0,0.0,3.9961121802280286,0.0,1.252762968495368,0.75,0.6611294361119892,-0.946150961293287,synthetic_00937,0
52.0,38.0,2.0,26.0,0.0,0.0,0.0,4.0,3.0,2.0,0.75,1.0,1.3862943611198906,3.0,1.0,3.0,1.0,0.0,1.0,0.0,0.0,1.0,2.0,0.0,1.0,0.25,0.25,0.0,0.0,8.0,7.0,3.72294977194154,0.0,1.252762968495368,0.75,0.6611294361119892,-0.6729885530067983,synthetic_00938,0
54.0,45.0,3.0,18.0,0.0,0.0,0.0,3.0,2.0,2.0,0.6666666666666666,1.0,1.0986122886681096,2.0,1.0,2.0,0.0,0.0,1.0,0.0,1.0,0.0,0.0,0.0,1.0,0.0,0.3333333333333333,0.0,0.0,10.0,2.0,3.87325332614809,0.0,1.0986122886681096,2.0,0.40319456220014427,-0.37762602991194294,synthetic_00939,1
60.0,51.0,3.0,20.0,0.0,0.0,0.0,4.0,3.0,2.0,0.75,1.0,1.3862943611198906,3.0,1.0,3.0,1.0,0.0,1.0,0.0,0.0,1.0,2.0,0.0,1.0,0.25,0.25,0.0,0.0,5.0,0.0,3.9961121802280286,0.0,1.252762968495368,0.75,0.6611294361119892,-0.946150961293287,synthetic_00940,0
43.0,32.0,3.0,14.333333333333334,1.0,0.0,0.0,3.0,2.0,2.0,0.6666666666666666,1.0,1.0986122886681096,2.0,1.0,2.0,0.0,0.0,1.0,0.0,1.0,0.0,0.0,0.0,1.0,0.0,0.3333333333333333,0.0,0.0,10.0,3.0,3.558161593754873,0.0,1.0986122886681096,2.0,0.40319456220014427,-0.06253429751872597,synthetic_00941,1
73.0,62.0,3.0,24.333333333333332,0.0,0.0,0.0,4.0,3.0,2.0,0.75,1.0,1.3862943611198906,3.0,1.0,3.0,1.0,0.0,1.0,0.0,0.0,1.0,2.0,0.0,1.0,0.25,0.25,0.0,0.0,11.0,2.0,4.180312670157326,0.0,1.252762968495368,0.75,0.6611294361119892,-1.1303514512225843,synthetic_00942,0
60.0,51.0,3.0,20.0,0.0,0.0,0.0,4.0,3.0,2.0,0.75,1.0,1.3862943611198906,3.0,1.0,3.0,1.0,0.0,1.0,0.0,0.0,1.0,2.0,0.0,1.0,0.25,0.25,0.0,0.0,5.0,0.0,3.9961121802280286,0.0,1.252762968495368,0.75,0.6611294361119892,-0.946150961293287,synthetic_00943,0
52.0,38.0,2.0,26.0,0.0,0.0,0.0,4.0,3.0,2.0,0.75,1.0,1.3862943611198906,3.0,1.0,3.0,1.0,0.0,1.0,0.0,0.0,1.0,2.0,0.0,1.0,0.25,0.25,0.0,0.0,8.0,7.0,3.72294977194154,0.0,1.252762968495368,0.75,0.6611294361119892,-0.6729885530067983,synthetic_00944,0
54.0,45.0,3.0,18.0,0.0,0.0,0.0,3.0,2.0,2.0,0.6666666666666666,1.0,1.0986122886681096,2.0,1.0,2.0,0.0,0.0,1.0,0.0,1.0,0.0,0.0,0.0,1.0,0.0,0.3333333333333333,0.0,0.0,10.0,2.0,3.87325332614809,0.0,1.0986122886681096,2.0,0.40319456220014427,-0.37762602991194294,synthetic_00945,1
60.0,51.0,3.0,20.0,0.0,0.0,0.0,4.0,3.0,2.0,0.75,1.0,1.3862943611198906,3.0,1.0,3.0,1.0,0.0,1.0,0.0,0.0,1.0,2.0,0.0,1.0,0.25,0.25,0.0,0.0,5.0,0.0,3.9961121802280286,0.0,1.252762968495368,0.75,0.6611294361119892,-0.946150961293287,synthetic_00946,0
52.0,38.0,2.0,26.0,0.0,0.0,0.0,4.0,3.0,2.0,0.75,1.0,1.3862943611198906,3.0,1.0,3.0,1.0,0.0,1.0,0.0,0.0,1.0,2.0,0.0,1.0,0.25,0.25,0.0,0.0,8.0,7.0,3.72294977194154,0.0,1.252762968495368,0.75,0.6611294361119892,-0.6729885530067983,synthetic_00947,0
54.0,45.0,3.0,18.0,0.0,0.0,0.0,3.0,2.0,2.0,0.6666666666666666,1.0,1.0986122886681096,2.0,1.0,2.0,0.0,0.0,1.0,0.0,1.0,0.0,0.0,0.0,1.0,0.0,0.3333333333333333,0.0,0.0,10.0,2.0,3.87325332614809,0.0,1.0986122886681096,2.0,0.40319456220014427,-0.37762602991194294,synthetic_00948,1
44.0,42.0,3.0,14.666666666666666,1.0,0.0,0.0,3.0,2.0,2.0,0.6666666666666666,1.0,1.0986122886681096,2.0,1.0,2.0,0.0,0.0,1.0,0.0,1.0,0.0,0.0,0.0,1.0,0.0,0.3333333333333333,0.0,0.0,4.0,0.0,3.808851476382645,0.0,1.0986122886681096,2.0,0.40319456220014427,-0.3132241801464981,synthetic_00949,1
52.0,38.0,2.0,26.0,0.0,0.0,0.0,4.0,3.0,2.0,0.75,1.0,1.3862943611198906,3.0,1.0,3.0,1.0,0.0,1.0,0.0,0.0,1.0,2.0,0.0,1.0,0.25,0.25,0.0,0.0,8.0,7.0,3.72294977194154,0.0,1.252762968495368,0.75,0.6611294361119892,-0.6729885530067983,synthetic_00950,0
73.0,62.0,3.0,24.333333333333332,0.0,0.0,0.0,4.0,3.0,2.0,0.75,1.0,1.3862943611198906,3.0,1.0,3.0,1.0,0.0,1.0,0.0,0.0,1.0,2.0,0.0,1.0,0.25,0.25,0.0,0.0,11.0,2.0,4.180312670157326,0.0,1.252762968495368,0.75,0.6611294361119892,-1.1303514512225843,synthetic_00951,0
60.0,51.0,3.0,20.0,0.0,0.0,0.0,4.0,3.0,2.0,0.75,1.0,1.3862943611198906,3.0,1.0,3.0,1.0,0.0,1.0,0.0,0.0,1.0,2.0,0.0,1.0,0.25,0.25,0.0,0.0,5.0,0.0,3.9961121802280286,0.0,1.252762968495368,0.75,0.6611294361119892,-0.946150961293287,synthetic_00952,0
52.0,38.0,2.0,26.0,0.0,0.0,0.0,4.0,3.0,2.0,0.75,1.0,1.3862943611198906,3.0,1.0,3.0,1.0,0.0,1.0,0.0,0.0,1.0,2.0,0.0,1.0,0.25,0.25,0.0,0.0,8.0,7.0,3.72294977194154,0.0,1.252762968495368,0.75,0.6611294361119892,-0.6729885530067983,synthetic_00953,0
73.0,62.0,3.0,24.333333333333332,0.0,0.0,0.0,4.0,3.0,2.0,0.75,1.0,1.3862943611198906,3.0,1.0,3.0,1.0,0.0,1.0,0.0,0.0,1.0,2.0,0.0,1.0,0.25,0.25,0.0,0.0,11.0,2.0,4.180312670157326,0.0,1.252762968495368,0.75,0.6611294361119892,-1.1303514512225843,synthetic_00954,0
60.0,51.0,3.0,20.0,0.0,0.0,0.0,4.0,3.0,2.0,0.75,1.0,1.3862943611198906,3.0,1.0,3.0,1.0,0.0,1.0,0.0,0.0,1.0,2.0,0.0,1.0,0.25,0.25,0.0,0.0,5.0,0.0,3.9961121802280286,0.0,1.252762968495368,0.75,0.6611294361119892,-0.946150961293287,synthetic_00955,0
43.0,32.0,3.0,14.333333333333334,1.0,0.0,0.0,3.0,2.0,2.0,0.6666666666666666,1.0,1.0986122886681096,2.0,1.0,2.0,0.0,0.0,1.0,0.0,1.0,0.0,0.0,0.0,1.0,0.0,0.3333333333333333,0.0,0.0,10.0,3.0,3.558161593754873,0.0,1.0986122886681096,2.0,0.40319456220014427,-0.06253429751872597,synthetic_00956,1
73.0,62.0,3.0,24.333333333333332,0.0,0.0,0.0,4.0,3.0,2.0,0.75,1.0,1.3862943611198906,3.0,1.0,3.0,1.0,0.0,1.0,0.0,0.0,1.0,2.0,0.0,1.0,0.25,0.25,0.0,0.0,11.0,2.0,4.180312670157326,0.0,1.252762968495368,0.75,0.6611294361119892,-1.1303514512225843,synthetic_00957,0
60.0,51.0,3.0,20.0,0.0,0.0,0.0,4.0,3.0,2.0,0.75,1.0,1.3862943611198906,3.0,1.0,3.0,1.0,0.0,1.0,0.0,0.0,1.0,2.0,0.0,1.0,0.25,0.25,0.0,0.0,5.0,0.0,3.9961121802280286,0.0,1.252762968495368,0.75,0.6611294361119892,-0.946150961293287,synthetic_00958,0
43.0,32.0,3.0,14.333333333333334,1.0,0.0,0.0,3.0,2.0,2.0,0.6666666666666666,1.0,1.0986122886681096,2.0,1.0,2.0,0.0,0.0,1.0,0.0,1.0,0.0,0.0,0.0,1.0,0.0,0.3333333333333333,0.0,0.0,10.0,3.0,3.558161593754873,0.0,1.0986122886681096,2.0,0.40319456220014427,-0.06253429751872597,synthetic_00959,1
73.0,62.0,3.0,24.333333333333332,0.0,0.0,0.0,4.0,3.0,2.0,0.75,1.0,1.3862943611198906,3.0,1.0,3.0,1.0,0.0,1.0,0.0,0.0,1.0,2.0,0.0,1.0,0.25,0.25,0.0,0.0,11.0,2.0,4.180312670157326,0.0,1.252762968495368,0.75,0.6611294361119892,-1.1303514512225843,synthetic_00960,0
60.0,51.0,3.0,20.0,0.0,0.0,0.0,4.0,3.0,2.0,0.75,1.0,1.3862943611198906,3.0,1.0,3.0,1.0,0.0,1.0,0.0,0.0,1.0,2.0,0.0,1.0,0.25,0.25,0.0,0.0,5.0,0.0,3.9961121802280286,0.0,1.252762968495368,0.75,0.6611294361119892,-0.946150961293287,synthetic_00961,0
52.0,38.0,2.0,26.0,0.0,0.0,0.0,4.0,3.0,2.0,0.75,1.0,1.3862943611198906,3.0,1.0,3.0,1.0,0.0,1.0,0.0,0.0,1.0,2.0,0.0,1.0,0.25,0.25,0.0,0.0,8.0,7.0,3.72294977194154,0.0,1.252762968495368,0.75,0.6611294361119892,-0.6729885530067983,synthetic_00962,0
54.0,45.0,3.0,18.0,0.0,0.0,0.0,3.0,2.0,2.0,0.6666666666666666,1.0,1.0986122886681096,2.0,1.0,2.0,0.0,0.0,1.0,0.0,1.0,0.0,0.0,0.0,1.0,0.0,0.3333333333333333,0.0,0.0,10.0,2.0,3.87325332614809,0.0,1.0986122886681096,2.0,0.40319456220014427,-0.37762602991194294,synthetic_00963,1
60.0,51.0,3.0,20.0,0.0,0.0,0.0,4.0,3.0,2.0,0.75,1.0,1.3862943611198906,3.0,1.0,3.0,1.0,0.0,1.0,0.0,0.0,1.0,2.0,0.0,1.0,0.25,0.25,0.0,0.0,5.0,0.0,3.9961121802280286,0.0,1.252762968495368,0.75,0.6611294361119892,-0.946150961293287,synthetic_00964,0
43.0,32.0,3.0,14.333333333333334,1.0,0.0,0.0,3.0,2.0,2.0,0.6666666666666666,1.0,1.0986122886681096,2.0,1.0,2.0,0.0,0.0,1.0,0.0,1.0,0.0,0.0,0.0,1.0,0.0,0.3333333333333333,0.0,0.0,10.0,3.0,3.558161593754873,0.0,1.0986122886681096,2.0,0.40319456220014427,-0.06253429751872597,synthetic_00965,1
54.0,45.0,3.0,18.0,0.0,0.0,0.0,3.0,2.0,2.0,0.6666666666666666,1.0,1.0986122886681096,2.0,1.0,2.0,0.0,0.0,1.0,0.0,1.0,0.0,0.0,0.0,1.0,0.0,0.3333333333333333,0.0,0.0,10.0,2.0,3.87325332614809,0.0,1.0986122886681096,2.0,0.40319456220014427,-0.37762602991194294,synthetic_00966,1
44.0,42.0,3.0,14.666666666666666,1.0,0.0,0.0,3.0,2.0,2.0,0.6666666666666666,1.0,1.0986122886681096,2.0,1.0,2.0,0.0,0.0,1.0,0.0,1.0,0.0,0.0,0.0,1.0,0.0,0.3333333333333333,0.0,0.0,4.0,0.0,3.808851476382645,0.0,1.0986122886681096,2.0,0.40319456220014427,-0.3132241801464981,synthetic_00967,1
43.0,32.0,3.0,14.333333333333334,1.0,0.0,0.0,3.0,2.0,2.0,0.6666666666666666,1.0,1.0986122886681096,2.0,1.0,2.0,0.0,0.0,1.0,0.0,1.0,0.0,0.0,0.0,1.0,0.0,0.3333333333333333,0.0,0.0,10.0,3.0,3.558161593754873,0.0,1.0986122886681096,2.0,0.40319456220014427,-0.06253429751872597,synthetic_00968,1
73.0,62.0,3.0,24.333333333333332,0.0,0.0,0.0,4.0,3.0,2.0,0.75,1.0,1.3862943611198906,3.0,1.0,3.0,1.0,0.0,1.0,0.0,0.0,1.0,2.0,0.0,1.0,0.25,0.25,0.0,0.0,11.0,2.0,4.180312670157326,0.0,1.252762968495368,0.75,0.6611294361119892,-1.1303514512225843,synthetic_00969,0
44.0,42.0,3.0,14.666666666666666,1.0,0.0,0.0,3.0,2.0,2.0,0.6666666666666666,1.0,1.0986122886681096,2.0,1.0,2.0,0.0,0.0,1.0,0.0,1.0,0.0,0.0,0.0,1.0,0.0,0.3333333333333333,0.0,0.0,4.0,0.0,3.808851476382645,0.0,1.0986122886681096,2.0,0.40319456220014427,-0.3132241801464981,synthetic_00970,1
43.0,32.0,3.0,14.333333333333334,1.0,0.0,0.0,3.0,2.0,2.0,0.6666666666666666,1.0,1.0986122886681096,2.0,1.0,2.0,0.0,0.0,1.0,0.0,1.0,0.0,0.0,0.0,1.0,0.0,0.3333333333333333,0.0,0.0,10.0,3.0,3.558161593754873,0.0,1.0986122886681096,2.0,0.40319456220014427,-0.06253429751872597,synthetic_00971,1
54.0,45.0,3.0,18.0,0.0,0.0,0.0,3.0,2.0,2.0,0.6666666666666666,1.0,1.0986122886681096,2.0,1.0,2.0,0.0,0.0,1.0,0.0,1.0,0.0,0.0,0.0,1.0,0.0,0.3333333333333333,0.0,0.0,10.0,2.0,3.87325332614809,0.0,1.0986122886681096,2.0,0.40319456220014427,-0.37762602991194294,synthetic_00972,1
60.0,51.0,3.0,20.0,0.0,0.0,0.0,4.0,3.0,2.0,0.75,1.0,1.3862943611198906,3.0,1.0,3.0,1.0,0.0,1.0,0.0,0.0,1.0,2.0,0.0,1.0,0.25,0.25,0.0,0.0,5.0,0.0,3.9961121802280286,0.0,1.252762968495368,0.75,0.6611294361119892,-0.946150961293287,synthetic_00973,0
43.0,32.0,3.0,14.333333333333334,1.0,0.0,0.0,3.0,2.0,2.0,0.6666666666666666,1.0,1.0986122886681096,2.0,1.0,2.0,0.0,0.0,1.0,0.0,1.0,0.0,0.0,0.0,1.0,0.0,0.3333333333333333,0.0,0.0,10.0,3.0,3.558161593754873,0.0,1.0986122886681096,2.0,0.40319456220014427,-0.06253429751872597,synthetic_00974,1
54.0,45.0,3.0,18.0,0.0,0.0,0.0,3.0,2.0,2.0,0.6666666666666666,1.0,1.0986122886681096,2.0,1.0,2.0,0.0,0.0,1.0,0.0,1.0,0.0,0.0,0.0,1.0,0.0,0.3333333333333333,0.0,0.0,10.0,2.0,3.87325332614809,0.0,1.0986122886681096,2.0,0.40319456220014427,-0.37762602991194294,synthetic_00975,1
44.0,42.0,3.0,14.666666666666666,1.0,0.0,0.0,3.0,2.0,2.0,0.6666666666666666,1.0,1.0986122886681096,2.0,1.0,2.0,0.0,0.0,1.0,0.0,1.0,0.0,0.0,0.0,1.0,0.0,0.3333333333333333,0.0,0.0,4.0,0.0,3.808851476382645,0.0,1.0986122886681096,2.0,0.40319456220014427,-0.3132241801464981,synthetic_00976,1
52.0,38.0,2.0,26.0,0.0,0.0,0.0,4.0,3.0,2.0,0.75,1.0,1.3862943611198906,3.0,1.0,3.0,1.0,0.0,1.0,0.0,0.0,1.0,2.0,0.0,1.0,0.25,0.25,0.0,0.0,8.0,7.0,3.72294977194154,0.0,1.252762968495368,0.75,0.6611294361119892,-0.6729885530067983,synthetic_00977,0
54.0,45.0,3.0,18.0,0.0,0.0,0.0,3.0,2.0,2.0,0.6666666666666666,1.0,1.0986122886681096,2.0,1.0,2.0,0.0,0.0,1.0,0.0,1.0,0.0,0.0,0.0,1.0,0.0,0.3333333333333333,0.0,0.0,10.0,2.0,3.87325332614809,0.0,1.0986122886681096,2.0,0.40319456220014427,-0.37762602991194294,synthetic_00978,1
60.0,51.0,3.0,20.0,0.0,0.0,0.0,4.0,3.0,2.0,0.75,1.0,1.3862943611198906,3.0,1.0,3.0,1.0,0.0,1.0,0.0,0.0,1.0,2.0,0.0,1.0,0.25,0.25,0.0,0.0,5.0,0.0,3.9961121802280286,0.0,1.252762968495368,0.75,0.6611294361119892,-0.946150961293287,synthetic_00979,0
52.0,38.0,2.0,26.0,0.0,0.0,0.0,4.0,3.0,2.0,0.75,1.0,1.3862943611198906,3.0,1.0,3.0,1.0,0.0,1.0,0.0,0.0,1.0,2.0,0.0,1.0,0.25,0.25,0.0,0.0,8.0,7.0,3.72294977194154,0.0,1.252762968495368,0.75,0.6611294361119892,-0.6729885530067983,synthetic_00980,0
54.0,45.0,3.0,18.0,0.0,0.0,0.0,3.0,2.0,2.0,0.6666666666666666,1.0,1.0986122886681096,2.0,1.0,2.0,0.0,0.0,1.0,0.0,1.0,0.0,0.0,0.0,1.0,0.0,0.3333333333333333,0.0,0.0,10.0,2.0,3.87325332614809,0.0,1.0986122886681096,2.0,0.40319456220014427,-0.37762602991194294,synthetic_00981,1
60.0,51.0,3.0,20.0,0.0,0.0,0.0,4.0,3.0,2.0,0.75,1.0,1.3862943611198906,3.0,1.0,3.0,1.0,0.0,1.0,0.0,0.0,1.0,2.0,0.0,1.0,0.25,0.25,0.0,0.0,5.0,0.0,3.9961121802280286,0.0,1.252762968495368,0.75,0.6611294361119892,-0.946150961293287,synthetic_00982,0
43.0,32.0,3.0,14.333333333333334,1.0,0.0,0.0,3.0,2.0,2.0,0.6666666666666666,1.0,1.0986122886681096,2.0,1.0,2.0,0.0,0.0,1.0,0.0,1.0,0.0,0.0,0.0,1.0,0.0,0.3333333333333333,0.0,0.0,10.0,3.0,3.558161593754873,0.0,1.0986122886681096,2.0,0.40319456220014427,-0.06253429751872597,synthetic_00983,1
73.0,62.0,3.0,24.333333333333332,0.0,0.0,0.0,4.0,3.0,2.0,0.75,1.0,1.3862943611198906,3.0,1.0,3.0,1.0,0.0,1.0,0.0,0.0,1.0,2.0,0.0,1.0,0.25,0.25,0.0,0.0,11.0,2.0,4.180312670157326,0.0,1.252762968495368,0.75,0.6611294361119892,-1.1303514512225843,synthetic_00984,0
44.0,42.0,3.0,14.666666666666666,1.0,0.0,0.0,3.0,2.0,2.0,0.6666666666666666,1.0,1.0986122886681096,2.0,1.0,2.0,0.0,0.0,1.0,0.0,1.0,0.0,0.0,0.0,1.0,0.0,0.3333333333333333,0.0,0.0,4.0,0.0,3.808851476382645,0.0,1.0986122886681096,2.0,0.40319456220014427,-0.3132241801464981,synthetic_00985,1
52.0,38.0,2.0,26.0,0.0,0.0,0.0,4.0,3.0,2.0,0.75,1.0,1.3862943611198906,3.0,1.0,3.0,1.0,0.0,1.0,0.0,0.0,1.0,2.0,0.0,1.0,0.25,0.25,0.0,0.0,8.0,7.0,3.72294977194154,0.0,1.252762968495368,0.75,0.6611294361119892,-0.6729885530067983,synthetic_00986,0
54.0,45.0,3.0,18.0,0.0,0.0,0.0,3.0,2.0,2.0,0.6666666666666666,1.0,1.0986122886681096,2.0,1.0,2.0,0.0,0.0,1.0,0.0,1.0,0.0,0.0,0.0,1.0,0.0,0.3333333333333333,0.0,0.0,10.0,2.0,3.87325332614809,0.0,1.0986122886681096,2.0,0.40319456220014427,-0.37762602991194294,synthetic_00987,1
60.0,51.0,3.0,20.0,0.0,0.0,0.0,4.0,3.0,2.0,0.75,1.0,1.3862943611198906,3.0,1.0,3.0,1.0,0.0,1.0,0.0,0.0,1.0,2.0,0.0,1.0,0.25,0.25,0.0,0.0,5.0,0.0,3.9961121802280286,0.0,1.252762968495368,0.75,0.6611294361119892,-0.946150961293287,synthetic_00988,0
52.0,38.0,2.0,26.0,0.0,0.0,0.0,4.0,3.0,2.0,0.75,1.0,1.3862943611198906,3.0,1.0,3.0,1.0,0.0,1.0,0.0,0.0,1.0,2.0,0.0,1.0,0.25,0.25,0.0,0.0,8.0,7.0,3.72294977194154,0.0,1.252762968495368,0.75,0.6611294361119892,-0.6729885530067983,synthetic_00989,0
73.0,62.0,3.0,24.333333333333332,0.0,0.0,0.0,4.0,3.0,2.0,0.75,1.0,1.3862943611198906,3.0,1.0,3.0,1.0,0.0,1.0,0.0,0.0,1.0,2.0,0.0,1.0,0.25,0.25,0.0,0.0,11.0,2.0,4.180312670157326,0.0,1.252762968495368,0.75,0.6611294361119892,-1.1303514512225843,synthetic_00990,0
60.0,51.0,3.0,20.0,0.0,0.0,0.0,4.0,3.0,2.0,0.75,1.0,1.3862943611198906,3.0,1.0,3.0,1.0,0.0,1.0,0.0,0.0,1.0,2.0,0.0,1.0,0.25,0.25,0.0,0.0,5.0,0.0,3.9961121802280286,0.0,1.252762968495368,0.75,0.6611294361119892,-0.946150961293287,synthetic_00991,0
43.0,32.0,3.0,14.333333333333334,1.0,0.0,0.0,3.0,2.0,2.0,0.6666666666666666,1.0,1.0986122886681096,2.0,1.0,2.0,0.0,0.0,1.0,0.0,1.0,0.0,0.0,0.0,1.0,0.0,0.3333333333333333,0.0,0.0,10.0,3.0,3.558161593754873,0.0,1.0986122886681096,2.0,0.40319456220014427,-0.06253429751872597,synthetic_00992,1
73.0,62.0,3.0,24.333333333333332,0.0,0.0,0.0,4.0,3.0,2.0,0.75,1.0,1.3862943611198906,3.0,1.0,3.0,1.0,0.0,1.0,0.0,0.0,1.0,2.0,0.0,1.0,0.25,0.25,0.0,0.0,11.0,2.0,4.180312670157326,0.0,1.252762968495368,0.75,0.6611294361119892,-1.1303514512225843,synthetic_00993,0
44.0,42.0,3.0,14.666666666666666,1.0,0.0,0.0,3.0,2.0,2.0,0.6666666666666666,1.0,1.0986122886681096,2.0,1.0,2.0,0.0,0.0,1.0,0.0,1.0,0.0,0.0,0.0,1.0,0.0,0.3333333333333333,0.0,0.0,4.0,0.0,3.808851476382645,0.0,1.0986122886681096,2.0,0.40319456220014427,-0.3132241801464981,synthetic_00994,1
43.0,32.0,3.0,14.333333333333334,1.0,0.0,0.0,3.0,2.0,2.0,0.6666666666666666,1.0,1.0986122886681096,2.0,1.0,2.0,0.0,0.0,1.0,0.0,1.0,0.0,0.0,0.0,1.0,0.0,0.3333333333333333,0.0,0.0,10.0,3.0,3.558161593754873,0.0,1.0986122886681096,2.0,0.40319456220014427,-0.06253429751872597,synthetic_00995,1
73.0,62.0,3.0,24.333333333333332,0.0,0.0,0.0,4.0,3.0,2.0,0.75,1.0,1.3862943611198906,3.0,1.0,3.0,1.0,0.0,1.0,0.0,0.0,1.0,2.0,0.0,1.0,0.25,0.25,0.0,0.0,11.0,2.0,4.180312670157326,0.0,1.252762968495368,0.75,0.6611294361119892,-1.1303514512225843,synthetic_00996,0
44.0,42.0,3.0,14.666666666666666,1.0,0.0,0.0,3.0,2.0,2.0,0.6666666666666666,1.0,1.0986122886681096,2.0,1.0,2.0,0.0,0.0,1.0,0.0,1.0,0.0,0.0,0.0,1.0,0.0,0.3333333333333333,0.0,0.0,4.0,0.0,3.808851476382645,0.0,1.0986122886681096,2.0,0.40319456220014427,-0.3132241801464981,synthetic_00997,1
52.0,38.0,2.0,26.0,0.0,0.0,0.0,4.0,3.0,2.0,0.75,1.0,1.3862943611198906,3.0,1.0,3.0,1.0,0.0,1.0,0.0,0.0,1.0,2.0,0.0,1.0,0.25,0.25,0.0,0.0,8.0,7.0,3.72294977194154,0.0,1.252762968495368,0.75,0.6611294361119892,-0.6729885530067983,synthetic_00998,0
54.0,45.0,3.0,18.0,0.0,0.0,0.0,3.0,2.0,2.0,0.6666666666666666,1.0,1.0986122886681096,2.0,1.0,2.0,0.0,0.0,1.0,0.0,1.0,0.0,0.0,0.0,1.0,0.0,0.3333333333333333,0.0,0.0,10.0,2.0,3.87325332614809,0.0,1.0986122886681096,2.0,0.40319456220014427,-0.37762602991194294,synthetic_00999,1
